日期,指数代码,指数中文全称,指数中文简称,指数英文全称,指数英文简称,开盘,最高,最低,收盘,涨跌,涨跌幅,成交量,成交金额,样本数量,滚动市盈率
2009-12-31,931446,中证东方红红利低波动指数,东证红利低波,CSI Dongfanghong Dividend Low Volatility Index,DFH Dividend Low Volatility,1004.91,1004.91,994.87,994.87,,-0.51,1348.44,180.29,,
2010-01-04,931446,中证东方红红利低波动指数,东证红利低波,CSI Dongfanghong Dividend Low Volatility Index,DFH Dividend Low Volatility,1004.91,1004.91,994.87,994.87,,-0.51,1348.44,180.29,,
2010-01-05,931446,中证东方红红利低波动指数,东证红利低波,CSI Dongfanghong Dividend Low Volatility Index,DFH Dividend Low Volatility,995.78,999.28,986.15,999.28,,0.44,1615.8,208.05,,
2010-01-06,931446,中证东方红红利低波动指数,东证红利低波,CSI Dongfanghong Dividend Low Volatility Index,DFH Dividend Low Volatility,998.47,1003.28,993.82,993.94,,-0.54,1512.73,204.2,,
2010-01-07,931446,中证东方红红利低波动指数,东证红利低波,CSI Dongfanghong Dividend Low Volatility Index,DFH Dividend Low Volatility,991.92,993.63,969.38,973.69,,-2.04,1484.21,196.61,,
2010-01-08,931446,中证东方红红利低波动指数,东证红利低波,CSI Dongfanghong Dividend Low Volatility Index,DFH Dividend Low Volatility,970.54,983.96,967.86,983.96,,1.05,1153.06,151.7,,
2010-01-11,931446,中证东方红红利低波动指数,东证红利低波,CSI Dongfanghong Dividend Low Volatility Index,DFH Dividend Low Volatility,988.18,989.39,983.14,988.84,,0.5,1688.37,215.88,,
2010-01-12,931446,中证东方红红利低波动指数,东证红利低波,CSI Dongfanghong Dividend Low Volatility Index,DFH Dividend Low Volatility,987.81,1013.23,987.06,1013.23,,2.47,1975.77,234.68,,
2010-01-13,931446,中证东方红红利低波动指数,东证红利低波,CSI Dongfanghong Dividend Low Volatility Index,DFH Dividend Low Volatility,993.34,1015.54,993.34,1003.56,,-0.96,2044.19,247.59,,
2010-01-14,931446,中证东方红红利低波动指数,东证红利低波,CSI Dongfanghong Dividend Low Volatility Index,DFH Dividend Low Volatility,1006.1,1031.43,1006.1,1031.43,,2.78,1762.09,236.04,,
2010-01-15,931446,中证东方红红利低波动指数,东证红利低波,CSI Dongfanghong Dividend Low Volatility Index,DFH Dividend Low Volatility,1033.3,1037.0,1031.41,1036.01,,0.44,1538.69,206.44,,
2010-01-18,931446,中证东方红红利低波动指数,东证红利低波,CSI Dongfanghong Dividend Low Volatility Index,DFH Dividend Low Volatility,1035.37,1055.79,1033.38,1054.41,,1.78,1832.56,239.62,,
2010-01-19,931446,中证东方红红利低波动指数,东证红利低波,CSI Dongfanghong Dividend Low Volatility Index,DFH Dividend Low Volatility,1055.52,1057.86,1044.42,1054.55,,0.01,1640.16,207.65,,
2010-01-20,931446,中证东方红红利低波动指数,东证红利低波,CSI Dongfanghong Dividend Low Volatility Index,DFH Dividend Low Volatility,1055.54,1057.53,1023.4,1026.74,,-2.64,2110.97,253.37,,
2010-01-21,931446,中证东方红红利低波动指数,东证红利低波,CSI Dongfanghong Dividend Low Volatility Index,DFH Dividend Low Volatility,1026.74,1036.27,1018.36,1030.47,,0.36,1485.42,184.19,,
2010-01-22,931446,中证东方红红利低波动指数,东证红利低波,CSI Dongfanghong Dividend Low Volatility Index,DFH Dividend Low Volatility,1019.14,1024.61,992.97,1007.78,,-2.2,1650.36,200.27,,
2010-01-25,931446,中证东方红红利低波动指数,东证红利低波,CSI Dongfanghong Dividend Low Volatility Index,DFH Dividend Low Volatility,1000.13,1008.43,990.07,990.15,,-1.75,1010.14,122.38,,
2010-01-26,931446,中证东方红红利低波动指数,东证红利低波,CSI Dongfanghong Dividend Low Volatility Index,DFH Dividend Low Volatility,990.03,991.09,954.91,962.3,,-2.81,1172.2,141.3,,
2010-01-27,931446,中证东方红红利低波动指数,东证红利低波,CSI Dongfanghong Dividend Low Volatility Index,DFH Dividend Low Volatility,960.93,975.15,956.19,959.69,,-0.27,1014.72,125.61,,
2010-01-28,931446,中证东方红红利低波动指数,东证红利低波,CSI Dongfanghong Dividend Low Volatility Index,DFH Dividend Low Volatility,959.88,976.31,958.51,976.31,,1.73,928.66,112.94,,
2010-01-29,931446,中证东方红红利低波动指数,东证红利低波,CSI Dongfanghong Dividend Low Volatility Index,DFH Dividend Low Volatility,971.4,992.57,971.4,981.52,,0.53,1054.55,126.23,,
2010-02-01,931446,中证东方红红利低波动指数,东证红利低波,CSI Dongfanghong Dividend Low Volatility Index,DFH Dividend Low Volatility,979.54,979.54,964.56,974.31,,-0.73,1102.1,129.77,,
2010-02-02,931446,中证东方红红利低波动指数,东证红利低波,CSI Dongfanghong Dividend Low Volatility Index,DFH Dividend Low Volatility,977.48,988.65,969.01,969.24,,-0.52,993.18,112.82,,
2010-02-03,931446,中证东方红红利低波动指数,东证红利低波,CSI Dongfanghong Dividend Low Volatility Index,DFH Dividend Low Volatility,969.65,981.2,948.32,981.2,,1.23,1362.0,151.37,,
2010-02-04,931446,中证东方红红利低波动指数,东证红利低波,CSI Dongfanghong Dividend Low Volatility Index,DFH Dividend Low Volatility,976.85,995.07,972.62,986.49,,0.54,1319.32,145.63,,
2010-02-05,931446,中证东方红红利低波动指数,东证红利低波,CSI Dongfanghong Dividend Low Volatility Index,DFH Dividend Low Volatility,966.27,978.73,960.43,966.86,,-1.99,1284.95,138.52,,
2010-02-08,931446,中证东方红红利低波动指数,东证红利低波,CSI Dongfanghong Dividend Low Volatility Index,DFH Dividend Low Volatility,965.34,970.64,960.76,965.36,,-0.16,739.9,78.32,,
2010-02-09,931446,中证东方红红利低波动指数,东证红利低波,CSI Dongfanghong Dividend Low Volatility Index,DFH Dividend Low Volatility,962.52,981.02,962.52,975.68,,1.07,1028.31,97.94,,
2010-02-10,931446,中证东方红红利低波动指数,东证红利低波,CSI Dongfanghong Dividend Low Volatility Index,DFH Dividend Low Volatility,979.17,983.54,974.26,983.54,,0.81,791.81,83.85,,
2010-02-11,931446,中证东方红红利低波动指数,东证红利低波,CSI Dongfanghong Dividend Low Volatility Index,DFH Dividend Low Volatility,983.82,986.01,980.47,981.04,,-0.26,676.37,78.46,,
2010-02-12,931446,中证东方红红利低波动指数,东证红利低波,CSI Dongfanghong Dividend Low Volatility Index,DFH Dividend Low Volatility,983.13,991.41,983.13,991.11,,1.03,674.4,78.06,,
2010-02-22,931446,中证东方红红利低波动指数,东证红利低波,CSI Dongfanghong Dividend Low Volatility Index,DFH Dividend Low Volatility,991.73,999.48,989.27,991.96,,0.09,853.22,93.09,,
2010-02-23,931446,中证东方红红利低波动指数,东证红利低波,CSI Dongfanghong Dividend Low Volatility Index,DFH Dividend Low Volatility,991.21,998.42,978.32,998.42,,0.65,915.8,101.75,,
2010-02-24,931446,中证东方红红利低波动指数,东证红利低波,CSI Dongfanghong Dividend Low Volatility Index,DFH Dividend Low Volatility,994.17,1017.42,994.17,1017.42,,1.9,1175.64,135.89,,
2010-02-25,931446,中证东方红红利低波动指数,东证红利低波,CSI Dongfanghong Dividend Low Volatility Index,DFH Dividend Low Volatility,1020.5,1030.16,1020.5,1029.83,,1.22,1433.23,168.12,,
2010-02-26,931446,中证东方红红利低波动指数,东证红利低波,CSI Dongfanghong Dividend Low Volatility Index,DFH Dividend Low Volatility,1027.77,1034.5,1026.95,1029.92,,0.01,1243.62,145.46,,
2010-03-01,931446,中证东方红红利低波动指数,东证红利低波,CSI Dongfanghong Dividend Low Volatility Index,DFH Dividend Low Volatility,1029.78,1042.67,1029.78,1039.72,,0.95,1255.72,146.23,,
2010-03-02,931446,中证东方红红利低波动指数,东证红利低波,CSI Dongfanghong Dividend Low Volatility Index,DFH Dividend Low Volatility,1042.21,1042.86,1032.83,1037.74,,-0.19,1108.98,135.21,,
2010-03-03,931446,中证东方红红利低波动指数,东证红利低波,CSI Dongfanghong Dividend Low Volatility Index,DFH Dividend Low Volatility,1040.63,1049.05,1040.63,1049.05,,1.09,1437.41,168.72,,
2010-03-04,931446,中证东方红红利低波动指数,东证红利低波,CSI Dongfanghong Dividend Low Volatility Index,DFH Dividend Low Volatility,1050.47,1053.63,1012.34,1015.98,,-3.15,1474.92,170.3,,
2010-03-05,931446,中证东方红红利低波动指数,东证红利低波,CSI Dongfanghong Dividend Low Volatility Index,DFH Dividend Low Volatility,1015.17,1021.67,1006.01,1017.22,,0.12,1004.64,115.66,,
2010-03-08,931446,中证东方红红利低波动指数,东证红利低波,CSI Dongfanghong Dividend Low Volatility Index,DFH Dividend Low Volatility,1019.36,1029.58,1019.36,1027.59,,1.02,947.21,116.92,,
2010-03-09,931446,中证东方红红利低波动指数,东证红利低波,CSI Dongfanghong Dividend Low Volatility Index,DFH Dividend Low Volatility,1026.94,1028.23,1018.5,1025.36,,-0.22,938.87,114.14,,
2010-03-10,931446,中证东方红红利低波动指数,东证红利低波,CSI Dongfanghong Dividend Low Volatility Index,DFH Dividend Low Volatility,1027.97,1029.14,1009.01,1013.38,,-1.17,980.04,116.06,,
2010-03-11,931446,中证东方红红利低波动指数,东证红利低波,CSI Dongfanghong Dividend Low Volatility Index,DFH Dividend Low Volatility,1013.54,1016.04,1001.63,1010.76,,-0.26,966.36,112.55,,
2010-03-12,931446,中证东方红红利低波动指数,东证红利低波,CSI Dongfanghong Dividend Low Volatility Index,DFH Dividend Low Volatility,1012.07,1012.07,995.12,995.12,,-1.55,840.83,97.27,,
2010-03-15,931446,中证东方红红利低波动指数,东证红利低波,CSI Dongfanghong Dividend Low Volatility Index,DFH Dividend Low Volatility,994.42,994.42,980.69,984.82,,-1.04,742.09,86.34,,
2010-03-16,931446,中证东方红红利低波动指数,东证红利低波,CSI Dongfanghong Dividend Low Volatility Index,DFH Dividend Low Volatility,984.5,989.87,977.88,989.8,,0.51,702.72,80.29,,
2010-03-17,931446,中证东方红红利低波动指数,东证红利低波,CSI Dongfanghong Dividend Low Volatility Index,DFH Dividend Low Volatility,995.01,1014.2,994.06,1014.2,,2.47,1015.59,120.72,,
2010-03-18,931446,中证东方红红利低波动指数,东证红利低波,CSI Dongfanghong Dividend Low Volatility Index,DFH Dividend Low Volatility,1015.77,1018.54,1011.61,1014.6,,0.04,916.38,113.46,,
2010-03-19,931446,中证东方红红利低波动指数,东证红利低波,CSI Dongfanghong Dividend Low Volatility Index,DFH Dividend Low Volatility,1015.32,1019.51,1009.46,1019.32,,0.47,967.61,114.88,,
2010-03-22,931446,中证东方红红利低波动指数,东证红利低波,CSI Dongfanghong Dividend Low Volatility Index,DFH Dividend Low Volatility,1020.94,1023.22,1015.92,1021.43,,0.21,1003.68,120.9,,
2010-03-23,931446,中证东方红红利低波动指数,东证红利低波,CSI Dongfanghong Dividend Low Volatility Index,DFH Dividend Low Volatility,1022.53,1022.87,1013.69,1016.7,,-0.46,1032.77,122.22,,
2010-03-24,931446,中证东方红红利低波动指数,东证红利低波,CSI Dongfanghong Dividend Low Volatility Index,DFH Dividend Low Volatility,1017.65,1024.51,1017.65,1021.92,,0.51,1087.0,128.15,,
2010-03-25,931446,中证东方红红利低波动指数,东证红利低波,CSI Dongfanghong Dividend Low Volatility Index,DFH Dividend Low Volatility,1020.83,1020.83,1009.05,1010.47,,-1.12,1146.72,134.98,,
2010-03-26,931446,中证东方红红利低波动指数,东证红利低波,CSI Dongfanghong Dividend Low Volatility Index,DFH Dividend Low Volatility,1010.53,1026.31,1010.53,1025.61,,1.5,1245.91,149.48,,
2010-03-29,931446,中证东方红红利低波动指数,东证红利低波,CSI Dongfanghong Dividend Low Volatility Index,DFH Dividend Low Volatility,1028.22,1033.72,1026.13,1033.72,,0.79,1493.55,183.15,,
2010-03-30,931446,中证东方红红利低波动指数,东证红利低波,CSI Dongfanghong Dividend Low Volatility Index,DFH Dividend Low Volatility,1032.2,1033.53,1028.71,1032.71,,-0.1,1184.34,151.36,,
2010-03-31,931446,中证东方红红利低波动指数,东证红利低波,CSI Dongfanghong Dividend Low Volatility Index,DFH Dividend Low Volatility,1032.42,1032.42,1027.27,1029.63,,-0.3,1334.36,157.42,,
2010-04-01,931446,中证东方红红利低波动指数,东证红利低波,CSI Dongfanghong Dividend Low Volatility Index,DFH Dividend Low Volatility,1029.37,1044.71,1029.37,1044.71,,1.47,1527.96,191.53,,
2010-04-02,931446,中证东方红红利低波动指数,东证红利低波,CSI Dongfanghong Dividend Low Volatility Index,DFH Dividend Low Volatility,1045.91,1045.91,1040.28,1043.53,,-0.11,1371.04,167.45,,
2010-04-06,931446,中证东方红红利低波动指数,东证红利低波,CSI Dongfanghong Dividend Low Volatility Index,DFH Dividend Low Volatility,1046.55,1046.55,1035.91,1042.23,,-0.12,1195.96,150.69,,
2010-04-07,931446,中证东方红红利低波动指数,东证红利低波,CSI Dongfanghong Dividend Low Volatility Index,DFH Dividend Low Volatility,1042.31,1043.08,1036.57,1041.41,,-0.08,1044.49,135.11,,
2010-04-08,931446,中证东方红红利低波动指数,东证红利低波,CSI Dongfanghong Dividend Low Volatility Index,DFH Dividend Low Volatility,1040.44,1042.79,1037.85,1041.09,,-0.03,1297.89,168.52,,
2010-04-09,931446,中证东方红红利低波动指数,东证红利低波,CSI Dongfanghong Dividend Low Volatility Index,DFH Dividend Low Volatility,1042.7,1056.0,1042.7,1056.0,,1.43,1203.67,169.9,,
2010-04-12,931446,中证东方红红利低波动指数,东证红利低波,CSI Dongfanghong Dividend Low Volatility Index,DFH Dividend Low Volatility,1058.2,1062.28,1053.66,1059.62,,0.34,1611.88,225.23,,
2010-04-13,931446,中证东方红红利低波动指数,东证红利低波,CSI Dongfanghong Dividend Low Volatility Index,DFH Dividend Low Volatility,1059.58,1065.03,1036.63,1058.08,,-0.15,1625.99,218.06,,
2010-04-14,931446,中证东方红红利低波动指数,东证红利低波,CSI Dongfanghong Dividend Low Volatility Index,DFH Dividend Low Volatility,1056.88,1066.99,1056.28,1066.99,,0.84,1169.2,158.21,,
2010-04-15,931446,中证东方红红利低波动指数,东证红利低波,CSI Dongfanghong Dividend Low Volatility Index,DFH Dividend Low Volatility,1067.68,1067.68,1048.6,1053.37,,-1.28,1171.56,155.45,,
2010-04-16,931446,中证东方红红利低波动指数,东证红利低波,CSI Dongfanghong Dividend Low Volatility Index,DFH Dividend Low Volatility,1052.93,1056.41,1044.92,1049.45,,-0.37,960.9,125.8,,
2010-04-19,931446,中证东方红红利低波动指数,东证红利低波,CSI Dongfanghong Dividend Low Volatility Index,DFH Dividend Low Volatility,1042.12,1042.63,1005.85,1005.85,,-4.15,1508.87,181.93,,
2010-04-20,931446,中证东方红红利低波动指数,东证红利低波,CSI Dongfanghong Dividend Low Volatility Index,DFH Dividend Low Volatility,1004.21,1016.15,994.39,1016.15,,1.02,1166.7,153.5,,
2010-04-21,931446,中证东方红红利低波动指数,东证红利低波,CSI Dongfanghong Dividend Low Volatility Index,DFH Dividend Low Volatility,1018.95,1044.79,1018.95,1044.79,,2.82,1531.52,212.73,,
2010-04-22,931446,中证东方红红利低波动指数,东证红利低波,CSI Dongfanghong Dividend Low Volatility Index,DFH Dividend Low Volatility,1043.26,1050.64,1034.41,1044.46,,-0.03,1484.54,206.1,,
2010-04-23,931446,中证东方红红利低波动指数,东证红利低波,CSI Dongfanghong Dividend Low Volatility Index,DFH Dividend Low Volatility,1046.46,1046.46,1028.82,1032.73,,-1.12,1193.58,159.49,,
2010-04-26,931446,中证东方红红利低波动指数,东证红利低波,CSI Dongfanghong Dividend Low Volatility Index,DFH Dividend Low Volatility,1032.9,1038.51,1028.94,1034.24,,0.15,1138.47,152.63,,
2010-04-27,931446,中证东方红红利低波动指数,东证红利低波,CSI Dongfanghong Dividend Low Volatility Index,DFH Dividend Low Volatility,1032.44,1032.44,999.79,1014.44,,-1.92,1442.51,169.88,,
2010-04-28,931446,中证东方红红利低波动指数,东证红利低波,CSI Dongfanghong Dividend Low Volatility Index,DFH Dividend Low Volatility,998.29,1016.32,998.29,1009.56,,-0.48,936.42,119.53,,
2010-04-29,931446,中证东方红红利低波动指数,东证红利低波,CSI Dongfanghong Dividend Low Volatility Index,DFH Dividend Low Volatility,1015.81,1015.81,983.74,984.22,,-2.51,996.78,133.4,,
2010-04-30,931446,中证东方红红利低波动指数,东证红利低波,CSI Dongfanghong Dividend Low Volatility Index,DFH Dividend Low Volatility,980.58,980.58,952.35,966.3,,-1.82,1051.16,131.61,,
2010-05-04,931446,中证东方红红利低波动指数,东证红利低波,CSI Dongfanghong Dividend Low Volatility Index,DFH Dividend Low Volatility,948.74,970.83,948.74,964.34,,-0.2,778.91,96.71,,
2010-05-05,931446,中证东方红红利低波动指数,东证红利低波,CSI Dongfanghong Dividend Low Volatility Index,DFH Dividend Low Volatility,959.06,982.72,953.23,982.72,,1.91,1084.17,128.94,,
2010-05-06,931446,中证东方红红利低波动指数,东证红利低波,CSI Dongfanghong Dividend Low Volatility Index,DFH Dividend Low Volatility,978.38,982.44,946.45,946.89,,-3.65,1069.06,132.37,,
2010-05-07,931446,中证东方红红利低波动指数,东证红利低波,CSI Dongfanghong Dividend Low Volatility Index,DFH Dividend Low Volatility,925.01,942.59,921.22,926.37,,-2.17,1317.69,150.53,,
2010-05-10,931446,中证东方红红利低波动指数,东证红利低波,CSI Dongfanghong Dividend Low Volatility Index,DFH Dividend Low Volatility,924.98,930.94,899.15,919.34,,-0.76,925.24,109.94,,
2010-05-11,931446,中证东方红红利低波动指数,东证红利低波,CSI Dongfanghong Dividend Low Volatility Index,DFH Dividend Low Volatility,934.89,934.89,897.92,899.28,,-2.18,950.23,110.06,,
2010-05-12,931446,中证东方红红利低波动指数,东证红利低波,CSI Dongfanghong Dividend Low Volatility Index,DFH Dividend Low Volatility,892.44,903.67,877.74,889.13,,-1.13,820.02,96.68,,
2010-05-13,931446,中证东方红红利低波动指数,东证红利低波,CSI Dongfanghong Dividend Low Volatility Index,DFH Dividend Low Volatility,889.47,911.54,881.89,911.54,,2.52,929.56,102.16,,
2010-05-14,931446,中证东方红红利低波动指数,东证红利低波,CSI Dongfanghong Dividend Low Volatility Index,DFH Dividend Low Volatility,906.71,919.53,904.61,914.21,,0.29,797.73,88.0,,
2010-05-17,931446,中证东方红红利低波动指数,东证红利低波,CSI Dongfanghong Dividend Low Volatility Index,DFH Dividend Low Volatility,903.88,903.88,861.3,861.3,,-5.79,893.16,93.27,,
2010-05-18,931446,中证东方红红利低波动指数,东证红利低波,CSI Dongfanghong Dividend Low Volatility Index,DFH Dividend Low Volatility,858.56,873.39,844.65,871.88,,1.23,854.75,85.56,,
2010-05-19,931446,中证东方红红利低波动指数,东证红利低波,CSI Dongfanghong Dividend Low Volatility Index,DFH Dividend Low Volatility,866.14,881.22,860.29,870.38,,-0.17,774.26,79.11,,
2010-05-20,931446,中证东方红红利低波动指数,东证红利低波,CSI Dongfanghong Dividend Low Volatility Index,DFH Dividend Low Volatility,864.28,877.24,857.38,857.54,,-1.48,774.35,81.1,,
2010-05-21,931446,中证东方红红利低波动指数,东证红利低波,CSI Dongfanghong Dividend Low Volatility Index,DFH Dividend Low Volatility,834.99,868.93,834.99,868.93,,1.33,962.8,96.42,,
2010-05-24,931446,中证东方红红利低波动指数,东证红利低波,CSI Dongfanghong Dividend Low Volatility Index,DFH Dividend Low Volatility,874.18,902.73,874.18,902.09,,3.82,1212.13,128.57,,
2010-05-25,931446,中证东方红红利低波动指数,东证红利低波,CSI Dongfanghong Dividend Low Volatility Index,DFH Dividend Low Volatility,898.05,901.83,887.12,892.49,,-1.06,1005.77,111.63,,
2010-05-26,931446,中证东方红红利低波动指数,东证红利低波,CSI Dongfanghong Dividend Low Volatility Index,DFH Dividend Low Volatility,890.72,896.75,886.21,892.81,,0.04,661.84,74.01,,
2010-05-27,931446,中证东方红红利低波动指数,东证红利低波,CSI Dongfanghong Dividend Low Volatility Index,DFH Dividend Low Volatility,892.04,907.07,883.36,905.99,,1.48,846.15,92.27,,
2010-05-28,931446,中证东方红红利低波动指数,东证红利低波,CSI Dongfanghong Dividend Low Volatility Index,DFH Dividend Low Volatility,913.01,916.87,907.92,912.55,,0.73,1073.46,126.92,,
2010-05-31,931446,中证东方红红利低波动指数,东证红利低波,CSI Dongfanghong Dividend Low Volatility Index,DFH Dividend Low Volatility,909.58,916.18,889.91,889.96,,-2.48,823.1,100.23,,
2010-06-01,931446,中证东方红红利低波动指数,东证红利低波,CSI Dongfanghong Dividend Low Volatility Index,DFH Dividend Low Volatility,881.17,883.96,859.35,872.77,,-1.93,760.23,87.74,,
2010-06-02,931446,中证东方红红利低波动指数,东证红利低波,CSI Dongfanghong Dividend Low Volatility Index,DFH Dividend Low Volatility,869.28,879.45,860.1,879.45,,0.77,584.08,66.3,,
2010-06-03,931446,中证东方红红利低波动指数,东证红利低波,CSI Dongfanghong Dividend Low Volatility Index,DFH Dividend Low Volatility,883.03,891.95,875.87,875.87,,-0.41,732.06,85.48,,
2010-06-04,931446,中证东方红红利低波动指数,东证红利低波,CSI Dongfanghong Dividend Low Volatility Index,DFH Dividend Low Volatility,872.19,881.88,871.6,881.88,,0.69,509.19,59.65,,
2010-06-07,931446,中证东方红红利低波动指数,东证红利低波,CSI Dongfanghong Dividend Low Volatility Index,DFH Dividend Low Volatility,864.66,879.34,864.66,879.02,,-0.33,683.38,80.7,,
2010-06-08,931446,中证东方红红利低波动指数,东证红利低波,CSI Dongfanghong Dividend Low Volatility Index,DFH Dividend Low Volatility,877.79,886.21,877.27,885.24,,0.71,614.76,75.6,,
2010-06-09,931446,中证东方红红利低波动指数,东证红利低波,CSI Dongfanghong Dividend Low Volatility Index,DFH Dividend Low Volatility,888.03,904.72,886.24,904.72,,2.2,930.15,107.95,,
2010-06-10,931446,中证东方红红利低波动指数,东证红利低波,CSI Dongfanghong Dividend Low Volatility Index,DFH Dividend Low Volatility,900.99,912.2,900.99,907.46,,0.3,852.8,102.61,,
2010-06-11,931446,中证东方红红利低波动指数,东证红利低波,CSI Dongfanghong Dividend Low Volatility Index,DFH Dividend Low Volatility,910.61,913.19,904.67,905.8,,-0.18,702.49,86.81,,
2010-06-17,931446,中证东方红红利低波动指数,东证红利低波,CSI Dongfanghong Dividend Low Volatility Index,DFH Dividend Low Volatility,910.27,910.42,897.39,897.44,,-0.92,570.69,69.18,,
2010-06-18,931446,中证东方红红利低波动指数,东证红利低波,CSI Dongfanghong Dividend Low Volatility Index,DFH Dividend Low Volatility,895.8,895.8,864.03,869.7,,-3.09,751.07,88.32,,
2010-06-21,931446,中证东方红红利低波动指数,东证红利低波,CSI Dongfanghong Dividend Low Volatility Index,DFH Dividend Low Volatility,866.2,892.12,862.49,892.12,,2.58,889.21,88.48,,
2010-06-22,931446,中证东方红红利低波动指数,东证红利低波,CSI Dongfanghong Dividend Low Volatility Index,DFH Dividend Low Volatility,890.31,899.47,890.31,897.07,,0.56,720.87,80.36,,
2010-06-23,931446,中证东方红红利低波动指数,东证红利低波,CSI Dongfanghong Dividend Low Volatility Index,DFH Dividend Low Volatility,894.54,900.98,884.88,894.13,,-0.33,568.65,65.32,,
2010-06-24,931446,中证东方红红利低波动指数,东证红利低波,CSI Dongfanghong Dividend Low Volatility Index,DFH Dividend Low Volatility,893.25,898.18,890.1,893.85,,-0.03,466.88,50.15,,
2010-06-25,931446,中证东方红红利低波动指数,东证红利低波,CSI Dongfanghong Dividend Low Volatility Index,DFH Dividend Low Volatility,891.19,891.21,878.42,883.0,,-1.21,573.28,55.91,,
2010-06-28,931446,中证东方红红利低波动指数,东证红利低波,CSI Dongfanghong Dividend Low Volatility Index,DFH Dividend Low Volatility,881.55,882.66,869.62,872.66,,-1.17,539.35,54.48,,
2010-06-29,931446,中证东方红红利低波动指数,东证红利低波,CSI Dongfanghong Dividend Low Volatility Index,DFH Dividend Low Volatility,873.15,873.5,829.67,829.67,,-4.93,881.5,88.14,,
2010-06-30,931446,中证东方红红利低波动指数,东证红利低波,CSI Dongfanghong Dividend Low Volatility Index,DFH Dividend Low Volatility,825.0,825.0,811.68,820.67,,-1.09,661.07,61.64,,
2010-07-01,931446,中证东方红红利低波动指数,东证红利低波,CSI Dongfanghong Dividend Low Volatility Index,DFH Dividend Low Volatility,819.55,824.47,812.72,812.77,,-0.96,614.34,58.87,,
2010-07-02,931446,中证东方红红利低波动指数,东证红利低波,CSI Dongfanghong Dividend Low Volatility Index,DFH Dividend Low Volatility,811.62,815.59,787.23,813.33,,0.07,837.57,78.95,,
2010-07-05,931446,中证东方红红利低波动指数,东证红利低波,CSI Dongfanghong Dividend Low Volatility Index,DFH Dividend Low Volatility,805.59,812.7,798.56,809.98,,-0.41,670.14,61.25,,
2010-07-06,931446,中证东方红红利低波动指数,东证红利低波,CSI Dongfanghong Dividend Low Volatility Index,DFH Dividend Low Volatility,808.58,829.4,808.58,829.4,,2.4,825.95,74.35,,
2010-07-07,931446,中证东方红红利低波动指数,东证红利低波,CSI Dongfanghong Dividend Low Volatility Index,DFH Dividend Low Volatility,829.26,837.04,825.32,837.04,,0.92,660.03,65.37,,
2010-07-08,931446,中证东方红红利低波动指数,东证红利低波,CSI Dongfanghong Dividend Low Volatility Index,DFH Dividend Low Volatility,839.75,841.45,831.09,835.27,,-0.21,695.31,67.37,,
2010-07-09,931446,中证东方红红利低波动指数,东证红利低波,CSI Dongfanghong Dividend Low Volatility Index,DFH Dividend Low Volatility,835.55,859.11,831.31,857.47,,2.66,1135.11,111.93,,
2010-07-12,931446,中证东方红红利低波动指数,东证红利低波,CSI Dongfanghong Dividend Low Volatility Index,DFH Dividend Low Volatility,857.36,872.33,857.36,869.14,,1.36,1231.23,117.75,,
2010-07-13,931446,中证东方红红利低波动指数,东证红利低波,CSI Dongfanghong Dividend Low Volatility Index,DFH Dividend Low Volatility,862.48,862.48,847.05,854.36,,-1.7,875.93,83.03,,
2010-07-14,931446,中证东方红红利低波动指数,东证红利低波,CSI Dongfanghong Dividend Low Volatility Index,DFH Dividend Low Volatility,856.11,869.45,856.11,863.86,,1.11,963.31,95.67,,
2010-07-15,931446,中证东方红红利低波动指数,东证红利低波,CSI Dongfanghong Dividend Low Volatility Index,DFH Dividend Low Volatility,862.68,869.43,848.25,848.25,,-1.81,826.34,80.3,,
2010-07-16,931446,中证东方红红利低波动指数,东证红利低波,CSI Dongfanghong Dividend Low Volatility Index,DFH Dividend Low Volatility,845.31,851.25,835.64,851.25,,0.36,671.42,65.2,,
2010-07-19,931446,中证东方红红利低波动指数,东证红利低波,CSI Dongfanghong Dividend Low Volatility Index,DFH Dividend Low Volatility,843.72,870.56,843.72,868.9,,2.07,1051.38,105.24,,
2010-07-20,931446,中证东方红红利低波动指数,东证红利低波,CSI Dongfanghong Dividend Low Volatility Index,DFH Dividend Low Volatility,869.47,888.78,869.47,888.78,,2.29,1395.29,143.46,,
2010-07-21,931446,中证东方红红利低波动指数,东证红利低波,CSI Dongfanghong Dividend Low Volatility Index,DFH Dividend Low Volatility,889.87,899.34,889.34,894.21,,0.61,1594.33,151.51,,
2010-07-22,931446,中证东方红红利低波动指数,东证红利低波,CSI Dongfanghong Dividend Low Volatility Index,DFH Dividend Low Volatility,892.6,905.79,892.6,905.79,,1.29,1226.27,114.7,,
2010-07-23,931446,中证东方红红利低波动指数,东证红利低波,CSI Dongfanghong Dividend Low Volatility Index,DFH Dividend Low Volatility,907.3,907.3,898.33,905.55,,-0.03,1248.51,127.37,,
2010-07-26,931446,中证东方红红利低波动指数,东证红利低波,CSI Dongfanghong Dividend Low Volatility Index,DFH Dividend Low Volatility,907.08,914.59,902.49,914.59,,1.0,1018.45,102.82,,
2010-07-27,931446,中证东方红红利低波动指数,东证红利低波,CSI Dongfanghong Dividend Low Volatility Index,DFH Dividend Low Volatility,913.28,915.33,909.68,911.89,,-0.3,1087.34,111.57,,
2010-07-28,931446,中证东方红红利低波动指数,东证红利低波,CSI Dongfanghong Dividend Low Volatility Index,DFH Dividend Low Volatility,911.0,930.74,907.83,930.74,,2.07,1577.97,154.37,,
2010-07-29,931446,中证东方红红利低波动指数,东证红利低波,CSI Dongfanghong Dividend Low Volatility Index,DFH Dividend Low Volatility,932.3,936.84,928.7,936.17,,0.58,1566.94,154.76,,
2010-07-30,931446,中证东方红红利低波动指数,东证红利低波,CSI Dongfanghong Dividend Low Volatility Index,DFH Dividend Low Volatility,935.97,938.42,927.93,936.93,,0.08,1067.71,107.25,,
2010-08-02,931446,中证东方红红利低波动指数,东证红利低波,CSI Dongfanghong Dividend Low Volatility Index,DFH Dividend Low Volatility,937.58,953.75,937.56,953.75,,1.8,1436.27,145.15,,
2010-08-03,931446,中证东方红红利低波动指数,东证红利低波,CSI Dongfanghong Dividend Low Volatility Index,DFH Dividend Low Volatility,954.8,957.71,939.16,939.16,,-1.53,1569.94,156.52,,
2010-08-04,931446,中证东方红红利低波动指数,东证红利低波,CSI Dongfanghong Dividend Low Volatility Index,DFH Dividend Low Volatility,937.19,945.95,926.19,945.95,,0.72,1374.13,141.44,,
2010-08-05,931446,中证东方红红利低波动指数,东证红利低波,CSI Dongfanghong Dividend Low Volatility Index,DFH Dividend Low Volatility,946.0,952.25,940.1,945.9,,-0.01,1339.13,148.7,,
2010-08-06,931446,中证东方红红利低波动指数,东证红利低波,CSI Dongfanghong Dividend Low Volatility Index,DFH Dividend Low Volatility,944.93,959.63,938.06,959.63,,1.45,1443.28,149.34,,
2010-08-09,931446,中证东方红红利低波动指数,东证红利低波,CSI Dongfanghong Dividend Low Volatility Index,DFH Dividend Low Volatility,960.61,969.13,960.61,968.99,,0.98,1458.57,166.57,,
2010-08-10,931446,中证东方红红利低波动指数,东证红利低波,CSI Dongfanghong Dividend Low Volatility Index,DFH Dividend Low Volatility,970.32,971.74,939.57,939.69,,-3.02,1532.61,162.2,,
2010-08-11,931446,中证东方红红利低波动指数,东证红利低波,CSI Dongfanghong Dividend Low Volatility Index,DFH Dividend Low Volatility,937.21,950.2,937.21,947.83,,0.87,1153.65,123.21,,
2010-08-12,931446,中证东方红红利低波动指数,东证红利低波,CSI Dongfanghong Dividend Low Volatility Index,DFH Dividend Low Volatility,938.37,950.89,936.75,936.92,,-1.15,1187.04,126.91,,
2010-08-13,931446,中证东方红红利低波动指数,东证红利低波,CSI Dongfanghong Dividend Low Volatility Index,DFH Dividend Low Volatility,938.43,953.3,935.38,953.3,,1.75,1094.21,119.58,,
2010-08-16,931446,中证东方红红利低波动指数,东证红利低波,CSI Dongfanghong Dividend Low Volatility Index,DFH Dividend Low Volatility,954.72,976.78,954.72,975.46,,2.33,1631.19,171.05,,
2010-08-17,931446,中证东方红红利低波动指数,东证红利低波,CSI Dongfanghong Dividend Low Volatility Index,DFH Dividend Low Volatility,977.02,984.06,974.98,983.07,,0.78,1514.78,152.18,,
2010-08-18,931446,中证东方红红利低波动指数,东证红利低波,CSI Dongfanghong Dividend Low Volatility Index,DFH Dividend Low Volatility,983.63,987.29,976.3,981.98,,-0.11,1433.81,154.91,,
2010-08-19,931446,中证东方红红利低波动指数,东证红利低波,CSI Dongfanghong Dividend Low Volatility Index,DFH Dividend Low Volatility,982.58,987.87,976.87,982.95,,0.1,1569.42,168.26,,
2010-08-20,931446,中证东方红红利低波动指数,东证红利低波,CSI Dongfanghong Dividend Low Volatility Index,DFH Dividend Low Volatility,979.64,979.64,962.64,962.64,,-2.07,1471.01,158.63,,
2010-08-23,931446,中证东方红红利低波动指数,东证红利低波,CSI Dongfanghong Dividend Low Volatility Index,DFH Dividend Low Volatility,962.67,971.08,962.67,968.46,,0.61,1095.19,110.46,,
2010-08-24,931446,中证东方红红利低波动指数,东证红利低波,CSI Dongfanghong Dividend Low Volatility Index,DFH Dividend Low Volatility,968.79,982.5,963.69,979.1,,1.1,1265.45,129.45,,
2010-08-25,931446,中证东方红红利低波动指数,东证红利低波,CSI Dongfanghong Dividend Low Volatility Index,DFH Dividend Low Volatility,973.45,976.66,955.73,955.73,,-2.39,1382.31,137.6,,
2010-08-26,931446,中证东方红红利低波动指数,东证红利低波,CSI Dongfanghong Dividend Low Volatility Index,DFH Dividend Low Volatility,957.6,963.67,953.71,959.51,,0.4,933.95,93.22,,
2010-08-27,931446,中证东方红红利低波动指数,东证红利低波,CSI Dongfanghong Dividend Low Volatility Index,DFH Dividend Low Volatility,958.65,965.31,955.66,965.31,,0.61,894.92,92.56,,
2010-08-30,931446,中证东方红红利低波动指数,东证红利低波,CSI Dongfanghong Dividend Low Volatility Index,DFH Dividend Low Volatility,970.58,989.55,970.58,989.55,,2.51,1412.55,157.67,,
2010-08-31,931446,中证东方红红利低波动指数,东证红利低波,CSI Dongfanghong Dividend Low Volatility Index,DFH Dividend Low Volatility,989.08,992.47,986.61,991.03,,0.15,1382.13,154.5,,
2010-09-01,931446,中证东方红红利低波动指数,东证红利低波,CSI Dongfanghong Dividend Low Volatility Index,DFH Dividend Low Volatility,994.04,996.35,974.56,982.32,,-0.88,1690.09,189.62,,
2010-09-02,931446,中证东方红红利低波动指数,东证红利低波,CSI Dongfanghong Dividend Low Volatility Index,DFH Dividend Low Volatility,989.57,999.52,987.93,997.85,,1.58,1503.3,175.11,,
2010-09-03,931446,中证东方红红利低波动指数,东证红利低波,CSI Dongfanghong Dividend Low Volatility Index,DFH Dividend Low Volatility,999.68,1003.4,990.75,1000.4,,0.26,1569.64,190.41,,
2010-09-06,931446,中证东方红红利低波动指数,东证红利低波,CSI Dongfanghong Dividend Low Volatility Index,DFH Dividend Low Volatility,1004.59,1009.0,997.81,1006.79,,0.64,1806.13,201.07,,
2010-09-07,931446,中证东方红红利低波动指数,东证红利低波,CSI Dongfanghong Dividend Low Volatility Index,DFH Dividend Low Volatility,1007.5,1014.14,1003.89,1014.14,,0.73,1482.82,164.25,,
2010-09-08,931446,中证东方红红利低波动指数,东证红利低波,CSI Dongfanghong Dividend Low Volatility Index,DFH Dividend Low Volatility,1010.38,1016.34,1008.21,1016.14,,0.2,1354.17,157.52,,
2010-09-09,931446,中证东方红红利低波动指数,东证红利低波,CSI Dongfanghong Dividend Low Volatility Index,DFH Dividend Low Volatility,1017.93,1017.93,995.95,997.02,,-1.88,1542.68,175.7,,
2010-09-10,931446,中证东方红红利低波动指数,东证红利低波,CSI Dongfanghong Dividend Low Volatility Index,DFH Dividend Low Volatility,997.85,1005.7,986.33,1005.16,,0.82,1250.17,155.32,,
2010-09-13,931446,中证东方红红利低波动指数,东证红利低波,CSI Dongfanghong Dividend Low Volatility Index,DFH Dividend Low Volatility,1006.51,1021.48,1006.51,1019.06,,1.38,1345.26,162.39,,
2010-09-14,931446,中证东方红红利低波动指数,东证红利低波,CSI Dongfanghong Dividend Low Volatility Index,DFH Dividend Low Volatility,1021.93,1023.53,1015.46,1019.08,,0.0,1462.24,171.59,,
2010-09-15,931446,中证东方红红利低波动指数,东证红利低波,CSI Dongfanghong Dividend Low Volatility Index,DFH Dividend Low Volatility,1018.75,1018.75,1002.35,1004.76,,-1.41,1355.13,154.4,,
2010-09-16,931446,中证东方红红利低波动指数,东证红利低波,CSI Dongfanghong Dividend Low Volatility Index,DFH Dividend Low Volatility,1003.71,1005.56,976.8,984.94,,-1.97,1474.36,158.62,,
2010-09-17,931446,中证东方红红利低波动指数,东证红利低波,CSI Dongfanghong Dividend Low Volatility Index,DFH Dividend Low Volatility,985.27,988.96,978.58,983.05,,-0.19,977.95,109.28,,
2010-09-20,931446,中证东方红红利低波动指数,东证红利低波,CSI Dongfanghong Dividend Low Volatility Index,DFH Dividend Low Volatility,984.08,984.08,967.64,974.42,,-0.88,915.59,102.31,,
2010-09-21,931446,中证东方红红利低波动指数,东证红利低波,CSI Dongfanghong Dividend Low Volatility Index,DFH Dividend Low Volatility,977.02,979.27,971.07,978.3,,0.4,677.4,79.81,,
2010-09-27,931446,中证东方红红利低波动指数,东证红利低波,CSI Dongfanghong Dividend Low Volatility Index,DFH Dividend Low Volatility,982.16,998.87,981.27,998.87,,2.1,964.77,106.05,,
2010-09-28,931446,中证东方红红利低波动指数,东证红利低波,CSI Dongfanghong Dividend Low Volatility Index,DFH Dividend Low Volatility,998.15,998.69,988.52,989.99,,-0.89,1008.37,112.36,,
2010-09-29,931446,中证东方红红利低波动指数,东证红利低波,CSI Dongfanghong Dividend Low Volatility Index,DFH Dividend Low Volatility,991.04,993.6,980.22,980.52,,-0.96,885.85,90.82,,
2010-09-30,931446,中证东方红红利低波动指数,东证红利低波,CSI Dongfanghong Dividend Low Volatility Index,DFH Dividend Low Volatility,975.56,998.39,975.56,998.39,,1.82,1088.19,120.04,,
2010-10-08,931446,中证东方红红利低波动指数,东证红利低波,CSI Dongfanghong Dividend Low Volatility Index,DFH Dividend Low Volatility,1004.7,1023.11,1004.46,1019.76,,2.14,1671.33,189.14,,
2010-10-11,931446,中证东方红红利低波动指数,东证红利低波,CSI Dongfanghong Dividend Low Volatility Index,DFH Dividend Low Volatility,1024.58,1035.31,1023.69,1035.31,,1.53,2727.03,312.47,,
2010-10-12,931446,中证东方红红利低波动指数,东证红利低波,CSI Dongfanghong Dividend Low Volatility Index,DFH Dividend Low Volatility,1032.94,1041.9,1032.94,1041.9,,0.64,2369.49,279.96,,
2010-10-13,931446,中证东方红红利低波动指数,东证红利低波,CSI Dongfanghong Dividend Low Volatility Index,DFH Dividend Low Volatility,1044.98,1054.92,1038.93,1054.92,,1.25,2745.97,331.77,,
2010-10-14,931446,中证东方红红利低波动指数,东证红利低波,CSI Dongfanghong Dividend Low Volatility Index,DFH Dividend Low Volatility,1057.51,1057.51,1030.23,1030.28,,-2.34,2955.01,335.56,,
2010-10-15,931446,中证东方红红利低波动指数,东证红利低波,CSI Dongfanghong Dividend Low Volatility Index,DFH Dividend Low Volatility,1025.91,1042.81,1025.91,1042.81,,1.22,3219.13,347.06,,
2010-10-18,931446,中证东方红红利低波动指数,东证红利低波,CSI Dongfanghong Dividend Low Volatility Index,DFH Dividend Low Volatility,1046.88,1046.88,1030.5,1039.19,,-0.35,4064.02,412.88,,
2010-10-19,931446,中证东方红红利低波动指数,东证红利低波,CSI Dongfanghong Dividend Low Volatility Index,DFH Dividend Low Volatility,1039.14,1060.84,1035.26,1060.84,,2.08,2335.15,253.66,,
2010-10-20,931446,中证东方红红利低波动指数,东证红利低波,CSI Dongfanghong Dividend Low Volatility Index,DFH Dividend Low Volatility,1041.48,1072.04,1041.48,1066.4,,0.52,3269.53,379.5,,
2010-10-21,931446,中证东方红红利低波动指数,东证红利低波,CSI Dongfanghong Dividend Low Volatility Index,DFH Dividend Low Volatility,1068.48,1075.65,1060.18,1067.9,,0.14,2368.48,281.3,,
2010-10-22,931446,中证东方红红利低波动指数,东证红利低波,CSI Dongfanghong Dividend Low Volatility Index,DFH Dividend Low Volatility,1069.24,1079.84,1065.91,1077.88,,0.94,1925.26,240.96,,
2010-10-25,931446,中证东方红红利低波动指数,东证红利低波,CSI Dongfanghong Dividend Low Volatility Index,DFH Dividend Low Volatility,1080.77,1101.92,1080.77,1101.92,,2.23,2558.71,324.6,,
2010-10-26,931446,中证东方红红利低波动指数,东证红利低波,CSI Dongfanghong Dividend Low Volatility Index,DFH Dividend Low Volatility,1104.32,1105.14,1093.83,1101.35,,-0.05,2489.67,307.51,,
2010-10-27,931446,中证东方红红利低波动指数,东证红利低波,CSI Dongfanghong Dividend Low Volatility Index,DFH Dividend Low Volatility,1100.08,1108.14,1087.66,1088.07,,-1.21,2223.32,278.12,,
2010-10-28,931446,中证东方红红利低波动指数,东证红利低波,CSI Dongfanghong Dividend Low Volatility Index,DFH Dividend Low Volatility,1086.22,1092.36,1076.24,1085.61,,-0.23,1870.28,228.55,,
2010-10-29,931446,中证东方红红利低波动指数,东证红利低波,CSI Dongfanghong Dividend Low Volatility Index,DFH Dividend Low Volatility,1086.41,1092.51,1076.91,1091.02,,0.5,1862.0,224.11,,
2010-11-01,931446,中证东方红红利低波动指数,东证红利低波,CSI Dongfanghong Dividend Low Volatility Index,DFH Dividend Low Volatility,1095.21,1118.16,1095.21,1118.16,,2.49,2270.39,288.85,,
2010-11-02,931446,中证东方红红利低波动指数,东证红利低波,CSI Dongfanghong Dividend Low Volatility Index,DFH Dividend Low Volatility,1119.79,1123.61,1110.8,1110.8,,-0.66,2749.57,343.48,,
2010-11-03,931446,中证东方红红利低波动指数,东证红利低波,CSI Dongfanghong Dividend Low Volatility Index,DFH Dividend Low Volatility,1111.18,1112.15,1095.37,1095.72,,-1.36,2246.6,283.24,,
2010-11-04,931446,中证东方红红利低波动指数,东证红利低波,CSI Dongfanghong Dividend Low Volatility Index,DFH Dividend Low Volatility,1097.9,1113.79,1095.02,1113.79,,1.65,1993.51,253.37,,
2010-11-05,931446,中证东方红红利低波动指数,东证红利低波,CSI Dongfanghong Dividend Low Volatility Index,DFH Dividend Low Volatility,1121.27,1123.87,1114.92,1123.87,,0.91,2636.67,320.15,,
2010-11-08,931446,中证东方红红利低波动指数,东证红利低波,CSI Dongfanghong Dividend Low Volatility Index,DFH Dividend Low Volatility,1128.49,1145.87,1127.57,1145.87,,1.96,2928.67,358.9,,
2010-11-09,931446,中证东方红红利低波动指数,东证红利低波,CSI Dongfanghong Dividend Low Volatility Index,DFH Dividend Low Volatility,1146.41,1146.41,1134.33,1142.78,,-0.27,2491.31,311.07,,
2010-11-10,931446,中证东方红红利低波动指数,东证红利低波,CSI Dongfanghong Dividend Low Volatility Index,DFH Dividend Low Volatility,1140.47,1140.47,1130.6,1138.74,,-0.35,2481.53,323.58,,
2010-11-11,931446,中证东方红红利低波动指数,东证红利低波,CSI Dongfanghong Dividend Low Volatility Index,DFH Dividend Low Volatility,1134.99,1150.22,1132.13,1132.13,,-0.58,2880.41,351.74,,
2010-11-12,931446,中证东方红红利低波动指数,东证红利低波,CSI Dongfanghong Dividend Low Volatility Index,DFH Dividend Low Volatility,1125.92,1125.92,1060.81,1061.61,,-6.23,3174.53,375.26,,
2010-11-15,931446,中证东方红红利低波动指数,东证红利低波,CSI Dongfanghong Dividend Low Volatility Index,DFH Dividend Low Volatility,1063.4,1081.47,1057.31,1081.46,,1.87,1764.22,213.82,,
2010-11-16,931446,中证东方红红利低波动指数,东证红利低波,CSI Dongfanghong Dividend Low Volatility Index,DFH Dividend Low Volatility,1082.37,1082.72,1038.78,1044.27,,-3.44,2143.25,266.18,,
2010-11-17,931446,中证东方红红利低波动指数,东证红利低波,CSI Dongfanghong Dividend Low Volatility Index,DFH Dividend Low Volatility,1031.85,1040.17,1012.39,1014.9,,-2.81,1686.41,204.72,,
2010-11-18,931446,中证东方红红利低波动指数,东证红利低波,CSI Dongfanghong Dividend Low Volatility Index,DFH Dividend Low Volatility,1022.12,1028.56,1011.45,1027.98,,1.29,1196.29,143.63,,
2010-11-19,931446,中证东方红红利低波动指数,东证红利低波,CSI Dongfanghong Dividend Low Volatility Index,DFH Dividend Low Volatility,1033.45,1046.94,1017.82,1046.94,,1.84,1640.08,190.14,,
2010-11-22,931446,中证东方红红利低波动指数,东证红利低波,CSI Dongfanghong Dividend Low Volatility Index,DFH Dividend Low Volatility,1037.88,1056.64,1037.88,1051.26,,0.41,1693.82,194.54,,
2010-11-23,931446,中证东方红红利低波动指数,东证红利低波,CSI Dongfanghong Dividend Low Volatility Index,DFH Dividend Low Volatility,1048.94,1048.94,1023.6,1036.89,,-1.37,1682.6,192.85,,
2010-11-24,931446,中证东方红红利低波动指数,东证红利低波,CSI Dongfanghong Dividend Low Volatility Index,DFH Dividend Low Volatility,1029.44,1061.06,1029.44,1061.06,,2.33,1440.49,179.86,,
2010-11-25,931446,中证东方红红利低波动指数,东证红利低波,CSI Dongfanghong Dividend Low Volatility Index,DFH Dividend Low Volatility,1065.88,1073.74,1062.32,1071.24,,0.96,1690.89,198.56,,
2010-11-26,931446,中证东方红红利低波动指数,东证红利低波,CSI Dongfanghong Dividend Low Volatility Index,DFH Dividend Low Volatility,1069.67,1069.7,1053.86,1063.7,,-0.7,1274.99,159.76,,
2010-11-29,931446,中证东方红红利低波动指数,东证红利低波,CSI Dongfanghong Dividend Low Volatility Index,DFH Dividend Low Volatility,1061.81,1066.15,1054.76,1065.09,,0.13,1175.06,153.44,,
2010-11-30,931446,中证东方红红利低波动指数,东证红利低波,CSI Dongfanghong Dividend Low Volatility Index,DFH Dividend Low Volatility,1064.37,1070.24,1021.58,1044.06,,-1.98,1638.77,203.08,,
2010-12-01,931446,中证东方红红利低波动指数,东证红利低波,CSI Dongfanghong Dividend Low Volatility Index,DFH Dividend Low Volatility,1040.27,1049.06,1036.63,1046.77,,0.26,951.35,118.12,,
2010-12-02,931446,中证东方红红利低波动指数,东证红利低波,CSI Dongfanghong Dividend Low Volatility Index,DFH Dividend Low Volatility,1058.09,1060.11,1049.79,1050.43,,0.35,1114.79,142.27,,
2010-12-03,931446,中证东方红红利低波动指数,东证红利低波,CSI Dongfanghong Dividend Low Volatility Index,DFH Dividend Low Volatility,1050.55,1051.36,1037.36,1044.88,,-0.53,985.37,116.78,,
2010-12-06,931446,中证东方红红利低波动指数,东证红利低波,CSI Dongfanghong Dividend Low Volatility Index,DFH Dividend Low Volatility,1047.82,1047.82,1033.15,1037.62,,-0.69,1108.66,140.78,,
2010-12-07,931446,中证东方红红利低波动指数,东证红利低波,CSI Dongfanghong Dividend Low Volatility Index,DFH Dividend Low Volatility,1034.35,1047.54,1021.55,1045.96,,0.8,1078.71,129.81,,
2010-12-08,931446,中证东方红红利低波动指数,东证红利低波,CSI Dongfanghong Dividend Low Volatility Index,DFH Dividend Low Volatility,1045.67,1049.94,1038.76,1040.43,,-0.53,1040.98,133.16,,
2010-12-09,931446,中证东方红红利低波动指数,东证红利低波,CSI Dongfanghong Dividend Low Volatility Index,DFH Dividend Low Volatility,1036.55,1036.55,1020.25,1020.25,,-1.94,1194.68,137.23,,
2010-12-10,931446,中证东方红红利低波动指数,东证红利低波,CSI Dongfanghong Dividend Low Volatility Index,DFH Dividend Low Volatility,1017.49,1032.31,1017.09,1032.25,,1.18,1042.78,115.07,,
2010-12-13,931446,中证东方红红利低波动指数,东证红利低波,CSI Dongfanghong Dividend Low Volatility Index,DFH Dividend Low Volatility,1036.42,1060.4,1036.42,1060.4,,2.73,1607.92,187.73,,
2010-12-14,931446,中证东方红红利低波动指数,东证红利低波,CSI Dongfanghong Dividend Low Volatility Index,DFH Dividend Low Volatility,1063.5,1067.61,1060.42,1067.61,,0.68,1469.72,167.24,,
2010-12-15,931446,中证东方红红利低波动指数,东证红利低波,CSI Dongfanghong Dividend Low Volatility Index,DFH Dividend Low Volatility,1068.81,1071.72,1062.89,1062.94,,-0.44,1419.71,169.3,,
2010-12-16,931446,中证东方红红利低波动指数,东证红利低波,CSI Dongfanghong Dividend Low Volatility Index,DFH Dividend Low Volatility,1061.8,1065.34,1057.21,1059.12,,-0.36,1279.43,129.19,,
2010-12-17,931446,中证东方红红利低波动指数,东证红利低波,CSI Dongfanghong Dividend Low Volatility Index,DFH Dividend Low Volatility,1058.58,1060.66,1054.61,1059.45,,0.03,712.65,92.75,,
2010-12-20,931446,中证东方红红利低波动指数,东证红利低波,CSI Dongfanghong Dividend Low Volatility Index,DFH Dividend Low Volatility,1062.66,1062.8,1026.51,1041.97,,-1.65,1158.71,145.56,,
2010-12-21,931446,中证东方红红利低波动指数,东证红利低波,CSI Dongfanghong Dividend Low Volatility Index,DFH Dividend Low Volatility,1043.7,1057.1,1036.87,1057.1,,1.45,1439.24,172.39,,
2010-12-22,931446,中证东方红红利低波动指数,东证红利低波,CSI Dongfanghong Dividend Low Volatility Index,DFH Dividend Low Volatility,1059.17,1059.94,1048.55,1049.32,,-0.74,1239.05,153.22,,
2010-12-23,931446,中证东方红红利低波动指数,东证红利低波,CSI Dongfanghong Dividend Low Volatility Index,DFH Dividend Low Volatility,1048.24,1049.83,1036.84,1037.81,,-1.1,1208.98,129.67,,
2010-12-24,931446,中证东方红红利低波动指数,东证红利低波,CSI Dongfanghong Dividend Low Volatility Index,DFH Dividend Low Volatility,1034.99,1036.8,1023.65,1029.41,,-0.81,1040.94,117.61,,
2010-12-27,931446,中证东方红红利低波动指数,东证红利低波,CSI Dongfanghong Dividend Low Volatility Index,DFH Dividend Low Volatility,1032.9,1041.05,1005.8,1007.18,,-2.16,1316.71,152.1,,
2010-12-28,931446,中证东方红红利低波动指数,东证红利低波,CSI Dongfanghong Dividend Low Volatility Index,DFH Dividend Low Volatility,1003.67,1003.67,985.37,986.87,,-2.02,1069.48,121.42,,
2010-12-29,931446,中证东方红红利低波动指数,东证红利低波,CSI Dongfanghong Dividend Low Volatility Index,DFH Dividend Low Volatility,985.83,997.14,984.49,997.14,,1.04,996.76,96.84,,
2010-12-30,931446,中证东方红红利低波动指数,东证红利低波,CSI Dongfanghong Dividend Low Volatility Index,DFH Dividend Low Volatility,996.65,1000.46,990.04,997.0,,-0.01,978.93,108.29,,
2010-12-31,931446,中证东方红红利低波动指数,东证红利低波,CSI Dongfanghong Dividend Low Volatility Index,DFH Dividend Low Volatility,998.29,1017.16,998.29,1017.08,,2.01,1083.11,123.68,,
2011-01-04,931446,中证东方红红利低波动指数,东证红利低波,CSI Dongfanghong Dividend Low Volatility Index,DFH Dividend Low Volatility,1021.55,1029.07,1014.16,1029.07,,1.18,1593.77,174.18,,
2011-01-05,931446,中证东方红红利低波动指数,东证红利低波,CSI Dongfanghong Dividend Low Volatility Index,DFH Dividend Low Volatility,1026.47,1031.09,1024.37,1027.55,,-0.15,1413.66,156.45,,
2011-01-06,931446,中证东方红红利低波动指数,东证红利低波,CSI Dongfanghong Dividend Low Volatility Index,DFH Dividend Low Volatility,1028.07,1032.24,1024.9,1026.94,,-0.06,1133.52,135.13,,
2011-01-07,931446,中证东方红红利低波动指数,东证红利低波,CSI Dongfanghong Dividend Low Volatility Index,DFH Dividend Low Volatility,1026.23,1038.65,1023.3,1031.46,,0.44,1852.37,220.38,,
2011-01-10,931446,中证东方红红利低波动指数,东证红利低波,CSI Dongfanghong Dividend Low Volatility Index,DFH Dividend Low Volatility,1030.43,1033.65,1011.46,1011.56,,-1.93,1543.6,162.07,,
2011-01-11,931446,中证东方红红利低波动指数,东证红利低波,CSI Dongfanghong Dividend Low Volatility Index,DFH Dividend Low Volatility,1008.43,1015.65,1004.38,1015.65,,0.41,1241.03,138.4,,
2011-01-12,931446,中证东方红红利低波动指数,东证红利低波,CSI Dongfanghong Dividend Low Volatility Index,DFH Dividend Low Volatility,1016.75,1022.38,1011.08,1020.53,,0.48,1310.45,135.41,,
2011-01-13,931446,中证东方红红利低波动指数,东证红利低波,CSI Dongfanghong Dividend Low Volatility Index,DFH Dividend Low Volatility,1022.88,1024.42,1018.88,1021.66,,0.11,1229.14,130.41,,
2011-01-14,931446,中证东方红红利低波动指数,东证红利低波,CSI Dongfanghong Dividend Low Volatility Index,DFH Dividend Low Volatility,1019.91,1019.91,1007.76,1008.92,,-1.25,1093.09,113.2,,
2011-01-17,931446,中证东方红红利低波动指数,东证红利低波,CSI Dongfanghong Dividend Low Volatility Index,DFH Dividend Low Volatility,1003.13,1003.13,974.77,974.98,,-3.36,1423.47,144.97,,
2011-01-18,931446,中证东方红红利低波动指数,东证红利低波,CSI Dongfanghong Dividend Low Volatility Index,DFH Dividend Low Volatility,972.95,978.4,969.41,978.4,,0.35,968.36,99.0,,
2011-01-19,931446,中证东方红红利低波动指数,东证红利低波,CSI Dongfanghong Dividend Low Volatility Index,DFH Dividend Low Volatility,977.33,995.02,975.97,995.02,,1.7,1035.7,106.86,,
2011-01-20,931446,中证东方红红利低波动指数,东证红利低波,CSI Dongfanghong Dividend Low Volatility Index,DFH Dividend Low Volatility,993.17,993.17,965.62,965.78,,-2.94,1157.5,115.06,,
2011-01-21,931446,中证东方红红利低波动指数,东证红利低波,CSI Dongfanghong Dividend Low Volatility Index,DFH Dividend Low Volatility,963.76,983.07,963.76,976.39,,1.1,1280.19,131.29,,
2011-01-24,931446,中证东方红红利低波动指数,东证红利低波,CSI Dongfanghong Dividend Low Volatility Index,DFH Dividend Low Volatility,976.23,980.13,967.47,967.76,,-0.88,1184.45,118.68,,
2011-01-25,931446,中证东方红红利低波动指数,东证红利低波,CSI Dongfanghong Dividend Low Volatility Index,DFH Dividend Low Volatility,967.36,970.12,961.24,966.6,,-0.12,1094.55,106.26,,
2011-01-26,931446,中证东方红红利低波动指数,东证红利低波,CSI Dongfanghong Dividend Low Volatility Index,DFH Dividend Low Volatility,966.47,975.86,966.47,975.64,,0.94,853.56,83.81,,
2011-01-27,931446,中证东方红红利低波动指数,东证红利低波,CSI Dongfanghong Dividend Low Volatility Index,DFH Dividend Low Volatility,970.63,988.34,966.21,987.92,,1.26,1396.28,144.2,,
2011-01-28,931446,中证东方红红利低波动指数,东证红利低波,CSI Dongfanghong Dividend Low Volatility Index,DFH Dividend Low Volatility,986.14,992.97,985.88,992.35,,0.45,994.67,114.6,,
2011-01-31,931446,中证东方红红利低波动指数,东证红利低波,CSI Dongfanghong Dividend Low Volatility Index,DFH Dividend Low Volatility,991.66,1003.79,991.48,1003.79,,1.15,1094.66,115.11,,
2011-02-01,931446,中证东方红红利低波动指数,东证红利低波,CSI Dongfanghong Dividend Low Volatility Index,DFH Dividend Low Volatility,1003.65,1003.65,998.41,1001.6,,-0.22,785.95,86.11,,
2011-02-09,931446,中证东方红红利低波动指数,东证红利低波,CSI Dongfanghong Dividend Low Volatility Index,DFH Dividend Low Volatility,995.74,1002.93,995.74,996.07,,-0.55,944.41,107.8,,
2011-02-10,931446,中证东方红红利低波动指数,东证红利低波,CSI Dongfanghong Dividend Low Volatility Index,DFH Dividend Low Volatility,994.99,1016.87,994.45,1016.87,,2.09,1177.34,135.15,,
2011-02-11,931446,中证东方红红利低波动指数,东证红利低波,CSI Dongfanghong Dividend Low Volatility Index,DFH Dividend Low Volatility,1015.92,1026.96,1015.92,1025.47,,0.85,1467.23,161.42,,
2011-02-14,931446,中证东方红红利低波动指数,东证红利低波,CSI Dongfanghong Dividend Low Volatility Index,DFH Dividend Low Volatility,1030.51,1051.7,1030.51,1049.74,,2.37,2598.17,260.41,,
2011-02-15,931446,中证东方红红利低波动指数,东证红利低波,CSI Dongfanghong Dividend Low Volatility Index,DFH Dividend Low Volatility,1052.39,1057.29,1046.67,1046.74,,-0.29,2241.93,237.39,,
2011-02-16,931446,中证东方红红利低波动指数,东证红利低波,CSI Dongfanghong Dividend Low Volatility Index,DFH Dividend Low Volatility,1045.49,1058.9,1045.49,1058.9,,1.16,1935.46,219.63,,
2011-02-17,931446,中证东方红红利低波动指数,东证红利低波,CSI Dongfanghong Dividend Low Volatility Index,DFH Dividend Low Volatility,1060.6,1064.2,1052.58,1060.31,,0.13,1863.85,215.9,,
2011-02-18,931446,中证东方红红利低波动指数,东证红利低波,CSI Dongfanghong Dividend Low Volatility Index,DFH Dividend Low Volatility,1058.92,1059.54,1049.23,1052.41,,-0.75,1451.46,163.84,,
2011-02-21,931446,中证东方红红利低波动指数,东证红利低波,CSI Dongfanghong Dividend Low Volatility Index,DFH Dividend Low Volatility,1047.63,1070.29,1047.63,1070.29,,1.7,1760.93,189.38,,
2011-02-22,931446,中证东方红红利低波动指数,东证红利低波,CSI Dongfanghong Dividend Low Volatility Index,DFH Dividend Low Volatility,1072.19,1072.19,1040.71,1040.78,,-2.76,2363.67,260.92,,
2011-02-23,931446,中证东方红红利低波动指数,东证红利低波,CSI Dongfanghong Dividend Low Volatility Index,DFH Dividend Low Volatility,1037.38,1051.7,1037.38,1049.83,,0.87,1587.74,174.81,,
2011-02-24,931446,中证东方红红利低波动指数,东证红利低波,CSI Dongfanghong Dividend Low Volatility Index,DFH Dividend Low Volatility,1049.16,1053.58,1046.96,1053.58,,0.36,1519.15,170.44,,
2011-02-25,931446,中证东方红红利低波动指数,东证红利低波,CSI Dongfanghong Dividend Low Volatility Index,DFH Dividend Low Volatility,1052.39,1054.21,1042.29,1052.29,,-0.12,1408.3,154.62,,
2011-02-28,931446,中证东方红红利低波动指数,东证红利低波,CSI Dongfanghong Dividend Low Volatility Index,DFH Dividend Low Volatility,1052.92,1070.36,1050.84,1070.36,,1.72,1680.16,191.85,,
2011-03-01,931446,中证东方红红利低波动指数,东证红利低波,CSI Dongfanghong Dividend Low Volatility Index,DFH Dividend Low Volatility,1070.88,1077.15,1067.26,1073.15,,0.26,1972.49,216.87,,
2011-03-02,931446,中证东方红红利低波动指数,东证红利低波,CSI Dongfanghong Dividend Low Volatility Index,DFH Dividend Low Volatility,1066.93,1072.95,1060.19,1072.88,,-0.03,1983.15,228.2,,
2011-03-03,931446,中证东方红红利低波动指数,东证红利低波,CSI Dongfanghong Dividend Low Volatility Index,DFH Dividend Low Volatility,1073.18,1081.43,1067.77,1068.48,,-0.41,3021.85,318.1,,
2011-03-04,931446,中证东方红红利低波动指数,东证红利低波,CSI Dongfanghong Dividend Low Volatility Index,DFH Dividend Low Volatility,1068.86,1083.93,1067.81,1083.93,,1.45,2144.33,226.28,,
2011-03-07,931446,中证东方红红利低波动指数,东证红利低波,CSI Dongfanghong Dividend Low Volatility Index,DFH Dividend Low Volatility,1086.92,1095.7,1086.92,1095.7,,1.09,2634.78,285.96,,
2011-03-08,931446,中证东方红红利低波动指数,东证红利低波,CSI Dongfanghong Dividend Low Volatility Index,DFH Dividend Low Volatility,1096.18,1102.45,1094.92,1102.45,,0.62,2076.11,234.2,,
2011-03-09,931446,中证东方红红利低波动指数,东证红利低波,CSI Dongfanghong Dividend Low Volatility Index,DFH Dividend Low Volatility,1104.31,1104.65,1099.12,1102.97,,0.05,1926.0,210.26,,
2011-03-10,931446,中证东方红红利低波动指数,东证红利低波,CSI Dongfanghong Dividend Low Volatility Index,DFH Dividend Low Volatility,1101.49,1101.49,1092.0,1092.14,,-0.98,1988.7,225.27,,
2011-03-11,931446,中证东方红红利低波动指数,东证红利低波,CSI Dongfanghong Dividend Low Volatility Index,DFH Dividend Low Volatility,1087.13,1098.76,1086.57,1087.06,,-0.47,1618.5,184.52,,
2011-03-14,931446,中证东方红红利低波动指数,东证红利低波,CSI Dongfanghong Dividend Low Volatility Index,DFH Dividend Low Volatility,1086.08,1095.87,1083.99,1095.87,,0.81,1572.22,189.07,,
2011-03-15,931446,中证东方红红利低波动指数,东证红利低波,CSI Dongfanghong Dividend Low Volatility Index,DFH Dividend Low Volatility,1093.14,1093.14,1065.56,1080.22,,-1.43,2101.69,236.91,,
2011-03-16,931446,中证东方红红利低波动指数,东证红利低波,CSI Dongfanghong Dividend Low Volatility Index,DFH Dividend Low Volatility,1079.38,1091.71,1079.38,1091.71,,1.06,1556.6,183.29,,
2011-03-17,931446,中证东方红红利低波动指数,东证红利低波,CSI Dongfanghong Dividend Low Volatility Index,DFH Dividend Low Volatility,1082.94,1087.16,1071.13,1073.84,,-1.64,1985.57,195.64,,
2011-03-18,931446,中证东方红红利低波动指数,东证红利低波,CSI Dongfanghong Dividend Low Volatility Index,DFH Dividend Low Volatility,1080.74,1082.09,1076.18,1078.73,,0.46,1389.22,158.77,,
2011-03-21,931446,中证东方红红利低波动指数,东证红利低波,CSI Dongfanghong Dividend Low Volatility Index,DFH Dividend Low Volatility,1078.62,1081.65,1070.01,1074.34,,-0.41,1331.26,149.83,,
2011-03-22,931446,中证东方红红利低波动指数,东证红利低波,CSI Dongfanghong Dividend Low Volatility Index,DFH Dividend Low Volatility,1077.43,1077.43,1064.33,1076.98,,0.25,1414.84,155.52,,
2011-03-23,931446,中证东方红红利低波动指数,东证红利低波,CSI Dongfanghong Dividend Low Volatility Index,DFH Dividend Low Volatility,1076.39,1090.24,1076.13,1090.24,,1.23,1702.01,176.9,,
2011-03-24,931446,中证东方红红利低波动指数,东证红利低波,CSI Dongfanghong Dividend Low Volatility Index,DFH Dividend Low Volatility,1090.32,1092.26,1085.96,1087.51,,-0.25,1456.86,168.62,,
2011-03-25,931446,中证东方红红利低波动指数,东证红利低波,CSI Dongfanghong Dividend Low Volatility Index,DFH Dividend Low Volatility,1087.72,1101.51,1087.72,1099.9,,1.14,2081.38,239.63,,
2011-03-28,931446,中证东方红红利低波动指数,东证红利低波,CSI Dongfanghong Dividend Low Volatility Index,DFH Dividend Low Volatility,1103.4,1105.84,1100.49,1101.8,,0.17,2567.86,288.58,,
2011-03-29,931446,中证东方红红利低波动指数,东证红利低波,CSI Dongfanghong Dividend Low Volatility Index,DFH Dividend Low Volatility,1099.91,1101.9,1087.56,1087.61,,-1.29,2788.41,294.59,,
2011-03-30,931446,中证东方红红利低波动指数,东证红利低波,CSI Dongfanghong Dividend Low Volatility Index,DFH Dividend Low Volatility,1085.95,1088.66,1076.72,1083.07,,-0.42,1958.35,200.5,,
2011-03-31,931446,中证东方红红利低波动指数,东证红利低波,CSI Dongfanghong Dividend Low Volatility Index,DFH Dividend Low Volatility,1083.47,1085.11,1070.4,1072.51,,-0.98,1502.12,166.82,,
2011-04-01,931446,中证东方红红利低波动指数,东证红利低波,CSI Dongfanghong Dividend Low Volatility Index,DFH Dividend Low Volatility,1073.14,1084.65,1071.74,1084.65,,1.13,1557.44,168.89,,
2011-04-06,931446,中证东方红红利低波动指数,东证红利低波,CSI Dongfanghong Dividend Low Volatility Index,DFH Dividend Low Volatility,1082.38,1089.44,1080.96,1089.26,,0.42,2409.89,264.51,,
2011-04-07,931446,中证东方红红利低波动指数,东证红利低波,CSI Dongfanghong Dividend Low Volatility Index,DFH Dividend Low Volatility,1088.98,1093.55,1085.89,1093.55,,0.4,1843.83,209.29,,
2011-04-08,931446,中证东方红红利低波动指数,东证红利低波,CSI Dongfanghong Dividend Low Volatility Index,DFH Dividend Low Volatility,1092.86,1102.52,1091.92,1102.52,,0.82,1598.44,183.42,,
2011-04-11,931446,中证东方红红利低波动指数,东证红利低波,CSI Dongfanghong Dividend Low Volatility Index,DFH Dividend Low Volatility,1104.22,1104.22,1092.13,1092.28,,-0.93,2315.74,246.2,,
2011-04-12,931446,中证东方红红利低波动指数,东证红利低波,CSI Dongfanghong Dividend Low Volatility Index,DFH Dividend Low Volatility,1090.26,1105.6,1090.26,1100.9,,0.79,2711.2,232.69,,
2011-04-13,931446,中证东方红红利低波动指数,东证红利低波,CSI Dongfanghong Dividend Low Volatility Index,DFH Dividend Low Volatility,1096.94,1111.95,1096.94,1111.95,,1.0,2148.52,214.46,,
2011-04-14,931446,中证东方红红利低波动指数,东证红利低波,CSI Dongfanghong Dividend Low Volatility Index,DFH Dividend Low Volatility,1111.95,1114.62,1106.97,1108.73,,-0.29,2147.58,216.39,,
2011-04-15,931446,中证东方红红利低波动指数,东证红利低波,CSI Dongfanghong Dividend Low Volatility Index,DFH Dividend Low Volatility,1106.68,1111.14,1098.6,1109.91,,0.11,1839.95,183.02,,
2011-04-18,931446,中证东方红红利低波动指数,东证红利低波,CSI Dongfanghong Dividend Low Volatility Index,DFH Dividend Low Volatility,1107.51,1113.89,1107.51,1113.42,,0.32,2062.2,217.59,,
2011-04-19,931446,中证东方红红利低波动指数,东证红利低波,CSI Dongfanghong Dividend Low Volatility Index,DFH Dividend Low Volatility,1106.63,1106.63,1091.53,1095.33,,-1.63,1753.82,183.54,,
2011-04-20,931446,中证东方红红利低波动指数,东证红利低波,CSI Dongfanghong Dividend Low Volatility Index,DFH Dividend Low Volatility,1095.92,1101.73,1095.0,1100.65,,0.49,1494.42,180.67,,
2011-04-21,931446,中证东方红红利低波动指数,东证红利低波,CSI Dongfanghong Dividend Low Volatility Index,DFH Dividend Low Volatility,1104.48,1106.58,1101.57,1105.86,,0.47,1595.95,177.45,,
2011-04-22,931446,中证东方红红利低波动指数,东证红利低波,CSI Dongfanghong Dividend Low Volatility Index,DFH Dividend Low Volatility,1105.95,1107.7,1101.03,1102.99,,-0.26,1682.86,182.95,,
2011-04-25,931446,中证东方红红利低波动指数,东证红利低波,CSI Dongfanghong Dividend Low Volatility Index,DFH Dividend Low Volatility,1102.58,1102.58,1090.33,1090.37,,-1.14,1750.46,192.4,,
2011-04-26,931446,中证东方红红利低波动指数,东证红利低波,CSI Dongfanghong Dividend Low Volatility Index,DFH Dividend Low Volatility,1087.11,1089.06,1073.34,1077.07,,-1.22,1652.69,181.85,,
2011-04-27,931446,中证东方红红利低波动指数,东证红利低波,CSI Dongfanghong Dividend Low Volatility Index,DFH Dividend Low Volatility,1079.03,1084.33,1066.57,1071.16,,-0.55,1803.98,181.9,,
2011-04-28,931446,中证东方红红利低波动指数,东证红利低波,CSI Dongfanghong Dividend Low Volatility Index,DFH Dividend Low Volatility,1073.52,1074.79,1047.52,1047.52,,-2.21,1820.2,191.69,,
2011-04-29,931446,中证东方红红利低波动指数,东证红利低波,CSI Dongfanghong Dividend Low Volatility Index,DFH Dividend Low Volatility,1046.42,1063.76,1044.09,1063.76,,1.55,1875.66,176.09,,
2011-05-03,931446,中证东方红红利低波动指数,东证红利低波,CSI Dongfanghong Dividend Low Volatility Index,DFH Dividend Low Volatility,1063.51,1078.2,1060.02,1078.2,,1.36,1912.49,163.9,,
2011-05-04,931446,中证东方红红利低波动指数,东证红利低波,CSI Dongfanghong Dividend Low Volatility Index,DFH Dividend Low Volatility,1073.59,1075.47,1056.74,1060.24,,-1.67,2171.94,201.69,,
2011-05-05,931446,中证东方红红利低波动指数,东证红利低波,CSI Dongfanghong Dividend Low Volatility Index,DFH Dividend Low Volatility,1056.38,1066.67,1056.38,1064.54,,0.41,1632.22,168.99,,
2011-05-06,931446,中证东方红红利低波动指数,东证红利低波,CSI Dongfanghong Dividend Low Volatility Index,DFH Dividend Low Volatility,1056.29,1069.32,1055.65,1066.2,,0.16,1540.55,146.94,,
2011-05-09,931446,中证东方红红利低波动指数,东证红利低波,CSI Dongfanghong Dividend Low Volatility Index,DFH Dividend Low Volatility,1067.81,1073.51,1065.3,1070.21,,0.38,1427.91,138.61,,
2011-05-10,931446,中证东方红红利低波动指数,东证红利低波,CSI Dongfanghong Dividend Low Volatility Index,DFH Dividend Low Volatility,1072.34,1074.76,1067.1,1074.76,,0.43,1285.97,125.82,,
2011-05-11,931446,中证东方红红利低波动指数,东证红利低波,CSI Dongfanghong Dividend Low Volatility Index,DFH Dividend Low Volatility,1074.26,1076.81,1066.05,1072.75,,-0.19,1274.43,125.05,,
2011-05-12,931446,中证东方红红利低波动指数,东证红利低波,CSI Dongfanghong Dividend Low Volatility Index,DFH Dividend Low Volatility,1066.39,1074.49,1060.87,1060.87,,-1.11,1361.19,135.67,,
2011-05-13,931446,中证东方红红利低波动指数,东证红利低波,CSI Dongfanghong Dividend Low Volatility Index,DFH Dividend Low Volatility,1060.83,1065.91,1052.96,1065.91,,0.48,1355.58,127.21,,
2011-05-16,931446,中证东方红红利低波动指数,东证红利低波,CSI Dongfanghong Dividend Low Volatility Index,DFH Dividend Low Volatility,1063.85,1068.36,1058.42,1059.62,,-0.59,1307.5,125.64,,
2011-05-17,931446,中证东方红红利低波动指数,东证红利低波,CSI Dongfanghong Dividend Low Volatility Index,DFH Dividend Low Volatility,1058.24,1061.06,1047.67,1055.29,,-0.41,1323.43,131.02,,
2011-05-18,931446,中证东方红红利低波动指数,东证红利低波,CSI Dongfanghong Dividend Low Volatility Index,DFH Dividend Low Volatility,1054.25,1063.85,1053.95,1062.84,,0.72,1158.12,121.3,,
2011-05-19,931446,中证东方红红利低波动指数,东证红利低波,CSI Dongfanghong Dividend Low Volatility Index,DFH Dividend Low Volatility,1065.46,1066.53,1057.29,1057.64,,-0.49,1240.75,127.84,,
2011-05-20,931446,中证东方红红利低波动指数,东证红利低波,CSI Dongfanghong Dividend Low Volatility Index,DFH Dividend Low Volatility,1056.67,1058.78,1052.94,1055.77,,-0.18,940.62,95.74,,
2011-05-23,931446,中证东方红红利低波动指数,东证红利低波,CSI Dongfanghong Dividend Low Volatility Index,DFH Dividend Low Volatility,1053.6,1053.6,1019.64,1020.42,,-3.35,1606.48,152.76,,
2011-05-24,931446,中证东方红红利低波动指数,东证红利低波,CSI Dongfanghong Dividend Low Volatility Index,DFH Dividend Low Volatility,1016.94,1018.33,1009.02,1018.33,,-0.2,1069.51,105.27,,
2011-05-25,931446,中证东方红红利低波动指数,东证红利低波,CSI Dongfanghong Dividend Low Volatility Index,DFH Dividend Low Volatility,1017.54,1019.57,1006.14,1007.04,,-1.11,1061.27,102.23,,
2011-05-26,931446,中证东方红红利低波动指数,东证红利低波,CSI Dongfanghong Dividend Low Volatility Index,DFH Dividend Low Volatility,1011.49,1013.63,1000.21,1000.27,,-0.67,821.7,80.27,,
2011-05-27,931446,中证东方红红利低波动指数,东证红利低波,CSI Dongfanghong Dividend Low Volatility Index,DFH Dividend Low Volatility,1000.13,1000.13,986.36,986.36,,-1.39,1077.79,101.21,,
2011-05-30,931446,中证东方红红利低波动指数,东证红利低波,CSI Dongfanghong Dividend Low Volatility Index,DFH Dividend Low Volatility,982.95,989.85,976.09,978.79,,-0.77,963.07,83.33,,
2011-05-31,931446,中证东方红红利低波动指数,东证红利低波,CSI Dongfanghong Dividend Low Volatility Index,DFH Dividend Low Volatility,980.55,995.54,978.8,995.54,,1.71,919.8,88.36,,
2011-06-01,931446,中证东方红红利低波动指数,东证红利低波,CSI Dongfanghong Dividend Low Volatility Index,DFH Dividend Low Volatility,994.68,999.46,992.23,999.46,,0.39,963.2,91.23,,
2011-06-02,931446,中证东方红红利低波动指数,东证红利低波,CSI Dongfanghong Dividend Low Volatility Index,DFH Dividend Low Volatility,989.24,990.81,973.58,981.65,,-1.78,1415.43,128.49,,
2011-06-03,931446,中证东方红红利低波动指数,东证红利低波,CSI Dongfanghong Dividend Low Volatility Index,DFH Dividend Low Volatility,981.15,994.74,981.15,994.2,,1.28,929.23,95.64,,
2011-06-07,931446,中证东方红红利低波动指数,东证红利低波,CSI Dongfanghong Dividend Low Volatility Index,DFH Dividend Low Volatility,991.06,998.22,990.71,998.22,,0.4,802.39,84.03,,
2011-06-08,931446,中证东方红红利低波动指数,东证红利低波,CSI Dongfanghong Dividend Low Volatility Index,DFH Dividend Low Volatility,996.88,999.24,985.49,999.06,,0.09,1009.69,98.21,,
2011-06-09,931446,中证东方红红利低波动指数,东证红利低波,CSI Dongfanghong Dividend Low Volatility Index,DFH Dividend Low Volatility,996.22,996.65,978.01,978.01,,-2.11,1004.17,99.77,,
2011-06-10,931446,中证东方红红利低波动指数,东证红利低波,CSI Dongfanghong Dividend Low Volatility Index,DFH Dividend Low Volatility,975.98,979.98,968.5,979.98,,0.2,872.79,86.52,,
2011-06-13,931446,中证东方红红利低波动指数,东证红利低波,CSI Dongfanghong Dividend Low Volatility Index,DFH Dividend Low Volatility,974.69,976.79,966.28,976.09,,-0.4,731.07,67.27,,
2011-06-14,931446,中证东方红红利低波动指数,东证红利低波,CSI Dongfanghong Dividend Low Volatility Index,DFH Dividend Low Volatility,974.71,988.29,974.71,987.17,,1.14,1212.84,115.64,,
2011-06-15,931446,中证东方红红利低波动指数,东证红利低波,CSI Dongfanghong Dividend Low Volatility Index,DFH Dividend Low Volatility,983.84,986.98,976.26,976.26,,-1.11,798.51,80.4,,
2011-06-16,931446,中证东方红红利低波动指数,东证红利低波,CSI Dongfanghong Dividend Low Volatility Index,DFH Dividend Low Volatility,968.94,968.94,957.27,957.32,,-1.94,799.94,74.22,,
2011-06-17,931446,中证东方红红利低波动指数,东证红利低波,CSI Dongfanghong Dividend Low Volatility Index,DFH Dividend Low Volatility,956.66,960.01,947.82,947.86,,-0.99,740.12,71.68,,
2011-06-20,931446,中证东方红红利低波动指数,东证红利低波,CSI Dongfanghong Dividend Low Volatility Index,DFH Dividend Low Volatility,946.6,947.15,934.37,938.15,,-1.02,816.61,76.11,,
2011-06-21,931446,中证东方红红利低波动指数,东证红利低波,CSI Dongfanghong Dividend Low Volatility Index,DFH Dividend Low Volatility,939.53,950.37,938.71,950.37,,1.3,826.29,82.23,,
2011-06-22,931446,中证东方红红利低波动指数,东证红利低波,CSI Dongfanghong Dividend Low Volatility Index,DFH Dividend Low Volatility,951.27,952.38,943.47,947.12,,-0.34,767.07,72.08,,
2011-06-23,931446,中证东方红红利低波动指数,东证红利低波,CSI Dongfanghong Dividend Low Volatility Index,DFH Dividend Low Volatility,944.77,961.43,940.46,961.03,,1.47,1012.84,92.75,,
2011-06-24,931446,中证东方红红利低波动指数,东证红利低波,CSI Dongfanghong Dividend Low Volatility Index,DFH Dividend Low Volatility,958.62,985.24,958.62,982.47,,2.23,1710.26,165.52,,
2011-06-27,931446,中证东方红红利低波动指数,东证红利低波,CSI Dongfanghong Dividend Low Volatility Index,DFH Dividend Low Volatility,983.69,990.13,981.5,986.85,,0.45,1271.82,131.96,,
2011-06-28,931446,中证东方红红利低波动指数,东证红利低波,CSI Dongfanghong Dividend Low Volatility Index,DFH Dividend Low Volatility,988.26,988.26,979.14,985.96,,-0.09,1006.1,105.47,,
2011-06-29,931446,中证东方红红利低波动指数,东证红利低波,CSI Dongfanghong Dividend Low Volatility Index,DFH Dividend Low Volatility,984.97,986.03,974.21,974.21,,-1.19,1282.5,119.82,,
2011-06-30,931446,中证东方红红利低波动指数,东证红利低波,CSI Dongfanghong Dividend Low Volatility Index,DFH Dividend Low Volatility,974.1,986.44,974.1,984.53,,1.06,1242.7,117.8,,
2011-07-01,931446,中证东方红红利低波动指数,东证红利低波,CSI Dongfanghong Dividend Low Volatility Index,DFH Dividend Low Volatility,986.48,988.13,981.98,983.9,,-0.06,1341.07,134.88,,
2011-07-04,931446,中证东方红红利低波动指数,东证红利低波,CSI Dongfanghong Dividend Low Volatility Index,DFH Dividend Low Volatility,988.72,1004.7,988.72,1004.7,,2.11,1895.94,197.57,,
2011-07-05,931446,中证东方红红利低波动指数,东证红利低波,CSI Dongfanghong Dividend Low Volatility Index,DFH Dividend Low Volatility,1004.67,1005.99,1000.14,1005.48,,0.08,1398.32,144.29,,
2011-07-06,931446,中证东方红红利低波动指数,东证红利低波,CSI Dongfanghong Dividend Low Volatility Index,DFH Dividend Low Volatility,1003.59,1003.59,994.31,1002.58,,-0.29,1474.17,155.98,,
2011-07-07,931446,中证东方红红利低波动指数,东证红利低波,CSI Dongfanghong Dividend Low Volatility Index,DFH Dividend Low Volatility,1003.79,1009.02,1000.65,1000.75,,-0.18,1697.52,181.54,,
2011-07-08,931446,中证东方红红利低波动指数,东证红利低波,CSI Dongfanghong Dividend Low Volatility Index,DFH Dividend Low Volatility,1001.32,1003.39,997.97,1001.45,,0.07,1308.99,134.67,,
2011-07-11,931446,中证东方红红利低波动指数,东证红利低波,CSI Dongfanghong Dividend Low Volatility Index,DFH Dividend Low Volatility,999.78,1007.99,997.54,1006.93,,0.55,1253.63,132.47,,
2011-07-12,931446,中证东方红红利低波动指数,东证红利低波,CSI Dongfanghong Dividend Low Volatility Index,DFH Dividend Low Volatility,997.84,999.99,994.53,994.58,,-1.23,1332.96,147.67,,
2011-07-13,931446,中证东方红红利低波动指数,东证红利低波,CSI Dongfanghong Dividend Low Volatility Index,DFH Dividend Low Volatility,994.87,1008.6,994.87,1008.6,,1.41,1263.76,143.01,,
2011-07-14,931446,中证东方红红利低波动指数,东证红利低波,CSI Dongfanghong Dividend Low Volatility Index,DFH Dividend Low Volatility,1009.03,1010.97,1003.54,1010.97,,0.24,1362.2,146.38,,
2011-07-15,931446,中证东方红红利低波动指数,东证红利低波,CSI Dongfanghong Dividend Low Volatility Index,DFH Dividend Low Volatility,1008.31,1015.97,1005.22,1015.97,,0.49,1364.77,144.33,,
2011-07-18,931446,中证东方红红利低波动指数,东证红利低波,CSI Dongfanghong Dividend Low Volatility Index,DFH Dividend Low Volatility,1015.32,1017.67,1011.71,1015.64,,-0.03,1321.93,145.22,,
2011-07-19,931446,中证东方红红利低波动指数,东证红利低波,CSI Dongfanghong Dividend Low Volatility Index,DFH Dividend Low Volatility,1011.86,1011.86,1002.47,1003.25,,-1.22,1172.47,127.26,,
2011-07-20,931446,中证东方红红利低波动指数,东证红利低波,CSI Dongfanghong Dividend Low Volatility Index,DFH Dividend Low Volatility,1007.86,1008.29,998.6,1004.08,,0.08,1127.12,122.4,,
2011-07-21,931446,中证东方红红利低波动指数,东证红利低波,CSI Dongfanghong Dividend Low Volatility Index,DFH Dividend Low Volatility,1004.53,1004.53,996.62,996.62,,-0.74,1253.78,137.44,,
2011-07-22,931446,中证东方红红利低波动指数,东证红利低波,CSI Dongfanghong Dividend Low Volatility Index,DFH Dividend Low Volatility,997.77,1001.72,996.78,998.87,,0.23,968.18,114.82,,
2011-07-25,931446,中证东方红红利低波动指数,东证红利低波,CSI Dongfanghong Dividend Low Volatility Index,DFH Dividend Low Volatility,994.94,994.94,967.47,969.46,,-2.94,1647.44,165.25,,
2011-07-26,931446,中证东方红红利低波动指数,东证红利低波,CSI Dongfanghong Dividend Low Volatility Index,DFH Dividend Low Volatility,968.83,973.03,967.62,972.86,,0.35,991.93,100.3,,
2011-07-27,931446,中证东方红红利低波动指数,东证红利低波,CSI Dongfanghong Dividend Low Volatility Index,DFH Dividend Low Volatility,969.75,980.95,966.53,980.95,,0.83,1223.94,129.64,,
2011-07-28,931446,中证东方红红利低波动指数,东证红利低波,CSI Dongfanghong Dividend Low Volatility Index,DFH Dividend Low Volatility,972.84,974.33,967.23,973.63,,-0.75,1101.75,115.08,,
2011-07-29,931446,中证东方红红利低波动指数,东证红利低波,CSI Dongfanghong Dividend Low Volatility Index,DFH Dividend Low Volatility,976.37,977.89,967.68,972.82,,-0.08,1427.22,134.88,,
2011-08-01,931446,中证东方红红利低波动指数,东证红利低波,CSI Dongfanghong Dividend Low Volatility Index,DFH Dividend Low Volatility,968.79,976.42,968.79,973.55,,0.07,938.63,90.18,,
2011-08-02,931446,中证东方红红利低波动指数,东证红利低波,CSI Dongfanghong Dividend Low Volatility Index,DFH Dividend Low Volatility,969.99,969.99,954.93,964.71,,-0.91,946.3,91.04,,
2011-08-03,931446,中证东方红红利低波动指数,东证红利低波,CSI Dongfanghong Dividend Low Volatility Index,DFH Dividend Low Volatility,957.46,968.13,956.68,965.18,,0.05,898.04,90.7,,
2011-08-04,931446,中证东方红红利低波动指数,东证红利低波,CSI Dongfanghong Dividend Low Volatility Index,DFH Dividend Low Volatility,966.46,971.34,965.2,967.38,,0.23,752.0,80.72,,
2011-08-05,931446,中证东方红红利低波动指数,东证红利低波,CSI Dongfanghong Dividend Low Volatility Index,DFH Dividend Low Volatility,943.71,953.18,943.71,949.38,,-1.86,1274.17,133.26,,
2011-08-08,931446,中证东方红红利低波动指数,东证红利低波,CSI Dongfanghong Dividend Low Volatility Index,DFH Dividend Low Volatility,939.81,943.69,898.04,911.19,,-4.02,1680.25,158.93,,
2011-08-09,931446,中证东方红红利低波动指数,东证红利低波,CSI Dongfanghong Dividend Low Volatility Index,DFH Dividend Low Volatility,890.24,914.95,883.7,912.44,,0.14,1727.76,159.18,,
2011-08-10,931446,中证东方红红利低波动指数,东证红利低波,CSI Dongfanghong Dividend Low Volatility Index,DFH Dividend Low Volatility,925.08,928.76,920.28,920.64,,0.9,1441.4,138.27,,
2011-08-11,931446,中证东方红红利低波动指数,东证红利低波,CSI Dongfanghong Dividend Low Volatility Index,DFH Dividend Low Volatility,905.22,936.53,905.22,936.53,,1.73,1334.58,133.59,,
2011-08-12,931446,中证东方红红利低波动指数,东证红利低波,CSI Dongfanghong Dividend Low Volatility Index,DFH Dividend Low Volatility,940.63,945.3,940.57,942.7,,0.66,1346.15,133.57,,
2011-08-15,931446,中证东方红红利低波动指数,东证红利低波,CSI Dongfanghong Dividend Low Volatility Index,DFH Dividend Low Volatility,943.33,956.12,941.96,956.12,,1.42,1571.61,151.31,,
2011-08-16,931446,中证东方红红利低波动指数,东证红利低波,CSI Dongfanghong Dividend Low Volatility Index,DFH Dividend Low Volatility,956.82,960.0,946.91,949.8,,-0.66,1341.03,128.12,,
2011-08-17,931446,中证东方红红利低波动指数,东证红利低波,CSI Dongfanghong Dividend Low Volatility Index,DFH Dividend Low Volatility,947.98,950.77,943.92,945.73,,-0.43,1035.94,95.45,,
2011-08-18,931446,中证东方红红利低波动指数,东证红利低波,CSI Dongfanghong Dividend Low Volatility Index,DFH Dividend Low Volatility,944.93,944.93,931.15,931.18,,-1.54,1002.56,103.85,,
2011-08-19,931446,中证东方红红利低波动指数,东证红利低波,CSI Dongfanghong Dividend Low Volatility Index,DFH Dividend Low Volatility,915.97,924.8,915.97,924.8,,-0.69,1062.38,104.27,,
2011-08-22,931446,中证东方红红利低波动指数,东证红利低波,CSI Dongfanghong Dividend Low Volatility Index,DFH Dividend Low Volatility,924.46,930.36,916.01,918.22,,-0.71,779.54,78.55,,
2011-08-23,931446,中证东方红红利低波动指数,东证红利低波,CSI Dongfanghong Dividend Low Volatility Index,DFH Dividend Low Volatility,920.66,931.41,919.77,931.41,,1.44,873.1,83.75,,
2011-08-24,931446,中证东方红红利低波动指数,东证红利低波,CSI Dongfanghong Dividend Low Volatility Index,DFH Dividend Low Volatility,934.99,937.59,927.68,928.35,,-0.33,912.76,95.25,,
2011-08-25,931446,中证东方红红利低波动指数,东证红利低波,CSI Dongfanghong Dividend Low Volatility Index,DFH Dividend Low Volatility,931.01,951.8,931.01,951.8,,2.53,2114.7,198.64,,
2011-08-26,931446,中证东方红红利低波动指数,东证红利低波,CSI Dongfanghong Dividend Low Volatility Index,DFH Dividend Low Volatility,947.29,950.32,944.39,950.32,,-0.16,1228.97,116.12,,
2011-08-29,931446,中证东方红红利低波动指数,东证红利低波,CSI Dongfanghong Dividend Low Volatility Index,DFH Dividend Low Volatility,944.2,944.2,937.46,940.04,,-1.08,1343.11,131.32,,
2011-08-30,931446,中证东方红红利低波动指数,东证红利低波,CSI Dongfanghong Dividend Low Volatility Index,DFH Dividend Low Volatility,945.4,952.12,935.52,935.88,,-0.44,1302.15,122.5,,
2011-08-31,931446,中证东方红红利低波动指数,东证红利低波,CSI Dongfanghong Dividend Low Volatility Index,DFH Dividend Low Volatility,934.99,937.08,926.42,935.43,,-0.05,987.5,99.12,,
2011-09-01,931446,中证东方红红利低波动指数,东证红利低波,CSI Dongfanghong Dividend Low Volatility Index,DFH Dividend Low Volatility,935.66,939.21,927.43,930.19,,-0.56,925.95,95.52,,
2011-09-02,931446,中证东方红红利低波动指数,东证红利低波,CSI Dongfanghong Dividend Low Volatility Index,DFH Dividend Low Volatility,928.6,929.47,916.13,919.54,,-1.15,785.49,77.94,,
2011-09-05,931446,中证东方红红利低波动指数,东证红利低波,CSI Dongfanghong Dividend Low Volatility Index,DFH Dividend Low Volatility,911.93,911.93,902.83,903.11,,-1.79,848.84,79.3,,
2011-09-06,931446,中证东方红红利低波动指数,东证红利低波,CSI Dongfanghong Dividend Low Volatility Index,DFH Dividend Low Volatility,897.8,902.62,894.35,896.9,,-0.69,790.98,78.21,,
2011-09-07,931446,中证东方红红利低波动指数,东证红利低波,CSI Dongfanghong Dividend Low Volatility Index,DFH Dividend Low Volatility,899.9,915.72,899.9,915.72,,2.1,911.24,85.54,,
2011-09-08,931446,中证东方红红利低波动指数,东证红利低波,CSI Dongfanghong Dividend Low Volatility Index,DFH Dividend Low Volatility,918.11,918.11,907.6,907.73,,-0.87,753.04,71.6,,
2011-09-09,931446,中证东方红红利低波动指数,东证红利低波,CSI Dongfanghong Dividend Low Volatility Index,DFH Dividend Low Volatility,909.29,915.16,902.87,904.92,,-0.31,776.86,74.9,,
2011-09-13,931446,中证东方红红利低波动指数,东证红利低波,CSI Dongfanghong Dividend Low Volatility Index,DFH Dividend Low Volatility,891.03,895.74,889.47,894.79,,-1.12,718.21,67.43,,
2011-09-14,931446,中证东方红红利低波动指数,东证红利低波,CSI Dongfanghong Dividend Low Volatility Index,DFH Dividend Low Volatility,898.16,899.93,884.93,899.88,,0.57,738.47,70.32,,
2011-09-15,931446,中证东方红红利低波动指数,东证红利低波,CSI Dongfanghong Dividend Low Volatility Index,DFH Dividend Low Volatility,900.65,905.42,898.91,898.91,,-0.11,677.04,63.86,,
2011-09-16,931446,中证东方红红利低波动指数,东证红利低波,CSI Dongfanghong Dividend Low Volatility Index,DFH Dividend Low Volatility,902.51,905.8,898.6,899.25,,0.04,657.51,62.54,,
2011-09-19,931446,中证东方红红利低波动指数,东证红利低波,CSI Dongfanghong Dividend Low Volatility Index,DFH Dividend Low Volatility,895.77,895.77,882.7,882.7,,-1.84,619.29,57.3,,
2011-09-20,931446,中证东方红红利低波动指数,东证红利低波,CSI Dongfanghong Dividend Low Volatility Index,DFH Dividend Low Volatility,881.79,889.29,880.48,886.66,,0.45,540.99,50.52,,
2011-09-21,931446,中证东方红红利低波动指数,东证红利低波,CSI Dongfanghong Dividend Low Volatility Index,DFH Dividend Low Volatility,886.66,908.04,882.98,907.38,,2.34,1212.75,111.98,,
2011-09-22,931446,中证东方红红利低波动指数,东证红利低波,CSI Dongfanghong Dividend Low Volatility Index,DFH Dividend Low Volatility,900.9,902.53,885.36,885.57,,-2.4,1013.25,92.65,,
2011-09-23,931446,中证东方红红利低波动指数,东证红利低波,CSI Dongfanghong Dividend Low Volatility Index,DFH Dividend Low Volatility,874.5,882.72,871.86,880.16,,-0.61,999.36,97.42,,
2011-09-26,931446,中证东方红红利低波动指数,东证红利低波,CSI Dongfanghong Dividend Low Volatility Index,DFH Dividend Low Volatility,875.18,882.25,866.09,867.07,,-1.49,860.34,92.92,,
2011-09-27,931446,中证东方红红利低波动指数,东证红利低波,CSI Dongfanghong Dividend Low Volatility Index,DFH Dividend Low Volatility,871.87,876.37,868.06,874.61,,0.87,789.37,77.42,,
2011-09-28,931446,中证东方红红利低波动指数,东证红利低波,CSI Dongfanghong Dividend Low Volatility Index,DFH Dividend Low Volatility,878.6,878.6,863.25,864.12,,-1.2,707.49,66.69,,
2011-09-29,931446,中证东方红红利低波动指数,东证红利低波,CSI Dongfanghong Dividend Low Volatility Index,DFH Dividend Low Volatility,860.71,860.71,851.81,852.66,,-1.33,846.47,76.69,,
2011-09-30,931446,中证东方红红利低波动指数,东证红利低波,CSI Dongfanghong Dividend Low Volatility Index,DFH Dividend Low Volatility,853.79,857.17,847.24,851.03,,-0.19,860.77,78.44,,
2011-10-10,931446,中证东方红红利低波动指数,东证红利低波,CSI Dongfanghong Dividend Low Volatility Index,DFH Dividend Low Volatility,852.27,852.27,845.11,846.29,,-0.56,676.94,57.62,,
2011-10-11,931446,中证东方红红利低波动指数,东证红利低波,CSI Dongfanghong Dividend Low Volatility Index,DFH Dividend Low Volatility,864.1,864.1,840.51,845.55,,-0.09,1189.06,111.61,,
2011-10-12,931446,中证东方红红利低波动指数,东证红利低波,CSI Dongfanghong Dividend Low Volatility Index,DFH Dividend Low Volatility,842.35,870.13,839.33,869.98,,2.89,1507.34,133.97,,
2011-10-13,931446,中证东方红红利低波动指数,东证红利低波,CSI Dongfanghong Dividend Low Volatility Index,DFH Dividend Low Volatility,867.72,877.97,867.72,876.69,,0.77,1248.67,108.82,,
2011-10-14,931446,中证东方红红利低波动指数,东证红利低波,CSI Dongfanghong Dividend Low Volatility Index,DFH Dividend Low Volatility,874.53,875.88,867.94,874.67,,-0.23,829.6,70.94,,
2011-10-17,931446,中证东方红红利低波动指数,东证红利低波,CSI Dongfanghong Dividend Low Volatility Index,DFH Dividend Low Volatility,876.26,881.87,874.77,878.86,,0.48,907.51,84.05,,
2011-10-18,931446,中证东方红红利低波动指数,东证红利低波,CSI Dongfanghong Dividend Low Volatility Index,DFH Dividend Low Volatility,874.1,874.1,857.09,857.59,,-2.42,923.9,80.04,,
2011-10-19,931446,中证东方红红利低波动指数,东证红利低波,CSI Dongfanghong Dividend Low Volatility Index,DFH Dividend Low Volatility,858.83,862.5,854.91,855.12,,-0.29,704.71,66.48,,
2011-10-20,931446,中证东方红红利低波动指数,东证红利低波,CSI Dongfanghong Dividend Low Volatility Index,DFH Dividend Low Volatility,852.09,852.09,831.47,835.74,,-2.27,940.17,83.06,,
2011-10-21,931446,中证东方红红利低波动指数,东证红利低波,CSI Dongfanghong Dividend Low Volatility Index,DFH Dividend Low Volatility,836.93,840.72,832.81,833.23,,-0.3,788.17,70.26,,
2011-10-24,931446,中证东方红红利低波动指数,东证红利低波,CSI Dongfanghong Dividend Low Volatility Index,DFH Dividend Low Volatility,834.66,850.61,830.67,850.61,,2.09,1152.91,107.0,,
2011-10-25,931446,中证东方红红利低波动指数,东证红利低波,CSI Dongfanghong Dividend Low Volatility Index,DFH Dividend Low Volatility,848.77,865.05,846.41,864.94,,1.69,1347.3,125.07,,
2011-10-26,931446,中证东方红红利低波动指数,东证红利低波,CSI Dongfanghong Dividend Low Volatility Index,DFH Dividend Low Volatility,860.72,876.43,860.72,870.68,,0.66,1569.21,146.71,,
2011-10-27,931446,中证东方红红利低波动指数,东证红利低波,CSI Dongfanghong Dividend Low Volatility Index,DFH Dividend Low Volatility,873.15,883.17,873.15,876.93,,0.72,1310.18,118.3,,
2011-10-28,931446,中证东方红红利低波动指数,东证红利低波,CSI Dongfanghong Dividend Low Volatility Index,DFH Dividend Low Volatility,885.23,891.47,883.15,890.75,,1.58,1671.93,166.19,,
2011-10-31,931446,中证东方红红利低波动指数,东证红利低波,CSI Dongfanghong Dividend Low Volatility Index,DFH Dividend Low Volatility,890.17,893.14,886.12,890.63,,-0.01,1255.97,115.05,,
2011-11-01,931446,中证东方红红利低波动指数,东证红利低波,CSI Dongfanghong Dividend Low Volatility Index,DFH Dividend Low Volatility,884.22,895.84,884.22,891.16,,0.06,1340.15,126.46,,
2011-11-02,931446,中证东方红红利低波动指数,东证红利低波,CSI Dongfanghong Dividend Low Volatility Index,DFH Dividend Low Volatility,880.41,904.3,880.09,904.3,,1.47,1447.47,134.25,,
2011-11-03,931446,中证东方红红利低波动指数,东证红利低波,CSI Dongfanghong Dividend Low Volatility Index,DFH Dividend Low Volatility,906.28,914.22,906.28,906.62,,0.26,1817.76,180.76,,
2011-11-04,931446,中证东方红红利低波动指数,东证红利低波,CSI Dongfanghong Dividend Low Volatility Index,DFH Dividend Low Volatility,912.01,912.65,906.49,910.27,,0.4,1293.24,123.88,,
2011-11-07,931446,中证东方红红利低波动指数,东证红利低波,CSI Dongfanghong Dividend Low Volatility Index,DFH Dividend Low Volatility,907.75,913.87,905.99,906.23,,-0.44,990.24,96.32,,
2011-11-08,931446,中证东方红红利低波动指数,东证红利低波,CSI Dongfanghong Dividend Low Volatility Index,DFH Dividend Low Volatility,907.17,909.77,901.01,902.0,,-0.47,1121.84,96.16,,
2011-11-09,931446,中证东方红红利低波动指数,东证红利低波,CSI Dongfanghong Dividend Low Volatility Index,DFH Dividend Low Volatility,904.46,908.94,896.28,908.91,,0.77,927.17,88.98,,
2011-11-10,931446,中证东方红红利低波动指数,东证红利低波,CSI Dongfanghong Dividend Low Volatility Index,DFH Dividend Low Volatility,901.34,903.61,896.65,896.72,,-1.34,1219.77,115.25,,
2011-11-11,931446,中证东方红红利低波动指数,东证红利低波,CSI Dongfanghong Dividend Low Volatility Index,DFH Dividend Low Volatility,896.99,901.25,895.28,896.55,,-0.02,812.69,73.2,,
2011-11-14,931446,中证东方红红利低波动指数,东证红利低波,CSI Dongfanghong Dividend Low Volatility Index,DFH Dividend Low Volatility,902.59,913.62,902.59,913.62,,1.9,1116.36,108.68,,
2011-11-15,931446,中证东方红红利低波动指数,东证红利低波,CSI Dongfanghong Dividend Low Volatility Index,DFH Dividend Low Volatility,912.58,915.12,911.01,915.12,,0.16,992.29,93.27,,
2011-11-16,931446,中证东方红红利低波动指数,东证红利低波,CSI Dongfanghong Dividend Low Volatility Index,DFH Dividend Low Volatility,915.38,915.38,892.35,895.31,,-2.17,1277.46,123.23,,
2011-11-17,931446,中证东方红红利低波动指数,东证红利低波,CSI Dongfanghong Dividend Low Volatility Index,DFH Dividend Low Volatility,895.67,901.02,893.8,894.02,,-0.14,888.27,79.75,,
2011-11-18,931446,中证东方红红利低波动指数,东证红利低波,CSI Dongfanghong Dividend Low Volatility Index,DFH Dividend Low Volatility,889.87,889.87,876.74,877.84,,-1.81,930.28,88.88,,
2011-11-21,931446,中证东方红红利低波动指数,东证红利低波,CSI Dongfanghong Dividend Low Volatility Index,DFH Dividend Low Volatility,877.79,878.88,872.45,878.69,,0.1,678.92,69.68,,
2011-11-22,931446,中证东方红红利低波动指数,东证红利低波,CSI Dongfanghong Dividend Low Volatility Index,DFH Dividend Low Volatility,872.32,878.77,870.26,878.77,,0.01,806.26,70.82,,
2011-11-23,931446,中证东方红红利低波动指数,东证红利低波,CSI Dongfanghong Dividend Low Volatility Index,DFH Dividend Low Volatility,879.89,880.05,873.45,873.75,,-0.57,785.15,70.08,,
2011-11-24,931446,中证东方红红利低波动指数,东证红利低波,CSI Dongfanghong Dividend Low Volatility Index,DFH Dividend Low Volatility,868.98,877.79,867.16,875.22,,0.17,761.17,69.73,,
2011-11-25,931446,中证东方红红利低波动指数,东证红利低波,CSI Dongfanghong Dividend Low Volatility Index,DFH Dividend Low Volatility,873.5,876.19,867.64,868.93,,-0.72,629.34,54.07,,
2011-11-28,931446,中证东方红红利低波动指数,东证红利低波,CSI Dongfanghong Dividend Low Volatility Index,DFH Dividend Low Volatility,871.52,874.18,868.44,872.65,,0.43,655.71,59.91,,
2011-11-29,931446,中证东方红红利低波动指数,东证红利低波,CSI Dongfanghong Dividend Low Volatility Index,DFH Dividend Low Volatility,877.2,881.6,874.36,881.6,,1.03,703.07,69.9,,
2011-11-30,931446,中证东方红红利低波动指数,东证红利低波,CSI Dongfanghong Dividend Low Volatility Index,DFH Dividend Low Volatility,879.97,879.97,849.64,853.94,,-3.14,1022.75,86.89,,
2011-12-01,931446,中证东方红红利低波动指数,东证红利低波,CSI Dongfanghong Dividend Low Volatility Index,DFH Dividend Low Volatility,873.79,881.74,867.41,870.45,,1.93,1858.99,171.96,,
2011-12-02,931446,中证东方红红利低波动指数,东证红利低波,CSI Dongfanghong Dividend Low Volatility Index,DFH Dividend Low Volatility,867.3,867.3,855.81,858.72,,-1.35,946.43,90.53,,
2011-12-05,931446,中证东方红红利低波动指数,东证红利低波,CSI Dongfanghong Dividend Low Volatility Index,DFH Dividend Low Volatility,859.08,859.08,844.19,844.72,,-1.63,987.06,89.93,,
2011-12-06,931446,中证东方红红利低波动指数,东证红利低波,CSI Dongfanghong Dividend Low Volatility Index,DFH Dividend Low Volatility,843.19,845.58,838.55,843.75,,-0.12,681.95,65.98,,
2011-12-07,931446,中证东方红红利低波动指数,东证红利低波,CSI Dongfanghong Dividend Low Volatility Index,DFH Dividend Low Volatility,843.25,847.9,840.64,846.12,,0.28,682.72,64.07,,
2011-12-08,931446,中证东方红红利低波动指数,东证红利低波,CSI Dongfanghong Dividend Low Volatility Index,DFH Dividend Low Volatility,845.68,850.17,836.32,845.52,,-0.07,684.98,65.92,,
2011-12-09,931446,中证东方红红利低波动指数,东证红利低波,CSI Dongfanghong Dividend Low Volatility Index,DFH Dividend Low Volatility,841.18,845.28,838.46,840.95,,-0.54,591.44,60.52,,
2011-12-12,931446,中证东方红红利低波动指数,东证红利低波,CSI Dongfanghong Dividend Low Volatility Index,DFH Dividend Low Volatility,840.41,841.36,834.22,835.1,,-0.7,596.85,52.61,,
2011-12-13,931446,中证东方红红利低波动指数,东证红利低波,CSI Dongfanghong Dividend Low Volatility Index,DFH Dividend Low Volatility,832.01,832.57,819.0,819.49,,-1.87,935.99,83.77,,
2011-12-14,931446,中证东方红红利低波动指数,东证红利低波,CSI Dongfanghong Dividend Low Volatility Index,DFH Dividend Low Volatility,817.71,821.8,811.23,812.46,,-0.86,702.5,59.37,,
2011-12-15,931446,中证东方红红利低波动指数,东证红利低波,CSI Dongfanghong Dividend Low Volatility Index,DFH Dividend Low Volatility,809.37,809.37,799.87,801.53,,-1.35,959.06,80.12,,
2011-12-16,931446,中证东方红红利低波动指数,东证红利低波,CSI Dongfanghong Dividend Low Volatility Index,DFH Dividend Low Volatility,801.01,817.47,799.4,817.47,,1.99,949.8,82.7,,
2011-12-19,931446,中证东方红红利低波动指数,东证红利低波,CSI Dongfanghong Dividend Low Volatility Index,DFH Dividend Low Volatility,812.28,817.48,799.09,817.48,,0.0,1047.17,84.06,,
2011-12-20,931446,中证东方红红利低波动指数,东证红利低波,CSI Dongfanghong Dividend Low Volatility Index,DFH Dividend Low Volatility,814.28,823.1,814.08,814.45,,-0.37,903.04,77.17,,
2011-12-21,931446,中证东方红红利低波动指数,东证红利低波,CSI Dongfanghong Dividend Low Volatility Index,DFH Dividend Low Volatility,819.5,820.48,803.81,804.39,,-1.24,848.58,77.2,,
2011-12-22,931446,中证东方红红利低波动指数,东证红利低波,CSI Dongfanghong Dividend Low Volatility Index,DFH Dividend Low Volatility,800.61,803.78,786.53,801.28,,-0.39,962.71,80.56,,
2011-12-23,931446,中证东方红红利低波动指数,东证红利低波,CSI Dongfanghong Dividend Low Volatility Index,DFH Dividend Low Volatility,800.18,811.04,799.2,806.47,,0.65,898.66,73.46,,
2011-12-26,931446,中证东方红红利低波动指数,东证红利低波,CSI Dongfanghong Dividend Low Volatility Index,DFH Dividend Low Volatility,803.71,808.73,802.1,802.86,,-0.45,732.74,56.36,,
2011-12-27,931446,中证东方红红利低波动指数,东证红利低波,CSI Dongfanghong Dividend Low Volatility Index,DFH Dividend Low Volatility,801.14,801.14,788.94,789.1,,-1.72,697.26,61.09,,
2011-12-28,931446,中证东方红红利低波动指数,东证红利低波,CSI Dongfanghong Dividend Low Volatility Index,DFH Dividend Low Volatility,785.47,785.47,771.2,783.08,,-0.76,824.42,69.44,,
2011-12-29,931446,中证东方红红利低波动指数,东证红利低波,CSI Dongfanghong Dividend Low Volatility Index,DFH Dividend Low Volatility,779.0,784.56,779.0,782.57,,-0.07,725.68,58.73,,
2011-12-30,931446,中证东方红红利低波动指数,东证红利低波,CSI Dongfanghong Dividend Low Volatility Index,DFH Dividend Low Volatility,783.98,793.33,783.98,793.07,,1.34,965.23,81.13,,
2012-01-04,931446,中证东方红红利低波动指数,东证红利低波,CSI Dongfanghong Dividend Low Volatility Index,DFH Dividend Low Volatility,797.73,798.36,779.59,779.59,,-1.7,936.13,85.26,,
2012-01-05,931446,中证东方红红利低波动指数,东证红利低波,CSI Dongfanghong Dividend Low Volatility Index,DFH Dividend Low Volatility,776.88,779.75,767.74,768.0,,-1.49,1352.29,117.54,,
2012-01-06,931446,中证东方红红利低波动指数,东证红利低波,CSI Dongfanghong Dividend Low Volatility Index,DFH Dividend Low Volatility,766.36,770.93,759.4,770.93,,0.38,1048.41,89.49,,
2012-01-09,931446,中证东方红红利低波动指数,东证红利低波,CSI Dongfanghong Dividend Low Volatility Index,DFH Dividend Low Volatility,771.45,794.87,766.42,794.87,,3.11,1721.8,148.38,,
2012-01-10,931446,中证东方红红利低波动指数,东证红利低波,CSI Dongfanghong Dividend Low Volatility Index,DFH Dividend Low Volatility,793.97,816.88,793.97,816.88,,2.77,1904.47,168.64,,
2012-01-11,931446,中证东方红红利低波动指数,东证红利低波,CSI Dongfanghong Dividend Low Volatility Index,DFH Dividend Low Volatility,816.34,817.34,809.42,813.12,,-0.46,1270.9,117.2,,
2012-01-12,931446,中证东方红红利低波动指数,东证红利低波,CSI Dongfanghong Dividend Low Volatility Index,DFH Dividend Low Volatility,811.21,820.37,810.48,812.77,,-0.04,1130.47,106.73,,
2012-01-13,931446,中证东方红红利低波动指数,东证红利低波,CSI Dongfanghong Dividend Low Volatility Index,DFH Dividend Low Volatility,814.01,814.01,794.17,797.21,,-1.91,1077.02,97.03,,
2012-01-16,931446,中证东方红红利低波动指数,东证红利低波,CSI Dongfanghong Dividend Low Volatility Index,DFH Dividend Low Volatility,792.54,794.0,782.82,782.82,,-1.81,791.64,76.04,,
2012-01-17,931446,中证东方红红利低波动指数,东证红利低波,CSI Dongfanghong Dividend Low Volatility Index,DFH Dividend Low Volatility,782.76,814.4,779.48,814.4,,4.03,1625.65,144.77,,
2012-01-18,931446,中证东方红红利低波动指数,东证红利低波,CSI Dongfanghong Dividend Low Volatility Index,DFH Dividend Low Volatility,814.62,818.52,798.98,801.92,,-1.53,1330.42,122.17,,
2012-01-19,931446,中证东方红红利低波动指数,东证红利低波,CSI Dongfanghong Dividend Low Volatility Index,DFH Dividend Low Volatility,801.87,816.15,801.47,813.66,,1.46,1368.86,127.92,,
2012-01-20,931446,中证东方红红利低波动指数,东证红利低波,CSI Dongfanghong Dividend Low Volatility Index,DFH Dividend Low Volatility,815.67,826.28,815.67,825.51,,1.46,1415.15,142.96,,
2012-01-30,931446,中证东方红红利低波动指数,东证红利低波,CSI Dongfanghong Dividend Low Volatility Index,DFH Dividend Low Volatility,826.56,826.56,812.75,812.75,,-1.55,1133.37,106.82,,
2012-01-31,931446,中证东方红红利低波动指数,东证红利低波,CSI Dongfanghong Dividend Low Volatility Index,DFH Dividend Low Volatility,813.38,815.64,809.34,814.48,,0.21,698.66,72.57,,
2012-02-01,931446,中证东方红红利低波动指数,东证红利低波,CSI Dongfanghong Dividend Low Volatility Index,DFH Dividend Low Volatility,813.65,819.58,807.38,808.23,,-0.77,833.64,85.43,,
2012-02-02,931446,中证东方红红利低波动指数,东证红利低波,CSI Dongfanghong Dividend Low Volatility Index,DFH Dividend Low Volatility,809.67,823.06,808.26,823.06,,1.84,1254.0,123.12,,
2012-02-03,931446,中证东方红红利低波动指数,东证红利低波,CSI Dongfanghong Dividend Low Volatility Index,DFH Dividend Low Volatility,821.6,834.77,821.06,832.96,,1.2,1519.23,147.22,,
2012-02-06,931446,中证东方红红利低波动指数,东证红利低波,CSI Dongfanghong Dividend Low Volatility Index,DFH Dividend Low Volatility,833.37,837.59,831.49,835.88,,0.35,1228.2,118.42,,
2012-02-07,931446,中证东方红红利低波动指数,东证红利低波,CSI Dongfanghong Dividend Low Volatility Index,DFH Dividend Low Volatility,831.96,831.96,816.76,820.31,,-1.86,1057.02,99.3,,
2012-02-08,931446,中证东方红红利低波动指数,东证红利低波,CSI Dongfanghong Dividend Low Volatility Index,DFH Dividend Low Volatility,819.55,838.4,819.55,838.4,,2.21,1290.37,117.23,,
2012-02-09,931446,中证东方红红利低波动指数,东证红利低波,CSI Dongfanghong Dividend Low Volatility Index,DFH Dividend Low Volatility,837.85,844.77,835.73,841.44,,0.36,1401.94,133.73,,
2012-02-10,931446,中证东方红红利低波动指数,东证红利低波,CSI Dongfanghong Dividend Low Volatility Index,DFH Dividend Low Volatility,839.4,847.32,837.27,841.59,,0.02,1338.08,121.34,,
2012-02-13,931446,中证东方红红利低波动指数,东证红利低波,CSI Dongfanghong Dividend Low Volatility Index,DFH Dividend Low Volatility,834.83,847.37,832.9,843.84,,0.27,1278.89,119.64,,
2012-02-14,931446,中证东方红红利低波动指数,东证红利低波,CSI Dongfanghong Dividend Low Volatility Index,DFH Dividend Low Volatility,842.44,842.44,836.55,840.52,,-0.39,1117.66,105.14,,
2012-02-15,931446,中证东方红红利低波动指数,东证红利低波,CSI Dongfanghong Dividend Low Volatility Index,DFH Dividend Low Volatility,839.02,850.86,837.49,849.19,,1.03,1351.65,125.05,,
2012-02-16,931446,中证东方红红利低波动指数,东证红利低波,CSI Dongfanghong Dividend Low Volatility Index,DFH Dividend Low Volatility,848.58,852.09,841.86,847.54,,-0.19,1381.31,118.29,,
2012-02-17,931446,中证东方红红利低波动指数,东证红利低波,CSI Dongfanghong Dividend Low Volatility Index,DFH Dividend Low Volatility,849.79,849.79,841.9,846.06,,-0.18,972.85,89.97,,
2012-02-20,931446,中证东方红红利低波动指数,东证红利低波,CSI Dongfanghong Dividend Low Volatility Index,DFH Dividend Low Volatility,854.77,854.83,847.16,847.16,,0.13,1295.53,132.76,,
2012-02-21,931446,中证东方红红利低波动指数,东证红利低波,CSI Dongfanghong Dividend Low Volatility Index,DFH Dividend Low Volatility,847.78,852.9,840.43,852.9,,0.68,1075.44,103.08,,
2012-02-22,931446,中证东方红红利低波动指数,东证红利低波,CSI Dongfanghong Dividend Low Volatility Index,DFH Dividend Low Volatility,852.77,866.59,852.42,866.59,,1.61,1731.9,165.74,,
2012-02-23,931446,中证东方红红利低波动指数,东证红利低波,CSI Dongfanghong Dividend Low Volatility Index,DFH Dividend Low Volatility,865.57,869.17,863.47,867.82,,0.14,1507.73,142.13,,
2012-02-24,931446,中证东方红红利低波动指数,东证红利低波,CSI Dongfanghong Dividend Low Volatility Index,DFH Dividend Low Volatility,868.02,879.64,866.42,879.64,,1.36,2179.34,194.36,,
2012-02-27,931446,中证东方红红利低波动指数,东证红利低波,CSI Dongfanghong Dividend Low Volatility Index,DFH Dividend Low Volatility,882.83,894.63,882.83,883.89,,0.48,2656.28,243.56,,
2012-02-28,931446,中证东方红红利低波动指数,东证红利低波,CSI Dongfanghong Dividend Low Volatility Index,DFH Dividend Low Volatility,881.78,888.76,879.19,886.32,,0.28,2131.26,190.88,,
2012-02-29,931446,中证东方红红利低波动指数,东证红利低波,CSI Dongfanghong Dividend Low Volatility Index,DFH Dividend Low Volatility,884.46,885.41,876.22,876.22,,-1.14,1490.27,134.94,,
2012-03-01,931446,中证东方红红利低波动指数,东证红利低波,CSI Dongfanghong Dividend Low Volatility Index,DFH Dividend Low Volatility,874.01,882.53,874.01,879.92,,0.42,1031.55,100.98,,
2012-03-02,931446,中证东方红红利低波动指数,东证红利低波,CSI Dongfanghong Dividend Low Volatility Index,DFH Dividend Low Volatility,880.79,894.96,880.79,894.96,,1.71,1630.92,152.89,,
2012-03-05,931446,中证东方红红利低波动指数,东证红利低波,CSI Dongfanghong Dividend Low Volatility Index,DFH Dividend Low Volatility,896.64,898.42,889.77,889.88,,-0.57,1680.35,168.55,,
2012-03-06,931446,中证东方红红利低波动指数,东证红利低波,CSI Dongfanghong Dividend Low Volatility Index,DFH Dividend Low Volatility,887.94,887.94,875.01,878.6,,-1.27,1721.49,184.02,,
2012-03-07,931446,中证东方红红利低波动指数,东证红利低波,CSI Dongfanghong Dividend Low Volatility Index,DFH Dividend Low Volatility,870.61,882.33,870.61,874.26,,-0.5,1413.52,142.88,,
2012-03-08,931446,中证东方红红利低波动指数,东证红利低波,CSI Dongfanghong Dividend Low Volatility Index,DFH Dividend Low Volatility,876.64,885.78,876.64,884.6,,1.18,1322.69,136.23,,
2012-03-09,931446,中证东方红红利低波动指数,东证红利低波,CSI Dongfanghong Dividend Low Volatility Index,DFH Dividend Low Volatility,886.18,892.47,882.23,892.47,,0.89,1372.61,135.3,,
2012-03-12,931446,中证东方红红利低波动指数,东证红利低波,CSI Dongfanghong Dividend Low Volatility Index,DFH Dividend Low Volatility,892.53,893.58,885.05,891.46,,-0.11,1570.66,162.4,,
2012-03-13,931446,中证东方红红利低波动指数,东证红利低波,CSI Dongfanghong Dividend Low Volatility Index,DFH Dividend Low Volatility,890.39,899.48,889.23,899.43,,0.89,1387.01,139.08,,
2012-03-14,931446,中证东方红红利低波动指数,东证红利低波,CSI Dongfanghong Dividend Low Volatility Index,DFH Dividend Low Volatility,902.54,906.37,867.31,869.76,,-3.3,2573.48,241.92,,
2012-03-15,931446,中证东方红红利低波动指数,东证红利低波,CSI Dongfanghong Dividend Low Volatility Index,DFH Dividend Low Volatility,869.83,874.27,859.16,863.93,,-0.67,1643.72,154.56,,
2012-03-16,931446,中证东方红红利低波动指数,东证红利低波,CSI Dongfanghong Dividend Low Volatility Index,DFH Dividend Low Volatility,865.31,880.69,863.89,880.69,,1.94,1486.06,149.66,,
2012-03-19,931446,中证东方红红利低波动指数,东证红利低波,CSI Dongfanghong Dividend Low Volatility Index,DFH Dividend Low Volatility,878.93,883.87,872.8,883.84,,0.36,1267.42,128.31,,
2012-03-20,931446,中证东方红红利低波动指数,东证红利低波,CSI Dongfanghong Dividend Low Volatility Index,DFH Dividend Low Volatility,881.24,881.24,867.64,867.69,,-1.83,1206.34,117.98,,
2012-03-21,931446,中证东方红红利低波动指数,东证红利低波,CSI Dongfanghong Dividend Low Volatility Index,DFH Dividend Low Volatility,870.74,872.19,860.25,868.55,,0.1,1095.63,106.44,,
2012-03-22,931446,中证东方红红利低波动指数,东证红利低波,CSI Dongfanghong Dividend Low Volatility Index,DFH Dividend Low Volatility,868.16,871.43,864.55,867.49,,-0.12,988.48,99.93,,
2012-03-23,931446,中证东方红红利低波动指数,东证红利低波,CSI Dongfanghong Dividend Low Volatility Index,DFH Dividend Low Volatility,864.7,864.7,851.75,854.18,,-1.53,1018.79,93.28,,
2012-03-26,931446,中证东方红红利低波动指数,东证红利低波,CSI Dongfanghong Dividend Low Volatility Index,DFH Dividend Low Volatility,853.61,856.99,852.28,856.19,,0.24,670.23,73.05,,
2012-03-27,931446,中证东方红红利低波动指数,东证红利低波,CSI Dongfanghong Dividend Low Volatility Index,DFH Dividend Low Volatility,859.14,861.59,852.35,853.44,,-0.32,880.33,97.8,,
2012-03-28,931446,中证东方红红利低波动指数,东证红利低波,CSI Dongfanghong Dividend Low Volatility Index,DFH Dividend Low Volatility,851.55,851.55,827.12,827.83,,-3.0,1248.72,119.69,,
2012-03-29,931446,中证东方红红利低波动指数,东证红利低波,CSI Dongfanghong Dividend Low Volatility Index,DFH Dividend Low Volatility,825.79,828.19,814.95,818.82,,-1.09,1141.67,106.89,,
2012-03-30,931446,中证东方红红利低波动指数,东证红利低波,CSI Dongfanghong Dividend Low Volatility Index,DFH Dividend Low Volatility,820.23,823.78,817.74,822.42,,0.44,1005.58,89.41,,
2012-04-05,931446,中证东方红红利低波动指数,东证红利低波,CSI Dongfanghong Dividend Low Volatility Index,DFH Dividend Low Volatility,821.37,840.98,821.37,840.98,,2.26,1418.62,129.53,,
2012-04-06,931446,中证东方红红利低波动指数,东证红利低波,CSI Dongfanghong Dividend Low Volatility Index,DFH Dividend Low Volatility,840.08,845.24,838.15,844.96,,0.47,1104.49,104.45,,
2012-04-09,931446,中证东方红红利低波动指数,东证红利低波,CSI Dongfanghong Dividend Low Volatility Index,DFH Dividend Low Volatility,842.65,845.34,836.94,837.21,,-0.92,859.99,75.92,,
2012-04-10,931446,中证东方红红利低波动指数,东证红利低波,CSI Dongfanghong Dividend Low Volatility Index,DFH Dividend Low Volatility,834.45,845.22,824.89,845.22,,0.96,918.03,89.51,,
2012-04-11,931446,中证东方红红利低波动指数,东证红利低波,CSI Dongfanghong Dividend Low Volatility Index,DFH Dividend Low Volatility,837.85,850.48,837.39,848.09,,0.34,1099.73,101.78,,
2012-04-12,931446,中证东方红红利低波动指数,东证红利低波,CSI Dongfanghong Dividend Low Volatility Index,DFH Dividend Low Volatility,848.6,863.45,847.62,863.45,,1.81,1472.61,138.24,,
2012-04-13,931446,中证东方红红利低波动指数,东证红利低波,CSI Dongfanghong Dividend Low Volatility Index,DFH Dividend Low Volatility,864.69,869.88,862.62,866.62,,0.37,1339.94,130.72,,
2012-04-16,931446,中证东方红红利低波动指数,东证红利低波,CSI Dongfanghong Dividend Low Volatility Index,DFH Dividend Low Volatility,862.19,870.44,862.19,868.21,,0.18,943.68,88.39,,
2012-04-17,931446,中证东方红红利低波动指数,东证红利低波,CSI Dongfanghong Dividend Low Volatility Index,DFH Dividend Low Volatility,868.05,872.51,861.03,861.19,,-0.81,1015.17,97.59,,
2012-04-18,931446,中证东方红红利低波动指数,东证红利低波,CSI Dongfanghong Dividend Low Volatility Index,DFH Dividend Low Volatility,863.25,877.69,862.29,877.63,,1.91,1388.83,129.41,,
2012-04-19,931446,中证东方红红利低波动指数,东证红利低波,CSI Dongfanghong Dividend Low Volatility Index,DFH Dividend Low Volatility,878.02,879.48,872.3,875.42,,-0.25,1250.0,145.28,,
2012-04-20,931446,中证东方红红利低波动指数,东证红利低波,CSI Dongfanghong Dividend Low Volatility Index,DFH Dividend Low Volatility,874.47,885.69,873.91,885.2,,1.12,1666.26,168.15,,
2012-04-23,931446,中证东方红红利低波动指数,东证红利低波,CSI Dongfanghong Dividend Low Volatility Index,DFH Dividend Low Volatility,884.54,886.8,878.02,879.21,,-0.68,1469.52,149.11,,
2012-04-24,931446,中证东方红红利低波动指数,东证红利低波,CSI Dongfanghong Dividend Low Volatility Index,DFH Dividend Low Volatility,873.96,885.78,861.36,877.56,,-0.19,2465.35,238.56,,
2012-04-25,931446,中证东方红红利低波动指数,东证红利低波,CSI Dongfanghong Dividend Low Volatility Index,DFH Dividend Low Volatility,874.6,887.75,874.6,887.35,,1.12,1890.9,174.54,,
2012-04-26,931446,中证东方红红利低波动指数,东证红利低波,CSI Dongfanghong Dividend Low Volatility Index,DFH Dividend Low Volatility,888.17,888.54,882.44,883.18,,-0.47,1595.03,148.51,,
2012-04-27,931446,中证东方红红利低波动指数,东证红利低波,CSI Dongfanghong Dividend Low Volatility Index,DFH Dividend Low Volatility,882.85,883.4,879.3,879.94,,-0.37,1292.93,123.28,,
2012-05-02,931446,中证东方红红利低波动指数,东证红利低波,CSI Dongfanghong Dividend Low Volatility Index,DFH Dividend Low Volatility,889.55,895.43,886.58,893.11,,1.5,2262.33,222.45,,
2012-05-03,931446,中证东方红红利低波动指数,东证红利低波,CSI Dongfanghong Dividend Low Volatility Index,DFH Dividend Low Volatility,891.94,893.43,887.54,892.79,,-0.04,1480.17,162.62,,
2012-05-04,931446,中证东方红红利低波动指数,东证红利低波,CSI Dongfanghong Dividend Low Volatility Index,DFH Dividend Low Volatility,890.96,897.27,889.65,897.27,,0.5,1697.44,177.71,,
2012-05-07,931446,中证东方红红利低波动指数,东证红利低波,CSI Dongfanghong Dividend Low Volatility Index,DFH Dividend Low Volatility,893.14,902.22,893.14,902.22,,0.55,1889.72,201.27,,
2012-05-08,931446,中证东方红红利低波动指数,东证红利低波,CSI Dongfanghong Dividend Low Volatility Index,DFH Dividend Low Volatility,901.64,901.64,894.47,899.0,,-0.36,1702.74,176.18,,
2012-05-09,931446,中证东方红红利低波动指数,东证红利低波,CSI Dongfanghong Dividend Low Volatility Index,DFH Dividend Low Volatility,892.97,892.97,881.69,881.9,,-1.9,1429.68,147.72,,
2012-05-10,931446,中证东方红红利低波动指数,东证红利低波,CSI Dongfanghong Dividend Low Volatility Index,DFH Dividend Low Volatility,881.84,885.44,880.45,881.76,,-0.01,1253.86,116.12,,
2012-05-11,931446,中证东方红红利低波动指数,东证红利低波,CSI Dongfanghong Dividend Low Volatility Index,DFH Dividend Low Volatility,879.77,884.27,875.89,876.34,,-0.62,1072.44,108.3,,
2012-05-14,931446,中证东方红红利低波动指数,东证红利低波,CSI Dongfanghong Dividend Low Volatility Index,DFH Dividend Low Volatility,881.68,881.68,872.78,872.82,,-0.4,1289.22,131.19,,
2012-05-15,931446,中证东方红红利低波动指数,东证红利低波,CSI Dongfanghong Dividend Low Volatility Index,DFH Dividend Low Volatility,866.76,872.52,863.85,872.52,,-0.03,1329.23,144.63,,
2012-05-16,931446,中证东方红红利低波动指数,东证红利低波,CSI Dongfanghong Dividend Low Volatility Index,DFH Dividend Low Volatility,870.81,871.25,861.73,861.96,,-1.21,1228.23,120.63,,
2012-05-17,931446,中证东方红红利低波动指数,东证红利低波,CSI Dongfanghong Dividend Low Volatility Index,DFH Dividend Low Volatility,862.57,877.19,862.26,876.17,,1.65,1267.72,131.03,,
2012-05-18,931446,中证东方红红利低波动指数,东证红利低波,CSI Dongfanghong Dividend Low Volatility Index,DFH Dividend Low Volatility,870.89,876.5,864.8,866.42,,-1.11,1445.16,129.71,,
2012-05-21,931446,中证东方红红利低波动指数,东证红利低波,CSI Dongfanghong Dividend Low Volatility Index,DFH Dividend Low Volatility,864.82,868.1,858.17,863.75,,-0.31,1148.43,104.09,,
2012-05-22,931446,中证东方红红利低波动指数,东证红利低波,CSI Dongfanghong Dividend Low Volatility Index,DFH Dividend Low Volatility,866.09,873.46,866.09,873.46,,1.12,1198.61,121.03,,
2012-05-23,931446,中证东方红红利低波动指数,东证红利低波,CSI Dongfanghong Dividend Low Volatility Index,DFH Dividend Low Volatility,871.62,873.76,865.49,871.21,,-0.26,1139.51,117.15,,
2012-05-24,931446,中证东方红红利低波动指数,东证红利低波,CSI Dongfanghong Dividend Low Volatility Index,DFH Dividend Low Volatility,869.39,874.35,863.81,864.51,,-0.77,1169.99,122.44,,
2012-05-25,931446,中证东方红红利低波动指数,东证红利低波,CSI Dongfanghong Dividend Low Volatility Index,DFH Dividend Low Volatility,864.32,864.39,854.42,855.66,,-1.02,1048.14,99.98,,
2012-05-28,931446,中证东方红红利低波动指数,东证红利低波,CSI Dongfanghong Dividend Low Volatility Index,DFH Dividend Low Volatility,852.66,868.44,846.29,868.44,,1.49,1403.18,132.91,,
2012-05-29,931446,中证东方红红利低波动指数,东证红利低波,CSI Dongfanghong Dividend Low Volatility Index,DFH Dividend Low Volatility,868.55,878.39,868.05,877.9,,1.09,1691.48,167.76,,
2012-05-30,931446,中证东方红红利低波动指数,东证红利低波,CSI Dongfanghong Dividend Low Volatility Index,DFH Dividend Low Volatility,876.85,879.98,875.11,876.69,,-0.14,1264.44,121.41,,
2012-05-31,931446,中证东方红红利低波动指数,东证红利低波,CSI Dongfanghong Dividend Low Volatility Index,DFH Dividend Low Volatility,871.64,877.26,869.46,873.74,,-0.34,1184.28,121.67,,
2012-06-01,931446,中证东方红红利低波动指数,东证红利低波,CSI Dongfanghong Dividend Low Volatility Index,DFH Dividend Low Volatility,873.97,877.62,869.95,872.51,,-0.14,1084.96,108.11,,
2012-06-04,931446,中证东方红红利低波动指数,东证红利低波,CSI Dongfanghong Dividend Low Volatility Index,DFH Dividend Low Volatility,861.08,862.6,847.14,847.14,,-2.91,1454.83,145.87,,
2012-06-05,931446,中证东方红红利低波动指数,东证红利低波,CSI Dongfanghong Dividend Low Volatility Index,DFH Dividend Low Volatility,849.1,853.95,846.12,849.15,,0.24,1069.48,101.62,,
2012-06-06,931446,中证东方红红利低波动指数,东证红利低波,CSI Dongfanghong Dividend Low Volatility Index,DFH Dividend Low Volatility,850.03,852.8,844.7,847.02,,-0.25,936.23,87.77,,
2012-06-07,931446,中证东方红红利低波动指数,东证红利低波,CSI Dongfanghong Dividend Low Volatility Index,DFH Dividend Low Volatility,852.86,853.8,841.39,842.77,,-0.5,906.32,89.16,,
2012-06-08,931446,中证东方红红利低波动指数,东证红利低波,CSI Dongfanghong Dividend Low Volatility Index,DFH Dividend Low Volatility,847.82,847.82,837.26,837.85,,-0.58,1468.84,131.14,,
2012-06-11,931446,中证东方红红利低波动指数,东证红利低波,CSI Dongfanghong Dividend Low Volatility Index,DFH Dividend Low Volatility,836.54,847.78,836.54,847.62,,1.17,1061.87,98.32,,
2012-06-12,931446,中证东方红红利低波动指数,东证红利低波,CSI Dongfanghong Dividend Low Volatility Index,DFH Dividend Low Volatility,843.31,845.08,839.07,842.75,,-0.57,1063.73,99.05,,
2012-06-13,931446,中证东方红红利低波动指数,东证红利低波,CSI Dongfanghong Dividend Low Volatility Index,DFH Dividend Low Volatility,842.72,855.45,842.72,855.45,,1.51,1385.46,137.97,,
2012-06-14,931446,中证东方红红利低波动指数,东证红利低波,CSI Dongfanghong Dividend Low Volatility Index,DFH Dividend Low Volatility,853.01,857.38,849.53,850.31,,-0.6,1271.43,121.18,,
2012-06-15,931446,中证东方红红利低波动指数,东证红利低波,CSI Dongfanghong Dividend Low Volatility Index,DFH Dividend Low Volatility,851.93,857.61,848.65,856.39,,0.72,1220.87,124.01,,
2012-06-18,931446,中证东方红红利低波动指数,东证红利低波,CSI Dongfanghong Dividend Low Volatility Index,DFH Dividend Low Volatility,858.01,861.94,857.29,860.04,,0.43,1045.58,96.9,,
2012-06-19,931446,中证东方红红利低波动指数,东证红利低波,CSI Dongfanghong Dividend Low Volatility Index,DFH Dividend Low Volatility,858.92,858.92,853.59,853.59,,-0.75,970.05,94.38,,
2012-06-20,931446,中证东方红红利低波动指数,东证红利低波,CSI Dongfanghong Dividend Low Volatility Index,DFH Dividend Low Volatility,854.81,856.11,851.89,852.6,,-0.12,936.72,85.94,,
2012-06-21,931446,中证东方红红利低波动指数,东证红利低波,CSI Dongfanghong Dividend Low Volatility Index,DFH Dividend Low Volatility,851.13,851.13,840.17,843.84,,-1.03,952.97,93.99,,
2012-06-25,931446,中证东方红红利低波动指数,东证红利低波,CSI Dongfanghong Dividend Low Volatility Index,DFH Dividend Low Volatility,839.79,839.79,827.26,827.26,,-1.97,1031.0,95.38,,
2012-06-26,931446,中证东方红红利低波动指数,东证红利低波,CSI Dongfanghong Dividend Low Volatility Index,DFH Dividend Low Volatility,823.23,827.13,818.55,825.96,,-0.16,870.38,81.85,,
2012-06-27,931446,中证东方红红利低波动指数,东证红利低波,CSI Dongfanghong Dividend Low Volatility Index,DFH Dividend Low Volatility,825.18,829.13,822.83,822.91,,-0.37,787.31,66.3,,
2012-06-28,931446,中证东方红红利低波动指数,东证红利低波,CSI Dongfanghong Dividend Low Volatility Index,DFH Dividend Low Volatility,824.36,825.8,815.31,815.31,,-0.92,788.63,81.85,,
2012-06-29,931446,中证东方红红利低波动指数,东证红利低波,CSI Dongfanghong Dividend Low Volatility Index,DFH Dividend Low Volatility,813.14,823.85,811.54,823.85,,1.05,1004.48,103.45,,
2012-07-02,931446,中证东方红红利低波动指数,东证红利低波,CSI Dongfanghong Dividend Low Volatility Index,DFH Dividend Low Volatility,826.79,828.43,823.12,826.57,,0.33,951.77,103.11,,
2012-07-03,931446,中证东方红红利低波动指数,东证红利低波,CSI Dongfanghong Dividend Low Volatility Index,DFH Dividend Low Volatility,826.58,831.13,823.75,826.47,,-0.01,992.43,109.08,,
2012-07-04,931446,中证东方红红利低波动指数,东证红利低波,CSI Dongfanghong Dividend Low Volatility Index,DFH Dividend Low Volatility,827.21,828.39,822.28,823.99,,-0.3,894.7,90.87,,
2012-07-05,931446,中证东方红红利低波动指数,东证红利低波,CSI Dongfanghong Dividend Low Volatility Index,DFH Dividend Low Volatility,822.3,822.3,811.84,813.06,,-1.33,924.69,91.41,,
2012-07-06,931446,中证东方红红利低波动指数,东证红利低波,CSI Dongfanghong Dividend Low Volatility Index,DFH Dividend Low Volatility,814.05,823.88,808.61,823.88,,1.33,1587.47,171.81,,
2012-07-09,931446,中证东方红红利低波动指数,东证红利低波,CSI Dongfanghong Dividend Low Volatility Index,DFH Dividend Low Volatility,819.42,819.61,805.01,805.01,,-2.29,1650.56,160.89,,
2012-07-10,931446,中证东方红红利低波动指数,东证红利低波,CSI Dongfanghong Dividend Low Volatility Index,DFH Dividend Low Volatility,803.71,805.97,799.59,800.49,,-0.56,1093.34,102.09,,
2012-07-11,931446,中证东方红红利低波动指数,东证红利低波,CSI Dongfanghong Dividend Low Volatility Index,DFH Dividend Low Volatility,799.08,807.14,799.08,807.14,,0.83,1097.57,102.84,,
2012-07-12,931446,中证东方红红利低波动指数,东证红利低波,CSI Dongfanghong Dividend Low Volatility Index,DFH Dividend Low Volatility,805.77,811.44,802.24,810.41,,0.4,1613.29,171.52,,
2012-07-13,931446,中证东方红红利低波动指数,东证红利低波,CSI Dongfanghong Dividend Low Volatility Index,DFH Dividend Low Volatility,807.53,811.74,804.16,807.76,,-0.33,997.48,105.15,,
2012-07-16,931446,中证东方红红利低波动指数,东证红利低波,CSI Dongfanghong Dividend Low Volatility Index,DFH Dividend Low Volatility,808.03,808.03,787.38,787.38,,-2.52,1081.1,110.16,,
2012-07-17,931446,中证东方红红利低波动指数,东证红利低波,CSI Dongfanghong Dividend Low Volatility Index,DFH Dividend Low Volatility,785.17,789.6,784.23,789.58,,0.28,884.98,93.08,,
2012-07-18,931446,中证东方红红利低波动指数,东证红利低波,CSI Dongfanghong Dividend Low Volatility Index,DFH Dividend Low Volatility,789.39,792.17,781.15,792.17,,0.33,1067.87,101.69,,
2012-07-19,931446,中证东方红红利低波动指数,东证红利低波,CSI Dongfanghong Dividend Low Volatility Index,DFH Dividend Low Volatility,789.69,801.48,789.24,798.49,,0.8,1248.69,118.91,,
2012-07-20,931446,中证东方红红利低波动指数,东证红利低波,CSI Dongfanghong Dividend Low Volatility Index,DFH Dividend Low Volatility,796.4,798.76,792.51,793.5,,-0.63,969.07,88.94,,
2012-07-23,931446,中证东方红红利低波动指数,东证红利低波,CSI Dongfanghong Dividend Low Volatility Index,DFH Dividend Low Volatility,788.78,788.78,781.39,783.39,,-1.27,940.29,86.38,,
2012-07-24,931446,中证东方红红利低波动指数,东证红利低波,CSI Dongfanghong Dividend Low Volatility Index,DFH Dividend Low Volatility,780.49,788.33,780.49,786.49,,0.4,845.18,77.42,,
2012-07-25,931446,中证东方红红利低波动指数,东证红利低波,CSI Dongfanghong Dividend Low Volatility Index,DFH Dividend Low Volatility,783.65,785.47,778.71,779.02,,-0.95,661.81,61.51,,
2012-07-26,931446,中证东方红红利低波动指数,东证红利低波,CSI Dongfanghong Dividend Low Volatility Index,DFH Dividend Low Volatility,779.24,782.38,774.02,774.02,,-0.64,743.44,70.8,,
2012-07-27,931446,中证东方红红利低波动指数,东证红利低波,CSI Dongfanghong Dividend Low Volatility Index,DFH Dividend Low Volatility,776.27,776.36,770.73,772.58,,-0.19,932.37,91.04,,
2012-07-30,931446,中证东方红红利低波动指数,东证红利低波,CSI Dongfanghong Dividend Low Volatility Index,DFH Dividend Low Volatility,772.51,775.02,766.69,767.05,,-0.72,891.8,77.78,,
2012-07-31,931446,中证东方红红利低波动指数,东证红利低波,CSI Dongfanghong Dividend Low Volatility Index,DFH Dividend Low Volatility,767.01,769.86,763.79,765.97,,-0.14,961.79,86.97,,
2012-08-01,931446,中证东方红红利低波动指数,东证红利低波,CSI Dongfanghong Dividend Low Volatility Index,DFH Dividend Low Volatility,765.75,777.3,765.75,775.3,,1.22,880.04,78.3,,
2012-08-02,931446,中证东方红红利低波动指数,东证红利低波,CSI Dongfanghong Dividend Low Volatility Index,DFH Dividend Low Volatility,774.75,777.05,768.92,770.78,,-0.58,979.33,88.31,,
2012-08-03,931446,中证东方红红利低波动指数,东证红利低波,CSI Dongfanghong Dividend Low Volatility Index,DFH Dividend Low Volatility,771.61,779.29,770.53,779.29,,1.1,798.62,79.54,,
2012-08-06,931446,中证东方红红利低波动指数,东证红利低波,CSI Dongfanghong Dividend Low Volatility Index,DFH Dividend Low Volatility,777.91,788.7,777.91,788.46,,1.18,1033.09,95.29,,
2012-08-07,931446,中证东方红红利低波动指数,东证红利低波,CSI Dongfanghong Dividend Low Volatility Index,DFH Dividend Low Volatility,787.62,790.92,786.25,790.92,,0.31,935.66,85.1,,
2012-08-08,931446,中证东方红红利低波动指数,东证红利低波,CSI Dongfanghong Dividend Low Volatility Index,DFH Dividend Low Volatility,790.83,791.36,785.71,788.52,,-0.3,906.97,81.0,,
2012-08-09,931446,中证东方红红利低波动指数,东证红利低波,CSI Dongfanghong Dividend Low Volatility Index,DFH Dividend Low Volatility,788.41,796.04,785.15,795.94,,0.94,822.1,85.91,,
2012-08-10,931446,中证东方红红利低波动指数,东证红利低波,CSI Dongfanghong Dividend Low Volatility Index,DFH Dividend Low Volatility,795.79,797.23,792.76,794.68,,-0.16,936.87,95.22,,
2012-08-13,931446,中证东方红红利低波动指数,东证红利低波,CSI Dongfanghong Dividend Low Volatility Index,DFH Dividend Low Volatility,793.29,793.29,782.93,782.96,,-1.48,1023.85,105.91,,
2012-08-14,931446,中证东方红红利低波动指数,东证红利低波,CSI Dongfanghong Dividend Low Volatility Index,DFH Dividend Low Volatility,782.72,785.03,775.54,785.03,,0.26,837.06,81.62,,
2012-08-15,931446,中证东方红红利低波动指数,东证红利低波,CSI Dongfanghong Dividend Low Volatility Index,DFH Dividend Low Volatility,784.33,784.33,777.63,777.63,,-0.94,770.61,70.57,,
2012-08-16,931446,中证东方红红利低波动指数,东证红利低波,CSI Dongfanghong Dividend Low Volatility Index,DFH Dividend Low Volatility,776.53,778.01,774.47,774.47,,-0.41,523.57,49.95,,
2012-08-17,931446,中证东方红红利低波动指数,东证红利低波,CSI Dongfanghong Dividend Low Volatility Index,DFH Dividend Low Volatility,774.49,776.06,769.72,774.53,,0.01,620.53,59.87,,
2012-08-20,931446,中证东方红红利低波动指数,东证红利低波,CSI Dongfanghong Dividend Low Volatility Index,DFH Dividend Low Volatility,770.48,771.51,764.97,771.22,,-0.43,601.68,55.69,,
2012-08-21,931446,中证东方红红利低波动指数,东证红利低波,CSI Dongfanghong Dividend Low Volatility Index,DFH Dividend Low Volatility,771.2,779.78,770.18,778.07,,0.89,862.95,77.17,,
2012-08-22,931446,中证东方红红利低波动指数,东证红利低波,CSI Dongfanghong Dividend Low Volatility Index,DFH Dividend Low Volatility,778.29,778.29,770.19,773.18,,-0.63,796.67,72.08,,
2012-08-23,931446,中证东方红红利低波动指数,东证红利低波,CSI Dongfanghong Dividend Low Volatility Index,DFH Dividend Low Volatility,772.7,776.21,770.4,774.62,,0.19,801.9,69.58,,
2012-08-24,931446,中证东方红红利低波动指数,东证红利低波,CSI Dongfanghong Dividend Low Volatility Index,DFH Dividend Low Volatility,772.33,772.33,765.15,765.15,,-1.22,717.47,59.91,,
2012-08-27,931446,中证东方红红利低波动指数,东证红利低波,CSI Dongfanghong Dividend Low Volatility Index,DFH Dividend Low Volatility,763.25,763.25,753.29,753.35,,-1.54,874.28,73.65,,
2012-08-28,931446,中证东方红红利低波动指数,东证红利低波,CSI Dongfanghong Dividend Low Volatility Index,DFH Dividend Low Volatility,754.14,762.46,753.65,759.79,,0.85,953.88,74.43,,
2012-08-29,931446,中证东方红红利低波动指数,东证红利低波,CSI Dongfanghong Dividend Low Volatility Index,DFH Dividend Low Volatility,758.89,762.84,755.99,756.11,,-0.48,791.61,63.6,,
2012-08-30,931446,中证东方红红利低波动指数,东证红利低波,CSI Dongfanghong Dividend Low Volatility Index,DFH Dividend Low Volatility,754.22,756.81,745.92,752.45,,-0.48,959.87,82.89,,
2012-08-31,931446,中证东方红红利低波动指数,东证红利低波,CSI Dongfanghong Dividend Low Volatility Index,DFH Dividend Low Volatility,750.53,754.7,749.97,752.62,,0.02,692.64,59.62,,
2012-09-03,931446,中证东方红红利低波动指数,东证红利低波,CSI Dongfanghong Dividend Low Volatility Index,DFH Dividend Low Volatility,750.99,758.8,750.99,757.58,,0.66,1020.51,87.1,,
2012-09-04,931446,中证东方红红利低波动指数,东证红利低波,CSI Dongfanghong Dividend Low Volatility Index,DFH Dividend Low Volatility,757.38,757.91,748.06,748.91,,-1.15,930.54,72.43,,
2012-09-05,931446,中证东方红红利低波动指数,东证红利低波,CSI Dongfanghong Dividend Low Volatility Index,DFH Dividend Low Volatility,747.96,751.05,745.42,749.78,,0.12,1075.55,83.39,,
2012-09-06,931446,中证东方红红利低波动指数,东证红利低波,CSI Dongfanghong Dividend Low Volatility Index,DFH Dividend Low Volatility,751.11,755.77,750.46,755.77,,0.8,990.45,74.26,,
2012-09-07,931446,中证东方红红利低波动指数,东证红利低波,CSI Dongfanghong Dividend Low Volatility Index,DFH Dividend Low Volatility,759.77,784.07,759.77,778.98,,3.07,2450.27,200.55,,
2012-09-10,931446,中证东方红红利低波动指数,东证红利低波,CSI Dongfanghong Dividend Low Volatility Index,DFH Dividend Low Volatility,778.65,781.57,775.49,781.14,,0.28,1362.75,112.21,,
2012-09-11,931446,中证东方红红利低波动指数,东证红利低波,CSI Dongfanghong Dividend Low Volatility Index,DFH Dividend Low Volatility,778.66,778.66,774.38,778.37,,-0.36,948.96,83.47,,
2012-09-12,931446,中证东方红红利低波动指数,东证红利低波,CSI Dongfanghong Dividend Low Volatility Index,DFH Dividend Low Volatility,780.8,782.57,775.15,780.1,,0.22,1059.78,86.49,,
2012-09-13,931446,中证东方红红利低波动指数,东证红利低波,CSI Dongfanghong Dividend Low Volatility Index,DFH Dividend Low Volatility,780.1,782.1,775.4,775.4,,-0.6,944.28,79.79,,
2012-09-14,931446,中证东方红红利低波动指数,东证红利低波,CSI Dongfanghong Dividend Low Volatility Index,DFH Dividend Low Volatility,778.9,781.12,773.23,777.58,,0.28,1284.96,109.98,,
2012-09-17,931446,中证东方红红利低波动指数,东证红利低波,CSI Dongfanghong Dividend Low Volatility Index,DFH Dividend Low Volatility,776.43,776.43,759.21,759.21,,-2.36,1007.96,85.73,,
2012-09-18,931446,中证东方红红利低波动指数,东证红利低波,CSI Dongfanghong Dividend Low Volatility Index,DFH Dividend Low Volatility,757.75,758.57,752.72,754.71,,-0.59,736.57,60.63,,
2012-09-19,931446,中证东方红红利低波动指数,东证红利低波,CSI Dongfanghong Dividend Low Volatility Index,DFH Dividend Low Volatility,754.79,759.09,754.79,758.12,,0.45,767.68,66.12,,
2012-09-20,931446,中证东方红红利低波动指数,东证红利低波,CSI Dongfanghong Dividend Low Volatility Index,DFH Dividend Low Volatility,756.49,756.49,741.2,741.2,,-2.23,1045.16,85.4,,
2012-09-21,931446,中证东方红红利低波动指数,东证红利低波,CSI Dongfanghong Dividend Low Volatility Index,DFH Dividend Low Volatility,739.97,743.82,738.18,739.6,,-0.22,822.16,68.52,,
2012-09-24,931446,中证东方红红利低波动指数,东证红利低波,CSI Dongfanghong Dividend Low Volatility Index,DFH Dividend Low Volatility,736.21,742.51,732.73,740.9,,0.18,849.52,67.06,,
2012-09-25,931446,中证东方红红利低波动指数,东证红利低波,CSI Dongfanghong Dividend Low Volatility Index,DFH Dividend Low Volatility,739.39,741.92,736.36,738.31,,-0.35,597.51,51.04,,
2012-09-26,931446,中证东方红红利低波动指数,东证红利低波,CSI Dongfanghong Dividend Low Volatility Index,DFH Dividend Low Volatility,737.84,738.35,727.84,728.04,,-1.39,626.05,52.43,,
2012-09-27,931446,中证东方红红利低波动指数,东证红利低波,CSI Dongfanghong Dividend Low Volatility Index,DFH Dividend Low Volatility,728.14,746.63,728.14,744.08,,2.2,1283.11,108.1,,
2012-09-28,931446,中证东方红红利低波动指数,东证红利低波,CSI Dongfanghong Dividend Low Volatility Index,DFH Dividend Low Volatility,740.18,753.88,739.65,753.88,,1.32,1381.35,116.84,,
2012-10-08,931446,中证东方红红利低波动指数,东证红利低波,CSI Dongfanghong Dividend Low Volatility Index,DFH Dividend Low Volatility,753.37,756.55,746.58,749.74,,-0.55,804.06,66.73,,
2012-10-09,931446,中证东方红红利低波动指数,东证红利低波,CSI Dongfanghong Dividend Low Volatility Index,DFH Dividend Low Volatility,751.87,765.28,751.87,765.28,,2.07,1270.27,106.97,,
2012-10-10,931446,中证东方红红利低波动指数,东证红利低波,CSI Dongfanghong Dividend Low Volatility Index,DFH Dividend Low Volatility,763.72,767.91,761.93,767.67,,0.31,847.82,71.02,,
2012-10-11,931446,中证东方红红利低波动指数,东证红利低波,CSI Dongfanghong Dividend Low Volatility Index,DFH Dividend Low Volatility,766.69,767.21,759.95,759.95,,-1.01,983.17,77.44,,
2012-10-12,931446,中证东方红红利低波动指数,东证红利低波,CSI Dongfanghong Dividend Low Volatility Index,DFH Dividend Low Volatility,761.39,766.79,756.22,760.08,,0.02,964.57,76.8,,
2012-10-15,931446,中证东方红红利低波动指数,东证红利低波,CSI Dongfanghong Dividend Low Volatility Index,DFH Dividend Low Volatility,760.52,760.69,754.03,758.18,,-0.25,647.41,54.21,,
2012-10-16,931446,中证东方红红利低波动指数,东证红利低波,CSI Dongfanghong Dividend Low Volatility Index,DFH Dividend Low Volatility,757.04,763.84,755.8,759.94,,0.23,829.83,77.85,,
2012-10-17,931446,中证东方红红利低波动指数,东证红利低波,CSI Dongfanghong Dividend Low Volatility Index,DFH Dividend Low Volatility,761.37,762.3,755.99,760.84,,0.12,905.92,76.72,,
2012-10-18,931446,中证东方红红利低波动指数,东证红利低波,CSI Dongfanghong Dividend Low Volatility Index,DFH Dividend Low Volatility,761.73,772.58,761.73,770.83,,1.31,1248.29,107.24,,
2012-10-19,931446,中证东方红红利低波动指数,东证红利低波,CSI Dongfanghong Dividend Low Volatility Index,DFH Dividend Low Volatility,770.2,771.45,768.26,768.57,,-0.29,822.28,70.59,,
2012-10-22,931446,中证东方红红利低波动指数,东证红利低波,CSI Dongfanghong Dividend Low Volatility Index,DFH Dividend Low Volatility,766.03,770.76,763.89,770.49,,0.25,904.33,78.42,,
2012-10-23,931446,中证东方红红利低波动指数,东证红利低波,CSI Dongfanghong Dividend Low Volatility Index,DFH Dividend Low Volatility,770.91,771.21,763.66,763.66,,-0.89,874.52,77.34,,
2012-10-24,931446,中证东方红红利低波动指数,东证红利低波,CSI Dongfanghong Dividend Low Volatility Index,DFH Dividend Low Volatility,761.25,765.36,761.25,763.49,,-0.02,825.7,64.68,,
2012-10-25,931446,中证东方红红利低波动指数,东证红利低波,CSI Dongfanghong Dividend Low Volatility Index,DFH Dividend Low Volatility,763.14,768.0,758.84,759.06,,-0.58,880.64,67.14,,
2012-10-26,931446,中证东方红红利低波动指数,东证红利低波,CSI Dongfanghong Dividend Low Volatility Index,DFH Dividend Low Volatility,758.18,758.18,742.75,745.07,,-1.84,958.72,79.97,,
2012-10-29,931446,中证东方红红利低波动指数,东证红利低波,CSI Dongfanghong Dividend Low Volatility Index,DFH Dividend Low Volatility,743.13,745.27,740.85,743.7,,-0.18,739.96,68.38,,
2012-10-30,931446,中证东方红红利低波动指数,东证红利低波,CSI Dongfanghong Dividend Low Volatility Index,DFH Dividend Low Volatility,743.33,749.71,743.33,746.55,,0.38,870.53,72.8,,
2012-10-31,931446,中证东方红红利低波动指数,东证红利低波,CSI Dongfanghong Dividend Low Volatility Index,DFH Dividend Low Volatility,746.06,749.42,744.06,749.42,,0.39,966.79,81.93,,
2012-11-01,931446,中证东方红红利低波动指数,东证红利低波,CSI Dongfanghong Dividend Low Volatility Index,DFH Dividend Low Volatility,749.74,761.55,749.74,760.32,,1.45,1460.25,130.44,,
2012-11-02,931446,中证东方红红利低波动指数,东证红利低波,CSI Dongfanghong Dividend Low Volatility Index,DFH Dividend Low Volatility,760.56,764.08,757.73,763.84,,0.46,1162.38,100.2,,
2012-11-05,931446,中证东方红红利低波动指数,东证红利低波,CSI Dongfanghong Dividend Low Volatility Index,DFH Dividend Low Volatility,763.24,765.04,760.0,762.9,,-0.12,1098.96,98.16,,
2012-11-06,931446,中证东方红红利低波动指数,东证红利低波,CSI Dongfanghong Dividend Low Volatility Index,DFH Dividend Low Volatility,762.76,762.76,750.15,759.3,,-0.47,985.39,90.24,,
2012-11-07,931446,中证东方红红利低波动指数,东证红利低波,CSI Dongfanghong Dividend Low Volatility Index,DFH Dividend Low Volatility,758.19,760.09,754.98,757.95,,-0.18,744.47,62.24,,
2012-11-08,931446,中证东方红红利低波动指数,东证红利低波,CSI Dongfanghong Dividend Low Volatility Index,DFH Dividend Low Volatility,753.52,753.94,745.7,745.7,,-1.62,849.98,69.83,,
2012-11-09,931446,中证东方红红利低波动指数,东证红利低波,CSI Dongfanghong Dividend Low Volatility Index,DFH Dividend Low Volatility,744.53,747.46,742.77,744.52,,-0.16,793.12,59.52,,
2012-11-12,931446,中证东方红红利低波动指数,东证红利低波,CSI Dongfanghong Dividend Low Volatility Index,DFH Dividend Low Volatility,744.55,748.3,742.62,748.3,,0.51,1040.23,84.85,,
2012-11-13,931446,中证东方红红利低波动指数,东证红利低波,CSI Dongfanghong Dividend Low Volatility Index,DFH Dividend Low Volatility,747.84,747.84,735.59,736.6,,-1.56,954.69,77.14,,
2012-11-14,931446,中证东方红红利低波动指数,东证红利低波,CSI Dongfanghong Dividend Low Volatility Index,DFH Dividend Low Volatility,736.6,738.92,734.14,738.84,,0.3,756.67,62.18,,
2012-11-15,931446,中证东方红红利低波动指数,东证红利低波,CSI Dongfanghong Dividend Low Volatility Index,DFH Dividend Low Volatility,736.02,737.8,728.09,728.32,,-1.42,784.77,66.47,,
2012-11-16,931446,中证东方红红利低波动指数,东证红利低波,CSI Dongfanghong Dividend Low Volatility Index,DFH Dividend Low Volatility,727.45,727.45,719.65,723.26,,-0.7,910.01,76.37,,
2012-11-19,931446,中证东方红红利低波动指数,东证红利低波,CSI Dongfanghong Dividend Low Volatility Index,DFH Dividend Low Volatility,722.55,724.7,716.94,724.7,,0.2,831.8,78.43,,
2012-11-20,931446,中证东方红红利低波动指数,东证红利低波,CSI Dongfanghong Dividend Low Volatility Index,DFH Dividend Low Volatility,725.34,725.62,721.16,721.99,,-0.37,700.01,63.03,,
2012-11-21,931446,中证东方红红利低波动指数,东证红利低波,CSI Dongfanghong Dividend Low Volatility Index,DFH Dividend Low Volatility,722.6,728.91,717.47,728.91,,0.96,792.8,67.71,,
2012-11-22,931446,中证东方红红利低波动指数,东证红利低波,CSI Dongfanghong Dividend Low Volatility Index,DFH Dividend Low Volatility,726.06,726.06,721.33,722.37,,-0.9,658.31,56.8,,
2012-11-23,931446,中证东方红红利低波动指数,东证红利低波,CSI Dongfanghong Dividend Low Volatility Index,DFH Dividend Low Volatility,723.52,728.37,722.33,725.84,,0.48,938.48,81.83,,
2012-11-26,931446,中证东方红红利低波动指数,东证红利低波,CSI Dongfanghong Dividend Low Volatility Index,DFH Dividend Low Volatility,724.43,724.71,721.06,721.16,,-0.64,666.24,55.46,,
2012-11-27,931446,中证东方红红利低波动指数,东证红利低波,CSI Dongfanghong Dividend Low Volatility Index,DFH Dividend Low Volatility,719.79,719.79,708.03,708.18,,-1.8,969.41,75.3,,
2012-11-28,931446,中证东方红红利低波动指数,东证红利低波,CSI Dongfanghong Dividend Low Volatility Index,DFH Dividend Low Volatility,706.07,706.07,698.63,699.37,,-1.24,879.65,68.34,,
2012-11-29,931446,中证东方红红利低波动指数,东证红利低波,CSI Dongfanghong Dividend Low Volatility Index,DFH Dividend Low Volatility,699.05,701.94,697.07,697.07,,-0.33,809.05,61.04,,
2012-11-30,931446,中证东方红红利低波动指数,东证红利低波,CSI Dongfanghong Dividend Low Volatility Index,DFH Dividend Low Volatility,696.68,704.82,696.68,704.82,,1.11,974.25,77.02,,
2012-12-03,931446,中证东方红红利低波动指数,东证红利低波,CSI Dongfanghong Dividend Low Volatility Index,DFH Dividend Low Volatility,703.98,704.44,693.55,693.62,,-1.59,1124.81,94.58,,
2012-12-04,931446,中证东方红红利低波动指数,东证红利低波,CSI Dongfanghong Dividend Low Volatility Index,DFH Dividend Low Volatility,692.6,700.97,690.35,700.39,,0.98,967.62,82.46,,
2012-12-05,931446,中证东方红红利低波动指数,东证红利低波,CSI Dongfanghong Dividend Low Volatility Index,DFH Dividend Low Volatility,699.94,723.25,699.94,721.41,,3.0,2587.61,214.84,,
2012-12-06,931446,中证东方红红利低波动指数,东证红利低波,CSI Dongfanghong Dividend Low Volatility Index,DFH Dividend Low Volatility,720.64,723.85,717.79,721.55,,0.02,1613.4,135.82,,
2012-12-07,931446,中证东方红红利低波动指数,东证红利低波,CSI Dongfanghong Dividend Low Volatility Index,DFH Dividend Low Volatility,720.8,733.72,719.84,733.58,,1.67,2453.11,214.35,,
2012-12-10,931446,中证东方红红利低波动指数,东证红利低波,CSI Dongfanghong Dividend Low Volatility Index,DFH Dividend Low Volatility,735.42,742.47,734.26,742.16,,1.17,2364.68,199.82,,
2012-12-11,931446,中证东方红红利低波动指数,东证红利低波,CSI Dongfanghong Dividend Low Volatility Index,DFH Dividend Low Volatility,740.01,742.4,737.2,737.98,,-0.56,1554.09,131.57,,
2012-12-12,931446,中证东方红红利低波动指数,东证红利低波,CSI Dongfanghong Dividend Low Volatility Index,DFH Dividend Low Volatility,737.43,741.55,734.19,738.95,,0.13,1506.92,125.03,,
2012-12-13,931446,中证东方红红利低波动指数,东证红利低波,CSI Dongfanghong Dividend Low Volatility Index,DFH Dividend Low Volatility,737.12,737.97,731.35,731.35,,-1.03,1387.3,114.08,,
2012-12-14,931446,中证东方红红利低波动指数,东证红利低波,CSI Dongfanghong Dividend Low Volatility Index,DFH Dividend Low Volatility,731.29,761.95,731.29,761.82,,4.17,3592.99,305.45,,
2012-12-17,931446,中证东方红红利低波动指数,东证红利低波,CSI Dongfanghong Dividend Low Volatility Index,DFH Dividend Low Volatility,763.46,766.52,761.66,765.2,,0.45,2638.39,237.84,,
2012-12-18,931446,中证东方红红利低波动指数,东证红利低波,CSI Dongfanghong Dividend Low Volatility Index,DFH Dividend Low Volatility,764.01,771.1,760.87,764.11,,-0.14,2428.67,214.46,,
2012-12-19,931446,中证东方红红利低波动指数,东证红利低波,CSI Dongfanghong Dividend Low Volatility Index,DFH Dividend Low Volatility,763.37,767.89,762.37,765.25,,0.15,1755.28,160.04,,
2012-12-20,931446,中证东方红红利低波动指数,东证红利低波,CSI Dongfanghong Dividend Low Volatility Index,DFH Dividend Low Volatility,763.44,766.68,758.41,766.68,,0.19,1721.48,155.68,,
2012-12-21,931446,中证东方红红利低波动指数,东证红利低波,CSI Dongfanghong Dividend Low Volatility Index,DFH Dividend Low Volatility,767.37,772.45,763.01,764.54,,-0.28,1840.82,167.95,,
2012-12-24,931446,中证东方红红利低波动指数,东证红利低波,CSI Dongfanghong Dividend Low Volatility Index,DFH Dividend Low Volatility,763.77,770.2,763.77,767.89,,0.44,1562.08,151.6,,
2012-12-25,931446,中证东方红红利低波动指数,东证红利低波,CSI Dongfanghong Dividend Low Volatility Index,DFH Dividend Low Volatility,766.55,788.76,766.55,787.73,,2.58,2851.68,257.91,,
2012-12-26,931446,中证东方红红利低波动指数,东证红利低波,CSI Dongfanghong Dividend Low Volatility Index,DFH Dividend Low Volatility,786.81,791.38,785.25,791.38,,0.46,1839.1,166.65,,
2012-12-27,931446,中证东方红红利低波动指数,东证红利低波,CSI Dongfanghong Dividend Low Volatility Index,DFH Dividend Low Volatility,792.6,795.87,787.07,787.07,,-0.55,1936.78,176.88,,
2012-12-28,931446,中证东方红红利低波动指数,东证红利低波,CSI Dongfanghong Dividend Low Volatility Index,DFH Dividend Low Volatility,787.68,796.21,787.03,796.21,,1.16,1753.01,161.49,,
2012-12-31,931446,中证东方红红利低波动指数,东证红利低波,CSI Dongfanghong Dividend Low Volatility Index,DFH Dividend Low Volatility,797.15,807.11,797.15,807.11,,1.37,2483.79,235.44,,
2013-01-04,931446,中证东方红红利低波动指数,东证红利低波,CSI Dongfanghong Dividend Low Volatility Index,DFH Dividend Low Volatility,813.78,813.78,801.99,808.54,,0.18,3114.93,301.72,,
2013-01-07,931446,中证东方红红利低波动指数,东证红利低波,CSI Dongfanghong Dividend Low Volatility Index,DFH Dividend Low Volatility,807.61,815.37,807.61,815.37,,0.84,2316.32,231.01,,
2013-01-08,931446,中证东方红红利低波动指数,东证红利低波,CSI Dongfanghong Dividend Low Volatility Index,DFH Dividend Low Volatility,815.02,818.27,809.55,816.71,,0.17,2147.44,232.45,,
2013-01-09,931446,中证东方红红利低波动指数,东证红利低波,CSI Dongfanghong Dividend Low Volatility Index,DFH Dividend Low Volatility,815.51,819.55,811.32,815.56,,-0.14,1933.55,211.32,,
2013-01-10,931446,中证东方红红利低波动指数,东证红利低波,CSI Dongfanghong Dividend Low Volatility Index,DFH Dividend Low Volatility,815.06,821.29,814.25,818.31,,0.34,1916.62,186.74,,
2013-01-11,931446,中证东方红红利低波动指数,东证红利低波,CSI Dongfanghong Dividend Low Volatility Index,DFH Dividend Low Volatility,818.08,818.26,800.59,802.4,,-1.94,2021.38,205.33,,
2013-01-14,931446,中证东方红红利低波动指数,东证红利低波,CSI Dongfanghong Dividend Low Volatility Index,DFH Dividend Low Volatility,800.44,828.81,800.44,827.59,,3.14,2802.0,296.52,,
2013-01-15,931446,中证东方红红利低波动指数,东证红利低波,CSI Dongfanghong Dividend Low Volatility Index,DFH Dividend Low Volatility,827.84,836.53,827.84,834.06,,0.78,2471.45,254.89,,
2013-01-16,931446,中证东方红红利低波动指数,东证红利低波,CSI Dongfanghong Dividend Low Volatility Index,DFH Dividend Low Volatility,833.24,833.52,817.55,826.41,,-0.92,2289.2,234.46,,
2013-01-17,931446,中证东方红红利低波动指数,东证红利低波,CSI Dongfanghong Dividend Low Volatility Index,DFH Dividend Low Volatility,824.62,827.06,817.8,822.14,,-0.52,2003.43,193.43,,
2013-01-18,931446,中证东方红红利低波动指数,东证红利低波,CSI Dongfanghong Dividend Low Volatility Index,DFH Dividend Low Volatility,825.13,834.29,822.68,833.83,,1.42,2346.45,234.88,,
2013-01-21,931446,中证东方红红利低波动指数,东证红利低波,CSI Dongfanghong Dividend Low Volatility Index,DFH Dividend Low Volatility,835.41,839.65,833.03,839.65,,0.7,2593.09,266.2,,
2013-01-22,931446,中证东方红红利低波动指数,东证红利低波,CSI Dongfanghong Dividend Low Volatility Index,DFH Dividend Low Volatility,839.36,840.03,830.4,834.81,,-0.58,3656.97,374.1,,
2013-01-23,931446,中证东方红红利低波动指数,东证红利低波,CSI Dongfanghong Dividend Low Volatility Index,DFH Dividend Low Volatility,832.3,837.94,827.05,835.34,,0.06,2325.25,232.76,,
2013-01-24,931446,中证东方红红利低波动指数,东证红利低波,CSI Dongfanghong Dividend Low Volatility Index,DFH Dividend Low Volatility,835.84,847.67,822.04,824.57,,-1.29,3544.06,362.89,,
2013-01-25,931446,中证东方红红利低波动指数,东证红利低波,CSI Dongfanghong Dividend Low Volatility Index,DFH Dividend Low Volatility,824.66,827.89,822.21,823.82,,-0.09,1720.03,190.69,,
2013-01-28,931446,中证东方红红利低波动指数,东证红利低波,CSI Dongfanghong Dividend Low Volatility Index,DFH Dividend Low Volatility,824.73,843.79,824.73,843.79,,2.42,3082.58,355.06,,
2013-01-29,931446,中证东方红红利低波动指数,东证红利低波,CSI Dongfanghong Dividend Low Volatility Index,DFH Dividend Low Volatility,845.53,848.94,843.03,847.52,,0.44,3134.82,346.6,,
2013-01-30,931446,中证东方红红利低波动指数,东证红利低波,CSI Dongfanghong Dividend Low Volatility Index,DFH Dividend Low Volatility,848.3,854.16,844.26,854.16,,0.78,3170.25,322.73,,
2013-01-31,931446,中证东方红红利低波动指数,东证红利低波,CSI Dongfanghong Dividend Low Volatility Index,DFH Dividend Low Volatility,854.78,855.47,848.59,855.42,,0.15,3003.5,287.78,,
2013-02-01,931446,中证东方红红利低波动指数,东证红利低波,CSI Dongfanghong Dividend Low Volatility Index,DFH Dividend Low Volatility,853.31,863.2,852.16,863.2,,0.91,3211.35,360.3,,
2013-02-04,931446,中证东方红红利低波动指数,东证红利低波,CSI Dongfanghong Dividend Low Volatility Index,DFH Dividend Low Volatility,864.51,867.57,860.09,863.83,,0.07,3764.49,415.41,,
2013-02-05,931446,中证东方红红利低波动指数,东证红利低波,CSI Dongfanghong Dividend Low Volatility Index,DFH Dividend Low Volatility,859.69,871.6,859.69,870.95,,0.83,3527.41,356.59,,
2013-02-06,931446,中证东方红红利低波动指数,东证红利低波,CSI Dongfanghong Dividend Low Volatility Index,DFH Dividend Low Volatility,870.7,872.8,868.87,871.1,,0.02,2500.8,267.17,,
2013-02-07,931446,中证东方红红利低波动指数,东证红利低波,CSI Dongfanghong Dividend Low Volatility Index,DFH Dividend Low Volatility,870.65,870.65,859.92,867.49,,-0.42,3170.91,346.67,,
2013-02-08,931446,中证东方红红利低波动指数,东证红利低波,CSI Dongfanghong Dividend Low Volatility Index,DFH Dividend Low Volatility,866.85,879.39,866.85,876.92,,1.09,2694.02,292.35,,
2013-02-18,931446,中证东方红红利低波动指数,东证红利低波,CSI Dongfanghong Dividend Low Volatility Index,DFH Dividend Low Volatility,880.89,881.27,874.31,876.82,,-0.01,2454.87,264.22,,
2013-02-19,931446,中证东方红红利低波动指数,东证红利低波,CSI Dongfanghong Dividend Low Volatility Index,DFH Dividend Low Volatility,876.1,876.69,861.58,863.33,,-1.54,2460.95,249.38,,
2013-02-20,931446,中证东方红红利低波动指数,东证红利低波,CSI Dongfanghong Dividend Low Volatility Index,DFH Dividend Low Volatility,863.81,872.72,862.39,872.72,,1.09,2491.29,259.99,,
2013-02-21,931446,中证东方红红利低波动指数,东证红利低波,CSI Dongfanghong Dividend Low Volatility Index,DFH Dividend Low Volatility,866.39,866.39,844.01,850.23,,-2.58,3643.17,383.92,,
2013-02-22,931446,中证东方红红利低波动指数,东证红利低波,CSI Dongfanghong Dividend Low Volatility Index,DFH Dividend Low Volatility,849.16,852.36,843.7,844.58,,-0.67,2158.51,238.9,,
2013-02-25,931446,中证东方红红利低波动指数,东证红利低波,CSI Dongfanghong Dividend Low Volatility Index,DFH Dividend Low Volatility,850.93,854.29,847.51,851.36,,0.8,1922.55,202.56,,
2013-02-26,931446,中证东方红红利低波动指数,东证红利低波,CSI Dongfanghong Dividend Low Volatility Index,DFH Dividend Low Volatility,847.76,855.62,838.05,838.65,,-1.49,3069.29,331.79,,
2013-02-27,931446,中证东方红红利低波动指数,东证红利低波,CSI Dongfanghong Dividend Low Volatility Index,DFH Dividend Low Volatility,839.66,847.79,836.74,840.82,,0.26,2120.39,222.94,,
2013-02-28,931446,中证东方红红利低波动指数,东证红利低波,CSI Dongfanghong Dividend Low Volatility Index,DFH Dividend Low Volatility,844.19,860.63,841.7,860.63,,2.36,2962.96,324.57,,
2013-03-01,931446,中证东方红红利低波动指数,东证红利低波,CSI Dongfanghong Dividend Low Volatility Index,DFH Dividend Low Volatility,861.67,863.51,853.64,863.14,,0.29,2451.55,278.52,,
2013-03-04,931446,中证东方红红利低波动指数,东证红利低波,CSI Dongfanghong Dividend Low Volatility Index,DFH Dividend Low Volatility,854.74,855.45,834.95,837.58,,-2.96,3755.65,390.95,,
2013-03-05,931446,中证东方红红利低波动指数,东证红利低波,CSI Dongfanghong Dividend Low Volatility Index,DFH Dividend Low Volatility,837.44,855.3,837.44,855.3,,2.12,3148.45,329.54,,
2013-03-06,931446,中证东方红红利低波动指数,东证红利低波,CSI Dongfanghong Dividend Low Volatility Index,DFH Dividend Low Volatility,857.61,867.51,857.61,867.51,,1.43,3169.33,337.61,,
2013-03-07,931446,中证东方红红利低波动指数,东证红利低波,CSI Dongfanghong Dividend Low Volatility Index,DFH Dividend Low Volatility,865.17,868.61,853.05,857.56,,-1.15,3002.85,316.64,,
2013-03-08,931446,中证东方红红利低波动指数,东证红利低波,CSI Dongfanghong Dividend Low Volatility Index,DFH Dividend Low Volatility,858.09,861.26,853.54,854.86,,-0.31,1866.08,202.23,,
2013-03-11,931446,中证东方红红利低波动指数,东证红利低波,CSI Dongfanghong Dividend Low Volatility Index,DFH Dividend Low Volatility,854.65,856.9,848.82,853.15,,-0.2,1677.89,175.99,,
2013-03-12,931446,中证东方红红利低波动指数,东证红利低波,CSI Dongfanghong Dividend Low Volatility Index,DFH Dividend Low Volatility,852.57,858.58,831.54,838.97,,-1.66,2510.32,244.52,,
2013-03-13,931446,中证东方红红利低波动指数,东证红利低波,CSI Dongfanghong Dividend Low Volatility Index,DFH Dividend Low Volatility,836.94,837.38,825.3,829.23,,-1.16,1793.29,177.81,,
2013-03-14,931446,中证东方红红利低波动指数,东证红利低波,CSI Dongfanghong Dividend Low Volatility Index,DFH Dividend Low Volatility,826.64,832.46,826.64,829.03,,-0.02,1536.59,163.32,,
2013-03-15,931446,中证东方红红利低波动指数,东证红利低波,CSI Dongfanghong Dividend Low Volatility Index,DFH Dividend Low Volatility,829.19,845.74,824.44,833.71,,0.57,2680.84,282.96,,
2013-03-18,931446,中证东方红红利低波动指数,东证红利低波,CSI Dongfanghong Dividend Low Volatility Index,DFH Dividend Low Volatility,831.35,834.7,824.57,825.16,,-1.03,1882.82,206.27,,
2013-03-19,931446,中证东方红红利低波动指数,东证红利低波,CSI Dongfanghong Dividend Low Volatility Index,DFH Dividend Low Volatility,825.64,828.96,820.41,828.89,,0.45,1751.87,182.12,,
2013-03-20,931446,中证东方红红利低波动指数,东证红利低波,CSI Dongfanghong Dividend Low Volatility Index,DFH Dividend Low Volatility,828.53,848.8,828.53,848.8,,2.4,3063.67,320.78,,
2013-03-21,931446,中证东方红红利低波动指数,东证红利低波,CSI Dongfanghong Dividend Low Volatility Index,DFH Dividend Low Volatility,848.65,855.94,848.65,853.8,,0.59,2182.37,236.54,,
2013-03-22,931446,中证东方红红利低波动指数,东证红利低波,CSI Dongfanghong Dividend Low Volatility Index,DFH Dividend Low Volatility,854.55,858.87,854.27,858.65,,0.57,1850.48,189.19,,
2013-03-25,931446,中证东方红红利低波动指数,东证红利低波,CSI Dongfanghong Dividend Low Volatility Index,DFH Dividend Low Volatility,860.19,864.02,857.97,860.59,,0.23,1796.08,185.46,,
2013-03-26,931446,中证东方红红利低波动指数,东证红利低波,CSI Dongfanghong Dividend Low Volatility Index,DFH Dividend Low Volatility,858.62,859.79,846.07,852.89,,-0.89,2096.94,219.73,,
2013-03-27,931446,中证东方红红利低波动指数,东证红利低波,CSI Dongfanghong Dividend Low Volatility Index,DFH Dividend Low Volatility,853.0,861.97,850.46,854.85,,0.23,1806.16,197.32,,
2013-03-28,931446,中证东方红红利低波动指数,东证红利低波,CSI Dongfanghong Dividend Low Volatility Index,DFH Dividend Low Volatility,845.71,845.71,834.48,835.0,,-2.32,3481.08,354.12,,
2013-03-29,931446,中证东方红红利低波动指数,东证红利低波,CSI Dongfanghong Dividend Low Volatility Index,DFH Dividend Low Volatility,836.64,840.48,834.63,836.85,,0.22,1920.38,205.33,,
2013-04-01,931446,中证东方红红利低波动指数,东证红利低波,CSI Dongfanghong Dividend Low Volatility Index,DFH Dividend Low Volatility,833.61,839.2,833.61,837.51,,0.08,1548.81,154.45,,
2013-04-02,931446,中证东方红红利低波动指数,东证红利低波,CSI Dongfanghong Dividend Low Volatility Index,DFH Dividend Low Volatility,837.74,841.59,829.39,830.97,,-0.78,1754.54,181.02,,
2013-04-03,931446,中证东方红红利低波动指数,东证红利低波,CSI Dongfanghong Dividend Low Volatility Index,DFH Dividend Low Volatility,832.03,833.19,823.82,826.2,,-0.57,1468.28,150.47,,
2013-04-08,931446,中证东方红红利低波动指数,东证红利低波,CSI Dongfanghong Dividend Low Volatility Index,DFH Dividend Low Volatility,814.98,824.59,809.71,824.55,,-0.2,1652.12,172.94,,
2013-04-09,931446,中证东方红红利低波动指数,东证红利低波,CSI Dongfanghong Dividend Low Volatility Index,DFH Dividend Low Volatility,825.37,830.38,825.23,828.76,,0.51,1531.75,157.08,,
2013-04-10,931446,中证东方红红利低波动指数,东证红利低波,CSI Dongfanghong Dividend Low Volatility Index,DFH Dividend Low Volatility,829.11,829.11,821.77,825.93,,-0.34,1460.46,173.66,,
2013-04-11,931446,中证东方红红利低波动指数,东证红利低波,CSI Dongfanghong Dividend Low Volatility Index,DFH Dividend Low Volatility,829.91,829.91,824.69,824.87,,-0.13,1340.05,140.63,,
2013-04-12,931446,中证东方红红利低波动指数,东证红利低波,CSI Dongfanghong Dividend Low Volatility Index,DFH Dividend Low Volatility,823.88,825.49,817.02,817.53,,-0.89,1285.89,135.11,,
2013-04-15,931446,中证东方红红利低波动指数,东证红利低波,CSI Dongfanghong Dividend Low Volatility Index,DFH Dividend Low Volatility,816.17,817.93,807.45,809.6,,-0.97,1410.12,127.35,,
2013-04-16,931446,中证东方红红利低波动指数,东证红利低波,CSI Dongfanghong Dividend Low Volatility Index,DFH Dividend Low Volatility,805.32,814.18,803.65,814.18,,0.57,1833.34,181.62,,
2013-04-17,931446,中证东方红红利低波动指数,东证红利低波,CSI Dongfanghong Dividend Low Volatility Index,DFH Dividend Low Volatility,814.16,815.03,808.5,814.05,,-0.02,1498.35,153.09,,
2013-04-18,931446,中证东方红红利低波动指数,东证红利低波,CSI Dongfanghong Dividend Low Volatility Index,DFH Dividend Low Volatility,810.05,819.15,809.72,818.3,,0.52,1506.27,158.96,,
2013-04-19,931446,中证东方红红利低波动指数,东证红利低波,CSI Dongfanghong Dividend Low Volatility Index,DFH Dividend Low Volatility,818.43,837.21,818.43,836.7,,2.25,2446.08,257.04,,
2013-04-22,931446,中证东方红红利低波动指数,东证红利低波,CSI Dongfanghong Dividend Low Volatility Index,DFH Dividend Low Volatility,832.67,836.51,832.38,836.51,,-0.02,1762.86,192.93,,
2013-04-23,931446,中证东方红红利低波动指数,东证红利低波,CSI Dongfanghong Dividend Low Volatility Index,DFH Dividend Low Volatility,836.88,836.88,813.6,813.6,,-2.74,1857.27,202.26,,
2013-04-24,931446,中证东方红红利低波动指数,东证红利低波,CSI Dongfanghong Dividend Low Volatility Index,DFH Dividend Low Volatility,815.23,828.79,814.7,827.7,,1.73,1717.19,189.48,,
2013-04-25,931446,中证东方红红利低波动指数,东证红利低波,CSI Dongfanghong Dividend Low Volatility Index,DFH Dividend Low Volatility,825.62,828.21,819.21,819.38,,-1.01,1506.31,160.54,,
2013-04-26,931446,中证东方红红利低波动指数,东证红利低波,CSI Dongfanghong Dividend Low Volatility Index,DFH Dividend Low Volatility,820.32,820.32,809.93,809.93,,-1.15,1307.36,133.13,,
2013-05-02,931446,中证东方红红利低波动指数,东证红利低波,CSI Dongfanghong Dividend Low Volatility Index,DFH Dividend Low Volatility,806.66,812.82,804.96,812.81,,0.36,1338.33,136.1,,
2013-05-03,931446,中证东方红红利低波动指数,东证红利低波,CSI Dongfanghong Dividend Low Volatility Index,DFH Dividend Low Volatility,814.43,830.86,814.43,825.87,,1.61,1809.23,188.84,,
2013-05-06,931446,中证东方红红利低波动指数,东证红利低波,CSI Dongfanghong Dividend Low Volatility Index,DFH Dividend Low Volatility,827.28,836.79,827.28,836.19,,1.25,1591.44,166.81,,
2013-05-07,931446,中证东方红红利低波动指数,东证红利低波,CSI Dongfanghong Dividend Low Volatility Index,DFH Dividend Low Volatility,835.21,840.25,834.4,839.68,,0.42,1483.05,168.16,,
2013-05-08,931446,中证东方红红利低波动指数,东证红利低波,CSI Dongfanghong Dividend Low Volatility Index,DFH Dividend Low Volatility,842.08,845.15,840.63,843.78,,0.49,1624.26,173.7,,
2013-05-09,931446,中证东方红红利低波动指数,东证红利低波,CSI Dongfanghong Dividend Low Volatility Index,DFH Dividend Low Volatility,844.62,847.78,840.77,845.01,,0.15,1572.72,181.77,,
2013-05-10,931446,中证东方红红利低波动指数,东证红利低波,CSI Dongfanghong Dividend Low Volatility Index,DFH Dividend Low Volatility,844.62,851.18,843.56,849.19,,0.5,1480.59,163.95,,
2013-05-13,931446,中证东方红红利低波动指数,东证红利低波,CSI Dongfanghong Dividend Low Volatility Index,DFH Dividend Low Volatility,849.45,849.86,845.79,849.42,,0.03,1565.37,172.2,,
2013-05-14,931446,中证东方红红利低波动指数,东证红利低波,CSI Dongfanghong Dividend Low Volatility Index,DFH Dividend Low Volatility,847.66,847.66,834.24,838.31,,-1.31,1530.76,174.68,,
2013-05-15,931446,中证东方红红利低波动指数,东证红利低波,CSI Dongfanghong Dividend Low Volatility Index,DFH Dividend Low Volatility,838.15,845.89,838.15,845.89,,0.91,1186.93,132.24,,
2013-05-16,931446,中证东方红红利低波动指数,东证红利低波,CSI Dongfanghong Dividend Low Volatility Index,DFH Dividend Low Volatility,843.36,853.34,839.68,853.34,,0.88,1997.34,221.66,,
2013-05-17,931446,中证东方红红利低波动指数,东证红利低波,CSI Dongfanghong Dividend Low Volatility Index,DFH Dividend Low Volatility,852.8,864.71,852.8,863.64,,1.21,2332.43,235.91,,
2013-05-20,931446,中证东方红红利低波动指数,东证红利低波,CSI Dongfanghong Dividend Low Volatility Index,DFH Dividend Low Volatility,864.9,873.04,862.81,871.69,,0.93,2549.51,278.9,,
2013-05-21,931446,中证东方红红利低波动指数,东证红利低波,CSI Dongfanghong Dividend Low Volatility Index,DFH Dividend Low Volatility,870.25,877.08,867.89,877.08,,0.62,1967.7,207.01,,
2013-05-22,931446,中证东方红红利低波动指数,东证红利低波,CSI Dongfanghong Dividend Low Volatility Index,DFH Dividend Low Volatility,876.31,878.22,868.24,871.68,,-0.62,2117.0,218.74,,
2013-05-23,931446,中证东方红红利低波动指数,东证红利低波,CSI Dongfanghong Dividend Low Volatility Index,DFH Dividend Low Volatility,867.68,872.12,860.36,860.71,,-1.26,1965.37,210.37,,
2013-05-24,931446,中证东方红红利低波动指数,东证红利低波,CSI Dongfanghong Dividend Low Volatility Index,DFH Dividend Low Volatility,862.15,866.26,857.79,865.12,,0.51,1538.63,162.53,,
2013-05-27,931446,中证东方红红利低波动指数,东证红利低波,CSI Dongfanghong Dividend Low Volatility Index,DFH Dividend Low Volatility,865.33,869.48,865.33,869.01,,0.45,1448.78,152.88,,
2013-05-28,931446,中证东方红红利低波动指数,东证红利低波,CSI Dongfanghong Dividend Low Volatility Index,DFH Dividend Low Volatility,870.18,877.47,863.71,877.47,,0.97,2031.51,212.19,,
2013-05-29,931446,中证东方红红利低波动指数,东证红利低波,CSI Dongfanghong Dividend Low Volatility Index,DFH Dividend Low Volatility,878.52,883.85,878.52,881.09,,0.41,1963.89,208.15,,
2013-05-30,931446,中证东方红红利低波动指数,东证红利低波,CSI Dongfanghong Dividend Low Volatility Index,DFH Dividend Low Volatility,879.6,883.25,878.46,882.39,,0.15,1711.59,182.86,,
2013-05-31,931446,中证东方红红利低波动指数,东证红利低波,CSI Dongfanghong Dividend Low Volatility Index,DFH Dividend Low Volatility,884.09,886.77,879.33,879.58,,-0.32,1768.36,187.96,,
2013-06-03,931446,中证东方红红利低波动指数,东证红利低波,CSI Dongfanghong Dividend Low Volatility Index,DFH Dividend Low Volatility,878.18,883.1,874.94,876.53,,-0.35,1651.14,170.35,,
2013-06-04,931446,中证东方红红利低波动指数,东证红利低波,CSI Dongfanghong Dividend Low Volatility Index,DFH Dividend Low Volatility,875.57,875.94,859.85,863.28,,-1.51,1706.38,176.52,,
2013-06-05,931446,中证东方红红利低波动指数,东证红利低波,CSI Dongfanghong Dividend Low Volatility Index,DFH Dividend Low Volatility,862.45,864.42,858.75,863.94,,0.08,1367.48,145.86,,
2013-06-06,931446,中证东方红红利低波动指数,东证红利低波,CSI Dongfanghong Dividend Low Volatility Index,DFH Dividend Low Volatility,862.27,862.27,851.63,852.17,,-1.36,1493.94,161.63,,
2013-06-07,931446,中证东方红红利低波动指数,东证红利低波,CSI Dongfanghong Dividend Low Volatility Index,DFH Dividend Low Volatility,851.99,854.08,834.95,837.34,,-1.74,1558.9,159.17,,
2013-06-13,931446,中证东方红红利低波动指数,东证红利低波,CSI Dongfanghong Dividend Low Volatility Index,DFH Dividend Low Volatility,827.54,827.54,807.39,815.28,,-2.63,2168.53,213.2,,
2013-06-14,931446,中证东方红红利低波动指数,东证红利低波,CSI Dongfanghong Dividend Low Volatility Index,DFH Dividend Low Volatility,816.0,822.98,814.31,822.98,,0.94,1560.27,151.28,,
2013-06-17,931446,中证东方红红利低波动指数,东证红利低波,CSI Dongfanghong Dividend Low Volatility Index,DFH Dividend Low Volatility,824.06,825.18,818.67,820.94,,-0.25,1419.17,146.21,,
2013-06-18,931446,中证东方红红利低波动指数,东证红利低波,CSI Dongfanghong Dividend Low Volatility Index,DFH Dividend Low Volatility,821.22,823.1,814.97,821.51,,0.07,1297.44,133.42,,
2013-06-19,931446,中证东方红红利低波动指数,东证红利低波,CSI Dongfanghong Dividend Low Volatility Index,DFH Dividend Low Volatility,818.7,818.7,804.01,814.47,,-0.86,1389.07,143.39,,
2013-06-20,931446,中证东方红红利低波动指数,东证红利低波,CSI Dongfanghong Dividend Low Volatility Index,DFH Dividend Low Volatility,811.07,811.07,791.2,791.2,,-2.86,1599.71,156.44,,
2013-06-21,931446,中证东方红红利低波动指数,东证红利低波,CSI Dongfanghong Dividend Low Volatility Index,DFH Dividend Low Volatility,778.92,787.83,773.99,785.25,,-0.75,1779.43,169.57,,
2013-06-24,931446,中证东方红红利低波动指数,东证红利低波,CSI Dongfanghong Dividend Low Volatility Index,DFH Dividend Low Volatility,784.67,784.67,741.35,743.21,,-5.35,2709.84,241.94,,
2013-06-25,931446,中证东方红红利低波动指数,东证红利低波,CSI Dongfanghong Dividend Low Volatility Index,DFH Dividend Low Volatility,737.78,741.09,698.65,740.8,,-0.32,3227.55,269.71,,
2013-06-26,931446,中证东方红红利低波动指数,东证红利低波,CSI Dongfanghong Dividend Low Volatility Index,DFH Dividend Low Volatility,741.33,743.81,731.31,743.81,,0.41,2391.8,202.06,,
2013-06-27,931446,中证东方红红利低波动指数,东证红利低波,CSI Dongfanghong Dividend Low Volatility Index,DFH Dividend Low Volatility,745.54,755.75,739.76,740.18,,-0.49,2207.29,184.53,,
2013-06-28,931446,中证东方红红利低波动指数,东证红利低波,CSI Dongfanghong Dividend Low Volatility Index,DFH Dividend Low Volatility,737.45,753.34,737.45,747.1,,0.93,2397.08,199.63,,
2013-07-01,931446,中证东方红红利低波动指数,东证红利低波,CSI Dongfanghong Dividend Low Volatility Index,DFH Dividend Low Volatility,744.18,752.54,739.19,752.54,,0.73,2001.74,147.78,,
2013-07-02,931446,中证东方红红利低波动指数,东证红利低波,CSI Dongfanghong Dividend Low Volatility Index,DFH Dividend Low Volatility,753.27,758.6,748.77,758.52,,0.79,2075.88,173.06,,
2013-07-03,931446,中证东方红红利低波动指数,东证红利低波,CSI Dongfanghong Dividend Low Volatility Index,DFH Dividend Low Volatility,754.87,754.87,741.69,751.58,,-0.92,2174.64,160.88,,
2013-07-04,931446,中证东方红红利低波动指数,东证红利低波,CSI Dongfanghong Dividend Low Volatility Index,DFH Dividend Low Volatility,748.43,762.07,745.3,756.72,,0.68,2023.99,162.28,,
2013-07-05,931446,中证东方红红利低波动指数,东证红利低波,CSI Dongfanghong Dividend Low Volatility Index,DFH Dividend Low Volatility,757.1,761.86,756.05,756.29,,-0.06,1598.65,131.3,,
2013-07-08,931446,中证东方红红利低波动指数,东证红利低波,CSI Dongfanghong Dividend Low Volatility Index,DFH Dividend Low Volatility,748.03,748.03,733.83,733.83,,-2.97,1615.93,125.29,,
2013-07-09,931446,中证东方红红利低波动指数,东证红利低波,CSI Dongfanghong Dividend Low Volatility Index,DFH Dividend Low Volatility,732.7,736.85,731.03,735.64,,0.25,1352.28,100.09,,
2013-07-10,931446,中证东方红红利低波动指数,东证红利低波,CSI Dongfanghong Dividend Low Volatility Index,DFH Dividend Low Volatility,735.86,754.13,735.86,754.13,,2.51,1813.05,140.89,,
2013-07-11,931446,中证东方红红利低波动指数,东证红利低波,CSI Dongfanghong Dividend Low Volatility Index,DFH Dividend Low Volatility,755.14,786.0,755.14,780.03,,3.43,4143.66,338.83,,
2013-07-12,931446,中证东方红红利低波动指数,东证红利低波,CSI Dongfanghong Dividend Low Volatility Index,DFH Dividend Low Volatility,779.09,779.58,766.3,767.09,,-1.66,2893.38,227.21,,
2013-07-15,931446,中证东方红红利低波动指数,东证红利低波,CSI Dongfanghong Dividend Low Volatility Index,DFH Dividend Low Volatility,768.72,779.65,765.45,775.3,,1.07,2157.83,185.36,,
2013-07-16,931446,中证东方红红利低波动指数,东证红利低波,CSI Dongfanghong Dividend Low Volatility Index,DFH Dividend Low Volatility,773.5,781.12,769.0,781.12,,0.75,1914.51,162.47,,
2013-07-17,931446,中证东方红红利低波动指数,东证红利低波,CSI Dongfanghong Dividend Low Volatility Index,DFH Dividend Low Volatility,779.99,784.25,771.58,771.58,,-1.22,1975.24,157.86,,
2013-07-18,931446,中证东方红红利低波动指数,东证红利低波,CSI Dongfanghong Dividend Low Volatility Index,DFH Dividend Low Volatility,768.86,768.95,761.76,762.99,,-1.11,1886.64,151.53,,
2013-07-19,931446,中证东方红红利低波动指数,东证红利低波,CSI Dongfanghong Dividend Low Volatility Index,DFH Dividend Low Volatility,763.13,764.75,747.62,747.62,,-2.02,2239.95,192.96,,
2013-07-22,931446,中证东方红红利低波动指数,东证红利低波,CSI Dongfanghong Dividend Low Volatility Index,DFH Dividend Low Volatility,741.65,752.83,740.91,752.83,,0.7,1842.32,143.01,,
2013-07-23,931446,中证东方红红利低波动指数,东证红利低波,CSI Dongfanghong Dividend Low Volatility Index,DFH Dividend Low Volatility,753.56,769.62,753.56,768.0,,2.01,2284.42,177.16,,
2013-07-24,931446,中证东方红红利低波动指数,东证红利低波,CSI Dongfanghong Dividend Low Volatility Index,DFH Dividend Low Volatility,765.57,767.15,755.88,765.69,,-0.3,2257.15,186.16,,
2013-07-25,931446,中证东方红红利低波动指数,东证红利低波,CSI Dongfanghong Dividend Low Volatility Index,DFH Dividend Low Volatility,768.81,769.32,760.34,763.28,,-0.31,2005.1,161.21,,
2013-07-26,931446,中证东方红红利低波动指数,东证红利低波,CSI Dongfanghong Dividend Low Volatility Index,DFH Dividend Low Volatility,760.04,763.7,755.84,760.4,,-0.38,1449.48,125.73,,
2013-07-29,931446,中证东方红红利低波动指数,东证红利低波,CSI Dongfanghong Dividend Low Volatility Index,DFH Dividend Low Volatility,755.65,755.65,744.69,746.8,,-1.79,1854.57,148.36,,
2013-07-30,931446,中证东方红红利低波动指数,东证红利低波,CSI Dongfanghong Dividend Low Volatility Index,DFH Dividend Low Volatility,748.27,757.33,742.34,752.28,,0.73,1729.4,137.4,,
2013-07-31,931446,中证东方红红利低波动指数,东证红利低波,CSI Dongfanghong Dividend Low Volatility Index,DFH Dividend Low Volatility,754.01,757.92,748.07,750.14,,-0.28,1487.87,124.2,,
2013-08-01,931446,中证东方红红利低波动指数,东证红利低波,CSI Dongfanghong Dividend Low Volatility Index,DFH Dividend Low Volatility,752.48,763.93,752.48,763.93,,1.84,1767.22,143.28,,
2013-08-02,931446,中证东方红红利低波动指数,东证红利低波,CSI Dongfanghong Dividend Low Volatility Index,DFH Dividend Low Volatility,767.47,769.01,762.8,763.88,,-0.01,1731.3,145.87,,
2013-08-05,931446,中证东方红红利低波动指数,东证红利低波,CSI Dongfanghong Dividend Low Volatility Index,DFH Dividend Low Volatility,764.07,772.66,762.77,772.66,,1.15,1507.32,126.37,,
2013-08-06,931446,中证东方红红利低波动指数,东证红利低波,CSI Dongfanghong Dividend Low Volatility Index,DFH Dividend Low Volatility,770.54,779.66,766.78,778.48,,0.75,1950.47,161.93,,
2013-08-07,931446,中证东方红红利低波动指数,东证红利低波,CSI Dongfanghong Dividend Low Volatility Index,DFH Dividend Low Volatility,776.84,781.3,772.21,773.16,,-0.68,2057.69,170.66,,
2013-08-08,931446,中证东方红红利低波动指数,东证红利低波,CSI Dongfanghong Dividend Low Volatility Index,DFH Dividend Low Volatility,771.73,777.28,770.75,772.76,,-0.05,1467.75,121.08,,
2013-08-09,931446,中证东方红红利低波动指数,东证红利低波,CSI Dongfanghong Dividend Low Volatility Index,DFH Dividend Low Volatility,775.47,778.52,765.36,772.58,,-0.02,1806.11,139.5,,
2013-08-12,931446,中证东方红红利低波动指数,东证红利低波,CSI Dongfanghong Dividend Low Volatility Index,DFH Dividend Low Volatility,774.89,789.04,774.87,789.04,,2.13,2869.06,241.34,,
2013-08-13,931446,中证东方红红利低波动指数,东证红利低波,CSI Dongfanghong Dividend Low Volatility Index,DFH Dividend Low Volatility,789.23,791.64,787.93,791.64,,0.33,2269.48,188.18,,
2013-08-14,931446,中证东方红红利低波动指数,东证红利低波,CSI Dongfanghong Dividend Low Volatility Index,DFH Dividend Low Volatility,792.69,795.44,786.84,788.79,,-0.36,2154.82,186.67,,
2013-08-15,931446,中证东方红红利低波动指数,东证红利低波,CSI Dongfanghong Dividend Low Volatility Index,DFH Dividend Low Volatility,788.95,793.15,782.74,783.08,,-0.72,1928.47,159.8,,
2013-08-16,931446,中证东方红红利低波动指数,东证红利低波,CSI Dongfanghong Dividend Low Volatility Index,DFH Dividend Low Volatility,780.18,801.74,775.73,775.95,,-0.91,4062.34,314.55,,
2013-08-19,931446,中证东方红红利低波动指数,东证红利低波,CSI Dongfanghong Dividend Low Volatility Index,DFH Dividend Low Volatility,772.12,783.43,772.12,783.0,,0.91,2144.46,181.8,,
2013-08-20,931446,中证东方红红利低波动指数,东证红利低波,CSI Dongfanghong Dividend Low Volatility Index,DFH Dividend Low Volatility,782.86,788.46,778.24,779.92,,-0.39,2423.51,206.15,,
2013-08-21,931446,中证东方红红利低波动指数,东证红利低波,CSI Dongfanghong Dividend Low Volatility Index,DFH Dividend Low Volatility,780.66,780.96,775.82,780.32,,0.05,1667.33,151.09,,
2013-08-22,931446,中证东方红红利低波动指数,东证红利低波,CSI Dongfanghong Dividend Low Volatility Index,DFH Dividend Low Volatility,778.47,783.66,776.75,778.14,,-0.28,1680.22,138.39,,
2013-08-23,931446,中证东方红红利低波动指数,东证红利低波,CSI Dongfanghong Dividend Low Volatility Index,DFH Dividend Low Volatility,781.61,783.37,764.59,773.57,,-0.59,2187.77,183.3,,
2013-08-26,931446,中证东方红红利低波动指数,东证红利低波,CSI Dongfanghong Dividend Low Volatility Index,DFH Dividend Low Volatility,774.74,790.26,774.27,790.26,,2.16,2416.83,196.08,,
2013-08-27,931446,中证东方红红利低波动指数,东证红利低波,CSI Dongfanghong Dividend Low Volatility Index,DFH Dividend Low Volatility,790.53,797.97,790.53,797.97,,0.98,2299.79,189.62,,
2013-08-28,931446,中证东方红红利低波动指数,东证红利低波,CSI Dongfanghong Dividend Low Volatility Index,DFH Dividend Low Volatility,794.55,801.45,792.01,796.54,,-0.18,2691.94,217.13,,
2013-08-29,931446,中证东方红红利低波动指数,东证红利低波,CSI Dongfanghong Dividend Low Volatility Index,DFH Dividend Low Volatility,799.63,801.07,796.28,799.47,,0.37,2155.52,169.61,,
2013-08-30,931446,中证东方红红利低波动指数,东证红利低波,CSI Dongfanghong Dividend Low Volatility Index,DFH Dividend Low Volatility,801.24,811.22,801.24,804.4,,0.62,2962.12,231.24,,
2013-09-02,931446,中证东方红红利低波动指数,东证红利低波,CSI Dongfanghong Dividend Low Volatility Index,DFH Dividend Low Volatility,809.24,809.24,794.36,799.38,,-0.62,3371.83,284.15,,
2013-09-03,931446,中证东方红红利低波动指数,东证红利低波,CSI Dongfanghong Dividend Low Volatility Index,DFH Dividend Low Volatility,799.21,809.37,799.21,809.37,,1.25,3061.64,254.76,,
2013-09-04,931446,中证东方红红利低波动指数,东证红利低波,CSI Dongfanghong Dividend Low Volatility Index,DFH Dividend Low Volatility,810.37,814.25,808.29,812.5,,0.39,2756.54,213.35,,
2013-09-05,931446,中证东方红红利低波动指数,东证红利低波,CSI Dongfanghong Dividend Low Volatility Index,DFH Dividend Low Volatility,812.09,813.51,807.73,812.11,,-0.05,2344.36,188.13,,
2013-09-06,931446,中证东方红红利低波动指数,东证红利低波,CSI Dongfanghong Dividend Low Volatility Index,DFH Dividend Low Volatility,811.65,823.8,811.65,822.9,,1.33,3100.77,243.06,,
2013-09-09,931446,中证东方红红利低波动指数,东证红利低波,CSI Dongfanghong Dividend Low Volatility Index,DFH Dividend Low Volatility,829.02,848.54,829.02,846.18,,2.83,6627.57,536.35,,
2013-09-10,931446,中证东方红红利低波动指数,东证红利低波,CSI Dongfanghong Dividend Low Volatility Index,DFH Dividend Low Volatility,847.2,861.5,847.2,861.5,,1.81,6564.01,531.99,,
2013-09-11,931446,中证东方红红利低波动指数,东证红利低波,CSI Dongfanghong Dividend Low Volatility Index,DFH Dividend Low Volatility,863.81,868.31,861.43,864.57,,0.36,5715.16,462.52,,
2013-09-12,931446,中证东方红红利低波动指数,东证红利低波,CSI Dongfanghong Dividend Low Volatility Index,DFH Dividend Low Volatility,862.52,874.09,861.29,871.32,,0.78,5970.2,522.78,,
2013-09-13,931446,中证东方红红利低波动指数,东证红利低波,CSI Dongfanghong Dividend Low Volatility Index,DFH Dividend Low Volatility,870.01,874.13,864.71,868.87,,-0.28,4445.83,397.86,,
2013-09-16,931446,中证东方红红利低波动指数,东证红利低波,CSI Dongfanghong Dividend Low Volatility Index,DFH Dividend Low Volatility,869.82,871.15,865.96,868.25,,-0.07,3962.81,366.58,,
2013-09-17,931446,中证东方红红利低波动指数,东证红利低波,CSI Dongfanghong Dividend Low Volatility Index,DFH Dividend Low Volatility,866.88,866.88,844.04,844.05,,-2.79,3992.68,360.2,,
2013-09-18,931446,中证东方红红利低波动指数,东证红利低波,CSI Dongfanghong Dividend Low Volatility Index,DFH Dividend Low Volatility,843.56,849.89,841.94,849.08,,0.6,2976.16,250.46,,
2013-09-23,931446,中证东方红红利低波动指数,东证红利低波,CSI Dongfanghong Dividend Low Volatility Index,DFH Dividend Low Volatility,851.3,861.99,851.3,861.99,,1.52,3132.31,280.94,,
2013-09-24,931446,中证东方红红利低波动指数,东证红利低波,CSI Dongfanghong Dividend Low Volatility Index,DFH Dividend Low Volatility,860.82,862.43,849.92,860.43,,-0.18,3852.37,346.64,,
2013-09-25,931446,中证东方红红利低波动指数,东证红利低波,CSI Dongfanghong Dividend Low Volatility Index,DFH Dividend Low Volatility,859.34,870.55,858.5,860.23,,-0.02,3589.57,327.04,,
2013-09-26,931446,中证东方红红利低波动指数,东证红利低波,CSI Dongfanghong Dividend Low Volatility Index,DFH Dividend Low Volatility,855.79,855.79,840.4,840.51,,-2.29,3296.95,288.3,,
2013-09-27,931446,中证东方红红利低波动指数,东证红利低波,CSI Dongfanghong Dividend Low Volatility Index,DFH Dividend Low Volatility,836.16,841.59,834.45,838.68,,-0.22,2389.51,209.78,,
2013-09-30,931446,中证东方红红利低波动指数,东证红利低波,CSI Dongfanghong Dividend Low Volatility Index,DFH Dividend Low Volatility,840.73,845.36,840.73,845.36,,0.8,1863.51,170.19,,
2013-10-08,931446,中证东方红红利低波动指数,东证红利低波,CSI Dongfanghong Dividend Low Volatility Index,DFH Dividend Low Volatility,846.23,857.98,842.73,857.98,,1.49,3102.65,262.25,,
2013-10-09,931446,中证东方红红利低波动指数,东证红利低波,CSI Dongfanghong Dividend Low Volatility Index,DFH Dividend Low Volatility,855.7,863.23,855.7,863.23,,0.61,2861.63,244.68,,
2013-10-10,931446,中证东方红红利低波动指数,东证红利低波,CSI Dongfanghong Dividend Low Volatility Index,DFH Dividend Low Volatility,864.47,864.47,853.78,855.04,,-0.95,2916.04,251.95,,
2013-10-11,931446,中证东方红红利低波动指数,东证红利低波,CSI Dongfanghong Dividend Low Volatility Index,DFH Dividend Low Volatility,860.45,873.27,860.45,873.27,,2.13,3480.5,312.03,,
2013-10-14,931446,中证东方红红利低波动指数,东证红利低波,CSI Dongfanghong Dividend Low Volatility Index,DFH Dividend Low Volatility,876.84,886.98,875.59,885.65,,1.42,3874.19,335.75,,
2013-10-15,931446,中证东方红红利低波动指数,东证红利低波,CSI Dongfanghong Dividend Low Volatility Index,DFH Dividend Low Volatility,886.04,890.51,882.2,890.09,,0.5,3269.39,265.35,,
2013-10-16,931446,中证东方红红利低波动指数,东证红利低波,CSI Dongfanghong Dividend Low Volatility Index,DFH Dividend Low Volatility,887.36,887.36,866.56,870.49,,-2.2,2795.93,240.66,,
2013-10-17,931446,中证东方红红利低波动指数,东证红利低波,CSI Dongfanghong Dividend Low Volatility Index,DFH Dividend Low Volatility,873.29,876.87,863.99,865.35,,-0.59,2345.31,203.98,,
2013-10-18,931446,中证东方红红利低波动指数,东证红利低波,CSI Dongfanghong Dividend Low Volatility Index,DFH Dividend Low Volatility,865.51,870.22,864.33,868.95,,0.42,1933.4,169.5,,
2013-10-21,931446,中证东方红红利低波动指数,东证红利低波,CSI Dongfanghong Dividend Low Volatility Index,DFH Dividend Low Volatility,871.26,889.8,871.26,889.8,,2.4,2762.96,249.89,,
2013-10-22,931446,中证东方红红利低波动指数,东证红利低波,CSI Dongfanghong Dividend Low Volatility Index,DFH Dividend Low Volatility,890.52,894.46,882.09,884.11,,-0.64,2891.56,257.79,,
2013-10-23,931446,中证东方红红利低波动指数,东证红利低波,CSI Dongfanghong Dividend Low Volatility Index,DFH Dividend Low Volatility,884.37,888.64,865.95,869.04,,-1.71,3312.3,283.94,,
2013-10-24,931446,中证东方红红利低波动指数,东证红利低波,CSI Dongfanghong Dividend Low Volatility Index,DFH Dividend Low Volatility,866.83,868.41,861.28,862.74,,-0.73,2335.85,200.27,,
2013-10-25,931446,中证东方红红利低波动指数,东证红利低波,CSI Dongfanghong Dividend Low Volatility Index,DFH Dividend Low Volatility,862.05,864.83,847.24,849.89,,-1.49,2662.67,240.65,,
2013-10-28,931446,中证东方红红利低波动指数,东证红利低波,CSI Dongfanghong Dividend Low Volatility Index,DFH Dividend Low Volatility,849.6,850.95,843.65,847.46,,-0.28,1923.08,175.02,,
2013-10-29,931446,中证东方红红利低波动指数,东证红利低波,CSI Dongfanghong Dividend Low Volatility Index,DFH Dividend Low Volatility,846.96,853.04,822.33,837.63,,-1.16,4136.52,346.37,,
2013-10-30,931446,中证东方红红利低波动指数,东证红利低波,CSI Dongfanghong Dividend Low Volatility Index,DFH Dividend Low Volatility,836.56,852.46,835.93,852.46,,1.77,3747.28,280.71,,
2013-10-31,931446,中证东方红红利低波动指数,东证红利低波,CSI Dongfanghong Dividend Low Volatility Index,DFH Dividend Low Volatility,851.01,851.01,843.45,843.46,,-1.06,3180.69,247.76,,
2013-11-01,931446,中证东方红红利低波动指数,东证红利低波,CSI Dongfanghong Dividend Low Volatility Index,DFH Dividend Low Volatility,842.26,848.94,838.92,845.75,,0.27,2270.37,186.02,,
2013-11-04,931446,中证东方红红利低波动指数,东证红利低波,CSI Dongfanghong Dividend Low Volatility Index,DFH Dividend Low Volatility,847.87,851.13,846.5,847.5,,0.21,1883.03,153.91,,
2013-11-05,931446,中证东方红红利低波动指数,东证红利低波,CSI Dongfanghong Dividend Low Volatility Index,DFH Dividend Low Volatility,843.52,854.51,838.2,854.51,,0.83,2337.31,188.38,,
2013-11-06,931446,中证东方红红利低波动指数,东证红利低波,CSI Dongfanghong Dividend Low Volatility Index,DFH Dividend Low Volatility,850.82,854.84,845.33,845.34,,-1.07,2431.84,198.18,,
2013-11-07,931446,中证东方红红利低波动指数,东证红利低波,CSI Dongfanghong Dividend Low Volatility Index,DFH Dividend Low Volatility,842.82,845.53,837.63,839.37,,-0.71,1768.89,145.8,,
2013-11-08,931446,中证东方红红利低波动指数,东证红利低波,CSI Dongfanghong Dividend Low Volatility Index,DFH Dividend Low Volatility,836.57,840.89,830.83,831.54,,-0.93,1781.57,144.86,,
2013-11-11,931446,中证东方红红利低波动指数,东证红利低波,CSI Dongfanghong Dividend Low Volatility Index,DFH Dividend Low Volatility,831.18,835.11,824.17,831.67,,0.02,1659.55,140.81,,
2013-11-12,931446,中证东方红红利低波动指数,东证红利低波,CSI Dongfanghong Dividend Low Volatility Index,DFH Dividend Low Volatility,831.92,837.61,830.39,837.53,,0.7,1804.57,169.67,,
2013-11-13,931446,中证东方红红利低波动指数,东证红利低波,CSI Dongfanghong Dividend Low Volatility Index,DFH Dividend Low Volatility,833.57,833.57,818.07,818.1,,-2.32,2231.26,181.59,,
2013-11-14,931446,中证东方红红利低波动指数,东证红利低波,CSI Dongfanghong Dividend Low Volatility Index,DFH Dividend Low Volatility,817.65,822.83,812.77,822.53,,0.54,1876.89,154.94,,
2013-11-15,931446,中证东方红红利低波动指数,东证红利低波,CSI Dongfanghong Dividend Low Volatility Index,DFH Dividend Low Volatility,822.69,843.26,822.69,836.29,,1.67,2865.79,247.5,,
2013-11-18,931446,中证东方红红利低波动指数,东证红利低波,CSI Dongfanghong Dividend Low Volatility Index,DFH Dividend Low Volatility,841.66,858.39,841.06,858.39,,2.64,3956.01,368.09,,
2013-11-19,931446,中证东方红红利低波动指数,东证红利低波,CSI Dongfanghong Dividend Low Volatility Index,DFH Dividend Low Volatility,859.59,861.54,855.77,859.41,,0.12,2795.72,254.41,,
2013-11-20,931446,中证东方红红利低波动指数,东证红利低波,CSI Dongfanghong Dividend Low Volatility Index,DFH Dividend Low Volatility,861.62,865.94,857.7,865.94,,0.76,2274.47,212.07,,
2013-11-21,931446,中证东方红红利低波动指数,东证红利低波,CSI Dongfanghong Dividend Low Volatility Index,DFH Dividend Low Volatility,863.04,864.68,858.37,864.68,,-0.15,2786.12,253.3,,
2013-11-22,931446,中证东方红红利低波动指数,东证红利低波,CSI Dongfanghong Dividend Low Volatility Index,DFH Dividend Low Volatility,865.83,865.95,856.87,859.43,,-0.61,2339.99,208.13,,
2013-11-25,931446,中证东方红红利低波动指数,东证红利低波,CSI Dongfanghong Dividend Low Volatility Index,DFH Dividend Low Volatility,856.34,865.85,856.34,859.09,,-0.04,2219.09,189.92,,
2013-11-26,931446,中证东方红红利低波动指数,东证红利低波,CSI Dongfanghong Dividend Low Volatility Index,DFH Dividend Low Volatility,859.04,861.68,857.05,859.61,,0.06,1837.87,150.44,,
2013-11-27,931446,中证东方红红利低波动指数,东证红利低波,CSI Dongfanghong Dividend Low Volatility Index,DFH Dividend Low Volatility,859.33,868.13,859.33,867.82,,0.96,2386.19,202.03,,
2013-11-28,931446,中证东方红红利低波动指数,东证红利低波,CSI Dongfanghong Dividend Low Volatility Index,DFH Dividend Low Volatility,869.17,879.66,869.17,875.13,,0.84,2555.38,213.12,,
2013-11-29,931446,中证东方红红利低波动指数,东证红利低波,CSI Dongfanghong Dividend Low Volatility Index,DFH Dividend Low Volatility,875.88,876.7,872.7,874.59,,-0.06,2060.33,175.51,,
2013-12-02,931446,中证东方红红利低波动指数,东证红利低波,CSI Dongfanghong Dividend Low Volatility Index,DFH Dividend Low Volatility,864.97,875.36,850.77,858.63,,-1.83,4366.9,354.0,,
2013-12-03,931446,中证东方红红利低波动指数,东证红利低波,CSI Dongfanghong Dividend Low Volatility Index,DFH Dividend Low Volatility,857.39,874.22,857.39,872.87,,1.66,2612.16,217.27,,
2013-12-04,931446,中证东方红红利低波动指数,东证红利低波,CSI Dongfanghong Dividend Low Volatility Index,DFH Dividend Low Volatility,871.17,894.54,871.17,890.33,,2.0,3893.35,315.83,,
2013-12-05,931446,中证东方红红利低波动指数,东证红利低波,CSI Dongfanghong Dividend Low Volatility Index,DFH Dividend Low Volatility,891.35,895.6,887.07,892.7,,0.27,2735.07,218.37,,
2013-12-06,931446,中证东方红红利低波动指数,东证红利低波,CSI Dongfanghong Dividend Low Volatility Index,DFH Dividend Low Volatility,892.26,894.6,889.35,892.0,,-0.08,2243.91,194.3,,
2013-12-09,931446,中证东方红红利低波动指数,东证红利低波,CSI Dongfanghong Dividend Low Volatility Index,DFH Dividend Low Volatility,893.04,895.31,892.47,895.1,,0.35,2034.35,192.6,,
2013-12-10,931446,中证东方红红利低波动指数,东证红利低波,CSI Dongfanghong Dividend Low Volatility Index,DFH Dividend Low Volatility,896.66,902.08,895.77,897.34,,0.25,2180.19,198.88,,
2013-12-11,931446,中证东方红红利低波动指数,东证红利低波,CSI Dongfanghong Dividend Low Volatility Index,DFH Dividend Low Volatility,893.98,893.98,880.74,884.46,,-1.44,2489.05,220.96,,
2013-12-12,931446,中证东方红红利低波动指数,东证红利低波,CSI Dongfanghong Dividend Low Volatility Index,DFH Dividend Low Volatility,882.5,887.68,881.91,883.15,,-0.15,1782.01,157.95,,
2013-12-13,931446,中证东方红红利低波动指数,东证红利低波,CSI Dongfanghong Dividend Low Volatility Index,DFH Dividend Low Volatility,877.85,884.47,877.85,883.77,,0.07,1892.63,172.12,,
2013-12-16,931446,中证东方红红利低波动指数,东证红利低波,CSI Dongfanghong Dividend Low Volatility Index,DFH Dividend Low Volatility,884.49,884.49,870.01,870.01,,-1.56,1951.9,175.95,,
2013-12-17,931446,中证东方红红利低波动指数,东证红利低波,CSI Dongfanghong Dividend Low Volatility Index,DFH Dividend Low Volatility,870.41,871.72,867.09,867.39,,-0.3,1503.14,131.1,,
2013-12-18,931446,中证东方红红利低波动指数,东证红利低波,CSI Dongfanghong Dividend Low Volatility Index,DFH Dividend Low Volatility,867.97,871.39,866.46,868.49,,0.13,1302.24,117.92,,
2013-12-19,931446,中证东方红红利低波动指数,东证红利低波,CSI Dongfanghong Dividend Low Volatility Index,DFH Dividend Low Volatility,871.24,871.51,860.55,860.55,,-0.92,1654.16,143.09,,
2013-12-20,931446,中证东方红红利低波动指数,东证红利低波,CSI Dongfanghong Dividend Low Volatility Index,DFH Dividend Low Volatility,860.7,861.43,840.8,840.8,,-2.3,2303.33,196.4,,
2013-12-23,931446,中证东方红红利低波动指数,东证红利低波,CSI Dongfanghong Dividend Low Volatility Index,DFH Dividend Low Volatility,843.14,846.55,836.34,844.67,,0.46,1452.68,126.51,,
2013-12-24,931446,中证东方红红利低波动指数,东证红利低波,CSI Dongfanghong Dividend Low Volatility Index,DFH Dividend Low Volatility,847.53,854.04,842.92,847.77,,0.37,1484.83,127.29,,
2013-12-25,931446,中证东方红红利低波动指数,东证红利低波,CSI Dongfanghong Dividend Low Volatility Index,DFH Dividend Low Volatility,848.72,852.73,846.2,852.65,,0.58,1275.5,112.36,,
2013-12-26,931446,中证东方红红利低波动指数,东证红利低波,CSI Dongfanghong Dividend Low Volatility Index,DFH Dividend Low Volatility,851.2,851.2,838.31,838.36,,-1.68,1605.16,135.95,,
2013-12-27,931446,中证东方红红利低波动指数,东证红利低波,CSI Dongfanghong Dividend Low Volatility Index,DFH Dividend Low Volatility,839.1,853.7,839.1,851.17,,1.53,1770.49,154.73,,
2013-12-30,931446,中证东方红红利低波动指数,东证红利低波,CSI Dongfanghong Dividend Low Volatility Index,DFH Dividend Low Volatility,855.08,855.08,849.26,850.58,,-0.07,1919.23,155.64,,
2013-12-31,931446,中证东方红红利低波动指数,东证红利低波,CSI Dongfanghong Dividend Low Volatility Index,DFH Dividend Low Volatility,847.32,859.41,847.32,859.27,,1.02,2228.93,206.62,,
2014-01-02,931446,中证东方红红利低波动指数,东证红利低波,CSI Dongfanghong Dividend Low Volatility Index,DFH Dividend Low Volatility,857.41,857.47,853.81,856.7,,-0.3,1522.01,135.31,,
2014-01-03,931446,中证东方红红利低波动指数,东证红利低波,CSI Dongfanghong Dividend Low Volatility Index,DFH Dividend Low Volatility,853.03,853.03,840.73,843.73,,-1.51,1745.01,150.09,,
2014-01-06,931446,中证东方红红利低波动指数,东证红利低波,CSI Dongfanghong Dividend Low Volatility Index,DFH Dividend Low Volatility,841.94,841.94,822.37,824.55,,-2.27,2190.26,182.08,,
2014-01-07,931446,中证东方红红利低波动指数,东证红利低波,CSI Dongfanghong Dividend Low Volatility Index,DFH Dividend Low Volatility,819.97,826.51,819.81,824.23,,-0.04,1351.0,110.49,,
2014-01-08,931446,中证东方红红利低波动指数,东证红利低波,CSI Dongfanghong Dividend Low Volatility Index,DFH Dividend Low Volatility,824.73,829.41,819.41,822.35,,-0.23,1585.22,130.03,,
2014-01-09,931446,中证东方红红利低波动指数,东证红利低波,CSI Dongfanghong Dividend Low Volatility Index,DFH Dividend Low Volatility,821.35,827.22,816.36,816.36,,-0.73,1469.67,135.02,,
2014-01-10,931446,中证东方红红利低波动指数,东证红利低波,CSI Dongfanghong Dividend Low Volatility Index,DFH Dividend Low Volatility,814.65,814.66,806.81,808.49,,-0.96,1505.27,120.2,,
2014-01-13,931446,中证东方红红利低波动指数,东证红利低波,CSI Dongfanghong Dividend Low Volatility Index,DFH Dividend Low Volatility,808.97,813.63,805.83,809.05,,0.07,1301.33,114.27,,
2014-01-14,931446,中证东方红红利低波动指数,东证红利低波,CSI Dongfanghong Dividend Low Volatility Index,DFH Dividend Low Volatility,808.91,818.21,807.48,818.21,,1.13,1352.24,113.57,,
2014-01-15,931446,中证东方红红利低波动指数,东证红利低波,CSI Dongfanghong Dividend Low Volatility Index,DFH Dividend Low Volatility,817.46,817.46,811.26,815.19,,-0.37,1245.41,108.06,,
2014-01-16,931446,中证东方红红利低波动指数,东证红利低波,CSI Dongfanghong Dividend Low Volatility Index,DFH Dividend Low Volatility,814.97,821.05,813.25,818.48,,0.4,1429.03,135.78,,
2014-01-17,931446,中证东方红红利低波动指数,东证红利低波,CSI Dongfanghong Dividend Low Volatility Index,DFH Dividend Low Volatility,815.94,815.94,807.66,807.88,,-1.3,1456.13,124.61,,
2014-01-20,931446,中证东方红红利低波动指数,东证红利低波,CSI Dongfanghong Dividend Low Volatility Index,DFH Dividend Low Volatility,806.78,808.35,802.6,806.24,,-0.2,1108.6,103.09,,
2014-01-21,931446,中证东方红红利低波动指数,东证红利低波,CSI Dongfanghong Dividend Low Volatility Index,DFH Dividend Low Volatility,806.12,813.07,806.12,811.77,,0.69,1094.44,100.09,,
2014-01-22,931446,中证东方红红利低波动指数,东证红利低波,CSI Dongfanghong Dividend Low Volatility Index,DFH Dividend Low Volatility,812.16,828.94,812.16,828.94,,2.12,1881.81,166.34,,
2014-01-23,931446,中证东方红红利低波动指数,东证红利低波,CSI Dongfanghong Dividend Low Volatility Index,DFH Dividend Low Volatility,828.3,830.47,824.48,825.87,,-0.37,1583.13,140.56,,
2014-01-24,931446,中证东方红红利低波动指数,东证红利低波,CSI Dongfanghong Dividend Low Volatility Index,DFH Dividend Low Volatility,824.16,832.52,824.16,829.19,,0.4,1638.16,148.2,,
2014-01-27,931446,中证东方红红利低波动指数,东证红利低波,CSI Dongfanghong Dividend Low Volatility Index,DFH Dividend Low Volatility,826.42,828.43,824.15,825.29,,-0.47,1757.46,173.34,,
2014-01-28,931446,中证东方红红利低波动指数,东证红利低波,CSI Dongfanghong Dividend Low Volatility Index,DFH Dividend Low Volatility,827.17,830.53,823.06,826.69,,0.17,1397.0,128.7,,
2014-01-29,931446,中证东方红红利低波动指数,东证红利低波,CSI Dongfanghong Dividend Low Volatility Index,DFH Dividend Low Volatility,828.7,832.33,828.05,832.09,,0.65,1502.42,133.35,,
2014-01-30,931446,中证东方红红利低波动指数,东证红利低波,CSI Dongfanghong Dividend Low Volatility Index,DFH Dividend Low Volatility,829.96,829.96,823.99,824.52,,-0.91,1150.19,107.41,,
2014-02-07,931446,中证东方红红利低波动指数,东证红利低波,CSI Dongfanghong Dividend Low Volatility Index,DFH Dividend Low Volatility,819.83,829.67,818.11,829.67,,0.63,1290.86,122.1,,
2014-02-10,931446,中证东方红红利低波动指数,东证红利低波,CSI Dongfanghong Dividend Low Volatility Index,DFH Dividend Low Volatility,831.3,846.2,831.3,846.05,,1.97,2233.97,196.14,,
2014-02-11,931446,中证东方红红利低波动指数,东证红利低波,CSI Dongfanghong Dividend Low Volatility Index,DFH Dividend Low Volatility,845.16,854.98,845.16,853.28,,0.85,2912.62,256.73,,
2014-02-12,931446,中证东方红红利低波动指数,东证红利低波,CSI Dongfanghong Dividend Low Volatility Index,DFH Dividend Low Volatility,854.0,858.01,852.0,857.96,,0.55,2075.33,190.64,,
2014-02-13,931446,中证东方红红利低波动指数,东证红利低波,CSI Dongfanghong Dividend Low Volatility Index,DFH Dividend Low Volatility,857.64,862.87,854.04,854.04,,-0.46,2866.11,257.58,,
2014-02-14,931446,中证东方红红利低波动指数,东证红利低波,CSI Dongfanghong Dividend Low Volatility Index,DFH Dividend Low Volatility,853.46,864.78,853.46,864.78,,1.26,2025.32,188.89,,
2014-02-17,931446,中证东方红红利低波动指数,东证红利低波,CSI Dongfanghong Dividend Low Volatility Index,DFH Dividend Low Volatility,868.51,873.07,866.22,873.07,,0.96,2588.77,245.6,,
2014-02-18,931446,中证东方红红利低波动指数,东证红利低波,CSI Dongfanghong Dividend Low Volatility Index,DFH Dividend Low Volatility,871.77,871.77,865.14,867.58,,-0.63,2312.97,221.2,,
2014-02-19,931446,中证东方红红利低波动指数,东证红利低波,CSI Dongfanghong Dividend Low Volatility Index,DFH Dividend Low Volatility,866.54,880.87,866.54,876.96,,1.08,2993.87,264.84,,
2014-02-20,931446,中证东方红红利低波动指数,东证红利低波,CSI Dongfanghong Dividend Low Volatility Index,DFH Dividend Low Volatility,881.05,885.52,871.1,872.23,,-0.54,3443.61,279.56,,
2014-02-21,931446,中证东方红红利低波动指数,东证红利低波,CSI Dongfanghong Dividend Low Volatility Index,DFH Dividend Low Volatility,870.14,870.34,856.35,860.81,,-1.31,2402.09,200.58,,
2014-02-24,931446,中证东方红红利低波动指数,东证红利低波,CSI Dongfanghong Dividend Low Volatility Index,DFH Dividend Low Volatility,856.95,856.95,842.77,849.77,,-1.28,2646.11,226.06,,
2014-02-25,931446,中证东方红红利低波动指数,东证红利低波,CSI Dongfanghong Dividend Low Volatility Index,DFH Dividend Low Volatility,850.93,855.63,830.35,832.4,,-2.04,2546.08,235.82,,
2014-02-26,931446,中证东方红红利低波动指数,东证红利低波,CSI Dongfanghong Dividend Low Volatility Index,DFH Dividend Low Volatility,828.82,835.2,826.3,835.2,,0.34,1883.68,158.54,,
2014-02-27,931446,中证东方红红利低波动指数,东证红利低波,CSI Dongfanghong Dividend Low Volatility Index,DFH Dividend Low Volatility,836.07,844.03,834.85,838.8,,0.43,3001.14,234.85,,
2014-02-28,931446,中证东方红红利低波动指数,东证红利低波,CSI Dongfanghong Dividend Low Volatility Index,DFH Dividend Low Volatility,836.64,841.78,828.76,840.98,,0.26,2238.93,185.86,,
2014-03-03,931446,中证东方红红利低波动指数,东证红利低波,CSI Dongfanghong Dividend Low Volatility Index,DFH Dividend Low Volatility,839.15,851.59,838.7,850.87,,1.18,2893.49,205.64,,
2014-03-04,931446,中证东方红红利低波动指数,东证红利低波,CSI Dongfanghong Dividend Low Volatility Index,DFH Dividend Low Volatility,847.41,848.2,838.52,847.66,,-0.38,2272.06,180.88,,
2014-03-05,931446,中证东方红红利低波动指数,东证红利低波,CSI Dongfanghong Dividend Low Volatility Index,DFH Dividend Low Volatility,848.52,849.88,842.67,843.32,,-0.51,1940.39,161.38,,
2014-03-06,931446,中证东方红红利低波动指数,东证红利低波,CSI Dongfanghong Dividend Low Volatility Index,DFH Dividend Low Volatility,841.68,847.44,834.05,846.06,,0.33,2118.7,173.69,,
2014-03-07,931446,中证东方红红利低波动指数,东证红利低波,CSI Dongfanghong Dividend Low Volatility Index,DFH Dividend Low Volatility,845.48,849.1,839.74,842.6,,-0.41,1988.85,165.48,,
2014-03-10,931446,中证东方红红利低波动指数,东证红利低波,CSI Dongfanghong Dividend Low Volatility Index,DFH Dividend Low Volatility,837.31,837.31,815.24,815.47,,-3.22,2291.39,180.42,,
2014-03-11,931446,中证东方红红利低波动指数,东证红利低波,CSI Dongfanghong Dividend Low Volatility Index,DFH Dividend Low Volatility,813.67,821.09,813.34,818.34,,0.35,1758.06,145.37,,
2014-03-12,931446,中证东方红红利低波动指数,东证红利低波,CSI Dongfanghong Dividend Low Volatility Index,DFH Dividend Low Volatility,816.53,821.89,808.63,816.87,,-0.18,2044.98,164.76,,
2014-03-13,931446,中证东方红红利低波动指数,东证红利低波,CSI Dongfanghong Dividend Low Volatility Index,DFH Dividend Low Volatility,818.45,832.87,818.45,832.25,,1.88,2502.21,197.51,,
2014-03-14,931446,中证东方红红利低波动指数,东证红利低波,CSI Dongfanghong Dividend Low Volatility Index,DFH Dividend Low Volatility,828.23,829.19,821.89,827.16,,-0.61,1747.1,143.62,,
2014-03-17,931446,中证东方红红利低波动指数,东证红利低波,CSI Dongfanghong Dividend Low Volatility Index,DFH Dividend Low Volatility,829.84,835.79,826.67,835.76,,1.04,1497.23,121.63,,
2014-03-18,931446,中证东方红红利低波动指数,东证红利低波,CSI Dongfanghong Dividend Low Volatility Index,DFH Dividend Low Volatility,836.86,843.37,836.86,838.98,,0.39,1881.86,167.79,,
2014-03-19,931446,中证东方红红利低波动指数,东证红利低波,CSI Dongfanghong Dividend Low Volatility Index,DFH Dividend Low Volatility,836.58,836.58,829.45,836.44,,-0.3,1560.3,138.16,,
2014-03-20,931446,中证东方红红利低波动指数,东证红利低波,CSI Dongfanghong Dividend Low Volatility Index,DFH Dividend Low Volatility,834.77,839.31,820.99,820.99,,-1.85,2186.85,177.15,,
2014-03-21,931446,中证东方红红利低波动指数,东证红利低波,CSI Dongfanghong Dividend Low Volatility Index,DFH Dividend Low Volatility,818.18,842.4,818.18,841.98,,2.56,3859.05,294.43,,
2014-03-24,931446,中证东方红红利低波动指数,东证红利低波,CSI Dongfanghong Dividend Low Volatility Index,DFH Dividend Low Volatility,843.41,853.09,843.16,850.98,,1.07,3684.98,275.55,,
2014-03-25,931446,中证东方红红利低波动指数,东证红利低波,CSI Dongfanghong Dividend Low Volatility Index,DFH Dividend Low Volatility,848.91,855.52,847.55,850.48,,-0.06,2887.15,208.18,,
2014-03-26,931446,中证东方红红利低波动指数,东证红利低波,CSI Dongfanghong Dividend Low Volatility Index,DFH Dividend Low Volatility,851.09,851.09,845.21,846.29,,-0.49,1701.03,142.88,,
2014-03-27,931446,中证东方红红利低波动指数,东证红利低波,CSI Dongfanghong Dividend Low Volatility Index,DFH Dividend Low Volatility,845.16,850.0,839.77,840.31,,-0.71,2385.33,189.48,,
2014-03-28,931446,中证东方红红利低波动指数,东证红利低波,CSI Dongfanghong Dividend Low Volatility Index,DFH Dividend Low Volatility,839.82,844.21,833.69,835.23,,-0.61,2318.16,184.18,,
2014-03-31,931446,中证东方红红利低波动指数,东证红利低波,CSI Dongfanghong Dividend Low Volatility Index,DFH Dividend Low Volatility,836.18,837.05,828.54,831.55,,-0.44,2002.2,149.52,,
2014-04-01,931446,中证东方红红利低波动指数,东证红利低波,CSI Dongfanghong Dividend Low Volatility Index,DFH Dividend Low Volatility,830.48,840.15,830.48,839.91,,1.01,1661.31,133.38,,
2014-04-02,931446,中证东方红红利低波动指数,东证红利低波,CSI Dongfanghong Dividend Low Volatility Index,DFH Dividend Low Volatility,840.37,845.5,839.72,843.98,,0.49,2254.84,173.25,,
2014-04-03,931446,中证东方红红利低波动指数,东证红利低波,CSI Dongfanghong Dividend Low Volatility Index,DFH Dividend Low Volatility,846.38,846.62,835.67,837.6,,-0.76,2455.78,175.21,,
2014-04-04,931446,中证东方红红利低波动指数,东证红利低波,CSI Dongfanghong Dividend Low Volatility Index,DFH Dividend Low Volatility,835.33,843.29,835.03,843.29,,0.68,1463.05,112.38,,
2014-04-08,931446,中证东方红红利低波动指数,东证红利低波,CSI Dongfanghong Dividend Low Volatility Index,DFH Dividend Low Volatility,841.28,858.28,841.28,857.21,,1.65,3732.34,303.16,,
2014-04-09,931446,中证东方红红利低波动指数,东证红利低波,CSI Dongfanghong Dividend Low Volatility Index,DFH Dividend Low Volatility,858.25,860.23,855.95,858.58,,0.16,2212.2,180.94,,
2014-04-10,931446,中证东方红红利低波动指数,东证红利低波,CSI Dongfanghong Dividend Low Volatility Index,DFH Dividend Low Volatility,859.31,871.86,855.81,868.88,,1.2,4192.32,352.14,,
2014-04-11,931446,中证东方红红利低波动指数,东证红利低波,CSI Dongfanghong Dividend Low Volatility Index,DFH Dividend Low Volatility,867.41,873.0,866.14,870.8,,0.22,3327.39,293.89,,
2014-04-14,931446,中证东方红红利低波动指数,东证红利低波,CSI Dongfanghong Dividend Low Volatility Index,DFH Dividend Low Volatility,868.88,869.45,864.86,869.12,,-0.19,1905.86,163.2,,
2014-04-15,931446,中证东方红红利低波动指数,东证红利低波,CSI Dongfanghong Dividend Low Volatility Index,DFH Dividend Low Volatility,866.72,866.72,855.36,856.08,,-1.5,2084.97,172.5,,
2014-04-16,931446,中证东方红红利低波动指数,东证红利低波,CSI Dongfanghong Dividend Low Volatility Index,DFH Dividend Low Volatility,854.62,858.9,854.0,857.98,,0.22,1474.45,120.83,,
2014-04-17,931446,中证东方红红利低波动指数,东证红利低波,CSI Dongfanghong Dividend Low Volatility Index,DFH Dividend Low Volatility,859.42,859.71,855.77,856.02,,-0.23,1372.66,117.48,,
2014-04-18,931446,中证东方红红利低波动指数,东证红利低波,CSI Dongfanghong Dividend Low Volatility Index,DFH Dividend Low Volatility,853.67,855.95,850.12,855.85,,-0.02,1627.95,129.2,,
2014-04-21,931446,中证东方红红利低波动指数,东证红利低波,CSI Dongfanghong Dividend Low Volatility Index,DFH Dividend Low Volatility,851.48,854.96,841.73,841.77,,-1.65,1682.07,136.99,,
2014-04-22,931446,中证东方红红利低波动指数,东证红利低波,CSI Dongfanghong Dividend Low Volatility Index,DFH Dividend Low Volatility,839.76,844.2,835.03,843.93,,0.26,1795.71,139.21,,
2014-04-23,931446,中证东方红红利低波动指数,东证红利低波,CSI Dongfanghong Dividend Low Volatility Index,DFH Dividend Low Volatility,842.62,847.86,842.62,845.33,,0.17,1673.64,138.88,,
2014-04-24,931446,中证东方红红利低波动指数,东证红利低波,CSI Dongfanghong Dividend Low Volatility Index,DFH Dividend Low Volatility,844.45,846.69,840.97,842.13,,-0.38,1390.81,115.95,,
2014-04-25,931446,中证东方红红利低波动指数,东证红利低波,CSI Dongfanghong Dividend Low Volatility Index,DFH Dividend Low Volatility,841.66,843.92,831.55,831.55,,-1.26,1941.72,163.79,,
2014-04-28,931446,中证东方红红利低波动指数,东证红利低波,CSI Dongfanghong Dividend Low Volatility Index,DFH Dividend Low Volatility,830.26,830.26,819.69,820.48,,-1.33,2138.61,162.94,,
2014-04-29,931446,中证东方红红利低波动指数,东证红利低波,CSI Dongfanghong Dividend Low Volatility Index,DFH Dividend Low Volatility,818.16,826.2,818.16,826.07,,0.68,1431.77,117.78,,
2014-04-30,931446,中证东方红红利低波动指数,东证红利低波,CSI Dongfanghong Dividend Low Volatility Index,DFH Dividend Low Volatility,826.52,829.09,826.24,828.51,,0.3,1573.47,113.33,,
2014-05-05,931446,中证东方红红利低波动指数,东证红利低波,CSI Dongfanghong Dividend Low Volatility Index,DFH Dividend Low Volatility,827.49,828.4,821.38,828.21,,-0.04,1709.86,128.32,,
2014-05-06,931446,中证东方红红利低波动指数,东证红利低波,CSI Dongfanghong Dividend Low Volatility Index,DFH Dividend Low Volatility,825.17,831.82,825.17,828.17,,-0.01,1494.73,111.54,,
2014-05-07,931446,中证东方红红利低波动指数,东证红利低波,CSI Dongfanghong Dividend Low Volatility Index,DFH Dividend Low Volatility,826.82,827.17,821.59,822.11,,-0.73,1590.07,118.42,,
2014-05-08,931446,中证东方红红利低波动指数,东证红利低波,CSI Dongfanghong Dividend Low Volatility Index,DFH Dividend Low Volatility,820.57,830.59,820.57,822.35,,0.03,1631.64,117.89,,
2014-05-09,931446,中证东方红红利低波动指数,东证红利低波,CSI Dongfanghong Dividend Low Volatility Index,DFH Dividend Low Volatility,823.47,823.87,816.77,820.03,,-0.28,1447.95,101.56,,
2014-05-12,931446,中证东方红红利低波动指数,东证红利低波,CSI Dongfanghong Dividend Low Volatility Index,DFH Dividend Low Volatility,826.23,836.82,823.51,836.3,,1.98,2347.71,174.8,,
2014-05-13,931446,中证东方红红利低波动指数,东证红利低波,CSI Dongfanghong Dividend Low Volatility Index,DFH Dividend Low Volatility,836.38,836.84,832.9,836.0,,-0.04,1926.66,126.93,,
2014-05-14,931446,中证东方红红利低波动指数,东证红利低波,CSI Dongfanghong Dividend Low Volatility Index,DFH Dividend Low Volatility,835.79,837.59,834.15,835.06,,-0.11,1352.53,105.61,,
2014-05-15,931446,中证东方红红利低波动指数,东证红利低波,CSI Dongfanghong Dividend Low Volatility Index,DFH Dividend Low Volatility,833.47,834.6,825.34,825.52,,-1.14,1410.41,101.84,,
2014-05-16,931446,中证东方红红利低波动指数,东证红利低波,CSI Dongfanghong Dividend Low Volatility Index,DFH Dividend Low Volatility,824.75,826.24,820.21,826.03,,0.06,1189.13,91.11,,
2014-05-19,931446,中证东方红红利低波动指数,东证红利低波,CSI Dongfanghong Dividend Low Volatility Index,DFH Dividend Low Volatility,824.24,824.24,814.87,817.97,,-0.98,1433.34,119.91,,
2014-05-20,931446,中证东方红红利低波动指数,东证红利低波,CSI Dongfanghong Dividend Low Volatility Index,DFH Dividend Low Volatility,820.66,822.5,815.95,817.66,,-0.04,1183.91,94.47,,
2014-05-21,931446,中证东方红红利低波动指数,东证红利低波,CSI Dongfanghong Dividend Low Volatility Index,DFH Dividend Low Volatility,814.77,824.34,811.09,824.34,,0.82,1094.74,89.06,,
2014-05-22,931446,中证东方红红利低波动指数,东证红利低波,CSI Dongfanghong Dividend Low Volatility Index,DFH Dividend Low Volatility,824.59,830.34,823.82,823.82,,-0.06,1435.82,113.73,,
2014-05-23,931446,中证东方红红利低波动指数,东证红利低波,CSI Dongfanghong Dividend Low Volatility Index,DFH Dividend Low Volatility,821.04,826.98,820.44,826.98,,0.38,1134.5,91.66,,
2014-05-26,931446,中证东方红红利低波动指数,东证红利低波,CSI Dongfanghong Dividend Low Volatility Index,DFH Dividend Low Volatility,830.18,831.29,828.69,830.88,,0.47,1171.17,98.25,,
2014-05-27,931446,中证东方红红利低波动指数,东证红利低波,CSI Dongfanghong Dividend Low Volatility Index,DFH Dividend Low Volatility,830.08,831.19,827.45,827.65,,-0.39,1099.11,91.95,,
2014-05-28,931446,中证东方红红利低波动指数,东证红利低波,CSI Dongfanghong Dividend Low Volatility Index,DFH Dividend Low Volatility,826.94,833.22,826.08,833.22,,0.67,1303.81,113.77,,
2014-05-29,931446,中证东方红红利低波动指数,东证红利低波,CSI Dongfanghong Dividend Low Volatility Index,DFH Dividend Low Volatility,833.57,834.81,829.3,829.36,,-0.46,1266.16,109.28,,
2014-05-30,931446,中证东方红红利低波动指数,东证红利低波,CSI Dongfanghong Dividend Low Volatility Index,DFH Dividend Low Volatility,828.93,830.52,825.45,827.82,,-0.19,1204.56,97.6,,
2014-06-03,931446,中证东方红红利低波动指数,东证红利低波,CSI Dongfanghong Dividend Low Volatility Index,DFH Dividend Low Volatility,828.22,831.58,825.69,825.69,,-0.26,1191.84,94.71,,
2014-06-04,931446,中证东方红红利低波动指数,东证红利低波,CSI Dongfanghong Dividend Low Volatility Index,DFH Dividend Low Volatility,825.39,825.39,814.88,817.65,,-0.97,1190.49,96.21,,
2014-06-05,931446,中证东方红红利低波动指数,东证红利低波,CSI Dongfanghong Dividend Low Volatility Index,DFH Dividend Low Volatility,817.06,825.55,815.9,825.55,,0.97,1083.54,92.5,,
2014-06-06,931446,中证东方红红利低波动指数,东证红利低波,CSI Dongfanghong Dividend Low Volatility Index,DFH Dividend Low Volatility,825.16,825.16,817.69,820.05,,-0.67,1025.84,85.9,,
2014-06-09,931446,中证东方红红利低波动指数,东证红利低波,CSI Dongfanghong Dividend Low Volatility Index,DFH Dividend Low Volatility,818.36,823.39,817.78,818.19,,-0.23,1072.35,87.44,,
2014-06-10,931446,中证东方红红利低波动指数,东证红利低波,CSI Dongfanghong Dividend Low Volatility Index,DFH Dividend Low Volatility,819.58,826.34,817.34,826.34,,1.0,1491.72,124.39,,
2014-06-11,931446,中证东方红红利低波动指数,东证红利低波,CSI Dongfanghong Dividend Low Volatility Index,DFH Dividend Low Volatility,825.39,827.58,824.0,827.55,,0.15,1195.5,98.48,,
2014-06-12,931446,中证东方红红利低波动指数,东证红利低波,CSI Dongfanghong Dividend Low Volatility Index,DFH Dividend Low Volatility,825.85,825.85,822.82,823.6,,-0.48,1182.88,99.51,,
2014-06-13,931446,中证东方红红利低波动指数,东证红利低波,CSI Dongfanghong Dividend Low Volatility Index,DFH Dividend Low Volatility,822.04,830.68,821.76,830.09,,0.79,1988.85,164.06,,
2014-06-16,931446,中证东方红红利低波动指数,东证红利低波,CSI Dongfanghong Dividend Low Volatility Index,DFH Dividend Low Volatility,830.51,836.13,830.51,836.13,,0.73,2326.6,161.55,,
2014-06-17,931446,中证东方红红利低波动指数,东证红利低波,CSI Dongfanghong Dividend Low Volatility Index,DFH Dividend Low Volatility,834.41,834.41,828.63,828.97,,-0.86,1760.22,128.35,,
2014-06-18,931446,中证东方红红利低波动指数,东证红利低波,CSI Dongfanghong Dividend Low Volatility Index,DFH Dividend Low Volatility,828.56,828.56,823.07,823.23,,-0.69,1673.15,114.15,,
2014-06-19,931446,中证东方红红利低波动指数,东证红利低波,CSI Dongfanghong Dividend Low Volatility Index,DFH Dividend Low Volatility,823.43,824.87,810.52,812.42,,-1.31,1658.15,113.83,,
2014-06-20,931446,中证东方红红利低波动指数,东证红利低波,CSI Dongfanghong Dividend Low Volatility Index,DFH Dividend Low Volatility,810.97,815.55,810.49,815.55,,0.39,1401.27,93.35,,
2014-06-23,931446,中证东方红红利低波动指数,东证红利低波,CSI Dongfanghong Dividend Low Volatility Index,DFH Dividend Low Volatility,815.17,817.41,812.53,812.93,,-0.32,1296.81,95.9,,
2014-06-24,931446,中证东方红红利低波动指数,东证红利低波,CSI Dongfanghong Dividend Low Volatility Index,DFH Dividend Low Volatility,812.41,817.01,812.17,816.96,,0.5,1217.71,97.91,,
2014-06-25,931446,中证东方红红利低波动指数,东证红利低波,CSI Dongfanghong Dividend Low Volatility Index,DFH Dividend Low Volatility,815.88,815.88,812.21,814.22,,-0.33,1179.06,83.99,,
2014-06-26,931446,中证东方红红利低波动指数,东证红利低波,CSI Dongfanghong Dividend Low Volatility Index,DFH Dividend Low Volatility,814.72,819.2,814.72,819.13,,0.6,1431.52,97.49,,
2014-06-27,931446,中证东方红红利低波动指数,东证红利低波,CSI Dongfanghong Dividend Low Volatility Index,DFH Dividend Low Volatility,816.49,820.56,814.86,818.83,,-0.04,1572.89,108.5,,
2014-06-30,931446,中证东方红红利低波动指数,东证红利低波,CSI Dongfanghong Dividend Low Volatility Index,DFH Dividend Low Volatility,820.4,824.97,820.4,824.97,,0.75,1710.17,123.08,,
2014-07-01,931446,中证东方红红利低波动指数,东证红利低波,CSI Dongfanghong Dividend Low Volatility Index,DFH Dividend Low Volatility,825.16,825.16,821.34,823.33,,-0.2,1525.74,106.39,,
2014-07-02,931446,中证东方红红利低波动指数,东证红利低波,CSI Dongfanghong Dividend Low Volatility Index,DFH Dividend Low Volatility,823.55,827.19,821.73,827.02,,0.45,1659.56,112.85,,
2014-07-03,931446,中证东方红红利低波动指数,东证红利低波,CSI Dongfanghong Dividend Low Volatility Index,DFH Dividend Low Volatility,826.39,831.53,825.4,830.83,,0.46,1939.78,126.47,,
2014-07-04,931446,中证东方红红利低波动指数,东证红利低波,CSI Dongfanghong Dividend Low Volatility Index,DFH Dividend Low Volatility,831.1,831.96,829.3,830.63,,-0.02,1616.97,110.24,,
2014-07-07,931446,中证东方红红利低波动指数,东证红利低波,CSI Dongfanghong Dividend Low Volatility Index,DFH Dividend Low Volatility,830.62,831.95,827.8,830.97,,0.04,1590.38,109.93,,
2014-07-08,931446,中证东方红红利低波动指数,东证红利低波,CSI Dongfanghong Dividend Low Volatility Index,DFH Dividend Low Volatility,830.75,835.18,828.57,835.18,,0.51,1618.4,110.37,,
2014-07-09,931446,中证东方红红利低波动指数,东证红利低波,CSI Dongfanghong Dividend Low Volatility Index,DFH Dividend Low Volatility,834.53,834.53,824.9,824.97,,-1.22,1937.19,140.22,,
2014-07-10,931446,中证东方红红利低波动指数,东证红利低波,CSI Dongfanghong Dividend Low Volatility Index,DFH Dividend Low Volatility,822.74,827.66,822.43,824.94,,0.0,1827.81,122.61,,
2014-07-11,931446,中证东方红红利低波动指数,东证红利低波,CSI Dongfanghong Dividend Low Volatility Index,DFH Dividend Low Volatility,821.89,829.06,821.89,826.63,,0.21,1910.03,123.14,,
2014-07-14,931446,中证东方红红利低波动指数,东证红利低波,CSI Dongfanghong Dividend Low Volatility Index,DFH Dividend Low Volatility,826.82,836.2,826.82,836.11,,1.15,2037.52,145.31,,
2014-07-15,931446,中证东方红红利低波动指数,东证红利低波,CSI Dongfanghong Dividend Low Volatility Index,DFH Dividend Low Volatility,835.76,838.2,833.5,837.66,,0.19,2249.32,165.03,,
2014-07-16,931446,中证东方红红利低波动指数,东证红利低波,CSI Dongfanghong Dividend Low Volatility Index,DFH Dividend Low Volatility,837.54,845.5,837.54,843.27,,0.67,3534.73,201.82,,
2014-07-17,931446,中证东方红红利低波动指数,东证红利低波,CSI Dongfanghong Dividend Low Volatility Index,DFH Dividend Low Volatility,842.02,842.02,835.77,838.68,,-0.54,2260.66,136.41,,
2014-07-18,931446,中证东方红红利低波动指数,东证红利低波,CSI Dongfanghong Dividend Low Volatility Index,DFH Dividend Low Volatility,835.44,846.1,835.44,842.03,,0.4,2478.35,168.74,,
2014-07-21,931446,中证东方红红利低波动指数,东证红利低波,CSI Dongfanghong Dividend Low Volatility Index,DFH Dividend Low Volatility,842.2,844.76,841.39,843.38,,0.16,1948.79,138.51,,
2014-07-22,931446,中证东方红红利低波动指数,东证红利低波,CSI Dongfanghong Dividend Low Volatility Index,DFH Dividend Low Volatility,842.15,852.38,842.15,851.6,,0.97,2662.76,189.91,,
2014-07-23,931446,中证东方红红利低波动指数,东证红利低波,CSI Dongfanghong Dividend Low Volatility Index,DFH Dividend Low Volatility,851.12,854.83,849.85,852.28,,0.08,3049.34,202.2,,
2014-07-24,931446,中证东方红红利低波动指数,东证红利低波,CSI Dongfanghong Dividend Low Volatility Index,DFH Dividend Low Volatility,852.39,863.25,852.39,862.9,,1.25,4148.96,293.83,,
2014-07-25,931446,中证东方红红利低波动指数,东证红利低波,CSI Dongfanghong Dividend Low Volatility Index,DFH Dividend Low Volatility,864.48,871.35,864.48,871.35,,0.98,3227.52,218.27,,
2014-07-28,931446,中证东方红红利低波动指数,东证红利低波,CSI Dongfanghong Dividend Low Volatility Index,DFH Dividend Low Volatility,874.51,891.2,874.51,890.88,,2.24,6591.52,444.43,,
2014-07-29,931446,中证东方红红利低波动指数,东证红利低波,CSI Dongfanghong Dividend Low Volatility Index,DFH Dividend Low Volatility,891.99,895.23,889.49,892.41,,0.17,4786.41,316.12,,
2014-07-30,931446,中证东方红红利低波动指数,东证红利低波,CSI Dongfanghong Dividend Low Volatility Index,DFH Dividend Low Volatility,889.32,891.73,885.33,886.04,,-0.71,4285.45,293.9,,
2014-07-31,931446,中证东方红红利低波动指数,东证红利低波,CSI Dongfanghong Dividend Low Volatility Index,DFH Dividend Low Volatility,885.52,896.07,884.32,896.07,,1.13,3565.26,230.61,,
2014-08-01,931446,中证东方红红利低波动指数,东证红利低波,CSI Dongfanghong Dividend Low Volatility Index,DFH Dividend Low Volatility,893.45,904.78,891.82,891.82,,-0.47,4589.39,301.08,,
2014-08-04,931446,中证东方红红利低波动指数,东证红利低波,CSI Dongfanghong Dividend Low Volatility Index,DFH Dividend Low Volatility,893.5,907.38,893.5,907.38,,1.75,4204.94,278.43,,
2014-08-05,931446,中证东方红红利低波动指数,东证红利低波,CSI Dongfanghong Dividend Low Volatility Index,DFH Dividend Low Volatility,907.36,907.36,901.35,906.24,,-0.13,3209.29,221.85,,
2014-08-06,931446,中证东方红红利低波动指数,东证红利低波,CSI Dongfanghong Dividend Low Volatility Index,DFH Dividend Low Volatility,903.45,907.23,896.14,905.8,,-0.05,3328.6,226.43,,
2014-08-07,931446,中证东方红红利低波动指数,东证红利低波,CSI Dongfanghong Dividend Low Volatility Index,DFH Dividend Low Volatility,905.41,905.41,892.64,892.64,,-1.45,3232.51,223.7,,
2014-08-08,931446,中证东方红红利低波动指数,东证红利低波,CSI Dongfanghong Dividend Low Volatility Index,DFH Dividend Low Volatility,891.62,895.35,889.09,893.81,,0.13,2650.03,180.37,,
2014-08-11,931446,中证东方红红利低波动指数,东证红利低波,CSI Dongfanghong Dividend Low Volatility Index,DFH Dividend Low Volatility,895.56,906.76,895.56,906.76,,1.45,2778.09,204.82,,
2014-08-12,931446,中证东方红红利低波动指数,东证红利低波,CSI Dongfanghong Dividend Low Volatility Index,DFH Dividend Low Volatility,905.72,905.72,900.39,903.76,,-0.33,2582.26,189.31,,
2014-08-13,931446,中证东方红红利低波动指数,东证红利低波,CSI Dongfanghong Dividend Low Volatility Index,DFH Dividend Low Volatility,904.28,907.57,898.34,904.06,,0.03,2945.98,227.19,,
2014-08-14,931446,中证东方红红利低波动指数,东证红利低波,CSI Dongfanghong Dividend Low Volatility Index,DFH Dividend Low Volatility,903.19,906.13,897.21,897.29,,-0.75,2650.97,203.21,,
2014-08-15,931446,中证东方红红利低波动指数,东证红利低波,CSI Dongfanghong Dividend Low Volatility Index,DFH Dividend Low Volatility,896.9,905.66,896.42,904.51,,0.8,2681.29,208.3,,
2014-08-18,931446,中证东方红红利低波动指数,东证红利低波,CSI Dongfanghong Dividend Low Volatility Index,DFH Dividend Low Volatility,905.59,910.74,905.59,909.92,,0.6,2731.22,212.38,,
2014-08-19,931446,中证东方红红利低波动指数,东证红利低波,CSI Dongfanghong Dividend Low Volatility Index,DFH Dividend Low Volatility,910.71,910.71,904.73,909.72,,-0.02,2939.92,218.19,,
2014-08-20,931446,中证东方红红利低波动指数,东证红利低波,CSI Dongfanghong Dividend Low Volatility Index,DFH Dividend Low Volatility,907.29,909.66,905.45,907.18,,-0.28,2492.58,185.79,,
2014-08-21,931446,中证东方红红利低波动指数,东证红利低波,CSI Dongfanghong Dividend Low Volatility Index,DFH Dividend Low Volatility,906.42,906.42,894.12,901.34,,-0.64,2527.92,184.01,,
2014-08-22,931446,中证东方红红利低波动指数,东证红利低波,CSI Dongfanghong Dividend Low Volatility Index,DFH Dividend Low Volatility,900.94,906.41,900.24,906.35,,0.56,2387.48,174.0,,
2014-08-25,931446,中证东方红红利低波动指数,东证红利低波,CSI Dongfanghong Dividend Low Volatility Index,DFH Dividend Low Volatility,906.71,906.71,898.69,901.56,,-0.53,2938.72,194.73,,
2014-08-26,931446,中证东方红红利低波动指数,东证红利低波,CSI Dongfanghong Dividend Low Volatility Index,DFH Dividend Low Volatility,899.85,903.71,890.0,892.34,,-1.02,2668.13,189.85,,
2014-08-27,931446,中证东方红红利低波动指数,东证红利低波,CSI Dongfanghong Dividend Low Volatility Index,DFH Dividend Low Volatility,891.69,894.86,891.1,892.14,,-0.02,1799.3,132.86,,
2014-08-28,931446,中证东方红红利低波动指数,东证红利低波,CSI Dongfanghong Dividend Low Volatility Index,DFH Dividend Low Volatility,892.07,894.45,885.76,886.32,,-0.65,2114.32,147.09,,
2014-08-29,931446,中证东方红红利低波动指数,东证红利低波,CSI Dongfanghong Dividend Low Volatility Index,DFH Dividend Low Volatility,888.0,896.36,887.43,896.36,,1.13,1790.94,127.57,,
2014-09-01,931446,中证东方红红利低波动指数,东证红利低波,CSI Dongfanghong Dividend Low Volatility Index,DFH Dividend Low Volatility,896.99,902.94,896.99,902.65,,0.7,2231.15,158.99,,
2014-09-02,931446,中证东方红红利低波动指数,东证红利低波,CSI Dongfanghong Dividend Low Volatility Index,DFH Dividend Low Volatility,904.63,914.42,902.73,914.42,,1.3,3543.73,257.36,,
2014-09-03,931446,中证东方红红利低波动指数,东证红利低波,CSI Dongfanghong Dividend Low Volatility Index,DFH Dividend Low Volatility,915.64,922.41,915.64,921.02,,0.72,4035.17,285.45,,
2014-09-04,931446,中证东方红红利低波动指数,东证红利低波,CSI Dongfanghong Dividend Low Volatility Index,DFH Dividend Low Volatility,921.02,929.24,919.1,929.24,,0.89,3439.17,256.82,,
2014-09-05,931446,中证东方红红利低波动指数,东证红利低波,CSI Dongfanghong Dividend Low Volatility Index,DFH Dividend Low Volatility,931.32,937.47,931.13,937.41,,0.88,4035.58,290.34,,
2014-09-09,931446,中证东方红红利低波动指数,东证红利低波,CSI Dongfanghong Dividend Low Volatility Index,DFH Dividend Low Volatility,938.9,940.83,936.76,938.65,,0.13,3422.81,237.69,,
2014-09-10,931446,中证东方红红利低波动指数,东证红利低波,CSI Dongfanghong Dividend Low Volatility Index,DFH Dividend Low Volatility,935.99,936.65,931.42,935.77,,-0.31,3454.04,223.05,,
2014-09-11,931446,中证东方红红利低波动指数,东证红利低波,CSI Dongfanghong Dividend Low Volatility Index,DFH Dividend Low Volatility,934.91,945.6,930.01,931.98,,-0.41,3914.21,272.82,,
2014-09-12,931446,中证东方红红利低波动指数,东证红利低波,CSI Dongfanghong Dividend Low Volatility Index,DFH Dividend Low Volatility,930.53,938.83,928.96,938.83,,0.74,3224.69,216.33,,
2014-09-15,931446,中证东方红红利低波动指数,东证红利低波,CSI Dongfanghong Dividend Low Volatility Index,DFH Dividend Low Volatility,937.04,941.89,933.89,941.89,,0.33,3619.96,262.25,,
2014-09-16,931446,中证东方红红利低波动指数,东证红利低波,CSI Dongfanghong Dividend Low Volatility Index,DFH Dividend Low Volatility,942.26,945.73,924.94,925.08,,-1.78,6437.94,381.61,,
2014-09-17,931446,中证东方红红利低波动指数,东证红利低波,CSI Dongfanghong Dividend Low Volatility Index,DFH Dividend Low Volatility,926.13,931.46,922.27,931.36,,0.68,4091.67,239.97,,
2014-09-18,931446,中证东方红红利低波动指数,东证红利低波,CSI Dongfanghong Dividend Low Volatility Index,DFH Dividend Low Volatility,929.74,937.32,928.08,936.01,,0.5,4055.07,256.04,,
2014-09-19,931446,中证东方红红利低波动指数,东证红利低波,CSI Dongfanghong Dividend Low Volatility Index,DFH Dividend Low Volatility,935.85,941.61,932.46,941.55,,0.59,3234.4,224.0,,
2014-09-22,931446,中证东方红红利低波动指数,东证红利低波,CSI Dongfanghong Dividend Low Volatility Index,DFH Dividend Low Volatility,939.28,939.28,924.07,925.69,,-1.68,3524.45,245.29,,
2014-09-23,931446,中证东方红红利低波动指数,东证红利低波,CSI Dongfanghong Dividend Low Volatility Index,DFH Dividend Low Volatility,925.31,934.66,925.31,934.66,,0.97,2719.63,193.28,,
2014-09-24,931446,中证东方红红利低波动指数,东证红利低波,CSI Dongfanghong Dividend Low Volatility Index,DFH Dividend Low Volatility,931.75,947.24,931.75,947.05,,1.33,4562.16,307.31,,
2014-09-25,931446,中证东方红红利低波动指数,东证红利低波,CSI Dongfanghong Dividend Low Volatility Index,DFH Dividend Low Volatility,950.52,956.59,946.33,949.31,,0.24,4306.93,290.02,,
2014-09-26,931446,中证东方红红利低波动指数,东证红利低波,CSI Dongfanghong Dividend Low Volatility Index,DFH Dividend Low Volatility,948.03,953.82,947.21,952.44,,0.33,3059.09,203.32,,
2014-09-29,931446,中证东方红红利低波动指数,东证红利低波,CSI Dongfanghong Dividend Low Volatility Index,DFH Dividend Low Volatility,954.1,958.36,953.7,958.36,,0.62,3868.4,273.56,,
2014-09-30,931446,中证东方红红利低波动指数,东证红利低波,CSI Dongfanghong Dividend Low Volatility Index,DFH Dividend Low Volatility,959.14,960.65,955.51,959.94,,0.17,3491.11,246.17,,
2014-10-08,931446,中证东方红红利低波动指数,东证红利低波,CSI Dongfanghong Dividend Low Volatility Index,DFH Dividend Low Volatility,962.48,968.67,957.88,968.67,,0.91,4213.03,313.36,,
2014-10-09,931446,中证东方红红利低波动指数,东证红利低波,CSI Dongfanghong Dividend Low Volatility Index,DFH Dividend Low Volatility,968.43,971.65,961.57,970.13,,0.15,4534.11,315.95,,
2014-10-10,931446,中证东方红红利低波动指数,东证红利低波,CSI Dongfanghong Dividend Low Volatility Index,DFH Dividend Low Volatility,966.56,966.56,958.92,962.86,,-0.75,4061.98,283.78,,
2014-10-13,931446,中证东方红红利低波动指数,东证红利低波,CSI Dongfanghong Dividend Low Volatility Index,DFH Dividend Low Volatility,958.78,958.78,948.23,956.26,,-0.69,3609.27,257.61,,
2014-10-14,931446,中证东方红红利低波动指数,东证红利低波,CSI Dongfanghong Dividend Low Volatility Index,DFH Dividend Low Volatility,954.31,962.35,950.65,954.52,,-0.18,3448.52,238.59,,
2014-10-15,931446,中证东方红红利低波动指数,东证红利低波,CSI Dongfanghong Dividend Low Volatility Index,DFH Dividend Low Volatility,953.78,961.98,950.53,961.97,,0.78,4073.58,279.91,,
2014-10-16,931446,中证东方红红利低波动指数,东证红利低波,CSI Dongfanghong Dividend Low Volatility Index,DFH Dividend Low Volatility,957.16,970.01,956.94,957.59,,-0.46,6392.23,405.44,,
2014-10-17,931446,中证东方红红利低波动指数,东证红利低波,CSI Dongfanghong Dividend Low Volatility Index,DFH Dividend Low Volatility,956.04,957.89,941.33,951.14,,-0.67,4936.77,335.44,,
2014-10-20,931446,中证东方红红利低波动指数,东证红利低波,CSI Dongfanghong Dividend Low Volatility Index,DFH Dividend Low Volatility,953.94,958.92,952.71,958.92,,0.82,3184.54,239.33,,
2014-10-21,931446,中证东方红红利低波动指数,东证红利低波,CSI Dongfanghong Dividend Low Volatility Index,DFH Dividend Low Volatility,958.23,961.99,952.97,953.35,,-0.58,3246.46,236.5,,
2014-10-22,931446,中证东方红红利低波动指数,东证红利低波,CSI Dongfanghong Dividend Low Volatility Index,DFH Dividend Low Volatility,953.35,956.08,946.74,946.77,,-0.69,2884.72,217.24,,
2014-10-23,931446,中证东方红红利低波动指数,东证红利低波,CSI Dongfanghong Dividend Low Volatility Index,DFH Dividend Low Volatility,945.26,946.64,936.14,936.6,,-1.08,3825.84,262.9,,
2014-10-24,931446,中证东方红红利低波动指数,东证红利低波,CSI Dongfanghong Dividend Low Volatility Index,DFH Dividend Low Volatility,937.41,940.67,934.25,935.7,,-0.09,2898.93,209.15,,
2014-10-27,931446,中证东方红红利低波动指数,东证红利低波,CSI Dongfanghong Dividend Low Volatility Index,DFH Dividend Low Volatility,932.74,932.74,927.98,930.88,,-0.52,2609.06,194.05,,
2014-10-28,931446,中证东方红红利低波动指数,东证红利低波,CSI Dongfanghong Dividend Low Volatility Index,DFH Dividend Low Volatility,932.46,951.11,932.46,951.11,,2.17,3726.63,267.82,,
2014-10-29,931446,中证东方红红利低波动指数,东证红利低波,CSI Dongfanghong Dividend Low Volatility Index,DFH Dividend Low Volatility,953.08,969.78,952.91,967.73,,1.75,6213.89,416.04,,
2014-10-30,931446,中证东方红红利低波动指数,东证红利低波,CSI Dongfanghong Dividend Low Volatility Index,DFH Dividend Low Volatility,966.48,985.85,966.48,983.68,,1.65,8568.52,489.25,,
2014-10-31,931446,中证东方红红利低波动指数,东证红利低波,CSI Dongfanghong Dividend Low Volatility Index,DFH Dividend Low Volatility,985.79,1000.38,982.52,998.85,,1.54,11559.44,711.04,,
2014-11-03,931446,中证东方红红利低波动指数,东证红利低波,CSI Dongfanghong Dividend Low Volatility Index,DFH Dividend Low Volatility,1000.2,1007.37,999.67,1004.62,,0.58,8581.58,510.52,,
2014-11-04,931446,中证东方红红利低波动指数,东证红利低波,CSI Dongfanghong Dividend Low Volatility Index,DFH Dividend Low Volatility,1004.09,1008.79,1000.4,1007.5,,0.29,9174.41,515.88,,
2014-11-05,931446,中证东方红红利低波动指数,东证红利低波,CSI Dongfanghong Dividend Low Volatility Index,DFH Dividend Low Volatility,1009.22,1010.54,1002.9,1002.99,,-0.45,6917.14,423.4,,
2014-11-06,931446,中证东方红红利低波动指数,东证红利低波,CSI Dongfanghong Dividend Low Volatility Index,DFH Dividend Low Volatility,1003.32,1005.22,995.17,1004.23,,0.12,5277.73,337.41,,
2014-11-07,931446,中证东方红红利低波动指数,东证红利低波,CSI Dongfanghong Dividend Low Volatility Index,DFH Dividend Low Volatility,1005.07,1016.63,998.05,1001.28,,-0.29,7661.21,500.06,,
2014-11-10,931446,中证东方红红利低波动指数,东证红利低波,CSI Dongfanghong Dividend Low Volatility Index,DFH Dividend Low Volatility,1008.19,1028.8,1006.89,1028.8,,2.75,10138.4,684.43,,
2014-11-11,931446,中证东方红红利低波动指数,东证红利低波,CSI Dongfanghong Dividend Low Volatility Index,DFH Dividend Low Volatility,1031.97,1040.35,1010.96,1020.77,,-0.78,14938.08,983.68,,
2014-11-12,931446,中证东方红红利低波动指数,东证红利低波,CSI Dongfanghong Dividend Low Volatility Index,DFH Dividend Low Volatility,1015.63,1036.44,1015.63,1036.44,,1.54,7743.26,516.29,,
2014-11-13,931446,中证东方红红利低波动指数,东证红利低波,CSI Dongfanghong Dividend Low Volatility Index,DFH Dividend Low Volatility,1037.16,1039.46,1027.93,1029.91,,-0.63,8501.09,596.65,,
2014-11-14,931446,中证东方红红利低波动指数,东证红利低波,CSI Dongfanghong Dividend Low Volatility Index,DFH Dividend Low Volatility,1026.16,1027.91,1019.55,1027.89,,-0.2,5668.7,417.28,,
2014-11-17,931446,中证东方红红利低波动指数,东证红利低波,CSI Dongfanghong Dividend Low Volatility Index,DFH Dividend Low Volatility,1043.58,1043.58,1028.23,1028.73,,0.08,6421.33,497.69,,
2014-11-18,931446,中证东方红红利低波动指数,东证红利低波,CSI Dongfanghong Dividend Low Volatility Index,DFH Dividend Low Volatility,1028.45,1028.45,1015.53,1017.94,,-1.05,5828.26,397.56,,
2014-11-19,931446,中证东方红红利低波动指数,东证红利低波,CSI Dongfanghong Dividend Low Volatility Index,DFH Dividend Low Volatility,1016.54,1018.44,1011.74,1016.3,,-0.16,4135.3,288.1,,
2014-11-20,931446,中证东方红红利低波动指数,东证红利低波,CSI Dongfanghong Dividend Low Volatility Index,DFH Dividend Low Volatility,1012.5,1019.71,1011.11,1017.57,,0.12,3857.5,287.56,,
2014-11-21,931446,中证东方红红利低波动指数,东证红利低波,CSI Dongfanghong Dividend Low Volatility Index,DFH Dividend Low Volatility,1017.41,1032.71,1014.0,1032.71,,1.49,5373.13,402.95,,
2014-11-24,931446,中证东方红红利低波动指数,东证红利低波,CSI Dongfanghong Dividend Low Volatility Index,DFH Dividend Low Volatility,1040.09,1056.56,1037.25,1051.23,,1.79,10412.19,810.31,,
2014-11-25,931446,中证东方红红利低波动指数,东证红利低波,CSI Dongfanghong Dividend Low Volatility Index,DFH Dividend Low Volatility,1050.0,1067.79,1050.0,1067.79,,1.58,8358.83,601.41,,
2014-11-26,931446,中证东方红红利低波动指数,东证红利低波,CSI Dongfanghong Dividend Low Volatility Index,DFH Dividend Low Volatility,1070.71,1077.51,1067.62,1077.21,,0.88,9833.38,756.88,,
2014-11-27,931446,中证东方红红利低波动指数,东证红利低波,CSI Dongfanghong Dividend Low Volatility Index,DFH Dividend Low Volatility,1082.34,1083.94,1075.65,1083.94,,0.63,10314.11,805.94,,
2014-11-28,931446,中证东方红红利低波动指数,东证红利低波,CSI Dongfanghong Dividend Low Volatility Index,DFH Dividend Low Volatility,1084.76,1109.55,1083.68,1109.55,,2.36,18098.5,1236.98,,
2014-12-01,931446,中证东方红红利低波动指数,东证红利低波,CSI Dongfanghong Dividend Low Volatility Index,DFH Dividend Low Volatility,1113.68,1124.58,1106.89,1112.0,,0.22,17405.29,1353.36,,
2014-12-02,931446,中证东方红红利低波动指数,东证红利低波,CSI Dongfanghong Dividend Low Volatility Index,DFH Dividend Low Volatility,1106.72,1149.04,1106.72,1144.3,,2.91,17561.57,1344.27,,
2014-12-03,931446,中证东方红红利低波动指数,东证红利低波,CSI Dongfanghong Dividend Low Volatility Index,DFH Dividend Low Volatility,1147.91,1169.33,1133.74,1149.44,,0.45,20576.98,1665.76,,
2014-12-04,931446,中证东方红红利低波动指数,东证红利低波,CSI Dongfanghong Dividend Low Volatility Index,DFH Dividend Low Volatility,1151.14,1192.52,1151.14,1192.52,,3.75,19511.12,1601.81,,
2014-12-05,931446,中证东方红红利低波动指数,东证红利低波,CSI Dongfanghong Dividend Low Volatility Index,DFH Dividend Low Volatility,1192.03,1213.56,1164.01,1194.3,,0.15,25201.13,2152.25,,
2014-12-08,931446,中证东方红红利低波动指数,东证红利低波,CSI Dongfanghong Dividend Low Volatility Index,DFH Dividend Low Volatility,1183.69,1235.88,1182.04,1234.51,,3.37,24004.35,2058.12,,
2014-12-09,931446,中证东方红红利低波动指数,东证红利低波,CSI Dongfanghong Dividend Low Volatility Index,DFH Dividend Low Volatility,1226.79,1279.98,1183.79,1185.43,,-3.98,29099.66,2584.81,,
2014-12-10,931446,中证东方红红利低波动指数,东证红利低波,CSI Dongfanghong Dividend Low Volatility Index,DFH Dividend Low Volatility,1187.76,1237.63,1181.49,1234.65,,4.15,18511.99,1621.25,,
2014-12-11,931446,中证东方红红利低波动指数,东证红利低波,CSI Dongfanghong Dividend Low Volatility Index,DFH Dividend Low Volatility,1228.94,1258.59,1225.84,1239.47,,0.39,15208.27,1326.72,,
2014-12-12,931446,中证东方红红利低波动指数,东证红利低波,CSI Dongfanghong Dividend Low Volatility Index,DFH Dividend Low Volatility,1241.65,1246.72,1230.3,1241.79,,0.19,12217.76,1093.7,,
2014-12-15,931446,中证东方红红利低波动指数,东证红利低波,CSI Dongfanghong Dividend Low Volatility Index,DFH Dividend Low Volatility,1237.59,1250.84,1223.03,1247.71,,0.48,11919.5,943.13,,
2014-12-16,931446,中证东方红红利低波动指数,东证红利低波,CSI Dongfanghong Dividend Low Volatility Index,DFH Dividend Low Volatility,1245.32,1267.13,1240.08,1267.13,,1.56,14708.0,1235.38,,
2014-12-17,931446,中证东方红红利低波动指数,东证红利低波,CSI Dongfanghong Dividend Low Volatility Index,DFH Dividend Low Volatility,1269.04,1293.03,1262.74,1288.49,,1.69,22357.89,1889.84,,
2014-12-18,931446,中证东方红红利低波动指数,东证红利低波,CSI Dongfanghong Dividend Low Volatility Index,DFH Dividend Low Volatility,1291.0,1296.47,1274.44,1283.35,,-0.4,15884.46,1419.55,,
2014-12-19,931446,中证东方红红利低波动指数,东证红利低波,CSI Dongfanghong Dividend Low Volatility Index,DFH Dividend Low Volatility,1281.43,1316.93,1270.65,1316.11,,2.55,18946.43,1518.29,,
2014-12-22,931446,中证东方红红利低波动指数,东证红利低波,CSI Dongfanghong Dividend Low Volatility Index,DFH Dividend Low Volatility,1327.15,1366.66,1327.15,1347.61,,2.39,30614.1,2434.46,,
2014-12-23,931446,中证东方红红利低波动指数,东证红利低波,CSI Dongfanghong Dividend Low Volatility Index,DFH Dividend Low Volatility,1330.25,1351.83,1299.5,1299.5,,-3.57,20850.01,1742.64,,
2014-12-24,931446,中证东方红红利低波动指数,东证红利低波,CSI Dongfanghong Dividend Low Volatility Index,DFH Dividend Low Volatility,1297.89,1303.43,1259.77,1273.17,,-2.03,16392.3,1391.64,,
2014-12-25,931446,中证东方红红利低波动指数,东证红利低波,CSI Dongfanghong Dividend Low Volatility Index,DFH Dividend Low Volatility,1280.34,1314.97,1275.79,1314.97,,3.28,16448.05,1414.97,,
2014-12-26,931446,中证东方红红利低波动指数,东证红利低波,CSI Dongfanghong Dividend Low Volatility Index,DFH Dividend Low Volatility,1317.68,1344.87,1314.78,1343.57,,2.18,19433.34,1739.75,,
2014-12-29,931446,中证东方红红利低波动指数,东证红利低波,CSI Dongfanghong Dividend Low Volatility Index,DFH Dividend Low Volatility,1360.73,1368.91,1337.04,1346.55,,0.22,22512.17,2183.49,,
2014-12-30,931446,中证东方红红利低波动指数,东证红利低波,CSI Dongfanghong Dividend Low Volatility Index,DFH Dividend Low Volatility,1344.38,1353.85,1327.38,1340.13,,-0.48,16543.32,1543.91,,
2014-12-31,931446,中证东方红红利低波动指数,东证红利低波,CSI Dongfanghong Dividend Low Volatility Index,DFH Dividend Low Volatility,1343.13,1375.11,1335.76,1371.98,,2.38,19360.16,1744.7,,
2015-01-05,931446,中证东方红红利低波动指数,东证红利低波,CSI Dongfanghong Dividend Low Volatility Index,DFH Dividend Low Volatility,1383.94,1432.75,1383.94,1428.06,,4.09,23611.39,2220.17,,
2015-01-06,931446,中证东方红红利低波动指数,东证红利低波,CSI Dongfanghong Dividend Low Volatility Index,DFH Dividend Low Volatility,1418.88,1451.19,1415.31,1430.94,,0.2,21956.87,2094.21,,
2015-01-07,931446,中证东方红红利低波动指数,东证红利低波,CSI Dongfanghong Dividend Low Volatility Index,DFH Dividend Low Volatility,1422.22,1431.1,1406.28,1427.89,,-0.21,15656.59,1469.64,,
2015-01-08,931446,中证东方红红利低波动指数,东证红利低波,CSI Dongfanghong Dividend Low Volatility Index,DFH Dividend Low Volatility,1430.36,1430.36,1394.76,1394.76,,-2.32,14652.05,1361.68,,
2015-01-09,931446,中证东方红红利低波动指数,东证红利低波,CSI Dongfanghong Dividend Low Volatility Index,DFH Dividend Low Volatility,1390.66,1435.61,1387.67,1389.97,,-0.34,18931.14,1859.49,,
2015-01-12,931446,中证东方红红利低波动指数,东证红利低波,CSI Dongfanghong Dividend Low Volatility Index,DFH Dividend Low Volatility,1377.82,1377.82,1347.93,1357.76,,-2.32,14019.58,1438.75,,
2015-01-13,931446,中证东方红红利低波动指数,东证红利低波,CSI Dongfanghong Dividend Low Volatility Index,DFH Dividend Low Volatility,1353.24,1369.2,1353.24,1363.69,,0.44,8471.82,865.0,,
2015-01-14,931446,中证东方红红利低波动指数,东证红利低波,CSI Dongfanghong Dividend Low Volatility Index,DFH Dividend Low Volatility,1367.15,1376.54,1352.08,1360.21,,-0.26,10114.52,954.85,,
2015-01-15,931446,中证东方红红利低波动指数,东证红利低波,CSI Dongfanghong Dividend Low Volatility Index,DFH Dividend Low Volatility,1360.99,1405.7,1359.1,1405.7,,3.34,12813.05,1308.45,,
2015-01-16,931446,中证东方红红利低波动指数,东证红利低波,CSI Dongfanghong Dividend Low Volatility Index,DFH Dividend Low Volatility,1411.4,1426.73,1411.4,1420.33,,1.04,15643.26,1607.74,,
2015-01-19,931446,中证东方红红利低波动指数,东证红利低波,CSI Dongfanghong Dividend Low Volatility Index,DFH Dividend Low Volatility,1344.56,1373.18,1295.52,1305.34,,-8.1,18511.29,1772.42,,
2015-01-20,931446,中证东方红红利低波动指数,东证红利低波,CSI Dongfanghong Dividend Low Volatility Index,DFH Dividend Low Volatility,1311.64,1342.0,1311.64,1334.67,,2.25,14465.68,1447.09,,
2015-01-21,931446,中证东方红红利低波动指数,东证红利低波,CSI Dongfanghong Dividend Low Volatility Index,DFH Dividend Low Volatility,1342.98,1390.79,1337.83,1390.14,,4.16,17530.15,1745.29,,
2015-01-22,931446,中证东方红红利低波动指数,东证红利低波,CSI Dongfanghong Dividend Low Volatility Index,DFH Dividend Low Volatility,1389.62,1394.38,1377.39,1392.36,,0.16,12738.55,1298.68,,
2015-01-23,931446,中证东方红红利低波动指数,东证红利低波,CSI Dongfanghong Dividend Low Volatility Index,DFH Dividend Low Volatility,1396.08,1408.94,1387.42,1390.56,,-0.13,13351.94,1358.8,,
2015-01-26,931446,中证东方红红利低波动指数,东证红利低波,CSI Dongfanghong Dividend Low Volatility Index,DFH Dividend Low Volatility,1389.87,1406.58,1385.37,1406.58,,1.15,10245.71,1039.46,,
2015-01-27,931446,中证东方红红利低波动指数,东证红利低波,CSI Dongfanghong Dividend Low Volatility Index,DFH Dividend Low Volatility,1409.07,1409.07,1376.19,1397.53,,-0.64,13331.11,1363.36,,
2015-01-28,931446,中证东方红红利低波动指数,东证红利低波,CSI Dongfanghong Dividend Low Volatility Index,DFH Dividend Low Volatility,1387.22,1397.69,1379.15,1381.27,,-1.16,9658.72,956.19,,
2015-01-29,931446,中证东方红红利低波动指数,东证红利低波,CSI Dongfanghong Dividend Low Volatility Index,DFH Dividend Low Volatility,1364.52,1379.6,1364.52,1372.78,,-0.62,10800.55,993.1,,
2015-01-30,931446,中证东方红红利低波动指数,东证红利低波,CSI Dongfanghong Dividend Low Volatility Index,DFH Dividend Low Volatility,1377.12,1379.24,1353.14,1353.14,,-1.43,9817.53,958.52,,
2015-02-02,931446,中证东方红红利低波动指数,东证红利低波,CSI Dongfanghong Dividend Low Volatility Index,DFH Dividend Low Volatility,1324.73,1333.1,1313.68,1314.63,,-2.85,9484.01,879.82,,
2015-02-03,931446,中证东方红红利低波动指数,东证红利低波,CSI Dongfanghong Dividend Low Volatility Index,DFH Dividend Low Volatility,1325.57,1341.7,1317.22,1341.7,,2.06,9301.17,889.22,,
2015-02-04,931446,中证东方红红利低波动指数,东证红利低波,CSI Dongfanghong Dividend Low Volatility Index,DFH Dividend Low Volatility,1345.01,1352.8,1333.62,1333.62,,-0.6,8460.83,817.52,,
2015-02-05,931446,中证东方红红利低波动指数,东证红利低波,CSI Dongfanghong Dividend Low Volatility Index,DFH Dividend Low Volatility,1365.39,1365.39,1315.25,1315.25,,-1.38,12626.84,1167.78,,
2015-02-06,931446,中证东方红红利低波动指数,东证红利低波,CSI Dongfanghong Dividend Low Volatility Index,DFH Dividend Low Volatility,1307.56,1308.47,1274.63,1281.62,,-2.56,9365.22,830.19,,
2015-02-09,931446,中证东方红红利低波动指数,东证红利低波,CSI Dongfanghong Dividend Low Volatility Index,DFH Dividend Low Volatility,1277.86,1291.03,1268.99,1284.41,,0.22,8020.5,745.97,,
2015-02-10,931446,中证东方红红利低波动指数,东证红利低波,CSI Dongfanghong Dividend Low Volatility Index,DFH Dividend Low Volatility,1284.11,1310.68,1284.11,1310.68,,2.05,7501.09,688.69,,
2015-02-11,931446,中证东方红红利低波动指数,东证红利低波,CSI Dongfanghong Dividend Low Volatility Index,DFH Dividend Low Volatility,1313.22,1317.86,1310.62,1313.73,,0.23,5735.23,568.77,,
2015-02-12,931446,中证东方红红利低波动指数,东证红利低波,CSI Dongfanghong Dividend Low Volatility Index,DFH Dividend Low Volatility,1315.11,1324.24,1307.96,1322.22,,0.65,7027.98,673.87,,
2015-02-13,931446,中证东方红红利低波动指数,东证红利低波,CSI Dongfanghong Dividend Low Volatility Index,DFH Dividend Low Volatility,1327.45,1346.44,1326.67,1335.68,,1.02,9572.79,866.03,,
2015-02-16,931446,中证东方红红利低波动指数,东证红利低波,CSI Dongfanghong Dividend Low Volatility Index,DFH Dividend Low Volatility,1335.77,1341.16,1332.44,1340.57,,0.37,6760.73,654.51,,
2015-02-17,931446,中证东方红红利低波动指数,东证红利低波,CSI Dongfanghong Dividend Low Volatility Index,DFH Dividend Low Volatility,1343.43,1353.41,1343.43,1350.9,,0.77,6860.57,659.74,,
2015-02-25,931446,中证东方红红利低波动指数,东证红利低波,CSI Dongfanghong Dividend Low Volatility Index,DFH Dividend Low Volatility,1354.12,1357.08,1341.52,1346.41,,-0.33,7998.32,755.72,,
2015-02-26,931446,中证东方红红利低波动指数,东证红利低波,CSI Dongfanghong Dividend Low Volatility Index,DFH Dividend Low Volatility,1344.41,1376.22,1338.88,1375.52,,2.16,10865.05,983.47,,
2015-02-27,931446,中证东方红红利低波动指数,东证红利低波,CSI Dongfanghong Dividend Low Volatility Index,DFH Dividend Low Volatility,1374.98,1380.86,1371.33,1375.92,,0.03,9676.87,869.3,,
2015-03-02,931446,中证东方红红利低波动指数,东证红利低波,CSI Dongfanghong Dividend Low Volatility Index,DFH Dividend Low Volatility,1386.62,1386.71,1374.8,1386.71,,0.78,10134.91,956.87,,
2015-03-03,931446,中证东方红红利低波动指数,东证红利低波,CSI Dongfanghong Dividend Low Volatility Index,DFH Dividend Low Volatility,1380.58,1380.58,1358.92,1358.92,,-2.0,11533.13,1063.38,,
2015-03-04,931446,中证东方红红利低波动指数,东证红利低波,CSI Dongfanghong Dividend Low Volatility Index,DFH Dividend Low Volatility,1359.39,1365.63,1354.41,1364.75,,0.43,8352.46,782.33,,
2015-03-05,931446,中证东方红红利低波动指数,东证红利低波,CSI Dongfanghong Dividend Low Volatility Index,DFH Dividend Low Volatility,1358.7,1359.54,1337.16,1348.14,,-1.22,10021.97,927.54,,
2015-03-06,931446,中证东方红红利低波动指数,东证红利低波,CSI Dongfanghong Dividend Low Volatility Index,DFH Dividend Low Volatility,1348.88,1360.17,1348.88,1354.18,,0.45,7716.97,734.49,,
2015-03-09,931446,中证东方红红利低波动指数,东证红利低波,CSI Dongfanghong Dividend Low Volatility Index,DFH Dividend Low Volatility,1352.33,1389.49,1344.5,1389.48,,2.61,12432.0,1116.23,,
2015-03-10,931446,中证东方红红利低波动指数,东证红利低波,CSI Dongfanghong Dividend Low Volatility Index,DFH Dividend Low Volatility,1383.98,1393.2,1381.34,1383.79,,-0.41,9560.96,930.55,,
2015-03-11,931446,中证东方红红利低波动指数,东证红利低波,CSI Dongfanghong Dividend Low Volatility Index,DFH Dividend Low Volatility,1385.49,1399.76,1381.6,1386.87,,0.22,8869.35,854.55,,
2015-03-12,931446,中证东方红红利低波动指数,东证红利低波,CSI Dongfanghong Dividend Low Volatility Index,DFH Dividend Low Volatility,1400.05,1418.32,1394.57,1415.36,,2.06,15347.1,1491.79,,
2015-03-13,931446,中证东方红红利低波动指数,东证红利低波,CSI Dongfanghong Dividend Low Volatility Index,DFH Dividend Low Volatility,1418.61,1429.37,1415.09,1420.66,,0.37,12876.41,1273.19,,
2015-03-16,931446,中证东方红红利低波动指数,东证红利低波,CSI Dongfanghong Dividend Low Volatility Index,DFH Dividend Low Volatility,1427.49,1446.74,1421.3,1446.74,,1.84,12393.13,1289.19,,
2015-03-17,931446,中证东方红红利低波动指数,东证红利低波,CSI Dongfanghong Dividend Low Volatility Index,DFH Dividend Low Volatility,1453.56,1468.72,1450.72,1467.96,,1.47,16481.58,1584.38,,
2015-03-18,931446,中证东方红红利低波动指数,东证红利低波,CSI Dongfanghong Dividend Low Volatility Index,DFH Dividend Low Volatility,1470.18,1503.11,1470.18,1503.11,,2.4,18309.25,1716.42,,
2015-03-19,931446,中证东方红红利低波动指数,东证红利低波,CSI Dongfanghong Dividend Low Volatility Index,DFH Dividend Low Volatility,1504.9,1515.22,1496.64,1509.63,,0.43,17647.93,1734.63,,
2015-03-20,931446,中证东方红红利低波动指数,东证红利低波,CSI Dongfanghong Dividend Low Volatility Index,DFH Dividend Low Volatility,1513.26,1525.2,1504.71,1521.41,,0.78,18299.1,1927.16,,
2015-03-23,931446,中证东方红红利低波动指数,东证红利低波,CSI Dongfanghong Dividend Low Volatility Index,DFH Dividend Low Volatility,1533.68,1553.76,1533.68,1553.76,,2.13,18046.12,1819.86,,
2015-03-24,931446,中证东方红红利低波动指数,东证红利低波,CSI Dongfanghong Dividend Low Volatility Index,DFH Dividend Low Volatility,1556.15,1560.12,1524.93,1557.57,,0.25,21597.03,2051.48,,
2015-03-25,931446,中证东方红红利低波动指数,东证红利低波,CSI Dongfanghong Dividend Low Volatility Index,DFH Dividend Low Volatility,1552.92,1552.92,1530.93,1542.12,,-0.99,18056.35,1756.23,,
2015-03-26,931446,中证东方红红利低波动指数,东证红利低波,CSI Dongfanghong Dividend Low Volatility Index,DFH Dividend Low Volatility,1535.47,1560.69,1531.21,1550.71,,0.56,16610.27,1809.91,,
2015-03-27,931446,中证东方红红利低波动指数,东证红利低波,CSI Dongfanghong Dividend Low Volatility Index,DFH Dividend Low Volatility,1554.14,1564.95,1546.54,1557.73,,0.45,13634.23,1401.74,,
2015-03-30,931446,中证东方红红利低波动指数,东证红利低波,CSI Dongfanghong Dividend Low Volatility Index,DFH Dividend Low Volatility,1569.67,1605.29,1569.67,1604.88,,3.03,21335.1,2133.69,,
2015-03-31,931446,中证东方红红利低波动指数,东证红利低波,CSI Dongfanghong Dividend Low Volatility Index,DFH Dividend Low Volatility,1618.03,1619.37,1577.73,1581.52,,-1.46,20095.68,2086.98,,
2015-04-01,931446,中证东方红红利低波动指数,东证红利低波,CSI Dongfanghong Dividend Low Volatility Index,DFH Dividend Low Volatility,1580.76,1608.27,1580.22,1605.5,,1.52,14532.44,1498.79,,
2015-04-02,931446,中证东方红红利低波动指数,东证红利低波,CSI Dongfanghong Dividend Low Volatility Index,DFH Dividend Low Volatility,1611.75,1615.19,1594.58,1615.19,,0.6,15175.56,1569.4,,
2015-04-03,931446,中证东方红红利低波动指数,东证红利低波,CSI Dongfanghong Dividend Low Volatility Index,DFH Dividend Low Volatility,1606.13,1629.05,1606.13,1629.05,,0.86,13426.72,1377.65,,
2015-04-07,931446,中证东方红红利低波动指数,东证红利低波,CSI Dongfanghong Dividend Low Volatility Index,DFH Dividend Low Volatility,1646.5,1673.0,1645.47,1673.0,,2.7,20252.94,2033.54,,
2015-04-08,931446,中证东方红红利低波动指数,东证红利低波,CSI Dongfanghong Dividend Low Volatility Index,DFH Dividend Low Volatility,1682.23,1685.25,1649.94,1677.95,,0.3,21700.9,2306.83,,
2015-04-09,931446,中证东方红红利低波动指数,东证红利低波,CSI Dongfanghong Dividend Low Volatility Index,DFH Dividend Low Volatility,1682.8,1682.8,1640.42,1658.41,,-1.17,21286.42,2369.26,,
2015-04-10,931446,中证东方红红利低波动指数,东证红利低波,CSI Dongfanghong Dividend Low Volatility Index,DFH Dividend Low Volatility,1653.22,1691.26,1653.22,1690.07,,1.91,17097.61,1923.75,,
2015-04-13,931446,中证东方红红利低波动指数,东证红利低波,CSI Dongfanghong Dividend Low Volatility Index,DFH Dividend Low Volatility,1710.26,1741.69,1710.26,1741.69,,3.05,23134.86,2424.09,,
2015-04-14,931446,中证东方红红利低波动指数,东证红利低波,CSI Dongfanghong Dividend Low Volatility Index,DFH Dividend Low Volatility,1748.18,1776.14,1744.7,1766.75,,1.44,21579.18,2363.26,,
2015-04-15,931446,中证东方红红利低波动指数,东证红利低波,CSI Dongfanghong Dividend Low Volatility Index,DFH Dividend Low Volatility,1773.46,1795.52,1752.81,1763.91,,-0.16,25737.19,2653.15,,
2015-04-16,931446,中证东方红红利低波动指数,东证红利低波,CSI Dongfanghong Dividend Low Volatility Index,DFH Dividend Low Volatility,1759.95,1819.23,1759.95,1819.23,,3.14,22458.84,2535.08,,
2015-04-17,931446,中证东方红红利低波动指数,东证红利低波,CSI Dongfanghong Dividend Low Volatility Index,DFH Dividend Low Volatility,1850.58,1868.83,1841.82,1855.68,,2.0,28538.76,3130.7,,
2015-04-20,931446,中证东方红红利低波动指数,东证红利低波,CSI Dongfanghong Dividend Low Volatility Index,DFH Dividend Low Volatility,1868.13,1885.94,1811.66,1823.87,,-1.71,35107.05,4216.85,,
2015-04-21,931446,中证东方红红利低波动指数,东证红利低波,CSI Dongfanghong Dividend Low Volatility Index,DFH Dividend Low Volatility,1816.99,1846.0,1802.47,1846.0,,1.21,22402.81,2652.49,,
2015-04-22,931446,中证东方红红利低波动指数,东证红利低波,CSI Dongfanghong Dividend Low Volatility Index,DFH Dividend Low Volatility,1846.44,1887.73,1846.44,1887.73,,2.26,24034.67,3014.0,,
2015-04-23,931446,中证东方红红利低波动指数,东证红利低波,CSI Dongfanghong Dividend Low Volatility Index,DFH Dividend Low Volatility,1893.6,1894.21,1869.66,1888.76,,0.06,21013.88,2618.62,,
2015-04-24,931446,中证东方红红利低波动指数,东证红利低波,CSI Dongfanghong Dividend Low Volatility Index,DFH Dividend Low Volatility,1864.21,1887.43,1852.18,1883.42,,-0.28,21847.82,2747.83,,
2015-04-27,931446,中证东方红红利低波动指数,东证红利低波,CSI Dongfanghong Dividend Low Volatility Index,DFH Dividend Low Volatility,1899.7,1935.88,1899.7,1935.37,,2.76,25132.71,3202.17,,
2015-04-28,931446,中证东方红红利低波动指数,东证红利低波,CSI Dongfanghong Dividend Low Volatility Index,DFH Dividend Low Volatility,1942.08,1959.87,1916.88,1920.84,,-0.75,34408.7,4030.14,,
2015-04-29,931446,中证东方红红利低波动指数,东证红利低波,CSI Dongfanghong Dividend Low Volatility Index,DFH Dividend Low Volatility,1907.58,1933.55,1893.57,1924.05,,0.17,18894.2,2435.58,,
2015-04-30,931446,中证东方红红利低波动指数,东证红利低波,CSI Dongfanghong Dividend Low Volatility Index,DFH Dividend Low Volatility,1930.94,1936.84,1919.63,1919.87,,-0.22,20202.94,2575.61,,
2015-05-04,931446,中证东方红红利低波动指数,东证红利低波,CSI Dongfanghong Dividend Low Volatility Index,DFH Dividend Low Volatility,1921.18,1958.14,1904.14,1958.14,,1.99,18368.87,2365.23,,
2015-05-05,931446,中证东方红红利低波动指数,东证红利低波,CSI Dongfanghong Dividend Low Volatility Index,DFH Dividend Low Volatility,1963.51,1963.51,1868.34,1871.37,,-4.43,23950.78,2942.1,,
2015-05-06,931446,中证东方红红利低波动指数,东证红利低波,CSI Dongfanghong Dividend Low Volatility Index,DFH Dividend Low Volatility,1873.45,1901.08,1815.95,1830.34,,-2.19,18787.92,2545.9,,
2015-05-07,931446,中证东方红红利低波动指数,东证红利低波,CSI Dongfanghong Dividend Low Volatility Index,DFH Dividend Low Volatility,1819.64,1819.64,1783.39,1783.57,,-2.56,13782.96,1610.7,,
2015-05-08,931446,中证东方红红利低波动指数,东证红利低波,CSI Dongfanghong Dividend Low Volatility Index,DFH Dividend Low Volatility,1802.31,1825.92,1786.62,1825.92,,2.38,13311.66,1580.78,,
2015-05-11,931446,中证东方红红利低波动指数,东证红利低波,CSI Dongfanghong Dividend Low Volatility Index,DFH Dividend Low Volatility,1836.42,1880.65,1825.47,1880.65,,3.0,16689.5,2027.86,,
2015-05-12,931446,中证东方红红利低波动指数,东证红利低波,CSI Dongfanghong Dividend Low Volatility Index,DFH Dividend Low Volatility,1882.79,1905.97,1878.32,1905.97,,1.35,16122.23,1887.29,,
2015-05-13,931446,中证东方红红利低波动指数,东证红利低波,CSI Dongfanghong Dividend Low Volatility Index,DFH Dividend Low Volatility,1912.67,1913.28,1892.32,1896.8,,-0.48,15811.28,1924.39,,
2015-05-14,931446,中证东方红红利低波动指数,东证红利低波,CSI Dongfanghong Dividend Low Volatility Index,DFH Dividend Low Volatility,1900.43,1903.18,1884.73,1893.86,,-0.16,13593.55,1654.49,,
2015-05-15,931446,中证东方红红利低波动指数,东证红利低波,CSI Dongfanghong Dividend Low Volatility Index,DFH Dividend Low Volatility,1890.64,1890.64,1847.19,1860.7,,-1.75,12551.53,1552.03,,
2015-05-18,931446,中证东方红红利低波动指数,东证红利低波,CSI Dongfanghong Dividend Low Volatility Index,DFH Dividend Low Volatility,1848.88,1861.05,1841.05,1843.65,,-0.92,10219.07,1238.78,,
2015-05-19,931446,中证东方红红利低波动指数,东证红利低波,CSI Dongfanghong Dividend Low Volatility Index,DFH Dividend Low Volatility,1848.51,1902.89,1848.51,1902.89,,3.21,12390.87,1551.67,,
2015-05-20,931446,中证东方红红利低波动指数,东证红利低波,CSI Dongfanghong Dividend Low Volatility Index,DFH Dividend Low Volatility,1913.29,1949.28,1913.29,1922.7,,1.04,14373.52,1784.98,,
2015-05-21,931446,中证东方红红利低波动指数,东证红利低波,CSI Dongfanghong Dividend Low Volatility Index,DFH Dividend Low Volatility,1930.0,1962.06,1926.25,1962.06,,2.05,11623.41,1478.63,,
2015-05-22,931446,中证东方红红利低波动指数,东证红利低波,CSI Dongfanghong Dividend Low Volatility Index,DFH Dividend Low Volatility,1990.78,2020.73,1984.73,2020.46,,2.98,18565.94,2308.08,,
2015-05-25,931446,中证东方红红利低波动指数,东证红利低波,CSI Dongfanghong Dividend Low Volatility Index,DFH Dividend Low Volatility,2026.79,2082.41,2026.79,2082.41,,3.07,19415.92,2516.91,,
2015-05-26,931446,中证东方红红利低波动指数,东证红利低波,CSI Dongfanghong Dividend Low Volatility Index,DFH Dividend Low Volatility,2094.16,2112.98,2069.42,2112.97,,1.47,19587.57,2577.96,,
2015-05-27,931446,中证东方红红利低波动指数,东证红利低波,CSI Dongfanghong Dividend Low Volatility Index,DFH Dividend Low Volatility,2116.41,2118.0,2081.49,2112.58,,-0.02,17966.72,2331.45,,
2015-05-28,931446,中证东方红红利低波动指数,东证红利低波,CSI Dongfanghong Dividend Low Volatility Index,DFH Dividend Low Volatility,2111.09,2133.79,1992.11,1992.25,,-5.7,23200.93,2815.15,,
2015-05-29,931446,中证东方红红利低波动指数,东证红利低波,CSI Dongfanghong Dividend Low Volatility Index,DFH Dividend Low Volatility,1993.09,2018.68,1950.04,2000.51,,0.42,17998.68,2104.9,,
2015-06-01,931446,中证东方红红利低波动指数,东证红利低波,CSI Dongfanghong Dividend Low Volatility Index,DFH Dividend Low Volatility,2013.12,2103.51,2013.12,2103.51,,5.15,19926.37,2305.38,,
2015-06-02,931446,中证东方红红利低波动指数,东证红利低波,CSI Dongfanghong Dividend Low Volatility Index,DFH Dividend Low Volatility,2114.61,2148.44,2099.94,2148.44,,2.14,19022.61,2275.64,,
2015-06-03,931446,中证东方红红利低波动指数,东证红利低波,CSI Dongfanghong Dividend Low Volatility Index,DFH Dividend Low Volatility,2156.65,2156.65,2110.6,2145.88,,-0.12,18289.96,2304.77,,
2015-06-04,931446,中证东方红红利低波动指数,东证红利低波,CSI Dongfanghong Dividend Low Volatility Index,DFH Dividend Low Volatility,2154.32,2163.86,2067.44,2163.86,,0.84,24727.84,2889.96,,
2015-06-05,931446,中证东方红红利低波动指数,东证红利低波,CSI Dongfanghong Dividend Low Volatility Index,DFH Dividend Low Volatility,2194.95,2208.65,2161.88,2197.13,,1.54,26141.67,3218.54,,
2015-06-08,931446,中证东方红红利低波动指数,东证红利低波,CSI Dongfanghong Dividend Low Volatility Index,DFH Dividend Low Volatility,2211.55,2257.91,2197.08,2252.26,,2.51,33875.23,3930.67,,
2015-06-09,931446,中证东方红红利低波动指数,东证红利低波,CSI Dongfanghong Dividend Low Volatility Index,DFH Dividend Low Volatility,2267.32,2267.32,2205.2,2234.01,,-0.81,30415.84,3720.36,,
2015-06-10,931446,中证东方红红利低波动指数,东证红利低波,CSI Dongfanghong Dividend Low Volatility Index,DFH Dividend Low Volatility,2203.23,2243.59,2195.21,2222.06,,-0.54,19997.81,2597.7,,
2015-06-11,931446,中证东方红红利低波动指数,东证红利低波,CSI Dongfanghong Dividend Low Volatility Index,DFH Dividend Low Volatility,2219.89,2224.74,2201.69,2216.78,,-0.24,17392.42,2365.68,,
2015-06-12,931446,中证东方红红利低波动指数,东证红利低波,CSI Dongfanghong Dividend Low Volatility Index,DFH Dividend Low Volatility,2228.22,2242.22,2213.93,2242.22,,1.15,19541.66,2622.77,,
2015-06-15,931446,中证东方红红利低波动指数,东证红利低波,CSI Dongfanghong Dividend Low Volatility Index,DFH Dividend Low Volatility,2248.61,2253.76,2221.28,2222.5,,-0.88,18904.23,2285.44,,
2015-06-16,931446,中证东方红红利低波动指数,东证红利低波,CSI Dongfanghong Dividend Low Volatility Index,DFH Dividend Low Volatility,2197.77,2204.11,2132.92,2146.16,,-3.44,16282.91,1858.91,,
2015-06-17,931446,中证东方红红利低波动指数,东证红利低波,CSI Dongfanghong Dividend Low Volatility Index,DFH Dividend Low Volatility,2153.45,2184.2,2096.03,2184.2,,1.77,18034.09,1983.82,,
2015-06-18,931446,中证东方红红利低波动指数,东证红利低波,CSI Dongfanghong Dividend Low Volatility Index,DFH Dividend Low Volatility,2174.49,2185.19,2117.58,2117.95,,-3.03,16600.98,1871.17,,
2015-06-19,931446,中证东方红红利低波动指数,东证红利低波,CSI Dongfanghong Dividend Low Volatility Index,DFH Dividend Low Volatility,2076.86,2092.86,1985.51,1985.51,,-6.25,14281.57,1592.72,,
2015-06-23,931446,中证东方红红利低波动指数,东证红利低波,CSI Dongfanghong Dividend Low Volatility Index,DFH Dividend Low Volatility,1985.65,2033.07,1907.88,2033.07,,2.4,14748.68,1654.6,,
2015-06-24,931446,中证东方红红利低波动指数,东证红利低波,CSI Dongfanghong Dividend Low Volatility Index,DFH Dividend Low Volatility,2047.27,2091.75,2039.11,2091.75,,2.89,16802.87,1875.38,,
2015-06-25,931446,中证东方红红利低波动指数,东证红利低波,CSI Dongfanghong Dividend Low Volatility Index,DFH Dividend Low Volatility,2107.83,2107.83,2012.58,2024.84,,-3.2,17619.9,1969.19,,
2015-06-26,931446,中证东方红红利低波动指数,东证红利低波,CSI Dongfanghong Dividend Low Volatility Index,DFH Dividend Low Volatility,1975.68,1998.07,1868.36,1883.94,,-6.96,18165.0,1976.35,,
2015-06-29,931446,中证东方红红利低波动指数,东证红利低波,CSI Dongfanghong Dividend Low Volatility Index,DFH Dividend Low Volatility,1939.29,1941.25,1787.05,1862.49,,-1.14,20942.45,2271.42,,
2015-06-30,931446,中证东方红红利低波动指数,东证红利低波,CSI Dongfanghong Dividend Low Volatility Index,DFH Dividend Low Volatility,1860.41,1974.01,1808.41,1974.01,,5.99,21461.72,2303.14,,
2015-07-01,931446,中证东方红红利低波动指数,东证红利低波,CSI Dongfanghong Dividend Low Volatility Index,DFH Dividend Low Volatility,1953.93,1986.24,1892.94,1892.94,,-4.11,16777.5,1845.53,,
2015-07-02,931446,中证东方红红利低波动指数,东证红利低波,CSI Dongfanghong Dividend Low Volatility Index,DFH Dividend Low Volatility,1907.3,1907.3,1799.83,1829.36,,-3.36,20713.45,2040.74,,
2015-07-03,931446,中证东方红红利低波动指数,东证红利低波,CSI Dongfanghong Dividend Low Volatility Index,DFH Dividend Low Volatility,1785.65,1837.19,1700.56,1731.74,,-5.34,18596.96,1826.33,,
2015-07-06,931446,中证东方红红利低波动指数,东证红利低波,CSI Dongfanghong Dividend Low Volatility Index,DFH Dividend Low Volatility,1872.24,1872.24,1709.45,1784.39,,3.04,32766.77,3115.64,,
2015-07-07,931446,中证东方红红利低波动指数,东证红利低波,CSI Dongfanghong Dividend Low Volatility Index,DFH Dividend Low Volatility,1733.81,1762.23,1691.88,1751.74,,-1.83,33533.05,3570.02,,
2015-07-08,931446,中证东方红红利低波动指数,东证红利低波,CSI Dongfanghong Dividend Low Volatility Index,DFH Dividend Low Volatility,1624.93,1684.09,1623.32,1642.72,,-6.22,35139.31,3339.23,,
2015-07-09,931446,中证东方红红利低波动指数,东证红利低波,CSI Dongfanghong Dividend Low Volatility Index,DFH Dividend Low Volatility,1620.34,1768.43,1602.96,1755.16,,6.85,27177.5,2535.0,,
2015-07-10,931446,中证东方红红利低波动指数,东证红利低波,CSI Dongfanghong Dividend Low Volatility Index,DFH Dividend Low Volatility,1768.01,1881.78,1768.01,1847.42,,5.26,27405.58,2776.94,,
2015-07-13,931446,中证东方红红利低波动指数,东证红利低波,CSI Dongfanghong Dividend Low Volatility Index,DFH Dividend Low Volatility,1862.07,1918.58,1843.4,1901.84,,2.95,23085.6,2314.91,,
2015-07-14,931446,中证东方红红利低波动指数,东证红利低波,CSI Dongfanghong Dividend Low Volatility Index,DFH Dividend Low Volatility,1881.85,1919.06,1851.35,1861.42,,-2.13,19577.23,1926.93,,
2015-07-15,931446,中证东方红红利低波动指数,东证红利低波,CSI Dongfanghong Dividend Low Volatility Index,DFH Dividend Low Volatility,1836.61,1848.74,1770.94,1790.79,,-3.79,18141.27,1715.6,,
2015-07-16,931446,中证东方红红利低波动指数,东证红利低波,CSI Dongfanghong Dividend Low Volatility Index,DFH Dividend Low Volatility,1777.52,1831.49,1764.13,1806.09,,0.85,13138.52,1210.79,,
2015-07-17,931446,中证东方红红利低波动指数,东证红利低波,CSI Dongfanghong Dividend Low Volatility Index,DFH Dividend Low Volatility,1814.18,1872.27,1805.28,1856.94,,2.82,11974.33,1200.02,,
2015-07-20,931446,中证东方红红利低波动指数,东证红利低波,CSI Dongfanghong Dividend Low Volatility Index,DFH Dividend Low Volatility,1853.62,1871.21,1835.16,1849.46,,-0.4,12170.88,1238.43,,
2015-07-21,931446,中证东方红红利低波动指数,东证红利低波,CSI Dongfanghong Dividend Low Volatility Index,DFH Dividend Low Volatility,1827.63,1870.76,1827.63,1859.15,,0.52,10609.33,1040.17,,
2015-07-22,931446,中证东方红红利低波动指数,东证红利低波,CSI Dongfanghong Dividend Low Volatility Index,DFH Dividend Low Volatility,1857.06,1861.22,1830.31,1855.63,,-0.19,11052.26,1100.23,,
2015-07-23,931446,中证东方红红利低波动指数,东证红利低波,CSI Dongfanghong Dividend Low Volatility Index,DFH Dividend Low Volatility,1848.92,1884.93,1846.3,1884.29,,1.55,11910.74,1234.54,,
2015-07-24,931446,中证东方红红利低波动指数,东证红利低波,CSI Dongfanghong Dividend Low Volatility Index,DFH Dividend Low Volatility,1883.4,1894.07,1849.66,1849.66,,-1.84,12830.0,1309.83,,
2015-07-27,931446,中证东方红红利低波动指数,东证红利低波,CSI Dongfanghong Dividend Low Volatility Index,DFH Dividend Low Volatility,1817.85,1833.52,1697.69,1697.69,,-8.22,13585.05,1270.81,,
2015-07-28,931446,中证东方红红利低波动指数,东证红利低波,CSI Dongfanghong Dividend Low Volatility Index,DFH Dividend Low Volatility,1652.72,1723.49,1639.76,1703.38,,0.34,13684.45,1274.99,,
2015-07-29,931446,中证东方红红利低波动指数,东证红利低波,CSI Dongfanghong Dividend Low Volatility Index,DFH Dividend Low Volatility,1711.68,1751.82,1689.96,1751.82,,2.84,8902.33,848.85,,
2015-07-30,931446,中证东方红红利低波动指数,东证红利低波,CSI Dongfanghong Dividend Low Volatility Index,DFH Dividend Low Volatility,1745.69,1754.18,1706.3,1706.3,,-2.6,8432.61,791.95,,
2015-07-31,931446,中证东方红红利低波动指数,东证红利低波,CSI Dongfanghong Dividend Low Volatility Index,DFH Dividend Low Volatility,1693.24,1720.58,1690.63,1711.12,,0.28,7320.36,683.55,,
2015-08-03,931446,中证东方红红利低波动指数,东证红利低波,CSI Dongfanghong Dividend Low Volatility Index,DFH Dividend Low Volatility,1695.68,1735.5,1693.77,1735.5,,1.43,9186.27,850.99,,
2015-08-04,931446,中证东方红红利低波动指数,东证红利低波,CSI Dongfanghong Dividend Low Volatility Index,DFH Dividend Low Volatility,1728.03,1777.29,1719.33,1777.29,,2.41,7030.32,680.22,,
2015-08-05,931446,中证东方红红利低波动指数,东证红利低波,CSI Dongfanghong Dividend Low Volatility Index,DFH Dividend Low Volatility,1770.54,1779.06,1739.01,1743.5,,-1.9,6036.03,570.48,,
2015-08-06,931446,中证东方红红利低波动指数,东证红利低波,CSI Dongfanghong Dividend Low Volatility Index,DFH Dividend Low Volatility,1719.93,1748.82,1719.93,1729.31,,-0.81,4471.34,425.46,,
2015-08-07,931446,中证东方红红利低波动指数,东证红利低波,CSI Dongfanghong Dividend Low Volatility Index,DFH Dividend Low Volatility,1739.62,1764.33,1739.62,1755.87,,1.54,5447.46,525.06,,
2015-08-10,931446,中证东方红红利低波动指数,东证红利低波,CSI Dongfanghong Dividend Low Volatility Index,DFH Dividend Low Volatility,1767.37,1829.06,1765.7,1823.07,,3.83,10514.51,991.98,,
2015-08-11,931446,中证东方红红利低波动指数,东证红利低波,CSI Dongfanghong Dividend Low Volatility Index,DFH Dividend Low Volatility,1822.4,1831.21,1810.4,1819.06,,-0.22,9688.88,939.43,,
2015-08-12,931446,中证东方红红利低波动指数,东证红利低波,CSI Dongfanghong Dividend Low Volatility Index,DFH Dividend Low Volatility,1801.82,1821.41,1800.45,1800.45,,-1.02,7621.04,759.38,,
2015-08-13,931446,中证东方红红利低波动指数,东证红利低波,CSI Dongfanghong Dividend Low Volatility Index,DFH Dividend Low Volatility,1795.52,1826.21,1788.74,1826.21,,1.43,7945.63,774.35,,
2015-08-14,931446,中证东方红红利低波动指数,东证红利低波,CSI Dongfanghong Dividend Low Volatility Index,DFH Dividend Low Volatility,1834.34,1853.19,1831.3,1835.46,,0.51,8425.97,834.23,,
2015-08-17,931446,中证东方红红利低波动指数,东证红利低波,CSI Dongfanghong Dividend Low Volatility Index,DFH Dividend Low Volatility,1835.02,1857.53,1820.88,1857.53,,1.2,8735.59,871.94,,
2015-08-18,931446,中证东方红红利低波动指数,东证红利低波,CSI Dongfanghong Dividend Low Volatility Index,DFH Dividend Low Volatility,1855.31,1857.94,1740.57,1740.57,,-6.3,10763.11,1036.37,,
2015-08-19,931446,中证东方红红利低波动指数,东证红利低波,CSI Dongfanghong Dividend Low Volatility Index,DFH Dividend Low Volatility,1705.61,1769.52,1670.18,1764.14,,1.35,9473.06,853.5,,
2015-08-20,931446,中证东方红红利低波动指数,东证红利低波,CSI Dongfanghong Dividend Low Volatility Index,DFH Dividend Low Volatility,1749.81,1763.42,1714.64,1714.64,,-2.81,7451.1,675.8,,
2015-08-21,931446,中证东方红红利低波动指数,东证红利低波,CSI Dongfanghong Dividend Low Volatility Index,DFH Dividend Low Volatility,1692.19,1705.37,1641.38,1641.67,,-4.26,8024.37,714.45,,
2015-08-24,931446,中证东方红红利低波动指数,东证红利低波,CSI Dongfanghong Dividend Low Volatility Index,DFH Dividend Low Volatility,1586.88,1586.88,1496.25,1499.72,,-8.65,11576.05,971.58,,
2015-08-25,931446,中证东方红红利低波动指数,东证红利低波,CSI Dongfanghong Dividend Low Volatility Index,DFH Dividend Low Volatility,1415.16,1478.59,1393.52,1399.16,,-6.71,11613.4,946.36,,
2015-08-26,931446,中证东方红红利低波动指数,东证红利低波,CSI Dongfanghong Dividend Low Volatility Index,DFH Dividend Low Volatility,1420.64,1473.38,1381.8,1419.35,,1.44,11707.56,918.3,,
2015-08-27,931446,中证东方红红利低波动指数,东证红利低波,CSI Dongfanghong Dividend Low Volatility Index,DFH Dividend Low Volatility,1443.5,1498.76,1429.3,1498.76,,5.6,9833.7,813.64,,
2015-08-28,931446,中证东方红红利低波动指数,东证红利低波,CSI Dongfanghong Dividend Low Volatility Index,DFH Dividend Low Volatility,1518.63,1563.81,1509.58,1557.23,,3.9,10276.22,879.57,,
2015-08-31,931446,中证东方红红利低波动指数,东证红利低波,CSI Dongfanghong Dividend Low Volatility Index,DFH Dividend Low Volatility,1541.05,1553.74,1506.83,1553.74,,-0.22,9446.65,809.2,,
2015-09-01,931446,中证东方红红利低波动指数,东证红利低波,CSI Dongfanghong Dividend Low Volatility Index,DFH Dividend Low Volatility,1535.16,1555.61,1496.89,1547.92,,-0.37,14467.85,1140.74,,
2015-09-02,931446,中证东方红红利低波动指数,东证红利低波,CSI Dongfanghong Dividend Low Volatility Index,DFH Dividend Low Volatility,1492.04,1564.96,1492.04,1562.04,,0.91,15765.91,1216.98,,
2015-09-07,931446,中证东方红红利低波动指数,东证红利低波,CSI Dongfanghong Dividend Low Volatility Index,DFH Dividend Low Volatility,1555.94,1574.6,1513.74,1513.74,,-3.09,8077.89,656.04,,
2015-09-08,931446,中证东方红红利低波动指数,东证红利低波,CSI Dongfanghong Dividend Low Volatility Index,DFH Dividend Low Volatility,1506.73,1555.83,1494.96,1555.83,,2.78,5684.3,478.68,,
2015-09-09,931446,中证东方红红利低波动指数,东证红利低波,CSI Dongfanghong Dividend Low Volatility Index,DFH Dividend Low Volatility,1559.9,1587.55,1559.9,1578.86,,1.48,7024.45,616.88,,
2015-09-10,931446,中证东方红红利低波动指数,东证红利低波,CSI Dongfanghong Dividend Low Volatility Index,DFH Dividend Low Volatility,1558.07,1575.73,1558.07,1562.02,,-1.07,4636.83,411.27,,
2015-09-11,931446,中证东方红红利低波动指数,东证红利低波,CSI Dongfanghong Dividend Low Volatility Index,DFH Dividend Low Volatility,1559.5,1569.9,1548.55,1563.88,,0.12,3524.28,331.07,,
2015-09-14,931446,中证东方红红利低波动指数,东证红利低波,CSI Dongfanghong Dividend Low Volatility Index,DFH Dividend Low Volatility,1571.37,1571.37,1508.82,1531.16,,-2.09,7372.15,677.74,,
2015-09-15,931446,中证东方红红利低波动指数,东证红利低波,CSI Dongfanghong Dividend Low Volatility Index,DFH Dividend Low Volatility,1508.31,1518.53,1480.67,1490.2,,-2.68,5300.85,449.9,,
2015-09-16,931446,中证东方红红利低波动指数,东证红利低波,CSI Dongfanghong Dividend Low Volatility Index,DFH Dividend Low Volatility,1489.28,1565.44,1485.5,1550.99,,4.08,5093.72,430.18,,
2015-09-17,931446,中证东方红红利低波动指数,东证红利低波,CSI Dongfanghong Dividend Low Volatility Index,DFH Dividend Low Volatility,1542.38,1558.79,1518.34,1518.34,,-2.11,5151.2,433.91,,
2015-09-18,931446,中证东方红红利低波动指数,东证红利低波,CSI Dongfanghong Dividend Low Volatility Index,DFH Dividend Low Volatility,1523.34,1528.01,1513.9,1518.14,,-0.01,3218.89,267.4,,
2015-09-21,931446,中证东方红红利低波动指数,东证红利低波,CSI Dongfanghong Dividend Low Volatility Index,DFH Dividend Low Volatility,1506.09,1532.91,1506.09,1532.91,,0.97,3296.28,277.46,,
2015-09-22,931446,中证东方红红利低波动指数,东证红利低波,CSI Dongfanghong Dividend Low Volatility Index,DFH Dividend Low Volatility,1532.67,1546.29,1532.67,1541.71,,0.57,3718.37,335.5,,
2015-09-23,931446,中证东方红红利低波动指数,东证红利低波,CSI Dongfanghong Dividend Low Volatility Index,DFH Dividend Low Volatility,1526.34,1531.97,1510.88,1512.65,,-1.89,3460.96,307.92,,
2015-09-24,931446,中证东方红红利低波动指数,东证红利低波,CSI Dongfanghong Dividend Low Volatility Index,DFH Dividend Low Volatility,1515.99,1524.26,1508.66,1518.97,,0.42,3278.31,296.24,,
2015-09-25,931446,中证东方红红利低波动指数,东证红利低波,CSI Dongfanghong Dividend Low Volatility Index,DFH Dividend Low Volatility,1516.44,1522.63,1490.28,1501.56,,-1.15,3950.12,340.09,,
2015-09-28,931446,中证东方红红利低波动指数,东证红利低波,CSI Dongfanghong Dividend Low Volatility Index,DFH Dividend Low Volatility,1499.02,1504.96,1487.37,1504.78,,0.22,2307.25,195.26,,
2015-09-29,931446,中证东方红红利低波动指数,东证红利低波,CSI Dongfanghong Dividend Low Volatility Index,DFH Dividend Low Volatility,1487.68,1490.56,1474.3,1478.06,,-1.78,2541.62,218.15,,
2015-09-30,931446,中证东方红红利低波动指数,东证红利低波,CSI Dongfanghong Dividend Low Volatility Index,DFH Dividend Low Volatility,1486.02,1493.71,1483.18,1487.55,,0.64,2224.34,208.74,,
2015-10-08,931446,中证东方红红利低波动指数,东证红利低波,CSI Dongfanghong Dividend Low Volatility Index,DFH Dividend Low Volatility,1532.54,1536.28,1523.23,1524.37,,2.48,3857.18,381.49,,
2015-10-09,931446,中证东方红红利低波动指数,东证红利低波,CSI Dongfanghong Dividend Low Volatility Index,DFH Dividend Low Volatility,1527.38,1540.4,1525.61,1538.65,,0.94,3322.0,295.5,,
2015-10-12,931446,中证东方红红利低波动指数,东证红利低波,CSI Dongfanghong Dividend Low Volatility Index,DFH Dividend Low Volatility,1544.21,1592.52,1544.21,1579.95,,2.68,6514.0,592.64,,
2015-10-13,931446,中证东方红红利低波动指数,东证红利低波,CSI Dongfanghong Dividend Low Volatility Index,DFH Dividend Low Volatility,1571.97,1585.74,1569.92,1585.74,,0.37,4075.06,366.93,,
2015-10-14,931446,中证东方红红利低波动指数,东证红利低波,CSI Dongfanghong Dividend Low Volatility Index,DFH Dividend Low Volatility,1576.81,1583.42,1564.52,1564.52,,-1.34,3711.36,329.03,,
2015-10-15,931446,中证东方红红利低波动指数,东证红利低波,CSI Dongfanghong Dividend Low Volatility Index,DFH Dividend Low Volatility,1561.54,1591.26,1561.54,1591.26,,1.71,4430.01,383.49,,
2015-10-16,931446,中证东方红红利低波动指数,东证红利低波,CSI Dongfanghong Dividend Low Volatility Index,DFH Dividend Low Volatility,1600.12,1612.44,1596.65,1612.2,,1.32,5671.48,499.29,,
2015-10-19,931446,中证东方红红利低波动指数,东证红利低波,CSI Dongfanghong Dividend Low Volatility Index,DFH Dividend Low Volatility,1615.26,1623.22,1601.01,1608.73,,-0.21,5423.71,498.42,,
2015-10-20,931446,中证东方红红利低波动指数,东证红利低波,CSI Dongfanghong Dividend Low Volatility Index,DFH Dividend Low Volatility,1607.05,1621.59,1603.5,1621.59,,0.8,4473.24,405.94,,
2015-10-21,931446,中证东方红红利低波动指数,东证红利低波,CSI Dongfanghong Dividend Low Volatility Index,DFH Dividend Low Volatility,1623.26,1627.72,1566.7,1579.94,,-2.57,9068.4,740.41,,
2015-10-22,931446,中证东方红红利低波动指数,东证红利低波,CSI Dongfanghong Dividend Low Volatility Index,DFH Dividend Low Volatility,1573.57,1599.88,1572.06,1599.88,,1.26,5261.62,438.38,,
2015-10-23,931446,中证东方红红利低波动指数,东证红利低波,CSI Dongfanghong Dividend Low Volatility Index,DFH Dividend Low Volatility,1603.17,1623.39,1602.85,1622.04,,1.39,5245.81,479.85,,
2015-10-26,931446,中证东方红红利低波动指数,东证红利低波,CSI Dongfanghong Dividend Low Volatility Index,DFH Dividend Low Volatility,1637.98,1639.17,1620.6,1628.35,,0.39,5283.94,530.26,,
2015-10-27,931446,中证东方红红利低波动指数,东证红利低波,CSI Dongfanghong Dividend Low Volatility Index,DFH Dividend Low Volatility,1622.98,1624.43,1597.66,1624.17,,-0.26,4147.94,393.71,,
2015-10-28,931446,中证东方红红利低波动指数,东证红利低波,CSI Dongfanghong Dividend Low Volatility Index,DFH Dividend Low Volatility,1618.95,1628.06,1608.61,1608.61,,-0.96,3983.38,366.36,,
2015-10-29,931446,中证东方红红利低波动指数,东证红利低波,CSI Dongfanghong Dividend Low Volatility Index,DFH Dividend Low Volatility,1612.22,1621.77,1606.7,1615.8,,0.45,3095.14,285.44,,
2015-10-30,931446,中证东方红红利低波动指数,东证红利低波,CSI Dongfanghong Dividend Low Volatility Index,DFH Dividend Low Volatility,1614.82,1628.29,1607.3,1616.03,,0.01,3372.72,317.47,,
2015-11-02,931446,中证东方红红利低波动指数,东证红利低波,CSI Dongfanghong Dividend Low Volatility Index,DFH Dividend Low Volatility,1599.73,1621.62,1597.96,1597.96,,-1.12,3362.92,328.06,,
2015-11-03,931446,中证东方红红利低波动指数,东证红利低波,CSI Dongfanghong Dividend Low Volatility Index,DFH Dividend Low Volatility,1600.67,1605.55,1588.56,1592.01,,-0.37,2751.61,250.11,,
2015-11-04,931446,中证东方红红利低波动指数,东证红利低波,CSI Dongfanghong Dividend Low Volatility Index,DFH Dividend Low Volatility,1597.28,1655.93,1597.28,1655.93,,4.02,5917.54,565.09,,
2015-11-05,931446,中证东方红红利低波动指数,东证红利低波,CSI Dongfanghong Dividend Low Volatility Index,DFH Dividend Low Volatility,1656.8,1705.2,1656.8,1679.6,,1.43,12788.32,1191.48,,
2015-11-06,931446,中证东方红红利低波动指数,东证红利低波,CSI Dongfanghong Dividend Low Volatility Index,DFH Dividend Low Volatility,1678.65,1703.94,1678.65,1703.48,,1.42,8555.27,771.98,,
2015-11-09,931446,中证东方红红利低波动指数,东证红利低波,CSI Dongfanghong Dividend Low Volatility Index,DFH Dividend Low Volatility,1710.31,1747.2,1710.31,1732.57,,1.71,11901.58,1083.76,,
2015-11-10,931446,中证东方红红利低波动指数,东证红利低波,CSI Dongfanghong Dividend Low Volatility Index,DFH Dividend Low Volatility,1717.91,1731.9,1714.76,1718.97,,-0.79,7572.19,705.18,,
2015-11-11,931446,中证东方红红利低波动指数,东证红利低波,CSI Dongfanghong Dividend Low Volatility Index,DFH Dividend Low Volatility,1718.05,1718.05,1701.88,1714.73,,-0.25,5769.08,541.22,,
2015-11-12,931446,中证东方红红利低波动指数,东证红利低波,CSI Dongfanghong Dividend Low Volatility Index,DFH Dividend Low Volatility,1718.12,1718.12,1695.16,1704.15,,-0.62,5156.8,485.42,,
2015-11-13,931446,中证东方红红利低波动指数,东证红利低波,CSI Dongfanghong Dividend Low Volatility Index,DFH Dividend Low Volatility,1692.29,1707.07,1688.36,1688.97,,-0.89,4963.55,465.3,,
2015-11-16,931446,中证东方红红利低波动指数,东证红利低波,CSI Dongfanghong Dividend Low Volatility Index,DFH Dividend Low Volatility,1663.65,1695.68,1663.65,1695.68,,0.4,4398.04,427.77,,
2015-11-17,931446,中证东方红红利低波动指数,东证红利低波,CSI Dongfanghong Dividend Low Volatility Index,DFH Dividend Low Volatility,1706.16,1723.13,1695.28,1696.99,,0.08,6250.17,610.03,,
2015-11-18,931446,中证东方红红利低波动指数,东证红利低波,CSI Dongfanghong Dividend Low Volatility Index,DFH Dividend Low Volatility,1698.15,1705.08,1687.25,1688.51,,-0.5,4952.4,459.67,,
2015-11-19,931446,中证东方红红利低波动指数,东证红利低波,CSI Dongfanghong Dividend Low Volatility Index,DFH Dividend Low Volatility,1691.31,1712.72,1689.64,1712.72,,1.43,4141.84,392.96,,
2015-11-20,931446,中证东方红红利低波动指数,东证红利低波,CSI Dongfanghong Dividend Low Volatility Index,DFH Dividend Low Volatility,1712.87,1716.97,1707.43,1714.27,,0.09,4868.77,462.32,,
2015-11-23,931446,中证东方红红利低波动指数,东证红利低波,CSI Dongfanghong Dividend Low Volatility Index,DFH Dividend Low Volatility,1714.31,1728.39,1707.47,1710.63,,-0.21,4499.06,444.87,,
2015-11-24,931446,中证东方红红利低波动指数,东证红利低波,CSI Dongfanghong Dividend Low Volatility Index,DFH Dividend Low Volatility,1707.06,1707.06,1690.28,1706.19,,-0.26,3875.02,370.06,,
2015-11-25,931446,中证东方红红利低波动指数,东证红利低波,CSI Dongfanghong Dividend Low Volatility Index,DFH Dividend Low Volatility,1703.41,1717.87,1701.8,1717.87,,0.68,4173.45,423.42,,
2015-11-26,931446,中证东方红红利低波动指数,东证红利低波,CSI Dongfanghong Dividend Low Volatility Index,DFH Dividend Low Volatility,1723.5,1724.04,1710.27,1710.42,,-0.43,4339.59,441.03,,
2015-11-27,931446,中证东方红红利低波动指数,东证红利低波,CSI Dongfanghong Dividend Low Volatility Index,DFH Dividend Low Volatility,1701.7,1702.97,1621.25,1632.48,,-4.56,5589.89,533.59,,
2015-11-30,931446,中证东方红红利低波动指数,东证红利低波,CSI Dongfanghong Dividend Low Volatility Index,DFH Dividend Low Volatility,1634.08,1645.29,1598.94,1643.04,,0.65,5029.59,444.49,,
2015-12-01,931446,中证东方红红利低波动指数,东证红利低波,CSI Dongfanghong Dividend Low Volatility Index,DFH Dividend Low Volatility,1644.49,1660.0,1634.81,1654.27,,0.68,4182.41,391.98,,
2015-12-02,931446,中证东方红红利低波动指数,东证红利低波,CSI Dongfanghong Dividend Low Volatility Index,DFH Dividend Low Volatility,1650.71,1704.33,1647.56,1704.19,,3.02,8315.32,802.54,,
2015-12-03,931446,中证东方红红利低波动指数,东证红利低波,CSI Dongfanghong Dividend Low Volatility Index,DFH Dividend Low Volatility,1699.53,1721.93,1696.05,1721.01,,0.99,8458.27,719.85,,
2015-12-04,931446,中证东方红红利低波动指数,东证红利低波,CSI Dongfanghong Dividend Low Volatility Index,DFH Dividend Low Volatility,1710.46,1711.17,1697.03,1698.16,,-1.33,5288.28,493.03,,
2015-12-07,931446,中证东方红红利低波动指数,东证红利低波,CSI Dongfanghong Dividend Low Volatility Index,DFH Dividend Low Volatility,1701.41,1711.15,1699.07,1708.96,,0.64,3741.06,382.37,,
2015-12-08,931446,中证东方红红利低波动指数,东证红利低波,CSI Dongfanghong Dividend Low Volatility Index,DFH Dividend Low Volatility,1701.53,1701.53,1679.62,1682.77,,-1.53,4261.61,436.94,,
2015-12-09,931446,中证东方红红利低波动指数,东证红利低波,CSI Dongfanghong Dividend Low Volatility Index,DFH Dividend Low Volatility,1678.0,1701.97,1678.0,1694.5,,0.7,3367.85,365.82,,
2015-12-10,931446,中证东方红红利低波动指数,东证红利低波,CSI Dongfanghong Dividend Low Volatility Index,DFH Dividend Low Volatility,1694.12,1706.8,1687.76,1689.69,,-0.28,3474.92,362.8,,
2015-12-11,931446,中证东方红红利低波动指数,东证红利低波,CSI Dongfanghong Dividend Low Volatility Index,DFH Dividend Low Volatility,1683.26,1684.66,1668.38,1675.6,,-0.83,3377.04,335.64,,
2015-12-14,931446,中证东方红红利低波动指数,东证红利低波,CSI Dongfanghong Dividend Low Volatility Index,DFH Dividend Low Volatility,1661.9,1707.47,1661.9,1707.47,,1.9,4301.04,447.82,,
2015-12-15,931446,中证东方红红利低波动指数,东证红利低波,CSI Dongfanghong Dividend Low Volatility Index,DFH Dividend Low Volatility,1704.13,1710.0,1695.42,1700.22,,-0.42,3250.02,362.31,,
2015-12-16,931446,中证东方红红利低波动指数,东证红利低波,CSI Dongfanghong Dividend Low Volatility Index,DFH Dividend Low Volatility,1704.1,1706.28,1693.18,1695.97,,-0.25,2901.7,308.11,,
2015-12-17,931446,中证东方红红利低波动指数,东证红利低波,CSI Dongfanghong Dividend Low Volatility Index,DFH Dividend Low Volatility,1705.4,1726.09,1705.4,1726.09,,1.78,4487.95,493.75,,
2015-12-18,931446,中证东方红红利低波动指数,东证红利低波,CSI Dongfanghong Dividend Low Volatility Index,DFH Dividend Low Volatility,1724.03,1748.6,1722.69,1733.17,,0.41,5716.33,632.81,,
2015-12-21,931446,中证东方红红利低波动指数,东证红利低波,CSI Dongfanghong Dividend Low Volatility Index,DFH Dividend Low Volatility,1728.53,1797.74,1728.53,1793.56,,3.48,8219.95,935.85,,
2015-12-22,931446,中证东方红红利低波动指数,东证红利低波,CSI Dongfanghong Dividend Low Volatility Index,DFH Dividend Low Volatility,1795.61,1800.42,1782.26,1796.44,,0.16,6193.57,722.44,,
2015-12-23,931446,中证东方红红利低波动指数,东证红利低波,CSI Dongfanghong Dividend Low Volatility Index,DFH Dividend Low Volatility,1796.81,1810.62,1791.88,1794.89,,-0.09,6419.99,725.7,,
2015-12-24,931446,中证东方红红利低波动指数,东证红利低波,CSI Dongfanghong Dividend Low Volatility Index,DFH Dividend Low Volatility,1791.26,1791.26,1761.87,1779.1,,-0.88,4643.65,507.94,,
2015-12-25,931446,中证东方红红利低波动指数,东证红利低波,CSI Dongfanghong Dividend Low Volatility Index,DFH Dividend Low Volatility,1780.67,1788.27,1777.38,1787.4,,0.47,3051.55,345.66,,
2015-12-28,931446,中证东方红红利低波动指数,东证红利低波,CSI Dongfanghong Dividend Low Volatility Index,DFH Dividend Low Volatility,1791.99,1791.99,1740.78,1740.78,,-2.61,4867.05,515.75,,
2015-12-29,931446,中证东方红红利低波动指数,东证红利低波,CSI Dongfanghong Dividend Low Volatility Index,DFH Dividend Low Volatility,1739.27,1759.03,1735.78,1759.03,,1.05,3147.92,341.82,,
2015-12-30,931446,中证东方红红利低波动指数,东证红利低波,CSI Dongfanghong Dividend Low Volatility Index,DFH Dividend Low Volatility,1759.05,1759.48,1744.85,1759.18,,0.01,3053.46,348.07,,
2015-12-31,931446,中证东方红红利低波动指数,东证红利低波,CSI Dongfanghong Dividend Low Volatility Index,DFH Dividend Low Volatility,1758.0,1761.9,1743.09,1745.9,,-0.76,3237.24,367.48,,
2016-01-04,931446,中证东方红红利低波动指数,东证红利低波,CSI Dongfanghong Dividend Low Volatility Index,DFH Dividend Low Volatility,1743.15,1743.15,1633.64,1633.64,,-6.43,3504.23,349.66,,
2016-01-05,931446,中证东方红红利低波动指数,东证红利低波,CSI Dongfanghong Dividend Low Volatility Index,DFH Dividend Low Volatility,1603.35,1654.77,1603.35,1640.89,,0.44,4822.79,473.5,,
2016-01-06,931446,中证东方红红利低波动指数,东证红利低波,CSI Dongfanghong Dividend Low Volatility Index,DFH Dividend Low Volatility,1642.64,1674.78,1642.02,1674.78,,2.07,4009.36,374.08,,
2016-01-07,931446,中证东方红红利低波动指数,东证红利低波,CSI Dongfanghong Dividend Low Volatility Index,DFH Dividend Low Volatility,1651.69,1651.69,1566.19,1569.86,,-6.27,1153.93,109.4,,
2016-01-08,931446,中证东方红红利低波动指数,东证红利低波,CSI Dongfanghong Dividend Low Volatility Index,DFH Dividend Low Volatility,1606.64,1624.6,1559.56,1608.6,,2.47,5212.85,498.41,,
2016-01-11,931446,中证东方红红利低波动指数,东证红利低波,CSI Dongfanghong Dividend Low Volatility Index,DFH Dividend Low Volatility,1586.61,1595.66,1530.37,1530.37,,-4.86,4806.82,450.08,,
2016-01-12,931446,中证东方红红利低波动指数,东证红利低波,CSI Dongfanghong Dividend Low Volatility Index,DFH Dividend Low Volatility,1539.33,1548.99,1523.41,1533.11,,0.18,3313.56,315.64,,
2016-01-13,931446,中证东方红红利低波动指数,东证红利低波,CSI Dongfanghong Dividend Low Volatility Index,DFH Dividend Low Volatility,1543.9,1553.54,1511.53,1511.53,,-1.41,3031.29,285.51,,
2016-01-14,931446,中证东方红红利低波动指数,东证红利低波,CSI Dongfanghong Dividend Low Volatility Index,DFH Dividend Low Volatility,1483.6,1537.9,1483.6,1536.53,,1.65,3746.98,332.72,,
2016-01-15,931446,中证东方红红利低波动指数,东证红利低波,CSI Dongfanghong Dividend Low Volatility Index,DFH Dividend Low Volatility,1527.83,1532.29,1484.76,1488.58,,-3.12,3344.21,289.27,,
2016-01-18,931446,中证东方红红利低波动指数,东证红利低波,CSI Dongfanghong Dividend Low Volatility Index,DFH Dividend Low Volatility,1466.58,1501.38,1466.58,1489.55,,0.07,2720.19,233.23,,
2016-01-19,931446,中证东方红红利低波动指数,东证红利低波,CSI Dongfanghong Dividend Low Volatility Index,DFH Dividend Low Volatility,1490.03,1530.3,1488.81,1530.3,,2.74,3159.67,296.37,,
2016-01-20,931446,中证东方红红利低波动指数,东证红利低波,CSI Dongfanghong Dividend Low Volatility Index,DFH Dividend Low Volatility,1521.78,1526.83,1495.01,1506.89,,-1.53,3485.93,320.53,,
2016-01-21,931446,中证东方红红利低波动指数,东证红利低波,CSI Dongfanghong Dividend Low Volatility Index,DFH Dividend Low Volatility,1487.99,1515.42,1468.47,1468.47,,-2.55,3035.12,273.87,,
2016-01-22,931446,中证东方红红利低波动指数,东证红利低波,CSI Dongfanghong Dividend Low Volatility Index,DFH Dividend Low Volatility,1483.13,1483.13,1462.2,1481.59,,0.89,2396.35,216.7,,
2016-01-25,931446,中证东方红红利低波动指数,东证红利低波,CSI Dongfanghong Dividend Low Volatility Index,DFH Dividend Low Volatility,1489.91,1496.05,1479.86,1489.87,,0.56,2189.1,191.3,,
2016-01-26,931446,中证东方红红利低波动指数,东证红利低波,CSI Dongfanghong Dividend Low Volatility Index,DFH Dividend Low Volatility,1479.32,1479.32,1405.5,1405.5,,-5.66,3613.93,302.95,,
2016-01-27,931446,中证东方红红利低波动指数,东证红利低波,CSI Dongfanghong Dividend Low Volatility Index,DFH Dividend Low Volatility,1412.81,1412.81,1363.08,1400.19,,-0.38,3829.94,312.7,,
2016-01-28,931446,中证东方红红利低波动指数,东证红利低波,CSI Dongfanghong Dividend Low Volatility Index,DFH Dividend Low Volatility,1390.85,1404.11,1373.01,1373.8,,-1.89,2745.63,224.05,,
2016-01-29,931446,中证东方红红利低波动指数,东证红利低波,CSI Dongfanghong Dividend Low Volatility Index,DFH Dividend Low Volatility,1374.8,1420.48,1374.8,1412.67,,2.83,3198.65,261.86,,
2016-02-01,931446,中证东方红红利低波动指数,东证红利低波,CSI Dongfanghong Dividend Low Volatility Index,DFH Dividend Low Volatility,1410.04,1416.32,1387.88,1397.93,,-1.04,2429.85,200.28,,
2016-02-02,931446,中证东方红红利低波动指数,东证红利低波,CSI Dongfanghong Dividend Low Volatility Index,DFH Dividend Low Volatility,1397.26,1424.8,1397.26,1421.72,,1.7,2382.49,198.74,,
2016-02-03,931446,中证东方红红利低波动指数,东证红利低波,CSI Dongfanghong Dividend Low Volatility Index,DFH Dividend Low Volatility,1408.31,1414.93,1397.7,1413.2,,-0.6,2055.19,170.7,,
2016-02-04,931446,中证东方红红利低波动指数,东证红利低波,CSI Dongfanghong Dividend Low Volatility Index,DFH Dividend Low Volatility,1417.05,1432.88,1417.05,1428.97,,1.12,2337.95,197.88,,
2016-02-05,931446,中证东方红红利低波动指数,东证红利低波,CSI Dongfanghong Dividend Low Volatility Index,DFH Dividend Low Volatility,1430.36,1431.04,1422.18,1422.62,,-0.44,1938.18,167.45,,
2016-02-15,931446,中证东方红红利低波动指数,东证红利低波,CSI Dongfanghong Dividend Low Volatility Index,DFH Dividend Low Volatility,1388.48,1418.36,1388.48,1413.6,,-0.63,2156.27,179.76,,
2016-02-16,931446,中证东方红红利低波动指数,东证红利低波,CSI Dongfanghong Dividend Low Volatility Index,DFH Dividend Low Volatility,1419.21,1451.26,1419.21,1451.26,,2.67,2981.0,228.29,,
2016-02-17,931446,中证东方红红利低波动指数,东证红利低波,CSI Dongfanghong Dividend Low Volatility Index,DFH Dividend Low Volatility,1449.23,1459.19,1444.95,1459.19,,0.55,2992.03,241.95,,
2016-02-18,931446,中证东方红红利低波动指数,东证红利低波,CSI Dongfanghong Dividend Low Volatility Index,DFH Dividend Low Volatility,1465.47,1468.47,1457.58,1457.9,,-0.09,2975.4,249.65,,
2016-02-19,931446,中证东方红红利低波动指数,东证红利低波,CSI Dongfanghong Dividend Low Volatility Index,DFH Dividend Low Volatility,1455.37,1458.75,1448.31,1453.9,,-0.27,2187.35,178.75,,
2016-02-22,931446,中证东方红红利低波动指数,东证红利低波,CSI Dongfanghong Dividend Low Volatility Index,DFH Dividend Low Volatility,1465.95,1486.32,1464.33,1484.79,,2.12,3559.89,290.89,,
2016-02-23,931446,中证东方红红利低波动指数,东证红利低波,CSI Dongfanghong Dividend Low Volatility Index,DFH Dividend Low Volatility,1485.85,1485.85,1460.89,1473.16,,-0.78,2830.78,229.86,,
2016-02-24,931446,中证东方红红利低波动指数,东证红利低波,CSI Dongfanghong Dividend Low Volatility Index,DFH Dividend Low Volatility,1466.19,1484.11,1461.21,1484.11,,0.74,3010.93,236.51,,
2016-02-25,931446,中证东方红红利低波动指数,东证红利低波,CSI Dongfanghong Dividend Low Volatility Index,DFH Dividend Low Volatility,1480.65,1480.65,1398.43,1403.03,,-5.46,4290.11,332.83,,
2016-02-26,931446,中证东方红红利低波动指数,东证红利低波,CSI Dongfanghong Dividend Low Volatility Index,DFH Dividend Low Volatility,1412.91,1424.16,1403.94,1419.59,,1.18,2953.8,226.27,,
2016-02-29,931446,中证东方红红利低波动指数,东证红利低波,CSI Dongfanghong Dividend Low Volatility Index,DFH Dividend Low Volatility,1417.1,1417.1,1371.5,1391.66,,-1.97,3869.77,297.04,,
2016-03-01,931446,中证东方红红利低波动指数,东证红利低波,CSI Dongfanghong Dividend Low Volatility Index,DFH Dividend Low Volatility,1392.47,1414.5,1387.4,1412.54,,1.5,2871.79,222.67,,
2016-03-02,931446,中证东方红红利低波动指数,东证红利低波,CSI Dongfanghong Dividend Low Volatility Index,DFH Dividend Low Volatility,1414.63,1467.64,1414.63,1467.58,,3.9,4823.04,375.69,,
2016-03-03,931446,中证东方红红利低波动指数,东证红利低波,CSI Dongfanghong Dividend Low Volatility Index,DFH Dividend Low Volatility,1466.32,1478.21,1465.48,1471.01,,0.23,4512.69,361.44,,
2016-03-04,931446,中证东方红红利低波动指数,东证红利低波,CSI Dongfanghong Dividend Low Volatility Index,DFH Dividend Low Volatility,1467.04,1490.93,1465.04,1487.35,,1.11,8345.6,676.92,,
2016-03-07,931446,中证东方红红利低波动指数,东证红利低波,CSI Dongfanghong Dividend Low Volatility Index,DFH Dividend Low Volatility,1490.41,1501.27,1484.66,1493.16,,0.39,3968.53,326.69,,
2016-03-08,931446,中证东方红红利低波动指数,东证红利低波,CSI Dongfanghong Dividend Low Volatility Index,DFH Dividend Low Volatility,1490.45,1491.48,1453.64,1491.38,,-0.12,3907.29,308.12,,
2016-03-09,931446,中证东方红红利低波动指数,东证红利低波,CSI Dongfanghong Dividend Low Volatility Index,DFH Dividend Low Volatility,1468.71,1479.63,1456.7,1479.63,,-0.79,3698.79,294.32,,
2016-03-10,931446,中证东方红红利低波动指数,东证红利低波,CSI Dongfanghong Dividend Low Volatility Index,DFH Dividend Low Volatility,1471.58,1478.28,1456.25,1456.25,,-1.58,2233.96,190.24,,
2016-03-11,931446,中证东方红红利低波动指数,东证红利低波,CSI Dongfanghong Dividend Low Volatility Index,DFH Dividend Low Volatility,1447.76,1458.8,1442.98,1457.08,,0.06,2374.16,204.49,,
2016-03-14,931446,中证东方红红利低波动指数,东证红利低波,CSI Dongfanghong Dividend Low Volatility Index,DFH Dividend Low Volatility,1465.21,1492.89,1465.17,1476.23,,1.31,3393.45,299.7,,
2016-03-15,931446,中证东方红红利低波动指数,东证红利低波,CSI Dongfanghong Dividend Low Volatility Index,DFH Dividend Low Volatility,1474.29,1483.53,1461.88,1483.53,,0.49,2920.61,255.33,,
2016-03-16,931446,中证东方红红利低波动指数,东证红利低波,CSI Dongfanghong Dividend Low Volatility Index,DFH Dividend Low Volatility,1480.0,1494.92,1480.0,1493.88,,0.7,5332.24,467.17,,
2016-03-17,931446,中证东方红红利低波动指数,东证红利低波,CSI Dongfanghong Dividend Low Volatility Index,DFH Dividend Low Volatility,1495.18,1510.44,1488.85,1504.06,,0.68,3556.99,319.52,,
2016-03-18,931446,中证东方红红利低波动指数,东证红利低波,CSI Dongfanghong Dividend Low Volatility Index,DFH Dividend Low Volatility,1507.66,1526.85,1507.66,1520.74,,1.11,5462.4,472.29,,
2016-03-21,931446,中证东方红红利低波动指数,东证红利低波,CSI Dongfanghong Dividend Low Volatility Index,DFH Dividend Low Volatility,1528.66,1543.24,1527.66,1538.83,,1.19,5882.69,502.91,,
2016-03-22,931446,中证东方红红利低波动指数,东证红利低波,CSI Dongfanghong Dividend Low Volatility Index,DFH Dividend Low Volatility,1532.58,1538.77,1529.77,1533.34,,-0.36,3440.3,316.81,,
2016-03-23,931446,中证东方红红利低波动指数,东证红利低波,CSI Dongfanghong Dividend Low Volatility Index,DFH Dividend Low Volatility,1530.23,1534.84,1523.67,1530.51,,-0.19,2472.2,226.27,,
2016-03-24,931446,中证东方红红利低波动指数,东证红利低波,CSI Dongfanghong Dividend Low Volatility Index,DFH Dividend Low Volatility,1523.48,1524.61,1511.52,1512.14,,-1.2,2743.09,260.22,,
2016-03-25,931446,中证东方红红利低波动指数,东证红利低波,CSI Dongfanghong Dividend Low Volatility Index,DFH Dividend Low Volatility,1511.44,1523.55,1511.44,1523.55,,0.76,1999.09,196.97,,
2016-03-28,931446,中证东方红红利低波动指数,东证红利低波,CSI Dongfanghong Dividend Low Volatility Index,DFH Dividend Low Volatility,1527.23,1539.5,1516.92,1521.26,,-0.15,2589.8,271.34,,
2016-03-29,931446,中证东方红红利低波动指数,东证红利低波,CSI Dongfanghong Dividend Low Volatility Index,DFH Dividend Low Volatility,1521.22,1522.69,1503.99,1508.74,,-0.82,2401.73,219.91,,
2016-03-30,931446,中证东方红红利低波动指数,东证红利低波,CSI Dongfanghong Dividend Low Volatility Index,DFH Dividend Low Volatility,1518.12,1543.33,1518.12,1543.33,,2.29,3519.31,305.93,,
2016-03-31,931446,中证东方红红利低波动指数,东证红利低波,CSI Dongfanghong Dividend Low Volatility Index,DFH Dividend Low Volatility,1547.73,1547.78,1538.57,1543.56,,0.01,3157.58,276.0,,
2016-04-01,931446,中证东方红红利低波动指数,东证红利低波,CSI Dongfanghong Dividend Low Volatility Index,DFH Dividend Low Volatility,1541.77,1547.96,1525.86,1547.96,,0.29,3619.73,295.98,,
2016-04-05,931446,中证东方红红利低波动指数,东证红利低波,CSI Dongfanghong Dividend Low Volatility Index,DFH Dividend Low Volatility,1542.94,1565.85,1541.24,1564.11,,1.04,3899.57,334.77,,
2016-04-06,931446,中证东方红红利低波动指数,东证红利低波,CSI Dongfanghong Dividend Low Volatility Index,DFH Dividend Low Volatility,1557.61,1562.78,1552.97,1560.5,,-0.23,2970.43,267.01,,
2016-04-07,931446,中证东方红红利低波动指数,东证红利低波,CSI Dongfanghong Dividend Low Volatility Index,DFH Dividend Low Volatility,1565.0,1565.0,1540.15,1540.39,,-1.29,2699.31,249.95,,
2016-04-08,931446,中证东方红红利低波动指数,东证红利低波,CSI Dongfanghong Dividend Low Volatility Index,DFH Dividend Low Volatility,1533.07,1535.69,1524.02,1530.99,,-0.61,2449.32,222.4,,
2016-04-11,931446,中证东方红红利低波动指数,东证红利低波,CSI Dongfanghong Dividend Low Volatility Index,DFH Dividend Low Volatility,1537.67,1552.31,1537.67,1547.23,,1.06,3103.14,313.83,,
2016-04-12,931446,中证东方红红利低波动指数,东证红利低波,CSI Dongfanghong Dividend Low Volatility Index,DFH Dividend Low Volatility,1545.79,1546.23,1535.35,1540.77,,-0.42,2172.75,195.56,,
2016-04-13,931446,中证东方红红利低波动指数,东证红利低波,CSI Dongfanghong Dividend Low Volatility Index,DFH Dividend Low Volatility,1547.76,1571.15,1547.76,1559.16,,1.19,4787.17,431.74,,
2016-04-14,931446,中证东方红红利低波动指数,东证红利低波,CSI Dongfanghong Dividend Low Volatility Index,DFH Dividend Low Volatility,1565.79,1567.63,1555.6,1563.88,,0.3,2345.0,216.77,,
2016-04-15,931446,中证东方红红利低波动指数,东证红利低波,CSI Dongfanghong Dividend Low Volatility Index,DFH Dividend Low Volatility,1564.98,1566.77,1559.2,1562.69,,-0.08,2345.56,226.78,,
2016-04-18,931446,中证东方红红利低波动指数,东证红利低波,CSI Dongfanghong Dividend Low Volatility Index,DFH Dividend Low Volatility,1555.69,1555.69,1544.15,1544.89,,-1.14,2407.46,229.11,,
2016-04-19,931446,中证东方红红利低波动指数,东证红利低波,CSI Dongfanghong Dividend Low Volatility Index,DFH Dividend Low Volatility,1550.92,1550.92,1541.61,1547.7,,0.18,1790.96,179.38,,
2016-04-20,931446,中证东方红红利低波动指数,东证红利低波,CSI Dongfanghong Dividend Low Volatility Index,DFH Dividend Low Volatility,1549.72,1549.72,1497.31,1521.48,,-1.69,4327.86,405.07,,
2016-04-21,931446,中证东方红红利低波动指数,东证红利低波,CSI Dongfanghong Dividend Low Volatility Index,DFH Dividend Low Volatility,1513.76,1527.53,1510.95,1514.6,,-0.45,2557.1,254.11,,
2016-04-22,931446,中证东方红红利低波动指数,东证红利低波,CSI Dongfanghong Dividend Low Volatility Index,DFH Dividend Low Volatility,1509.37,1522.62,1509.37,1522.62,,0.53,1880.62,185.02,,
2016-04-25,931446,中证东方红红利低波动指数,东证红利低波,CSI Dongfanghong Dividend Low Volatility Index,DFH Dividend Low Volatility,1518.52,1522.15,1509.96,1521.57,,-0.07,1762.67,182.06,,
2016-04-26,931446,中证东方红红利低波动指数,东证红利低波,CSI Dongfanghong Dividend Low Volatility Index,DFH Dividend Low Volatility,1520.26,1528.94,1516.03,1528.52,,0.46,1492.04,152.66,,
2016-04-27,931446,中证东方红红利低波动指数,东证红利低波,CSI Dongfanghong Dividend Low Volatility Index,DFH Dividend Low Volatility,1529.37,1534.57,1525.86,1527.61,,-0.06,1605.32,164.43,,
2016-04-28,931446,中证东方红红利低波动指数,东证红利低波,CSI Dongfanghong Dividend Low Volatility Index,DFH Dividend Low Volatility,1526.06,1528.66,1512.02,1524.04,,-0.23,2041.4,191.31,,
2016-04-29,931446,中证东方红红利低波动指数,东证红利低波,CSI Dongfanghong Dividend Low Volatility Index,DFH Dividend Low Volatility,1520.99,1528.9,1520.99,1523.13,,-0.06,2004.86,216.45,,
2016-05-03,931446,中证东方红红利低波动指数,东证红利低波,CSI Dongfanghong Dividend Low Volatility Index,DFH Dividend Low Volatility,1523.98,1548.96,1520.5,1547.65,,1.61,3084.39,324.61,,
2016-05-04,931446,中证东方红红利低波动指数,东证红利低波,CSI Dongfanghong Dividend Low Volatility Index,DFH Dividend Low Volatility,1543.89,1548.09,1540.82,1544.44,,-0.21,2070.63,210.95,,
2016-05-05,931446,中证东方红红利低波动指数,东证红利低波,CSI Dongfanghong Dividend Low Volatility Index,DFH Dividend Low Volatility,1542.65,1546.34,1539.38,1545.48,,0.07,1681.94,166.13,,
2016-05-06,931446,中证东方红红利低波动指数,东证红利低波,CSI Dongfanghong Dividend Low Volatility Index,DFH Dividend Low Volatility,1545.94,1547.65,1511.61,1511.61,,-2.19,2618.52,254.03,,
2016-05-09,931446,中证东方红红利低波动指数,东证红利低波,CSI Dongfanghong Dividend Low Volatility Index,DFH Dividend Low Volatility,1508.06,1508.06,1482.9,1486.48,,-1.66,2528.98,233.37,,
2016-05-10,931446,中证东方红红利低波动指数,东证红利低波,CSI Dongfanghong Dividend Low Volatility Index,DFH Dividend Low Volatility,1482.16,1495.64,1482.16,1490.58,,0.28,1909.41,194.19,,
2016-05-11,931446,中证东方红红利低波动指数,东证红利低波,CSI Dongfanghong Dividend Low Volatility Index,DFH Dividend Low Volatility,1495.47,1508.81,1494.12,1504.29,,0.92,2252.5,253.87,,
2016-05-12,931446,中证东方红红利低波动指数,东证红利低波,CSI Dongfanghong Dividend Low Volatility Index,DFH Dividend Low Volatility,1493.25,1506.39,1485.64,1506.39,,0.14,2230.17,218.35,,
2016-05-13,931446,中证东方红红利低波动指数,东证红利低波,CSI Dongfanghong Dividend Low Volatility Index,DFH Dividend Low Volatility,1502.14,1510.31,1494.96,1498.5,,-0.52,1814.98,182.2,,
2016-05-16,931446,中证东方红红利低波动指数,东证红利低波,CSI Dongfanghong Dividend Low Volatility Index,DFH Dividend Low Volatility,1493.69,1507.54,1490.97,1507.54,,0.6,1589.41,163.18,,
2016-05-17,931446,中证东方红红利低波动指数,东证红利低波,CSI Dongfanghong Dividend Low Volatility Index,DFH Dividend Low Volatility,1508.23,1508.64,1498.4,1501.83,,-0.38,1578.55,162.0,,
2016-05-18,931446,中证东方红红利低波动指数,东证红利低波,CSI Dongfanghong Dividend Low Volatility Index,DFH Dividend Low Volatility,1496.74,1496.74,1478.53,1489.53,,-0.82,2424.36,234.41,,
2016-05-19,931446,中证东方红红利低波动指数,东证红利低波,CSI Dongfanghong Dividend Low Volatility Index,DFH Dividend Low Volatility,1485.35,1495.77,1485.35,1487.98,,-0.1,1424.27,138.87,,
2016-05-20,931446,中证东方红红利低波动指数,东证红利低波,CSI Dongfanghong Dividend Low Volatility Index,DFH Dividend Low Volatility,1482.84,1491.94,1482.84,1491.94,,0.27,1350.5,134.0,,
2016-05-23,931446,中证东方红红利低波动指数,东证红利低波,CSI Dongfanghong Dividend Low Volatility Index,DFH Dividend Low Volatility,1491.05,1497.96,1491.05,1496.85,,0.33,1489.84,149.09,,
2016-05-24,931446,中证东方红红利低波动指数,东证红利低波,CSI Dongfanghong Dividend Low Volatility Index,DFH Dividend Low Volatility,1496.08,1496.08,1482.91,1487.11,,-0.65,1449.38,133.05,,
2016-05-25,931446,中证东方红红利低波动指数,东证红利低波,CSI Dongfanghong Dividend Low Volatility Index,DFH Dividend Low Volatility,1492.16,1495.08,1484.28,1485.61,,-0.1,1207.44,116.7,,
2016-05-26,931446,中证东方红红利低波动指数,东证红利低波,CSI Dongfanghong Dividend Low Volatility Index,DFH Dividend Low Volatility,1485.58,1489.11,1474.11,1487.06,,0.1,1355.95,125.67,,
2016-05-27,931446,中证东方红红利低波动指数,东证红利低波,CSI Dongfanghong Dividend Low Volatility Index,DFH Dividend Low Volatility,1485.17,1492.75,1482.89,1489.46,,0.16,1216.12,108.91,,
2016-05-30,931446,中证东方红红利低波动指数,东证红利低波,CSI Dongfanghong Dividend Low Volatility Index,DFH Dividend Low Volatility,1487.74,1492.57,1481.17,1490.64,,0.08,1594.71,145.92,,
2016-05-31,931446,中证东方红红利低波动指数,东证红利低波,CSI Dongfanghong Dividend Low Volatility Index,DFH Dividend Low Volatility,1491.08,1531.08,1491.08,1531.08,,2.71,3435.47,324.13,,
2016-06-01,931446,中证东方红红利低波动指数,东证红利低波,CSI Dongfanghong Dividend Low Volatility Index,DFH Dividend Low Volatility,1530.49,1531.06,1525.81,1526.53,,-0.3,2206.86,207.35,,
2016-06-02,931446,中证东方红红利低波动指数,东证红利低波,CSI Dongfanghong Dividend Low Volatility Index,DFH Dividend Low Volatility,1526.0,1528.8,1521.91,1528.05,,0.1,1542.29,152.85,,
2016-06-03,931446,中证东方红红利低波动指数,东证红利低波,CSI Dongfanghong Dividend Low Volatility Index,DFH Dividend Low Volatility,1529.51,1541.22,1525.7,1539.94,,0.78,2120.72,241.05,,
2016-06-06,931446,中证东方红红利低波动指数,东证红利低波,CSI Dongfanghong Dividend Low Volatility Index,DFH Dividend Low Volatility,1539.66,1540.06,1533.28,1537.79,,-0.14,1800.56,187.87,,
2016-06-07,931446,中证东方红红利低波动指数,东证红利低波,CSI Dongfanghong Dividend Low Volatility Index,DFH Dividend Low Volatility,1538.11,1538.11,1533.06,1536.66,,-0.07,1521.21,162.93,,
2016-06-08,931446,中证东方红红利低波动指数,东证红利低波,CSI Dongfanghong Dividend Low Volatility Index,DFH Dividend Low Volatility,1530.39,1530.39,1519.32,1524.97,,-0.76,1709.25,168.1,,
2016-06-13,931446,中证东方红红利低波动指数,东证红利低波,CSI Dongfanghong Dividend Low Volatility Index,DFH Dividend Low Volatility,1513.04,1515.17,1486.68,1486.68,,-2.51,2103.58,208.38,,
2016-06-14,931446,中证东方红红利低波动指数,东证红利低波,CSI Dongfanghong Dividend Low Volatility Index,DFH Dividend Low Volatility,1484.3,1491.68,1484.3,1491.17,,0.3,1544.71,160.25,,
2016-06-15,931446,中证东方红红利低波动指数,东证红利低波,CSI Dongfanghong Dividend Low Volatility Index,DFH Dividend Low Volatility,1481.49,1513.73,1481.49,1512.52,,1.43,2116.36,220.5,,
2016-06-16,931446,中证东方红红利低波动指数,东证红利低波,CSI Dongfanghong Dividend Low Volatility Index,DFH Dividend Low Volatility,1509.02,1512.24,1501.92,1504.34,,-0.54,2351.49,209.05,,
2016-06-17,931446,中证东方红红利低波动指数,东证红利低波,CSI Dongfanghong Dividend Low Volatility Index,DFH Dividend Low Volatility,1506.57,1520.32,1506.57,1514.3,,0.66,2215.94,204.8,,
2016-06-20,931446,中证东方红红利低波动指数,东证红利低波,CSI Dongfanghong Dividend Low Volatility Index,DFH Dividend Low Volatility,1514.83,1515.69,1507.79,1515.69,,0.09,1554.7,157.39,,
2016-06-21,931446,中证东方红红利低波动指数,东证红利低波,CSI Dongfanghong Dividend Low Volatility Index,DFH Dividend Low Volatility,1519.56,1525.44,1510.12,1512.14,,-0.23,1907.83,175.87,,
2016-06-22,931446,中证东方红红利低波动指数,东证红利低波,CSI Dongfanghong Dividend Low Volatility Index,DFH Dividend Low Volatility,1509.51,1524.45,1509.51,1524.45,,0.81,1596.61,150.18,,
2016-06-23,931446,中证东方红红利低波动指数,东证红利低波,CSI Dongfanghong Dividend Low Volatility Index,DFH Dividend Low Volatility,1520.6,1520.76,1511.23,1514.19,,-0.67,1791.37,158.07,,
2016-06-24,931446,中证东方红红利低波动指数,东证红利低波,CSI Dongfanghong Dividend Low Volatility Index,DFH Dividend Low Volatility,1509.21,1514.31,1485.65,1494.46,,-1.3,2896.24,240.43,,
2016-06-27,931446,中证东方红红利低波动指数,东证红利低波,CSI Dongfanghong Dividend Low Volatility Index,DFH Dividend Low Volatility,1489.4,1510.46,1489.4,1510.46,,1.07,1908.36,191.73,,
2016-06-28,931446,中证东方红红利低波动指数,东证红利低波,CSI Dongfanghong Dividend Low Volatility Index,DFH Dividend Low Volatility,1504.68,1514.86,1501.3,1514.86,,0.29,2026.09,206.5,,
2016-06-29,931446,中证东方红红利低波动指数,东证红利低波,CSI Dongfanghong Dividend Low Volatility Index,DFH Dividend Low Volatility,1516.62,1520.9,1514.92,1520.9,,0.4,2321.81,222.91,,
2016-06-30,931446,中证东方红红利低波动指数,东证红利低波,CSI Dongfanghong Dividend Low Volatility Index,DFH Dividend Low Volatility,1520.63,1525.52,1520.63,1524.08,,0.21,2052.61,206.95,,
2016-07-01,931446,中证东方红红利低波动指数,东证红利低波,CSI Dongfanghong Dividend Low Volatility Index,DFH Dividend Low Volatility,1525.4,1531.44,1525.3,1526.96,,0.19,1824.11,172.33,,
2016-07-04,931446,中证东方红红利低波动指数,东证红利低波,CSI Dongfanghong Dividend Low Volatility Index,DFH Dividend Low Volatility,1521.92,1548.7,1521.92,1548.58,,1.42,3069.67,276.85,,
2016-07-05,931446,中证东方红红利低波动指数,东证红利低波,CSI Dongfanghong Dividend Low Volatility Index,DFH Dividend Low Volatility,1548.01,1551.55,1546.59,1550.67,,0.14,2605.92,273.32,,
2016-07-06,931446,中证东方红红利低波动指数,东证红利低波,CSI Dongfanghong Dividend Low Volatility Index,DFH Dividend Low Volatility,1547.75,1558.35,1541.86,1558.11,,0.48,4187.72,498.17,,
2016-07-07,931446,中证东方红红利低波动指数,东证红利低波,CSI Dongfanghong Dividend Low Volatility Index,DFH Dividend Low Volatility,1550.3,1552.17,1544.13,1549.82,,-0.53,2785.83,356.18,,
2016-07-08,931446,中证东方红红利低波动指数,东证红利低波,CSI Dongfanghong Dividend Low Volatility Index,DFH Dividend Low Volatility,1540.72,1540.72,1532.92,1537.01,,-0.83,2020.08,256.63,,
2016-07-11,931446,中证东方红红利低波动指数,东证红利低波,CSI Dongfanghong Dividend Low Volatility Index,DFH Dividend Low Volatility,1540.57,1558.79,1540.57,1547.89,,0.71,3775.63,378.98,,
2016-07-12,931446,中证东方红红利低波动指数,东证红利低波,CSI Dongfanghong Dividend Low Volatility Index,DFH Dividend Low Volatility,1547.03,1583.41,1547.03,1583.41,,2.3,4603.67,486.03,,
2016-07-13,931446,中证东方红红利低波动指数,东证红利低波,CSI Dongfanghong Dividend Low Volatility Index,DFH Dividend Low Volatility,1582.86,1593.89,1582.86,1586.34,,0.19,4512.95,446.76,,
2016-07-14,931446,中证东方红红利低波动指数,东证红利低波,CSI Dongfanghong Dividend Low Volatility Index,DFH Dividend Low Volatility,1583.6,1583.6,1575.51,1580.61,,-0.36,2460.7,256.7,,
2016-07-15,931446,中证东方红红利低波动指数,东证红利低波,CSI Dongfanghong Dividend Low Volatility Index,DFH Dividend Low Volatility,1579.46,1582.97,1575.6,1581.12,,0.03,2327.7,257.71,,
2016-07-18,931446,中证东方红红利低波动指数,东证红利低波,CSI Dongfanghong Dividend Low Volatility Index,DFH Dividend Low Volatility,1578.55,1591.09,1578.55,1584.23,,0.2,2897.84,300.6,,
2016-07-19,931446,中证东方红红利低波动指数,东证红利低波,CSI Dongfanghong Dividend Low Volatility Index,DFH Dividend Low Volatility,1582.93,1582.93,1565.39,1573.46,,-0.68,2436.77,270.9,,
2016-07-20,931446,中证东方红红利低波动指数,东证红利低波,CSI Dongfanghong Dividend Low Volatility Index,DFH Dividend Low Volatility,1571.99,1575.87,1569.32,1570.6,,-0.18,1885.92,205.72,,
2016-07-21,931446,中证东方红红利低波动指数,东证红利低波,CSI Dongfanghong Dividend Low Volatility Index,DFH Dividend Low Volatility,1570.68,1588.31,1570.68,1580.2,,0.61,2239.92,252.45,,
2016-07-22,931446,中证东方红红利低波动指数,东证红利低波,CSI Dongfanghong Dividend Low Volatility Index,DFH Dividend Low Volatility,1577.67,1577.67,1560.44,1562.19,,-1.14,2247.26,256.25,,
2016-07-25,931446,中证东方红红利低波动指数,东证红利低波,CSI Dongfanghong Dividend Low Volatility Index,DFH Dividend Low Volatility,1560.56,1576.35,1560.56,1570.26,,0.52,2063.36,233.04,,
2016-07-26,931446,中证东方红红利低波动指数,东证红利低波,CSI Dongfanghong Dividend Low Volatility Index,DFH Dividend Low Volatility,1568.16,1590.05,1568.16,1590.05,,1.26,2360.58,270.31,,
2016-07-27,931446,中证东方红红利低波动指数,东证红利低波,CSI Dongfanghong Dividend Low Volatility Index,DFH Dividend Low Volatility,1589.34,1599.09,1556.75,1575.64,,-0.91,4145.64,448.95,,
2016-07-28,931446,中证东方红红利低波动指数,东证红利低波,CSI Dongfanghong Dividend Low Volatility Index,DFH Dividend Low Volatility,1568.89,1602.56,1568.89,1602.03,,1.68,3344.12,380.51,,
2016-07-29,931446,中证东方红红利低波动指数,东证红利低波,CSI Dongfanghong Dividend Low Volatility Index,DFH Dividend Low Volatility,1599.73,1612.37,1598.56,1599.02,,-0.19,2822.6,331.42,,
2016-08-01,931446,中证东方红红利低波动指数,东证红利低波,CSI Dongfanghong Dividend Low Volatility Index,DFH Dividend Low Volatility,1595.93,1595.93,1572.26,1583.22,,-0.99,2754.65,299.96,,
2016-08-02,931446,中证东方红红利低波动指数,东证红利低波,CSI Dongfanghong Dividend Low Volatility Index,DFH Dividend Low Volatility,1580.38,1588.17,1574.06,1588.17,,0.31,1848.24,221.84,,
2016-08-03,931446,中证东方红红利低波动指数,东证红利低波,CSI Dongfanghong Dividend Low Volatility Index,DFH Dividend Low Volatility,1582.25,1591.7,1581.54,1589.16,,0.06,2114.49,227.93,,
2016-08-04,931446,中证东方红红利低波动指数,东证红利低波,CSI Dongfanghong Dividend Low Volatility Index,DFH Dividend Low Volatility,1588.24,1590.94,1579.9,1590.94,,0.11,2236.77,261.84,,
2016-08-05,931446,中证东方红红利低波动指数,东证红利低波,CSI Dongfanghong Dividend Low Volatility Index,DFH Dividend Low Volatility,1589.97,1597.48,1586.72,1589.52,,-0.09,2277.17,296.2,,
2016-08-08,931446,中证东方红红利低波动指数,东证红利低波,CSI Dongfanghong Dividend Low Volatility Index,DFH Dividend Low Volatility,1587.49,1603.26,1582.38,1603.26,,0.86,2212.05,291.23,,
2016-08-09,931446,中证东方红红利低波动指数,东证红利低波,CSI Dongfanghong Dividend Low Volatility Index,DFH Dividend Low Volatility,1602.53,1614.3,1602.31,1614.21,,0.68,2398.2,291.63,,
2016-08-10,931446,中证东方红红利低波动指数,东证红利低波,CSI Dongfanghong Dividend Low Volatility Index,DFH Dividend Low Volatility,1613.29,1615.36,1606.3,1606.49,,-0.48,2209.91,266.12,,
2016-08-11,931446,中证东方红红利低波动指数,东证红利低波,CSI Dongfanghong Dividend Low Volatility Index,DFH Dividend Low Volatility,1603.72,1618.76,1602.43,1602.43,,-0.25,3079.06,355.32,,
2016-08-12,931446,中证东方红红利低波动指数,东证红利低波,CSI Dongfanghong Dividend Low Volatility Index,DFH Dividend Low Volatility,1602.2,1630.19,1602.2,1630.19,,1.73,3887.24,422.63,,
2016-08-15,931446,中证东方红红利低波动指数,东证红利低波,CSI Dongfanghong Dividend Low Volatility Index,DFH Dividend Low Volatility,1633.43,1673.08,1633.43,1666.06,,2.2,5777.88,649.95,,
2016-08-16,931446,中证东方红红利低波动指数,东证红利低波,CSI Dongfanghong Dividend Low Volatility Index,DFH Dividend Low Volatility,1668.94,1669.77,1653.97,1654.62,,-0.69,6252.21,681.7,,
2016-08-17,931446,中证东方红红利低波动指数,东证红利低波,CSI Dongfanghong Dividend Low Volatility Index,DFH Dividend Low Volatility,1654.75,1657.66,1646.38,1654.31,,-0.02,3078.11,392.15,,
2016-08-18,931446,中证东方红红利低波动指数,东证红利低波,CSI Dongfanghong Dividend Low Volatility Index,DFH Dividend Low Volatility,1652.64,1657.61,1643.9,1646.67,,-0.46,3257.13,438.24,,
2016-08-19,931446,中证东方红红利低波动指数,东证红利低波,CSI Dongfanghong Dividend Low Volatility Index,DFH Dividend Low Volatility,1645.22,1647.99,1639.37,1646.72,,0.0,2303.38,275.35,,
2016-08-22,931446,中证东方红红利低波动指数,东证红利低波,CSI Dongfanghong Dividend Low Volatility Index,DFH Dividend Low Volatility,1645.35,1645.68,1637.37,1638.79,,-0.48,2538.79,284.84,,
2016-08-23,931446,中证东方红红利低波动指数,东证红利低波,CSI Dongfanghong Dividend Low Volatility Index,DFH Dividend Low Volatility,1637.14,1646.82,1637.14,1641.65,,0.17,2601.23,302.93,,
2016-08-24,931446,中证东方红红利低波动指数,东证红利低波,CSI Dongfanghong Dividend Low Volatility Index,DFH Dividend Low Volatility,1642.29,1642.92,1636.34,1639.34,,-0.14,1933.8,239.52,,
2016-08-25,931446,中证东方红红利低波动指数,东证红利低波,CSI Dongfanghong Dividend Low Volatility Index,DFH Dividend Low Volatility,1633.77,1633.77,1616.52,1629.17,,-0.62,2404.23,279.49,,
2016-08-26,931446,中证东方红红利低波动指数,东证红利低波,CSI Dongfanghong Dividend Low Volatility Index,DFH Dividend Low Volatility,1629.32,1635.45,1625.01,1627.12,,-0.13,1813.18,216.71,,
2016-08-29,931446,中证东方红红利低波动指数,东证红利低波,CSI Dongfanghong Dividend Low Volatility Index,DFH Dividend Low Volatility,1625.23,1626.87,1620.67,1625.25,,-0.11,2154.43,252.5,,
2016-08-30,931446,中证东方红红利低波动指数,东证红利低波,CSI Dongfanghong Dividend Low Volatility Index,DFH Dividend Low Volatility,1626.12,1629.62,1624.07,1627.16,,0.12,1960.04,222.59,,
2016-08-31,931446,中证东方红红利低波动指数,东证红利低波,CSI Dongfanghong Dividend Low Volatility Index,DFH Dividend Low Volatility,1625.41,1632.44,1622.18,1632.44,,0.33,2182.79,268.69,,
2016-09-01,931446,中证东方红红利低波动指数,东证红利低波,CSI Dongfanghong Dividend Low Volatility Index,DFH Dividend Low Volatility,1632.78,1634.57,1623.7,1623.83,,-0.53,2140.46,254.35,,
2016-09-02,931446,中证东方红红利低波动指数,东证红利低波,CSI Dongfanghong Dividend Low Volatility Index,DFH Dividend Low Volatility,1625.12,1630.62,1622.79,1629.05,,0.32,2258.52,274.82,,
2016-09-05,931446,中证东方红红利低波动指数,东证红利低波,CSI Dongfanghong Dividend Low Volatility Index,DFH Dividend Low Volatility,1633.63,1639.39,1632.16,1635.02,,0.37,1923.57,217.65,,
2016-09-06,931446,中证东方红红利低波动指数,东证红利低波,CSI Dongfanghong Dividend Low Volatility Index,DFH Dividend Low Volatility,1637.74,1648.92,1630.79,1647.85,,0.79,2837.58,375.84,,
2016-09-07,931446,中证东方红红利低波动指数,东证红利低波,CSI Dongfanghong Dividend Low Volatility Index,DFH Dividend Low Volatility,1647.65,1654.36,1647.54,1647.88,,0.0,2336.29,294.19,,
2016-09-08,931446,中证东方红红利低波动指数,东证红利低波,CSI Dongfanghong Dividend Low Volatility Index,DFH Dividend Low Volatility,1647.52,1649.64,1644.92,1649.64,,0.11,1753.78,237.18,,
2016-09-09,931446,中证东方红红利低波动指数,东证红利低波,CSI Dongfanghong Dividend Low Volatility Index,DFH Dividend Low Volatility,1650.05,1651.9,1638.93,1638.93,,-0.65,1790.67,239.28,,
2016-09-12,931446,中证东方红红利低波动指数,东证红利低波,CSI Dongfanghong Dividend Low Volatility Index,DFH Dividend Low Volatility,1620.59,1620.59,1601.75,1613.65,,-1.54,3292.51,390.87,,
2016-09-13,931446,中证东方红红利低波动指数,东证红利低波,CSI Dongfanghong Dividend Low Volatility Index,DFH Dividend Low Volatility,1614.78,1617.15,1607.9,1615.31,,0.1,1732.36,221.16,,
2016-09-14,931446,中证东方红红利低波动指数,东证红利低波,CSI Dongfanghong Dividend Low Volatility Index,DFH Dividend Low Volatility,1608.51,1609.54,1600.01,1601.81,,-0.84,1932.86,222.42,,
2016-09-19,931446,中证东方红红利低波动指数,东证红利低波,CSI Dongfanghong Dividend Low Volatility Index,DFH Dividend Low Volatility,1603.42,1617.65,1603.42,1617.65,,0.99,1726.24,204.31,,
2016-09-20,931446,中证东方红红利低波动指数,东证红利低波,CSI Dongfanghong Dividend Low Volatility Index,DFH Dividend Low Volatility,1617.0,1617.98,1615.01,1617.42,,-0.01,1475.77,181.79,,
2016-09-21,931446,中证东方红红利低波动指数,东证红利低波,CSI Dongfanghong Dividend Low Volatility Index,DFH Dividend Low Volatility,1616.37,1619.43,1614.5,1616.92,,-0.03,1605.41,214.37,,
2016-09-22,931446,中证东方红红利低波动指数,东证红利低波,CSI Dongfanghong Dividend Low Volatility Index,DFH Dividend Low Volatility,1622.03,1633.47,1621.7,1628.24,,0.7,2149.45,307.38,,
2016-09-23,931446,中证东方红红利低波动指数,东证红利低波,CSI Dongfanghong Dividend Low Volatility Index,DFH Dividend Low Volatility,1630.74,1630.74,1621.05,1621.18,,-0.43,1673.35,212.98,,
2016-09-26,931446,中证东方红红利低波动指数,东证红利低波,CSI Dongfanghong Dividend Low Volatility Index,DFH Dividend Low Volatility,1616.47,1616.47,1596.57,1596.57,,-1.52,2002.64,227.34,,
2016-09-27,931446,中证东方红红利低波动指数,东证红利低波,CSI Dongfanghong Dividend Low Volatility Index,DFH Dividend Low Volatility,1594.63,1606.2,1594.63,1606.2,,0.6,1729.31,206.58,,
2016-09-28,931446,中证东方红红利低波动指数,东证红利低波,CSI Dongfanghong Dividend Low Volatility Index,DFH Dividend Low Volatility,1608.97,1608.97,1603.69,1605.1,,-0.07,1353.63,175.28,,
2016-09-29,931446,中证东方红红利低波动指数,东证红利低波,CSI Dongfanghong Dividend Low Volatility Index,DFH Dividend Low Volatility,1606.48,1614.28,1606.48,1612.04,,0.43,1442.71,181.41,,
2016-09-30,931446,中证东方红红利低波动指数,东证红利低波,CSI Dongfanghong Dividend Low Volatility Index,DFH Dividend Low Volatility,1610.18,1617.44,1610.18,1616.05,,0.25,1284.79,179.06,,
2016-10-10,931446,中证东方红红利低波动指数,东证红利低波,CSI Dongfanghong Dividend Low Volatility Index,DFH Dividend Low Volatility,1623.49,1638.91,1622.29,1638.91,,1.42,2400.27,276.57,,
2016-10-11,931446,中证东方红红利低波动指数,东证红利低波,CSI Dongfanghong Dividend Low Volatility Index,DFH Dividend Low Volatility,1638.72,1641.82,1637.05,1641.82,,0.18,2311.29,260.53,,
2016-10-12,931446,中证东方红红利低波动指数,东证红利低波,CSI Dongfanghong Dividend Low Volatility Index,DFH Dividend Low Volatility,1639.43,1640.09,1634.41,1638.53,,-0.2,1835.6,202.11,,
2016-10-13,931446,中证东方红红利低波动指数,东证红利低波,CSI Dongfanghong Dividend Low Volatility Index,DFH Dividend Low Volatility,1638.48,1643.12,1635.68,1642.56,,0.25,1944.39,214.83,,
2016-10-14,931446,中证东方红红利低波动指数,东证红利低波,CSI Dongfanghong Dividend Low Volatility Index,DFH Dividend Low Volatility,1639.99,1641.59,1633.23,1641.59,,-0.06,1983.45,196.42,,
2016-10-17,931446,中证东方红红利低波动指数,东证红利低波,CSI Dongfanghong Dividend Low Volatility Index,DFH Dividend Low Volatility,1642.75,1643.83,1627.25,1629.96,,-0.71,2153.56,218.99,,
2016-10-18,931446,中证东方红红利低波动指数,东证红利低波,CSI Dongfanghong Dividend Low Volatility Index,DFH Dividend Low Volatility,1629.0,1649.12,1629.0,1649.12,,1.18,2160.57,220.39,,
2016-10-19,931446,中证东方红红利低波动指数,东证红利低波,CSI Dongfanghong Dividend Low Volatility Index,DFH Dividend Low Volatility,1649.41,1653.77,1644.39,1646.42,,-0.16,2200.72,209.82,,
2016-10-20,931446,中证东方红红利低波动指数,东证红利低波,CSI Dongfanghong Dividend Low Volatility Index,DFH Dividend Low Volatility,1646.76,1648.27,1642.52,1645.08,,-0.08,1728.49,186.63,,
2016-10-21,931446,中证东方红红利低波动指数,东证红利低波,CSI Dongfanghong Dividend Low Volatility Index,DFH Dividend Low Volatility,1644.55,1652.69,1641.59,1651.59,,0.4,2175.89,229.98,,
2016-10-24,931446,中证东方红红利低波动指数,东证红利低波,CSI Dongfanghong Dividend Low Volatility Index,DFH Dividend Low Volatility,1653.09,1672.3,1653.09,1668.42,,1.02,3523.57,351.13,,
2016-10-25,931446,中证东方红红利低波动指数,东证红利低波,CSI Dongfanghong Dividend Low Volatility Index,DFH Dividend Low Volatility,1668.62,1670.85,1666.12,1670.85,,0.15,2550.0,280.02,,
2016-10-26,931446,中证东方红红利低波动指数,东证红利低波,CSI Dongfanghong Dividend Low Volatility Index,DFH Dividend Low Volatility,1669.27,1669.27,1658.95,1660.8,,-0.6,2369.81,283.6,,
2016-10-27,931446,中证东方红红利低波动指数,东证红利低波,CSI Dongfanghong Dividend Low Volatility Index,DFH Dividend Low Volatility,1658.13,1658.13,1650.23,1654.51,,-0.38,1938.49,228.63,,
2016-10-28,931446,中证东方红红利低波动指数,东证红利低波,CSI Dongfanghong Dividend Low Volatility Index,DFH Dividend Low Volatility,1653.92,1660.63,1648.49,1649.33,,-0.31,2377.69,255.69,,
2016-10-31,931446,中证东方红红利低波动指数,东证红利低波,CSI Dongfanghong Dividend Low Volatility Index,DFH Dividend Low Volatility,1646.31,1649.34,1642.14,1648.9,,-0.03,1935.48,221.46,,
2016-11-01,931446,中证东方红红利低波动指数,东证红利低波,CSI Dongfanghong Dividend Low Volatility Index,DFH Dividend Low Volatility,1649.25,1657.88,1647.08,1657.88,,0.55,2037.01,234.09,,
2016-11-02,931446,中证东方红红利低波动指数,东证红利低波,CSI Dongfanghong Dividend Low Volatility Index,DFH Dividend Low Volatility,1654.35,1654.7,1644.51,1644.51,,-0.81,2310.59,230.25,,
2016-11-03,931446,中证东方红红利低波动指数,东证红利低波,CSI Dongfanghong Dividend Low Volatility Index,DFH Dividend Low Volatility,1641.21,1657.07,1641.21,1653.48,,0.55,2393.87,235.18,,
2016-11-04,931446,中证东方红红利低波动指数,东证红利低波,CSI Dongfanghong Dividend Low Volatility Index,DFH Dividend Low Volatility,1652.4,1659.68,1647.44,1649.65,,-0.23,2452.45,251.13,,
2016-11-07,931446,中证东方红红利低波动指数,东证红利低波,CSI Dongfanghong Dividend Low Volatility Index,DFH Dividend Low Volatility,1649.65,1653.24,1646.2,1650.45,,0.05,2009.87,202.09,,
2016-11-08,931446,中证东方红红利低波动指数,东证红利低波,CSI Dongfanghong Dividend Low Volatility Index,DFH Dividend Low Volatility,1655.11,1662.17,1654.25,1658.68,,0.5,2687.91,247.54,,
2016-11-09,931446,中证东方红红利低波动指数,东证红利低波,CSI Dongfanghong Dividend Low Volatility Index,DFH Dividend Low Volatility,1658.68,1658.68,1635.89,1644.37,,-0.86,4031.37,411.34,,
2016-11-10,931446,中证东方红红利低波动指数,东证红利低波,CSI Dongfanghong Dividend Low Volatility Index,DFH Dividend Low Volatility,1653.36,1664.63,1633.33,1664.63,,1.23,3225.16,319.69,,
2016-11-11,931446,中证东方红红利低波动指数,东证红利低波,CSI Dongfanghong Dividend Low Volatility Index,DFH Dividend Low Volatility,1663.95,1669.58,1660.1,1669.58,,0.3,4083.76,353.62,,
2016-11-14,931446,中证东方红红利低波动指数,东证红利低波,CSI Dongfanghong Dividend Low Volatility Index,DFH Dividend Low Volatility,1668.01,1676.46,1666.46,1671.07,,0.09,4954.22,414.45,,
2016-11-15,931446,中证东方红红利低波动指数,东证红利低波,CSI Dongfanghong Dividend Low Volatility Index,DFH Dividend Low Volatility,1670.83,1671.1,1666.42,1671.1,,0.0,2940.68,273.99,,
2016-11-16,931446,中证东方红红利低波动指数,东证红利低波,CSI Dongfanghong Dividend Low Volatility Index,DFH Dividend Low Volatility,1671.35,1672.26,1668.4,1670.84,,-0.02,2554.45,227.62,,
2016-11-17,931446,中证东方红红利低波动指数,东证红利低波,CSI Dongfanghong Dividend Low Volatility Index,DFH Dividend Low Volatility,1668.92,1675.56,1667.71,1675.56,,0.28,2598.76,275.44,,
2016-11-18,931446,中证东方红红利低波动指数,东证红利低波,CSI Dongfanghong Dividend Low Volatility Index,DFH Dividend Low Volatility,1675.3,1676.66,1667.96,1668.32,,-0.43,2403.26,267.66,,
2016-11-21,931446,中证东方红红利低波动指数,东证红利低波,CSI Dongfanghong Dividend Low Volatility Index,DFH Dividend Low Volatility,1667.36,1687.21,1667.36,1678.66,,0.62,4049.52,411.69,,
2016-11-22,931446,中证东方红红利低波动指数,东证红利低波,CSI Dongfanghong Dividend Low Volatility Index,DFH Dividend Low Volatility,1678.29,1686.82,1678.29,1686.82,,0.49,4425.34,431.62,,
2016-11-23,931446,中证东方红红利低波动指数,东证红利低波,CSI Dongfanghong Dividend Low Volatility Index,DFH Dividend Low Volatility,1689.03,1699.09,1689.03,1693.19,,0.38,4676.2,500.87,,
2016-11-24,931446,中证东方红红利低波动指数,东证红利低波,CSI Dongfanghong Dividend Low Volatility Index,DFH Dividend Low Volatility,1691.11,1710.18,1691.11,1703.44,,0.61,3817.44,488.03,,
2016-11-25,931446,中证东方红红利低波动指数,东证红利低波,CSI Dongfanghong Dividend Low Volatility Index,DFH Dividend Low Volatility,1704.07,1719.85,1696.42,1719.85,,0.96,4237.1,491.81,,
2016-11-28,931446,中证东方红红利低波动指数,东证红利低波,CSI Dongfanghong Dividend Low Volatility Index,DFH Dividend Low Volatility,1726.13,1738.55,1726.13,1732.74,,0.75,6907.31,779.59,,
2016-11-29,931446,中证东方红红利低波动指数,东证红利低波,CSI Dongfanghong Dividend Low Volatility Index,DFH Dividend Low Volatility,1731.49,1758.02,1728.77,1743.11,,0.6,5900.14,692.44,,
2016-11-30,931446,中证东方红红利低波动指数,东证红利低波,CSI Dongfanghong Dividend Low Volatility Index,DFH Dividend Low Volatility,1740.71,1741.96,1721.07,1726.27,,-0.97,4761.59,507.9,,
2016-12-01,931446,中证东方红红利低波动指数,东证红利低波,CSI Dongfanghong Dividend Low Volatility Index,DFH Dividend Low Volatility,1731.98,1747.81,1731.98,1742.51,,0.94,5466.33,682.6,,
2016-12-02,931446,中证东方红红利低波动指数,东证红利低波,CSI Dongfanghong Dividend Low Volatility Index,DFH Dividend Low Volatility,1739.83,1743.38,1723.49,1726.83,,-0.9,5839.8,604.5,,
2016-12-05,931446,中证东方红红利低波动指数,东证红利低波,CSI Dongfanghong Dividend Low Volatility Index,DFH Dividend Low Volatility,1705.95,1715.03,1700.32,1705.33,,-1.25,4877.96,552.51,,
2016-12-06,931446,中证东方红红利低波动指数,东证红利低波,CSI Dongfanghong Dividend Low Volatility Index,DFH Dividend Low Volatility,1703.68,1710.05,1701.83,1701.84,,-0.2,3240.48,378.55,,
2016-12-07,931446,中证东方红红利低波动指数,东证红利低波,CSI Dongfanghong Dividend Low Volatility Index,DFH Dividend Low Volatility,1700.63,1706.82,1692.97,1706.82,,0.29,2709.27,296.56,,
2016-12-08,931446,中证东方红红利低波动指数,东证红利低波,CSI Dongfanghong Dividend Low Volatility Index,DFH Dividend Low Volatility,1708.89,1711.41,1705.19,1706.49,,-0.02,3401.38,375.15,,
2016-12-09,931446,中证东方红红利低波动指数,东证红利低波,CSI Dongfanghong Dividend Low Volatility Index,DFH Dividend Low Volatility,1706.38,1724.51,1706.38,1718.98,,0.73,5049.85,488.37,,
2016-12-12,931446,中证东方红红利低波动指数,东证红利低波,CSI Dongfanghong Dividend Low Volatility Index,DFH Dividend Low Volatility,1717.86,1722.54,1680.62,1684.98,,-1.98,7005.57,713.95,,
2016-12-13,931446,中证东方红红利低波动指数,东证红利低波,CSI Dongfanghong Dividend Low Volatility Index,DFH Dividend Low Volatility,1679.31,1686.24,1667.98,1682.24,,-0.16,3916.93,394.02,,
2016-12-14,931446,中证东方红红利低波动指数,东证红利低波,CSI Dongfanghong Dividend Low Volatility Index,DFH Dividend Low Volatility,1680.9,1688.22,1675.66,1675.66,,-0.39,4550.13,445.31,,
2016-12-15,931446,中证东方红红利低波动指数,东证红利低波,CSI Dongfanghong Dividend Low Volatility Index,DFH Dividend Low Volatility,1668.5,1668.95,1645.7,1651.99,,-1.41,4581.41,466.84,,
2016-12-16,931446,中证东方红红利低波动指数,东证红利低波,CSI Dongfanghong Dividend Low Volatility Index,DFH Dividend Low Volatility,1649.63,1657.9,1649.37,1653.83,,0.11,3305.61,328.96,,
2016-12-19,931446,中证东方红红利低波动指数,东证红利低波,CSI Dongfanghong Dividend Low Volatility Index,DFH Dividend Low Volatility,1654.38,1661.3,1651.07,1656.92,,0.19,2975.49,296.21,,
2016-12-20,931446,中证东方红红利低波动指数,东证红利低波,CSI Dongfanghong Dividend Low Volatility Index,DFH Dividend Low Volatility,1654.92,1654.92,1636.23,1644.28,,-0.76,3384.83,322.53,,
2016-12-21,931446,中证东方红红利低波动指数,东证红利低波,CSI Dongfanghong Dividend Low Volatility Index,DFH Dividend Low Volatility,1645.45,1658.54,1645.45,1657.67,,0.81,3413.92,314.34,,
2016-12-22,931446,中证东方红红利低波动指数,东证红利低波,CSI Dongfanghong Dividend Low Volatility Index,DFH Dividend Low Volatility,1656.85,1659.14,1651.75,1657.87,,0.01,2788.21,268.69,,
2016-12-23,931446,中证东方红红利低波动指数,东证红利低波,CSI Dongfanghong Dividend Low Volatility Index,DFH Dividend Low Volatility,1656.95,1656.95,1638.4,1641.41,,-0.99,2995.83,296.76,,
2016-12-26,931446,中证东方红红利低波动指数,东证红利低波,CSI Dongfanghong Dividend Low Volatility Index,DFH Dividend Low Volatility,1636.01,1645.13,1621.95,1645.13,,0.23,2902.42,292.27,,
2016-12-27,931446,中证东方红红利低波动指数,东证红利低波,CSI Dongfanghong Dividend Low Volatility Index,DFH Dividend Low Volatility,1643.82,1648.73,1643.59,1643.59,,-0.09,2346.33,241.39,,
2016-12-28,931446,中证东方红红利低波动指数,东证红利低波,CSI Dongfanghong Dividend Low Volatility Index,DFH Dividend Low Volatility,1644.57,1644.75,1636.27,1637.83,,-0.35,2281.29,227.65,,
2016-12-29,931446,中证东方红红利低波动指数,东证红利低波,CSI Dongfanghong Dividend Low Volatility Index,DFH Dividend Low Volatility,1636.15,1641.5,1633.37,1636.89,,-0.06,2408.03,238.66,,
2016-12-30,931446,中证东方红红利低波动指数,东证红利低波,CSI Dongfanghong Dividend Low Volatility Index,DFH Dividend Low Volatility,1640.28,1647.55,1640.05,1646.54,,0.59,2553.49,270.82,,
2017-01-03,931446,中证东方红红利低波动指数,东证红利低波,CSI Dongfanghong Dividend Low Volatility Index,DFH Dividend Low Volatility,1649.16,1664.26,1649.16,1664.26,,1.08,2897.56,306.4,,
2017-01-04,931446,中证东方红红利低波动指数,东证红利低波,CSI Dongfanghong Dividend Low Volatility Index,DFH Dividend Low Volatility,1663.73,1677.29,1663.73,1677.09,,0.77,2960.58,335.65,,
2017-01-05,931446,中证东方红红利低波动指数,东证红利低波,CSI Dongfanghong Dividend Low Volatility Index,DFH Dividend Low Volatility,1677.71,1678.21,1673.8,1676.38,,-0.04,2738.91,286.9,,
2017-01-06,931446,中证东方红红利低波动指数,东证红利低波,CSI Dongfanghong Dividend Low Volatility Index,DFH Dividend Low Volatility,1675.92,1676.61,1667.73,1668.78,,-0.45,2950.34,306.55,,
2017-01-09,931446,中证东方红红利低波动指数,东证红利低波,CSI Dongfanghong Dividend Low Volatility Index,DFH Dividend Low Volatility,1667.73,1678.69,1667.73,1678.23,,0.57,2648.75,283.42,,
2017-01-10,931446,中证东方红红利低波动指数,东证红利低波,CSI Dongfanghong Dividend Low Volatility Index,DFH Dividend Low Volatility,1677.14,1680.84,1675.73,1676.55,,-0.1,2319.32,235.36,,
2017-01-11,931446,中证东方红红利低波动指数,东证红利低波,CSI Dongfanghong Dividend Low Volatility Index,DFH Dividend Low Volatility,1676.06,1678.14,1662.81,1662.96,,-0.81,2606.07,242.22,,
2017-01-12,931446,中证东方红红利低波动指数,东证红利低波,CSI Dongfanghong Dividend Low Volatility Index,DFH Dividend Low Volatility,1662.99,1666.52,1654.06,1654.06,,-0.54,2187.13,212.46,,
2017-01-13,931446,中证东方红红利低波动指数,东证红利低波,CSI Dongfanghong Dividend Low Volatility Index,DFH Dividend Low Volatility,1653.17,1659.96,1650.56,1656.83,,0.17,2781.83,268.57,,
2017-01-16,931446,中证东方红红利低波动指数,东证红利低波,CSI Dongfanghong Dividend Low Volatility Index,DFH Dividend Low Volatility,1655.81,1662.61,1641.31,1661.95,,0.31,6135.82,564.69,,
2017-01-17,931446,中证东方红红利低波动指数,东证红利低波,CSI Dongfanghong Dividend Low Volatility Index,DFH Dividend Low Volatility,1655.79,1665.98,1654.7,1665.98,,0.24,2348.01,238.49,,
2017-01-18,931446,中证东方红红利低波动指数,东证红利低波,CSI Dongfanghong Dividend Low Volatility Index,DFH Dividend Low Volatility,1665.28,1680.68,1665.28,1678.26,,0.74,2610.77,284.56,,
2017-01-19,931446,中证东方红红利低波动指数,东证红利低波,CSI Dongfanghong Dividend Low Volatility Index,DFH Dividend Low Volatility,1676.23,1682.08,1672.62,1674.9,,-0.2,2375.01,226.4,,
2017-01-20,931446,中证东方红红利低波动指数,东证红利低波,CSI Dongfanghong Dividend Low Volatility Index,DFH Dividend Low Volatility,1673.61,1688.95,1673.61,1688.8,,0.83,2084.42,223.54,,
2017-01-23,931446,中证东方红红利低波动指数,东证红利低波,CSI Dongfanghong Dividend Low Volatility Index,DFH Dividend Low Volatility,1690.16,1697.56,1686.57,1689.87,,0.06,2516.26,264.54,,
2017-01-24,931446,中证东方红红利低波动指数,东证红利低波,CSI Dongfanghong Dividend Low Volatility Index,DFH Dividend Low Volatility,1689.16,1701.35,1689.16,1699.52,,0.57,2432.06,242.26,,
2017-01-25,931446,中证东方红红利低波动指数,东证红利低波,CSI Dongfanghong Dividend Low Volatility Index,DFH Dividend Low Volatility,1698.21,1704.38,1696.06,1704.38,,0.29,2046.41,214.39,,
2017-01-26,931446,中证东方红红利低波动指数,东证红利低波,CSI Dongfanghong Dividend Low Volatility Index,DFH Dividend Low Volatility,1705.59,1712.29,1705.59,1708.93,,0.27,2296.9,226.71,,
2017-02-03,931446,中证东方红红利低波动指数,东证红利低波,CSI Dongfanghong Dividend Low Volatility Index,DFH Dividend Low Volatility,1710.35,1710.35,1697.1,1697.48,,-0.67,1667.61,184.27,,
2017-02-06,931446,中证东方红红利低波动指数,东证红利低波,CSI Dongfanghong Dividend Low Volatility Index,DFH Dividend Low Volatility,1699.06,1705.81,1696.79,1701.84,,0.26,2425.07,256.47,,
2017-02-07,931446,中证东方红红利低波动指数,东证红利低波,CSI Dongfanghong Dividend Low Volatility Index,DFH Dividend Low Volatility,1701.21,1704.34,1696.04,1700.79,,-0.06,2120.45,231.03,,
2017-02-08,931446,中证东方红红利低波动指数,东证红利低波,CSI Dongfanghong Dividend Low Volatility Index,DFH Dividend Low Volatility,1698.9,1707.71,1692.51,1707.71,,0.41,2176.2,231.88,,
2017-02-09,931446,中证东方红红利低波动指数,东证红利低波,CSI Dongfanghong Dividend Low Volatility Index,DFH Dividend Low Volatility,1707.13,1716.2,1707.13,1713.0,,0.31,2898.72,316.47,,
2017-02-10,931446,中证东方红红利低波动指数,东证红利低波,CSI Dongfanghong Dividend Low Volatility Index,DFH Dividend Low Volatility,1713.49,1724.4,1713.49,1723.32,,0.6,3851.66,392.57,,
2017-02-13,931446,中证东方红红利低波动指数,东证红利低波,CSI Dongfanghong Dividend Low Volatility Index,DFH Dividend Low Volatility,1724.76,1738.72,1724.76,1738.72,,0.89,4021.87,457.61,,
2017-02-14,931446,中证东方红红利低波动指数,东证红利低波,CSI Dongfanghong Dividend Low Volatility Index,DFH Dividend Low Volatility,1739.47,1739.52,1732.04,1736.69,,-0.12,2984.01,323.39,,
2017-02-15,931446,中证东方红红利低波动指数,东证红利低波,CSI Dongfanghong Dividend Low Volatility Index,DFH Dividend Low Volatility,1736.77,1744.56,1729.58,1731.9,,-0.28,4932.66,437.45,,
2017-02-16,931446,中证东方红红利低波动指数,东证红利低波,CSI Dongfanghong Dividend Low Volatility Index,DFH Dividend Low Volatility,1731.68,1741.76,1731.68,1741.76,,0.57,3274.63,307.85,,
2017-02-17,931446,中证东方红红利低波动指数,东证红利低波,CSI Dongfanghong Dividend Low Volatility Index,DFH Dividend Low Volatility,1743.2,1743.59,1728.88,1729.51,,-0.7,3030.92,315.07,,
2017-02-20,931446,中证东方红红利低波动指数,东证红利低波,CSI Dongfanghong Dividend Low Volatility Index,DFH Dividend Low Volatility,1731.04,1764.4,1731.04,1764.4,,2.02,5365.07,555.75,,
2017-02-21,931446,中证东方红红利低波动指数,东证红利低波,CSI Dongfanghong Dividend Low Volatility Index,DFH Dividend Low Volatility,1765.92,1772.29,1762.42,1765.28,,0.05,3919.75,401.47,,
2017-02-22,931446,中证东方红红利低波动指数,东证红利低波,CSI Dongfanghong Dividend Low Volatility Index,DFH Dividend Low Volatility,1765.38,1774.03,1763.58,1774.03,,0.5,3278.62,361.86,,
2017-02-23,931446,中证东方红红利低波动指数,东证红利低波,CSI Dongfanghong Dividend Low Volatility Index,DFH Dividend Low Volatility,1773.28,1775.78,1762.28,1768.1,,-0.33,3079.81,342.16,,
2017-02-24,931446,中证东方红红利低波动指数,东证红利低波,CSI Dongfanghong Dividend Low Volatility Index,DFH Dividend Low Volatility,1766.06,1766.06,1755.97,1762.7,,-0.31,2631.5,284.68,,
2017-02-27,931446,中证东方红红利低波动指数,东证红利低波,CSI Dongfanghong Dividend Low Volatility Index,DFH Dividend Low Volatility,1761.98,1761.99,1749.05,1749.64,,-0.74,3237.83,359.11,,
2017-02-28,931446,中证东方红红利低波动指数,东证红利低波,CSI Dongfanghong Dividend Low Volatility Index,DFH Dividend Low Volatility,1750.29,1757.58,1750.29,1755.04,,0.31,2250.29,250.38,,
2017-03-01,931446,中证东方红红利低波动指数,东证红利低波,CSI Dongfanghong Dividend Low Volatility Index,DFH Dividend Low Volatility,1754.85,1763.25,1754.85,1756.07,,0.06,3014.19,305.01,,
2017-03-02,931446,中证东方红红利低波动指数,东证红利低波,CSI Dongfanghong Dividend Low Volatility Index,DFH Dividend Low Volatility,1759.11,1759.98,1746.11,1746.11,,-0.57,2558.52,283.23,,
2017-03-03,931446,中证东方红红利低波动指数,东证红利低波,CSI Dongfanghong Dividend Low Volatility Index,DFH Dividend Low Volatility,1742.24,1746.67,1738.23,1746.55,,0.03,2380.73,245.61,,
2017-03-06,931446,中证东方红红利低波动指数,东证红利低波,CSI Dongfanghong Dividend Low Volatility Index,DFH Dividend Low Volatility,1746.0,1755.87,1746.0,1753.79,,0.41,2857.75,302.94,,
2017-03-07,931446,中证东方红红利低波动指数,东证红利低波,CSI Dongfanghong Dividend Low Volatility Index,DFH Dividend Low Volatility,1752.4,1758.01,1751.23,1758.01,,0.24,2384.04,280.76,,
2017-03-08,931446,中证东方红红利低波动指数,东证红利低波,CSI Dongfanghong Dividend Low Volatility Index,DFH Dividend Low Volatility,1756.89,1756.89,1749.53,1753.6,,-0.25,2186.38,239.25,,
2017-03-09,931446,中证东方红红利低波动指数,东证红利低波,CSI Dongfanghong Dividend Low Volatility Index,DFH Dividend Low Volatility,1750.85,1750.85,1734.07,1738.31,,-0.87,2782.08,293.64,,
2017-03-10,931446,中证东方红红利低波动指数,东证红利低波,CSI Dongfanghong Dividend Low Volatility Index,DFH Dividend Low Volatility,1736.88,1744.57,1736.88,1743.38,,0.29,2114.14,266.45,,
2017-03-13,931446,中证东方红红利低波动指数,东证红利低波,CSI Dongfanghong Dividend Low Volatility Index,DFH Dividend Low Volatility,1742.05,1760.53,1738.43,1760.53,,0.98,2742.46,338.74,,
2017-03-14,931446,中证东方红红利低波动指数,东证红利低波,CSI Dongfanghong Dividend Low Volatility Index,DFH Dividend Low Volatility,1760.1,1762.08,1756.83,1760.81,,0.02,2181.73,255.01,,
2017-03-15,931446,中证东方红红利低波动指数,东证红利低波,CSI Dongfanghong Dividend Low Volatility Index,DFH Dividend Low Volatility,1759.96,1767.34,1759.96,1765.51,,0.27,2566.57,290.28,,
2017-03-16,931446,中证东方红红利低波动指数,东证红利低波,CSI Dongfanghong Dividend Low Volatility Index,DFH Dividend Low Volatility,1768.32,1775.83,1768.32,1773.02,,0.43,3485.36,396.37,,
2017-03-17,931446,中证东方红红利低波动指数,东证红利低波,CSI Dongfanghong Dividend Low Volatility Index,DFH Dividend Low Volatility,1773.43,1773.68,1754.82,1755.27,,-1.0,3451.21,402.36,,
2017-03-20,931446,中证东方红红利低波动指数,东证红利低波,CSI Dongfanghong Dividend Low Volatility Index,DFH Dividend Low Volatility,1759.42,1766.72,1756.0,1766.72,,0.65,3088.74,364.65,,
2017-03-21,931446,中证东方红红利低波动指数,东证红利低波,CSI Dongfanghong Dividend Low Volatility Index,DFH Dividend Low Volatility,1767.61,1780.74,1766.08,1780.74,,0.79,3346.85,484.68,,
2017-03-22,931446,中证东方红红利低波动指数,东证红利低波,CSI Dongfanghong Dividend Low Volatility Index,DFH Dividend Low Volatility,1771.97,1781.22,1767.38,1775.56,,-0.29,3603.47,475.13,,
2017-03-23,931446,中证东方红红利低波动指数,东证红利低波,CSI Dongfanghong Dividend Low Volatility Index,DFH Dividend Low Volatility,1776.96,1784.37,1769.83,1779.19,,0.2,3290.78,455.12,,
2017-03-24,931446,中证东方红红利低波动指数,东证红利低波,CSI Dongfanghong Dividend Low Volatility Index,DFH Dividend Low Volatility,1779.37,1794.87,1779.37,1794.31,,0.85,4355.43,555.51,,
2017-03-27,931446,中证东方红红利低波动指数,东证红利低波,CSI Dongfanghong Dividend Low Volatility Index,DFH Dividend Low Volatility,1795.54,1804.47,1790.3,1791.32,,-0.17,4261.59,526.62,,
2017-03-28,931446,中证东方红红利低波动指数,东证红利低波,CSI Dongfanghong Dividend Low Volatility Index,DFH Dividend Low Volatility,1790.97,1790.97,1779.14,1784.53,,-0.38,2651.07,340.56,,
2017-03-29,931446,中证东方红红利低波动指数,东证红利低波,CSI Dongfanghong Dividend Low Volatility Index,DFH Dividend Low Volatility,1786.24,1791.46,1776.41,1784.04,,-0.03,3227.14,369.73,,
2017-03-30,931446,中证东方红红利低波动指数,东证红利低波,CSI Dongfanghong Dividend Low Volatility Index,DFH Dividend Low Volatility,1782.2,1782.2,1763.61,1774.29,,-0.55,3924.08,409.29,,
2017-03-31,931446,中证东方红红利低波动指数,东证红利低波,CSI Dongfanghong Dividend Low Volatility Index,DFH Dividend Low Volatility,1773.37,1791.63,1773.37,1791.63,,0.98,3620.24,381.01,,
2017-04-05,931446,中证东方红红利低波动指数,东证红利低波,CSI Dongfanghong Dividend Low Volatility Index,DFH Dividend Low Volatility,1797.82,1809.41,1797.82,1808.25,,0.93,4849.22,557.94,,
2017-04-06,931446,中证东方红红利低波动指数,东证红利低波,CSI Dongfanghong Dividend Low Volatility Index,DFH Dividend Low Volatility,1809.03,1812.7,1803.97,1812.7,,0.25,4280.59,477.3,,
2017-04-07,931446,中证东方红红利低波动指数,东证红利低波,CSI Dongfanghong Dividend Low Volatility Index,DFH Dividend Low Volatility,1811.29,1818.14,1807.54,1815.69,,0.17,4284.68,459.52,,
2017-04-10,931446,中证东方红红利低波动指数,东证红利低波,CSI Dongfanghong Dividend Low Volatility Index,DFH Dividend Low Volatility,1815.57,1816.06,1809.08,1809.82,,-0.32,3802.34,457.48,,
2017-04-11,931446,中证东方红红利低波动指数,东证红利低波,CSI Dongfanghong Dividend Low Volatility Index,DFH Dividend Low Volatility,1807.55,1812.69,1786.68,1806.78,,-0.17,4718.89,552.63,,
2017-04-12,931446,中证东方红红利低波动指数,东证红利低波,CSI Dongfanghong Dividend Low Volatility Index,DFH Dividend Low Volatility,1801.83,1807.12,1794.53,1803.02,,-0.21,4715.41,476.92,,
2017-04-13,931446,中证东方红红利低波动指数,东证红利低波,CSI Dongfanghong Dividend Low Volatility Index,DFH Dividend Low Volatility,1799.08,1810.85,1799.08,1809.02,,0.33,3441.9,375.85,,
2017-04-14,931446,中证东方红红利低波动指数,东证红利低波,CSI Dongfanghong Dividend Low Volatility Index,DFH Dividend Low Volatility,1809.89,1809.89,1790.27,1793.59,,-0.85,3714.83,357.15,,
2017-04-17,931446,中证东方红红利低波动指数,东证红利低波,CSI Dongfanghong Dividend Low Volatility Index,DFH Dividend Low Volatility,1788.28,1793.03,1780.98,1793.03,,-0.03,3623.62,381.75,,
2017-04-18,931446,中证东方红红利低波动指数,东证红利低波,CSI Dongfanghong Dividend Low Volatility Index,DFH Dividend Low Volatility,1791.47,1805.1,1791.47,1793.64,,0.03,3375.19,440.81,,
2017-04-19,931446,中证东方红红利低波动指数,东证红利低波,CSI Dongfanghong Dividend Low Volatility Index,DFH Dividend Low Volatility,1789.48,1789.48,1773.57,1786.31,,-0.41,3789.79,450.91,,
2017-04-20,931446,中证东方红红利低波动指数,东证红利低波,CSI Dongfanghong Dividend Low Volatility Index,DFH Dividend Low Volatility,1784.84,1803.39,1784.84,1799.79,,0.76,3628.36,507.41,,
2017-04-21,931446,中证东方红红利低波动指数,东证红利低波,CSI Dongfanghong Dividend Low Volatility Index,DFH Dividend Low Volatility,1798.65,1805.56,1794.74,1801.91,,0.12,3425.0,421.05,,
2017-04-24,931446,中证东方红红利低波动指数,东证红利低波,CSI Dongfanghong Dividend Low Volatility Index,DFH Dividend Low Volatility,1796.16,1796.16,1773.87,1782.73,,-1.07,3569.07,419.48,,
2017-04-25,931446,中证东方红红利低波动指数,东证红利低波,CSI Dongfanghong Dividend Low Volatility Index,DFH Dividend Low Volatility,1781.08,1792.61,1781.08,1789.32,,0.37,2780.52,376.67,,
2017-04-26,931446,中证东方红红利低波动指数,东证红利低波,CSI Dongfanghong Dividend Low Volatility Index,DFH Dividend Low Volatility,1790.34,1804.91,1790.34,1793.07,,0.21,3471.13,500.8,,
2017-04-27,931446,中证东方红红利低波动指数,东证红利低波,CSI Dongfanghong Dividend Low Volatility Index,DFH Dividend Low Volatility,1787.82,1792.46,1772.12,1792.46,,-0.03,3582.53,445.51,,
2017-04-28,931446,中证东方红红利低波动指数,东证红利低波,CSI Dongfanghong Dividend Low Volatility Index,DFH Dividend Low Volatility,1788.6,1788.6,1774.12,1781.17,,-0.63,2932.95,425.53,,
2017-05-02,931446,中证东方红红利低波动指数,东证红利低波,CSI Dongfanghong Dividend Low Volatility Index,DFH Dividend Low Volatility,1776.6,1777.42,1769.12,1773.22,,-0.45,2549.91,339.35,,
2017-05-03,931446,中证东方红红利低波动指数,东证红利低波,CSI Dongfanghong Dividend Low Volatility Index,DFH Dividend Low Volatility,1771.13,1774.57,1763.47,1766.28,,-0.39,2519.57,314.94,,
2017-05-04,931446,中证东方红红利低波动指数,东证红利低波,CSI Dongfanghong Dividend Low Volatility Index,DFH Dividend Low Volatility,1763.93,1770.3,1757.82,1763.72,,-0.14,2530.61,312.52,,
2017-05-05,931446,中证东方红红利低波动指数,东证红利低波,CSI Dongfanghong Dividend Low Volatility Index,DFH Dividend Low Volatility,1757.65,1758.33,1749.98,1757.77,,-0.34,3280.63,387.26,,
2017-05-08,931446,中证东方红红利低波动指数,东证红利低波,CSI Dongfanghong Dividend Low Volatility Index,DFH Dividend Low Volatility,1750.84,1752.65,1739.43,1747.15,,-0.61,3707.64,444.29,,
2017-05-09,931446,中证东方红红利低波动指数,东证红利低波,CSI Dongfanghong Dividend Low Volatility Index,DFH Dividend Low Volatility,1739.68,1746.33,1734.27,1742.24,,-0.28,2456.57,317.84,,
2017-05-10,931446,中证东方红红利低波动指数,东证红利低波,CSI Dongfanghong Dividend Low Volatility Index,DFH Dividend Low Volatility,1743.16,1749.34,1733.58,1733.76,,-0.49,2821.93,382.57,,
2017-05-11,931446,中证东方红红利低波动指数,东证红利低波,CSI Dongfanghong Dividend Low Volatility Index,DFH Dividend Low Volatility,1727.11,1744.68,1724.73,1744.68,,0.63,3486.23,401.69,,
2017-05-12,931446,中证东方红红利低波动指数,东证红利低波,CSI Dongfanghong Dividend Low Volatility Index,DFH Dividend Low Volatility,1742.43,1760.11,1742.43,1759.87,,0.87,3487.14,405.13,,
2017-05-15,931446,中证东方红红利低波动指数,东证红利低波,CSI Dongfanghong Dividend Low Volatility Index,DFH Dividend Low Volatility,1761.5,1769.51,1761.5,1768.05,,0.47,2786.47,353.95,,
2017-05-16,931446,中证东方红红利低波动指数,东证红利低波,CSI Dongfanghong Dividend Low Volatility Index,DFH Dividend Low Volatility,1764.9,1787.06,1757.52,1787.06,,1.08,3126.27,410.7,,
2017-05-17,931446,中证东方红红利低波动指数,东证红利低波,CSI Dongfanghong Dividend Low Volatility Index,DFH Dividend Low Volatility,1785.19,1788.88,1775.66,1776.23,,-0.61,2850.39,382.58,,
2017-05-18,931446,中证东方红红利低波动指数,东证红利低波,CSI Dongfanghong Dividend Low Volatility Index,DFH Dividend Low Volatility,1766.77,1776.89,1766.77,1772.32,,-0.22,2382.77,287.25,,
2017-05-19,931446,中证东方红红利低波动指数,东证红利低波,CSI Dongfanghong Dividend Low Volatility Index,DFH Dividend Low Volatility,1770.42,1778.52,1770.42,1778.52,,0.35,2080.23,275.68,,
2017-05-22,931446,中证东方红红利低波动指数,东证红利低波,CSI Dongfanghong Dividend Low Volatility Index,DFH Dividend Low Volatility,1777.79,1786.25,1772.56,1780.41,,0.11,2903.3,378.49,,
2017-05-23,931446,中证东方红红利低波动指数,东证红利低波,CSI Dongfanghong Dividend Low Volatility Index,DFH Dividend Low Volatility,1778.21,1794.83,1778.21,1794.31,,0.78,4224.13,532.95,,
2017-05-24,931446,中证东方红红利低波动指数,东证红利低波,CSI Dongfanghong Dividend Low Volatility Index,DFH Dividend Low Volatility,1788.89,1790.65,1776.24,1790.65,,-0.2,2978.75,395.72,,
2017-05-25,931446,中证东方红红利低波动指数,东证红利低波,CSI Dongfanghong Dividend Low Volatility Index,DFH Dividend Low Volatility,1785.27,1815.44,1785.27,1814.05,,1.31,5714.86,610.74,,
2017-05-26,931446,中证东方红红利低波动指数,东证红利低波,CSI Dongfanghong Dividend Low Volatility Index,DFH Dividend Low Volatility,1812.09,1820.51,1811.53,1815.88,,0.1,3789.18,446.04,,
2017-05-31,931446,中证东方红红利低波动指数,东证红利低波,CSI Dongfanghong Dividend Low Volatility Index,DFH Dividend Low Volatility,1821.0,1824.37,1809.24,1820.39,,0.25,3798.12,474.89,,
2017-06-01,931446,中证东方红红利低波动指数,东证红利低波,CSI Dongfanghong Dividend Low Volatility Index,DFH Dividend Low Volatility,1815.44,1824.2,1815.44,1823.88,,0.19,3420.35,437.72,,
2017-06-02,931446,中证东方红红利低波动指数,东证红利低波,CSI Dongfanghong Dividend Low Volatility Index,DFH Dividend Low Volatility,1821.87,1825.37,1816.41,1822.1,,-0.1,3148.09,380.01,,
2017-06-05,931446,中证东方红红利低波动指数,东证红利低波,CSI Dongfanghong Dividend Low Volatility Index,DFH Dividend Low Volatility,1818.72,1818.72,1804.23,1805.85,,-0.89,3615.15,383.55,,
2017-06-06,931446,中证东方红红利低波动指数,东证红利低波,CSI Dongfanghong Dividend Low Volatility Index,DFH Dividend Low Volatility,1803.34,1818.59,1802.87,1818.59,,0.71,2351.55,319.66,,
2017-06-07,931446,中证东方红红利低波动指数,东证红利低波,CSI Dongfanghong Dividend Low Volatility Index,DFH Dividend Low Volatility,1818.99,1840.27,1818.99,1840.27,,1.19,3479.31,490.57,,
2017-06-08,931446,中证东方红红利低波动指数,东证红利低波,CSI Dongfanghong Dividend Low Volatility Index,DFH Dividend Low Volatility,1840.89,1863.75,1840.89,1863.5,,1.26,3084.2,478.03,,
2017-06-09,931446,中证东方红红利低波动指数,东证红利低波,CSI Dongfanghong Dividend Low Volatility Index,DFH Dividend Low Volatility,1863.69,1877.8,1863.69,1873.01,,0.51,4104.35,548.05,,
2017-06-12,931446,中证东方红红利低波动指数,东证红利低波,CSI Dongfanghong Dividend Low Volatility Index,DFH Dividend Low Volatility,1868.56,1889.02,1868.56,1876.62,,0.19,3249.68,515.22,,
2017-06-13,931446,中证东方红红利低波动指数,东证红利低波,CSI Dongfanghong Dividend Low Volatility Index,DFH Dividend Low Volatility,1875.14,1883.7,1871.11,1883.66,,0.38,2476.02,382.83,,
2017-06-14,931446,中证东方红红利低波动指数,东证红利低波,CSI Dongfanghong Dividend Low Volatility Index,DFH Dividend Low Volatility,1876.01,1876.01,1854.41,1857.94,,-1.37,2771.29,451.88,,
2017-06-15,931446,中证东方红红利低波动指数,东证红利低波,CSI Dongfanghong Dividend Low Volatility Index,DFH Dividend Low Volatility,1854.59,1857.88,1841.14,1847.99,,-0.54,2704.21,436.04,,
2017-06-16,931446,中证东方红红利低波动指数,东证红利低波,CSI Dongfanghong Dividend Low Volatility Index,DFH Dividend Low Volatility,1842.14,1846.03,1834.37,1836.48,,-0.62,2156.36,349.18,,
2017-06-19,931446,中证东方红红利低波动指数,东证红利低波,CSI Dongfanghong Dividend Low Volatility Index,DFH Dividend Low Volatility,1836.22,1848.71,1836.16,1848.64,,0.66,2579.92,390.64,,
2017-06-20,931446,中证东方红红利低波动指数,东证红利低波,CSI Dongfanghong Dividend Low Volatility Index,DFH Dividend Low Volatility,1851.35,1852.29,1842.26,1845.21,,-0.19,2428.06,376.15,,
2017-06-21,931446,中证东方红红利低波动指数,东证红利低波,CSI Dongfanghong Dividend Low Volatility Index,DFH Dividend Low Volatility,1851.27,1868.19,1841.28,1868.19,,1.25,2731.63,473.81,,
2017-06-22,931446,中证东方红红利低波动指数,东证红利低波,CSI Dongfanghong Dividend Low Volatility Index,DFH Dividend Low Volatility,1867.09,1886.48,1866.57,1866.85,,-0.07,5101.01,714.72,,
2017-06-23,931446,中证东方红红利低波动指数,东证红利低波,CSI Dongfanghong Dividend Low Volatility Index,DFH Dividend Low Volatility,1863.91,1883.51,1860.12,1883.51,,0.89,3376.07,516.05,,
2017-06-26,931446,中证东方红红利低波动指数,东证红利低波,CSI Dongfanghong Dividend Low Volatility Index,DFH Dividend Low Volatility,1885.0,1912.82,1885.0,1910.64,,1.44,4770.52,707.65,,
2017-06-27,931446,中证东方红红利低波动指数,东证红利低波,CSI Dongfanghong Dividend Low Volatility Index,DFH Dividend Low Volatility,1909.86,1916.89,1902.51,1916.44,,0.3,3408.47,505.93,,
2017-06-28,931446,中证东方红红利低波动指数,东证红利低波,CSI Dongfanghong Dividend Low Volatility Index,DFH Dividend Low Volatility,1911.49,1920.7,1909.16,1910.25,,-0.32,3705.27,537.55,,
2017-06-29,931446,中证东方红红利低波动指数,东证红利低波,CSI Dongfanghong Dividend Low Volatility Index,DFH Dividend Low Volatility,1910.8,1921.12,1910.8,1921.12,,0.57,2863.14,458.57,,
2017-06-30,931446,中证东方红红利低波动指数,东证红利低波,CSI Dongfanghong Dividend Low Volatility Index,DFH Dividend Low Volatility,1912.59,1921.55,1910.81,1921.55,,0.02,2696.75,402.63,,
2017-07-03,931446,中证东方红红利低波动指数,东证红利低波,CSI Dongfanghong Dividend Low Volatility Index,DFH Dividend Low Volatility,1922.57,1922.57,1907.53,1916.59,,-0.26,2926.02,464.86,,
2017-07-04,931446,中证东方红红利低波动指数,东证红利低波,CSI Dongfanghong Dividend Low Volatility Index,DFH Dividend Low Volatility,1913.93,1913.93,1895.2,1903.42,,-0.69,3427.43,528.05,,
2017-07-05,931446,中证东方红红利低波动指数,东证红利低波,CSI Dongfanghong Dividend Low Volatility Index,DFH Dividend Low Volatility,1897.15,1916.54,1896.84,1916.48,,0.69,3007.79,505.05,,
2017-07-06,931446,中证东方红红利低波动指数,东证红利低波,CSI Dongfanghong Dividend Low Volatility Index,DFH Dividend Low Volatility,1914.94,1921.22,1904.53,1918.99,,0.13,3286.92,531.68,,
2017-07-07,931446,中证东方红红利低波动指数,东证红利低波,CSI Dongfanghong Dividend Low Volatility Index,DFH Dividend Low Volatility,1912.95,1917.53,1907.49,1917.53,,-0.08,2936.86,430.16,,
2017-07-10,931446,中证东方红红利低波动指数,东证红利低波,CSI Dongfanghong Dividend Low Volatility Index,DFH Dividend Low Volatility,1912.26,1916.66,1907.35,1912.95,,-0.24,2940.16,439.96,,
2017-07-11,931446,中证东方红红利低波动指数,东证红利低波,CSI Dongfanghong Dividend Low Volatility Index,DFH Dividend Low Volatility,1908.36,1932.45,1908.36,1921.87,,0.47,4528.12,623.96,,
2017-07-12,931446,中证东方红红利低波动指数,东证红利低波,CSI Dongfanghong Dividend Low Volatility Index,DFH Dividend Low Volatility,1921.15,1927.19,1907.58,1914.83,,-0.37,4555.33,585.67,,
2017-07-13,931446,中证东方红红利低波动指数,东证红利低波,CSI Dongfanghong Dividend Low Volatility Index,DFH Dividend Low Volatility,1914.21,1924.2,1914.21,1923.84,,0.47,4269.53,527.54,,
2017-07-14,931446,中证东方红红利低波动指数,东证红利低波,CSI Dongfanghong Dividend Low Volatility Index,DFH Dividend Low Volatility,1920.03,1930.14,1914.99,1930.14,,0.33,3512.6,444.35,,
2017-07-17,931446,中证东方红红利低波动指数,东证红利低波,CSI Dongfanghong Dividend Low Volatility Index,DFH Dividend Low Volatility,1928.94,1935.32,1900.39,1916.85,,-0.69,6819.99,782.99,,
2017-07-18,931446,中证东方红红利低波动指数,东证红利低波,CSI Dongfanghong Dividend Low Volatility Index,DFH Dividend Low Volatility,1909.21,1916.68,1898.56,1915.4,,-0.07,4184.27,528.67,,
2017-07-19,931446,中证东方红红利低波动指数,东证红利低波,CSI Dongfanghong Dividend Low Volatility Index,DFH Dividend Low Volatility,1911.87,1941.79,1911.87,1940.8,,1.33,5196.14,616.14,,
2017-07-20,931446,中证东方红红利低波动指数,东证红利低波,CSI Dongfanghong Dividend Low Volatility Index,DFH Dividend Low Volatility,1940.05,1949.57,1936.58,1949.57,,0.45,3845.36,528.96,,
2017-07-21,931446,中证东方红红利低波动指数,东证红利低波,CSI Dongfanghong Dividend Low Volatility Index,DFH Dividend Low Volatility,1944.77,1955.75,1940.86,1950.85,,0.07,3552.38,499.66,,
2017-07-24,931446,中证东方红红利低波动指数,东证红利低波,CSI Dongfanghong Dividend Low Volatility Index,DFH Dividend Low Volatility,1948.86,1966.21,1948.86,1962.13,,0.58,4250.86,576.6,,
2017-07-25,931446,中证东方红红利低波动指数,东证红利低波,CSI Dongfanghong Dividend Low Volatility Index,DFH Dividend Low Volatility,1961.26,1964.53,1951.92,1953.75,,-0.43,3978.0,468.18,,
2017-07-26,931446,中证东方红红利低波动指数,东证红利低波,CSI Dongfanghong Dividend Low Volatility Index,DFH Dividend Low Volatility,1954.21,1963.57,1933.19,1942.46,,-0.58,4901.7,560.72,,
2017-07-27,931446,中证东方红红利低波动指数,东证红利低波,CSI Dongfanghong Dividend Low Volatility Index,DFH Dividend Low Volatility,1939.72,1939.72,1926.76,1938.09,,-0.22,3700.47,462.31,,
2017-07-28,931446,中证东方红红利低波动指数,东证红利低波,CSI Dongfanghong Dividend Low Volatility Index,DFH Dividend Low Volatility,1934.88,1945.95,1933.64,1945.95,,0.41,2661.3,362.18,,
2017-07-31,931446,中证东方红红利低波动指数,东证红利低波,CSI Dongfanghong Dividend Low Volatility Index,DFH Dividend Low Volatility,1946.71,1961.62,1945.98,1959.7,,0.71,4114.81,512.96,,
2017-08-01,931446,中证东方红红利低波动指数,东证红利低波,CSI Dongfanghong Dividend Low Volatility Index,DFH Dividend Low Volatility,1962.6,1970.57,1959.7,1969.17,,0.48,4229.97,549.7,,
2017-08-02,931446,中证东方红红利低波动指数,东证红利低波,CSI Dongfanghong Dividend Low Volatility Index,DFH Dividend Low Volatility,1968.67,1979.03,1965.88,1966.2,,-0.15,4841.05,533.88,,
2017-08-03,931446,中证东方红红利低波动指数,东证红利低波,CSI Dongfanghong Dividend Low Volatility Index,DFH Dividend Low Volatility,1963.95,1971.25,1950.58,1953.35,,-0.65,4136.83,507.84,,
2017-08-04,931446,中证东方红红利低波动指数,东证红利低波,CSI Dongfanghong Dividend Low Volatility Index,DFH Dividend Low Volatility,1951.54,1955.43,1939.83,1939.83,,-0.69,3909.97,467.38,,
2017-08-07,931446,中证东方红红利低波动指数,东证红利低波,CSI Dongfanghong Dividend Low Volatility Index,DFH Dividend Low Volatility,1938.24,1954.51,1926.99,1953.61,,0.71,3927.26,447.49,,
2017-08-08,931446,中证东方红红利低波动指数,东证红利低波,CSI Dongfanghong Dividend Low Volatility Index,DFH Dividend Low Volatility,1951.17,1955.74,1945.77,1951.3,,-0.12,4014.19,398.85,,
2017-08-09,931446,中证东方红红利低波动指数,东证红利低波,CSI Dongfanghong Dividend Low Volatility Index,DFH Dividend Low Volatility,1950.39,1956.05,1942.61,1955.05,,0.19,4093.08,488.79,,
2017-08-10,931446,中证东方红红利低波动指数,东证红利低波,CSI Dongfanghong Dividend Low Volatility Index,DFH Dividend Low Volatility,1952.1,1956.41,1931.67,1947.8,,-0.37,3812.93,479.19,,
2017-08-11,931446,中证东方红红利低波动指数,东证红利低波,CSI Dongfanghong Dividend Low Volatility Index,DFH Dividend Low Volatility,1932.12,1936.78,1909.47,1911.52,,-1.86,5183.16,566.94,,
2017-08-14,931446,中证东方红红利低波动指数,东证红利低波,CSI Dongfanghong Dividend Low Volatility Index,DFH Dividend Low Volatility,1910.86,1928.54,1910.86,1924.84,,0.7,3566.23,461.89,,
2017-08-15,931446,中证东方红红利低波动指数,东证红利低波,CSI Dongfanghong Dividend Low Volatility Index,DFH Dividend Low Volatility,1928.0,1945.0,1928.0,1940.56,,0.82,3939.04,460.34,,
2017-08-16,931446,中证东方红红利低波动指数,东证红利低波,CSI Dongfanghong Dividend Low Volatility Index,DFH Dividend Low Volatility,1939.15,1939.15,1927.92,1933.2,,-0.38,2884.66,358.43,,
2017-08-17,931446,中证东方红红利低波动指数,东证红利低波,CSI Dongfanghong Dividend Low Volatility Index,DFH Dividend Low Volatility,1937.83,1942.93,1934.88,1942.93,,0.5,2818.39,357.31,,
2017-08-18,931446,中证东方红红利低波动指数,东证红利低波,CSI Dongfanghong Dividend Low Volatility Index,DFH Dividend Low Volatility,1934.01,1947.27,1934.01,1945.25,,0.12,2704.32,381.29,,
2017-08-21,931446,中证东方红红利低波动指数,东证红利低波,CSI Dongfanghong Dividend Low Volatility Index,DFH Dividend Low Volatility,1945.33,1954.89,1945.33,1954.81,,0.49,2765.44,371.01,,
2017-08-22,931446,中证东方红红利低波动指数,东证红利低波,CSI Dongfanghong Dividend Low Volatility Index,DFH Dividend Low Volatility,1955.23,1957.04,1949.88,1956.42,,0.08,2645.54,424.56,,
2017-08-23,931446,中证东方红红利低波动指数,东证红利低波,CSI Dongfanghong Dividend Low Volatility Index,DFH Dividend Low Volatility,1953.09,1958.45,1949.09,1953.64,,-0.14,3065.4,377.28,,
2017-08-24,931446,中证东方红红利低波动指数,东证红利低波,CSI Dongfanghong Dividend Low Volatility Index,DFH Dividend Low Volatility,1954.06,1959.36,1945.13,1947.42,,-0.32,2806.83,366.69,,
2017-08-25,931446,中证东方红红利低波动指数,东证红利低波,CSI Dongfanghong Dividend Low Volatility Index,DFH Dividend Low Volatility,1947.79,1978.56,1947.79,1978.56,,1.6,4762.09,540.47,,
2017-08-28,931446,中证东方红红利低波动指数,东证红利低波,CSI Dongfanghong Dividend Low Volatility Index,DFH Dividend Low Volatility,1982.99,1998.02,1981.07,1987.3,,0.44,5167.08,650.96,,
2017-08-29,931446,中证东方红红利低波动指数,东证红利低波,CSI Dongfanghong Dividend Low Volatility Index,DFH Dividend Low Volatility,1985.94,1992.33,1982.1,1986.39,,-0.05,3434.25,440.12,,
2017-08-30,931446,中证东方红红利低波动指数,东证红利低波,CSI Dongfanghong Dividend Low Volatility Index,DFH Dividend Low Volatility,1986.65,1992.27,1983.43,1987.0,,0.03,3878.88,467.05,,
2017-08-31,931446,中证东方红红利低波动指数,东证红利低波,CSI Dongfanghong Dividend Low Volatility Index,DFH Dividend Low Volatility,1987.33,1987.33,1963.37,1976.37,,-0.54,4307.56,527.95,,
2017-09-01,931446,中证东方红红利低波动指数,东证红利低波,CSI Dongfanghong Dividend Low Volatility Index,DFH Dividend Low Volatility,1981.49,1991.86,1980.18,1984.51,,0.41,4904.78,569.82,,
2017-09-04,931446,中证东方红红利低波动指数,东证红利低波,CSI Dongfanghong Dividend Low Volatility Index,DFH Dividend Low Volatility,1988.18,1993.19,1980.82,1993.19,,0.44,5308.07,564.67,,
2017-09-05,931446,中证东方红红利低波动指数,东证红利低波,CSI Dongfanghong Dividend Low Volatility Index,DFH Dividend Low Volatility,1992.06,1999.9,1991.2,1996.47,,0.16,4135.5,470.56,,
2017-09-06,931446,中证东方红红利低波动指数,东证红利低波,CSI Dongfanghong Dividend Low Volatility Index,DFH Dividend Low Volatility,1991.36,1995.24,1987.84,1992.72,,-0.19,3177.17,385.68,,
2017-09-07,931446,中证东方红红利低波动指数,东证红利低波,CSI Dongfanghong Dividend Low Volatility Index,DFH Dividend Low Volatility,1992.83,1993.3,1981.16,1981.2,,-0.58,3145.14,404.63,,
2017-09-08,931446,中证东方红红利低波动指数,东证红利低波,CSI Dongfanghong Dividend Low Volatility Index,DFH Dividend Low Volatility,1982.32,1991.68,1979.06,1983.36,,0.11,2868.31,383.48,,
2017-09-11,931446,中证东方红红利低波动指数,东证红利低波,CSI Dongfanghong Dividend Low Volatility Index,DFH Dividend Low Volatility,1985.33,1995.98,1980.75,1988.06,,0.24,3983.48,522.42,,
2017-09-12,931446,中证东方红红利低波动指数,东证红利低波,CSI Dongfanghong Dividend Low Volatility Index,DFH Dividend Low Volatility,1991.31,2002.22,1990.98,1998.91,,0.55,4067.71,535.86,,
2017-09-13,931446,中证东方红红利低波动指数,东证红利低波,CSI Dongfanghong Dividend Low Volatility Index,DFH Dividend Low Volatility,1998.49,2004.22,1996.75,2003.22,,0.22,3087.51,440.98,,
2017-09-14,931446,中证东方红红利低波动指数,东证红利低波,CSI Dongfanghong Dividend Low Volatility Index,DFH Dividend Low Volatility,2003.26,2005.83,1989.3,1993.45,,-0.49,3554.75,453.03,,
2017-09-15,931446,中证东方红红利低波动指数,东证红利低波,CSI Dongfanghong Dividend Low Volatility Index,DFH Dividend Low Volatility,1992.17,1992.17,1979.77,1985.44,,-0.4,3530.1,450.61,,
2017-09-18,931446,中证东方红红利低波动指数,东证红利低波,CSI Dongfanghong Dividend Low Volatility Index,DFH Dividend Low Volatility,1983.93,1995.76,1983.93,1992.06,,0.33,3133.49,447.29,,
2017-09-19,931446,中证东方红红利低波动指数,东证红利低波,CSI Dongfanghong Dividend Low Volatility Index,DFH Dividend Low Volatility,1994.5,1998.29,1983.75,1987.06,,-0.25,3223.67,428.75,,
2017-09-20,931446,中证东方红红利低波动指数,东证红利低波,CSI Dongfanghong Dividend Low Volatility Index,DFH Dividend Low Volatility,1987.41,2006.95,1987.41,2003.46,,0.83,3211.3,440.53,,
2017-09-21,931446,中证东方红红利低波动指数,东证红利低波,CSI Dongfanghong Dividend Low Volatility Index,DFH Dividend Low Volatility,2002.77,2014.84,2002.71,2006.07,,0.13,3388.28,426.51,,
2017-09-22,931446,中证东方红红利低波动指数,东证红利低波,CSI Dongfanghong Dividend Low Volatility Index,DFH Dividend Low Volatility,2000.0,2007.94,1998.75,2007.94,,0.09,3225.78,428.18,,
2017-09-25,931446,中证东方红红利低波动指数,东证红利低波,CSI Dongfanghong Dividend Low Volatility Index,DFH Dividend Low Volatility,2005.22,2009.18,2001.18,2004.83,,-0.16,3494.88,484.3,,
2017-09-26,931446,中证东方红红利低波动指数,东证红利低波,CSI Dongfanghong Dividend Low Volatility Index,DFH Dividend Low Volatility,2001.05,2003.88,1997.31,2002.03,,-0.14,2297.78,327.14,,
2017-09-27,931446,中证东方红红利低波动指数,东证红利低波,CSI Dongfanghong Dividend Low Volatility Index,DFH Dividend Low Volatility,2000.12,2009.35,2000.12,2007.4,,0.27,2381.23,338.01,,
2017-09-28,931446,中证东方红红利低波动指数,东证红利低波,CSI Dongfanghong Dividend Low Volatility Index,DFH Dividend Low Volatility,2008.16,2011.67,2006.06,2011.3,,0.19,2634.1,372.81,,
2017-09-29,931446,中证东方红红利低波动指数,东证红利低波,CSI Dongfanghong Dividend Low Volatility Index,DFH Dividend Low Volatility,2010.93,2024.49,2010.93,2017.13,,0.29,2488.91,362.75,,
2017-10-09,931446,中证东方红红利低波动指数,东证红利低波,CSI Dongfanghong Dividend Low Volatility Index,DFH Dividend Low Volatility,2050.77,2050.98,2036.8,2039.28,,1.1,4986.93,651.16,,
2017-10-10,931446,中证东方红红利低波动指数,东证红利低波,CSI Dongfanghong Dividend Low Volatility Index,DFH Dividend Low Volatility,2040.19,2047.53,2027.18,2046.78,,0.37,3910.05,624.2,,
2017-10-11,931446,中证东方红红利低波动指数,东证红利低波,CSI Dongfanghong Dividend Low Volatility Index,DFH Dividend Low Volatility,2043.58,2055.4,2043.33,2050.61,,0.19,3542.98,595.72,,
2017-10-12,931446,中证东方红红利低波动指数,东证红利低波,CSI Dongfanghong Dividend Low Volatility Index,DFH Dividend Low Volatility,2050.33,2058.77,2049.12,2057.12,,0.32,3076.86,478.61,,
2017-10-13,931446,中证东方红红利低波动指数,东证红利低波,CSI Dongfanghong Dividend Low Volatility Index,DFH Dividend Low Volatility,2057.03,2061.23,2056.42,2057.83,,0.04,2914.17,426.05,,
2017-10-16,931446,中证东方红红利低波动指数,东证红利低波,CSI Dongfanghong Dividend Low Volatility Index,DFH Dividend Low Volatility,2059.51,2063.73,2050.79,2051.88,,-0.29,3878.64,542.71,,
2017-10-17,931446,中证东方红红利低波动指数,东证红利低波,CSI Dongfanghong Dividend Low Volatility Index,DFH Dividend Low Volatility,2050.34,2056.27,2044.33,2052.01,,0.01,2825.46,418.11,,
2017-10-18,931446,中证东方红红利低波动指数,东证红利低波,CSI Dongfanghong Dividend Low Volatility Index,DFH Dividend Low Volatility,2053.28,2066.78,2053.28,2066.78,,0.72,4074.44,535.06,,
2017-10-19,931446,中证东方红红利低波动指数,东证红利低波,CSI Dongfanghong Dividend Low Volatility Index,DFH Dividend Low Volatility,2064.55,2070.1,2062.74,2070.1,,0.16,3788.71,544.17,,
2017-10-20,931446,中证东方红红利低波动指数,东证红利低波,CSI Dongfanghong Dividend Low Volatility Index,DFH Dividend Low Volatility,2062.53,2067.63,2056.85,2067.03,,-0.15,2460.09,377.25,,
2017-10-23,931446,中证东方红红利低波动指数,东证红利低波,CSI Dongfanghong Dividend Low Volatility Index,DFH Dividend Low Volatility,2066.79,2072.36,2063.21,2069.35,,0.11,2760.13,408.62,,
2017-10-24,931446,中证东方红红利低波动指数,东证红利低波,CSI Dongfanghong Dividend Low Volatility Index,DFH Dividend Low Volatility,2067.31,2081.56,2067.31,2081.51,,0.59,3056.68,463.2,,
2017-10-25,931446,中证东方红红利低波动指数,东证红利低波,CSI Dongfanghong Dividend Low Volatility Index,DFH Dividend Low Volatility,2081.82,2093.49,2081.23,2093.47,,0.58,2852.97,411.99,,
2017-10-26,931446,中证东方红红利低波动指数,东证红利低波,CSI Dongfanghong Dividend Low Volatility Index,DFH Dividend Low Volatility,2092.86,2106.47,2090.35,2092.69,,-0.04,5064.66,760.99,,
2017-10-27,931446,中证东方红红利低波动指数,东证红利低波,CSI Dongfanghong Dividend Low Volatility Index,DFH Dividend Low Volatility,2091.24,2101.41,2091.24,2101.41,,0.42,4722.87,680.33,,
2017-10-30,931446,中证东方红红利低波动指数,东证红利低波,CSI Dongfanghong Dividend Low Volatility Index,DFH Dividend Low Volatility,2102.36,2106.13,2077.26,2096.9,,-0.21,4879.4,745.28,,
2017-10-31,931446,中证东方红红利低波动指数,东证红利低波,CSI Dongfanghong Dividend Low Volatility Index,DFH Dividend Low Volatility,2090.62,2090.62,2076.44,2086.51,,-0.5,3661.94,587.66,,
2017-11-01,931446,中证东方红红利低波动指数,东证红利低波,CSI Dongfanghong Dividend Low Volatility Index,DFH Dividend Low Volatility,2086.49,2091.84,2073.82,2076.65,,-0.47,4484.97,685.38,,
2017-11-02,931446,中证东方红红利低波动指数,东证红利低波,CSI Dongfanghong Dividend Low Volatility Index,DFH Dividend Low Volatility,2074.94,2074.94,2064.69,2074.62,,-0.1,3664.27,531.27,,
2017-11-03,931446,中证东方红红利低波动指数,东证红利低波,CSI Dongfanghong Dividend Low Volatility Index,DFH Dividend Low Volatility,2071.99,2071.99,2051.83,2065.76,,-0.43,4228.56,585.02,,
2017-11-06,931446,中证东方红红利低波动指数,东证红利低波,CSI Dongfanghong Dividend Low Volatility Index,DFH Dividend Low Volatility,2064.06,2092.69,2061.04,2092.69,,1.3,4342.94,685.27,,
2017-11-07,931446,中证东方红红利低波动指数,东证红利低波,CSI Dongfanghong Dividend Low Volatility Index,DFH Dividend Low Volatility,2091.31,2111.31,2091.31,2103.62,,0.52,5310.48,787.78,,
2017-11-08,931446,中证东方红红利低波动指数,东证红利低波,CSI Dongfanghong Dividend Low Volatility Index,DFH Dividend Low Volatility,2102.51,2117.7,2096.73,2100.44,,-0.15,4869.99,737.76,,
2017-11-09,931446,中证东方红红利低波动指数,东证红利低波,CSI Dongfanghong Dividend Low Volatility Index,DFH Dividend Low Volatility,2099.15,2115.88,2099.02,2115.88,,0.74,3924.43,591.89,,
2017-11-10,931446,中证东方红红利低波动指数,东证红利低波,CSI Dongfanghong Dividend Low Volatility Index,DFH Dividend Low Volatility,2113.71,2137.02,2113.71,2136.39,,0.97,5192.71,838.86,,
2017-11-13,931446,中证东方红红利低波动指数,东证红利低波,CSI Dongfanghong Dividend Low Volatility Index,DFH Dividend Low Volatility,2138.59,2160.19,2138.59,2159.53,,1.08,6043.29,865.63,,
2017-11-14,931446,中证东方红红利低波动指数,东证红利低波,CSI Dongfanghong Dividend Low Volatility Index,DFH Dividend Low Volatility,2159.35,2160.11,2139.57,2143.92,,-0.72,4521.33,766.42,,
2017-11-15,931446,中证东方红红利低波动指数,东证红利低波,CSI Dongfanghong Dividend Low Volatility Index,DFH Dividend Low Volatility,2137.37,2141.42,2121.74,2130.26,,-0.64,4112.41,705.18,,
2017-11-16,931446,中证东方红红利低波动指数,东证红利低波,CSI Dongfanghong Dividend Low Volatility Index,DFH Dividend Low Volatility,2127.02,2145.06,2124.79,2144.33,,0.66,3804.55,707.99,,
2017-11-17,931446,中证东方红红利低波动指数,东证红利低波,CSI Dongfanghong Dividend Low Volatility Index,DFH Dividend Low Volatility,2139.82,2147.0,2134.28,2146.86,,0.12,7061.36,1100.44,,
2017-11-20,931446,中证东方红红利低波动指数,东证红利低波,CSI Dongfanghong Dividend Low Volatility Index,DFH Dividend Low Volatility,2135.88,2167.86,2123.44,2167.86,,0.98,5295.79,855.44,,
2017-11-21,931446,中证东方红红利低波动指数,东证红利低波,CSI Dongfanghong Dividend Low Volatility Index,DFH Dividend Low Volatility,2162.71,2197.39,2162.71,2197.36,,1.36,6518.91,1084.56,,
2017-11-22,931446,中证东方红红利低波动指数,东证红利低波,CSI Dongfanghong Dividend Low Volatility Index,DFH Dividend Low Volatility,2204.61,2213.48,2183.66,2196.52,,-0.04,6990.74,1082.93,,
2017-11-23,931446,中证东方红红利低波动指数,东证红利低波,CSI Dongfanghong Dividend Low Volatility Index,DFH Dividend Low Volatility,2192.95,2192.95,2134.4,2138.54,,-2.64,6975.11,1065.79,,
2017-11-24,931446,中证东方红红利低波动指数,东证红利低波,CSI Dongfanghong Dividend Low Volatility Index,DFH Dividend Low Volatility,2130.04,2135.15,2110.39,2133.14,,-0.25,4894.6,840.06,,
2017-11-27,931446,中证东方红红利低波动指数,东证红利低波,CSI Dongfanghong Dividend Low Volatility Index,DFH Dividend Low Volatility,2126.9,2126.9,2100.45,2105.4,,-1.3,5167.58,798.41,,
2017-11-28,931446,中证东方红红利低波动指数,东证红利低波,CSI Dongfanghong Dividend Low Volatility Index,DFH Dividend Low Volatility,2097.18,2113.5,2089.75,2113.5,,0.38,3503.55,552.53,,
2017-11-29,931446,中证东方红红利低波动指数,东证红利低波,CSI Dongfanghong Dividend Low Volatility Index,DFH Dividend Low Volatility,2114.14,2119.75,2094.82,2112.31,,-0.06,4295.61,685.89,,
2017-11-30,931446,中证东方红红利低波动指数,东证红利低波,CSI Dongfanghong Dividend Low Volatility Index,DFH Dividend Low Volatility,2106.3,2112.42,2095.54,2101.04,,-0.53,3480.25,569.02,,
2017-12-01,931446,中证东方红红利低波动指数,东证红利低波,CSI Dongfanghong Dividend Low Volatility Index,DFH Dividend Low Volatility,2100.49,2101.52,2086.88,2093.33,,-0.37,3454.06,572.03,,
2017-12-04,931446,中证东方红红利低波动指数,东证红利低波,CSI Dongfanghong Dividend Low Volatility Index,DFH Dividend Low Volatility,2090.29,2106.85,2090.29,2098.14,,0.23,3310.06,580.85,,
2017-12-05,931446,中证东方红红利低波动指数,东证红利低波,CSI Dongfanghong Dividend Low Volatility Index,DFH Dividend Low Volatility,2094.87,2105.65,2094.87,2102.85,,0.22,6098.24,851.78,,
2017-12-06,931446,中证东方红红利低波动指数,东证红利低波,CSI Dongfanghong Dividend Low Volatility Index,DFH Dividend Low Volatility,2096.82,2098.3,2066.05,2093.07,,-0.47,3819.76,587.72,,
2017-12-07,931446,中证东方红红利低波动指数,东证红利低波,CSI Dongfanghong Dividend Low Volatility Index,DFH Dividend Low Volatility,2087.17,2087.27,2061.64,2066.65,,-1.26,2944.21,474.7,,
2017-12-08,931446,中证东方红红利低波动指数,东证红利低波,CSI Dongfanghong Dividend Low Volatility Index,DFH Dividend Low Volatility,2061.84,2079.5,2059.35,2077.56,,0.53,2960.77,501.91,,
2017-12-11,931446,中证东方红红利低波动指数,东证红利低波,CSI Dongfanghong Dividend Low Volatility Index,DFH Dividend Low Volatility,2079.18,2106.12,2079.18,2106.12,,1.38,3143.34,599.23,,
2017-12-12,931446,中证东方红红利低波动指数,东证红利低波,CSI Dongfanghong Dividend Low Volatility Index,DFH Dividend Low Volatility,2105.67,2105.67,2085.48,2085.48,,-0.98,2431.48,432.27,,
2017-12-13,931446,中证东方红红利低波动指数,东证红利低波,CSI Dongfanghong Dividend Low Volatility Index,DFH Dividend Low Volatility,2083.83,2105.49,2083.42,2105.47,,0.96,2453.56,450.16,,
2017-12-14,931446,中证东方红红利低波动指数,东证红利低波,CSI Dongfanghong Dividend Low Volatility Index,DFH Dividend Low Volatility,2105.77,2108.66,2096.07,2099.63,,-0.28,2417.2,385.18,,
2017-12-15,931446,中证东方红红利低波动指数,东证红利低波,CSI Dongfanghong Dividend Low Volatility Index,DFH Dividend Low Volatility,2096.88,2096.88,2077.94,2079.48,,-0.96,2611.09,410.48,,
2017-12-18,931446,中证东方红红利低波动指数,东证红利低波,CSI Dongfanghong Dividend Low Volatility Index,DFH Dividend Low Volatility,2082.11,2091.9,2079.18,2086.07,,0.32,2812.1,469.37,,
2017-12-19,931446,中证东方红红利低波动指数,东证红利低波,CSI Dongfanghong Dividend Low Volatility Index,DFH Dividend Low Volatility,2084.95,2108.6,2084.95,2108.41,,1.07,3048.05,535.74,,
2017-12-20,931446,中证东方红红利低波动指数,东证红利低波,CSI Dongfanghong Dividend Low Volatility Index,DFH Dividend Low Volatility,2108.46,2116.51,2107.91,2110.63,,0.11,3118.33,540.2,,
2017-12-21,931446,中证东方红红利低波动指数,东证红利低波,CSI Dongfanghong Dividend Low Volatility Index,DFH Dividend Low Volatility,2108.38,2127.72,2103.29,2124.59,,0.66,3052.69,532.18,,
2017-12-22,931446,中证东方红红利低波动指数,东证红利低波,CSI Dongfanghong Dividend Low Volatility Index,DFH Dividend Low Volatility,2123.57,2132.39,2123.57,2128.08,,0.16,2566.27,421.99,,
2017-12-25,931446,中证东方红红利低波动指数,东证红利低波,CSI Dongfanghong Dividend Low Volatility Index,DFH Dividend Low Volatility,2128.66,2142.61,2118.6,2124.43,,-0.17,3192.57,532.91,,
2017-12-26,931446,中证东方红红利低波动指数,东证红利低波,CSI Dongfanghong Dividend Low Volatility Index,DFH Dividend Low Volatility,2123.05,2129.72,2114.55,2129.72,,0.25,2973.19,476.54,,
2017-12-27,931446,中证东方红红利低波动指数,东证红利低波,CSI Dongfanghong Dividend Low Volatility Index,DFH Dividend Low Volatility,2126.41,2132.32,2109.07,2110.21,,-0.92,3691.38,575.68,,
2017-12-28,931446,中证东方红红利低波动指数,东证红利低波,CSI Dongfanghong Dividend Low Volatility Index,DFH Dividend Low Volatility,2111.59,2132.54,2110.12,2128.7,,0.88,4185.64,654.19,,
2017-12-29,931446,中证东方红红利低波动指数,东证红利低波,CSI Dongfanghong Dividend Low Volatility Index,DFH Dividend Low Volatility,2131.3,2137.67,2127.78,2137.67,,0.42,3239.66,510.7,,
2018-01-02,931446,中证东方红红利低波动指数,东证红利低波,CSI Dongfanghong Dividend Low Volatility Index,DFH Dividend Low Volatility,2143.8,2167.23,2143.8,2167.23,,1.38,6148.67,760.67,,
2018-01-03,931446,中证东方红红利低波动指数,东证红利低波,CSI Dongfanghong Dividend Low Volatility Index,DFH Dividend Low Volatility,2166.56,2183.39,2166.56,2175.76,,0.39,5134.49,791.59,,
2018-01-04,931446,中证东方红红利低波动指数,东证红利低波,CSI Dongfanghong Dividend Low Volatility Index,DFH Dividend Low Volatility,2175.61,2188.42,2175.21,2184.24,,0.39,4880.82,714.84,,
2018-01-05,931446,中证东方红红利低波动指数,东证红利低波,CSI Dongfanghong Dividend Low Volatility Index,DFH Dividend Low Volatility,2185.86,2189.73,2178.09,2186.29,,0.09,4383.95,610.07,,
2018-01-08,931446,中证东方红红利低波动指数,东证红利低波,CSI Dongfanghong Dividend Low Volatility Index,DFH Dividend Low Volatility,2187.22,2205.48,2186.5,2204.14,,0.82,5184.74,773.34,,
2018-01-09,931446,中证东方红红利低波动指数,东证红利低波,CSI Dongfanghong Dividend Low Volatility Index,DFH Dividend Low Volatility,2202.91,2207.17,2200.75,2207.01,,0.13,4451.1,712.51,,
2018-01-10,931446,中证东方红红利低波动指数,东证红利低波,CSI Dongfanghong Dividend Low Volatility Index,DFH Dividend Low Volatility,2206.68,2216.99,2201.48,2216.65,,0.44,5923.85,825.54,,
2018-01-11,931446,中证东方红红利低波动指数,东证红利低波,CSI Dongfanghong Dividend Low Volatility Index,DFH Dividend Low Volatility,2213.67,2218.23,2198.36,2206.47,,-0.46,4164.72,645.63,,
2018-01-12,931446,中证东方红红利低波动指数,东证红利低波,CSI Dongfanghong Dividend Low Volatility Index,DFH Dividend Low Volatility,2206.78,2217.67,2206.78,2217.19,,0.49,4013.79,642.49,,
2018-01-15,931446,中证东方红红利低波动指数,东证红利低波,CSI Dongfanghong Dividend Low Volatility Index,DFH Dividend Low Volatility,2217.17,2226.06,2206.13,2210.72,,-0.29,6525.54,988.03,,
2018-01-16,931446,中证东方红红利低波动指数,东证红利低波,CSI Dongfanghong Dividend Low Volatility Index,DFH Dividend Low Volatility,2209.14,2231.01,2209.14,2228.26,,0.79,6297.4,941.05,,
2018-01-17,931446,中证东方红红利低波动指数,东证红利低波,CSI Dongfanghong Dividend Low Volatility Index,DFH Dividend Low Volatility,2231.05,2238.83,2219.7,2224.38,,-0.17,7894.98,1091.79,,
2018-01-18,931446,中证东方红红利低波动指数,东证红利低波,CSI Dongfanghong Dividend Low Volatility Index,DFH Dividend Low Volatility,2228.26,2245.57,2228.26,2245.57,,0.95,7297.06,1021.05,,
2018-01-19,931446,中证东方红红利低波动指数,东证红利低波,CSI Dongfanghong Dividend Low Volatility Index,DFH Dividend Low Volatility,2250.78,2263.31,2243.5,2250.11,,0.2,8390.56,1097.61,,
2018-01-22,931446,中证东方红红利低波动指数,东证红利低波,CSI Dongfanghong Dividend Low Volatility Index,DFH Dividend Low Volatility,2248.73,2275.66,2248.73,2275.66,,1.14,7638.27,1060.69,,
2018-01-23,931446,中证东方红红利低波动指数,东证红利低波,CSI Dongfanghong Dividend Low Volatility Index,DFH Dividend Low Volatility,2276.24,2299.75,2276.24,2299.75,,1.06,9237.58,1142.3,,
2018-01-24,931446,中证东方红红利低波动指数,东证红利低波,CSI Dongfanghong Dividend Low Volatility Index,DFH Dividend Low Volatility,2302.54,2302.64,2285.08,2299.18,,-0.03,8858.6,1126.83,,
2018-01-25,931446,中证东方红红利低波动指数,东证红利低波,CSI Dongfanghong Dividend Low Volatility Index,DFH Dividend Low Volatility,2297.45,2301.21,2277.04,2293.79,,-0.23,7393.31,961.44,,
2018-01-26,931446,中证东方红红利低波动指数,东证红利低波,CSI Dongfanghong Dividend Low Volatility Index,DFH Dividend Low Volatility,2287.1,2310.14,2287.1,2302.9,,0.4,7932.97,950.48,,
2018-01-29,931446,中证东方红红利低波动指数,东证红利低波,CSI Dongfanghong Dividend Low Volatility Index,DFH Dividend Low Volatility,2305.7,2316.32,2272.97,2277.72,,-1.09,7583.68,1075.5,,
2018-01-30,931446,中证东方红红利低波动指数,东证红利低波,CSI Dongfanghong Dividend Low Volatility Index,DFH Dividend Low Volatility,2271.16,2278.54,2255.04,2256.31,,-0.94,5187.75,715.58,,
2018-01-31,931446,中证东方红红利低波动指数,东证红利低波,CSI Dongfanghong Dividend Low Volatility Index,DFH Dividend Low Volatility,2244.21,2263.74,2244.21,2261.49,,0.23,5516.81,766.06,,
2018-02-01,931446,中证东方红红利低波动指数,东证红利低波,CSI Dongfanghong Dividend Low Volatility Index,DFH Dividend Low Volatility,2262.69,2268.84,2230.32,2244.85,,-0.74,7243.5,976.46,,
2018-02-02,931446,中证东方红红利低波动指数,东证红利低波,CSI Dongfanghong Dividend Low Volatility Index,DFH Dividend Low Volatility,2229.7,2265.84,2217.31,2265.84,,0.94,5326.01,761.05,,
2018-02-05,931446,中证东方红红利低波动指数,东证红利低波,CSI Dongfanghong Dividend Low Volatility Index,DFH Dividend Low Volatility,2236.66,2281.35,2236.66,2281.35,,0.68,7491.05,1071.76,,
2018-02-06,931446,中证东方红红利低波动指数,东证红利低波,CSI Dongfanghong Dividend Low Volatility Index,DFH Dividend Low Volatility,2236.19,2249.64,2211.36,2222.21,,-2.59,9879.13,1369.35,,
2018-02-07,931446,中证东方红红利低波动指数,东证红利低波,CSI Dongfanghong Dividend Low Volatility Index,DFH Dividend Low Volatility,2248.65,2259.19,2182.84,2182.84,,-1.77,9471.96,1290.82,,
2018-02-08,931446,中证东方红红利低波动指数,东证红利低波,CSI Dongfanghong Dividend Low Volatility Index,DFH Dividend Low Volatility,2166.53,2184.59,2138.46,2152.75,,-1.38,7344.26,964.07,,
2018-02-09,931446,中证东方红红利低波动指数,东证红利低波,CSI Dongfanghong Dividend Low Volatility Index,DFH Dividend Low Volatility,2095.52,2096.53,2033.77,2075.91,,-3.57,9054.7,1186.36,,
2018-02-12,931446,中证东方红红利低波动指数,东证红利低波,CSI Dongfanghong Dividend Low Volatility Index,DFH Dividend Low Volatility,2073.78,2106.63,2073.78,2099.56,,1.14,4767.88,660.23,,
2018-02-13,931446,中证东方红红利低波动指数,东证红利低波,CSI Dongfanghong Dividend Low Volatility Index,DFH Dividend Low Volatility,2114.29,2144.01,2114.29,2122.33,,1.08,4697.82,623.57,,
2018-02-14,931446,中证东方红红利低波动指数,东证红利低波,CSI Dongfanghong Dividend Low Volatility Index,DFH Dividend Low Volatility,2124.86,2138.63,2118.39,2135.8,,0.63,2880.96,397.7,,
2018-02-22,931446,中证东方红红利低波动指数,东证红利低波,CSI Dongfanghong Dividend Low Volatility Index,DFH Dividend Low Volatility,2161.07,2180.32,2161.07,2180.12,,2.08,4133.05,573.62,,
2018-02-23,931446,中证东方红红利低波动指数,东证红利低波,CSI Dongfanghong Dividend Low Volatility Index,DFH Dividend Low Volatility,2182.2,2185.81,2169.55,2183.58,,0.16,3454.46,472.21,,
2018-02-26,931446,中证东方红红利低波动指数,东证红利低波,CSI Dongfanghong Dividend Low Volatility Index,DFH Dividend Low Volatility,2195.79,2212.96,2185.24,2210.34,,1.23,4630.67,607.23,,
2018-02-27,931446,中证东方红红利低波动指数,东证红利低波,CSI Dongfanghong Dividend Low Volatility Index,DFH Dividend Low Volatility,2210.95,2210.95,2170.14,2173.39,,-1.67,4867.17,671.05,,
2018-02-28,931446,中证东方红红利低波动指数,东证红利低波,CSI Dongfanghong Dividend Low Volatility Index,DFH Dividend Low Volatility,2152.93,2164.11,2144.6,2154.36,,-0.88,3742.05,556.88,,
2018-03-01,931446,中证东方红红利低波动指数,东证红利低波,CSI Dongfanghong Dividend Low Volatility Index,DFH Dividend Low Volatility,2141.17,2173.11,2141.17,2166.49,,0.56,3346.39,489.39,,
2018-03-02,931446,中证东方红红利低波动指数,东证红利低波,CSI Dongfanghong Dividend Low Volatility Index,DFH Dividend Low Volatility,2150.44,2161.01,2144.41,2153.95,,-0.58,3045.58,440.8,,
2018-03-05,931446,中证东方红红利低波动指数,东证红利低波,CSI Dongfanghong Dividend Low Volatility Index,DFH Dividend Low Volatility,2153.59,2160.11,2138.37,2146.68,,-0.34,3076.67,429.77,,
2018-03-06,931446,中证东方红红利低波动指数,东证红利低波,CSI Dongfanghong Dividend Low Volatility Index,DFH Dividend Low Volatility,2154.84,2171.02,2137.64,2171.02,,1.13,5036.77,619.65,,
2018-03-07,931446,中证东方红红利低波动指数,东证红利低波,CSI Dongfanghong Dividend Low Volatility Index,DFH Dividend Low Volatility,2172.41,2185.38,2159.59,2160.15,,-0.5,4186.27,542.04,,
2018-03-08,931446,中证东方红红利低波动指数,东证红利低波,CSI Dongfanghong Dividend Low Volatility Index,DFH Dividend Low Volatility,2160.58,2180.48,2160.58,2180.48,,0.94,3817.83,541.13,,
2018-03-09,931446,中证东方红红利低波动指数,东证红利低波,CSI Dongfanghong Dividend Low Volatility Index,DFH Dividend Low Volatility,2184.36,2190.0,2177.57,2190.0,,0.44,3349.67,485.52,,
2018-03-12,931446,中证东方红红利低波动指数,东证红利低波,CSI Dongfanghong Dividend Low Volatility Index,DFH Dividend Low Volatility,2198.64,2207.51,2195.74,2201.55,,0.53,4781.92,654.28,,
2018-03-13,931446,中证东方红红利低波动指数,东证红利低波,CSI Dongfanghong Dividend Low Volatility Index,DFH Dividend Low Volatility,2200.58,2202.6,2186.38,2186.88,,-0.67,4153.63,527.84,,
2018-03-14,931446,中证东方红红利低波动指数,东证红利低波,CSI Dongfanghong Dividend Low Volatility Index,DFH Dividend Low Volatility,2181.17,2187.91,2176.4,2183.59,,-0.15,3204.17,449.1,,
2018-03-15,931446,中证东方红红利低波动指数,东证红利低波,CSI Dongfanghong Dividend Low Volatility Index,DFH Dividend Low Volatility,2176.28,2188.75,2176.28,2185.59,,0.09,2936.56,483.28,,
2018-03-16,931446,中证东方红红利低波动指数,东证红利低波,CSI Dongfanghong Dividend Low Volatility Index,DFH Dividend Low Volatility,2185.06,2186.1,2167.23,2167.23,,-0.84,2966.57,469.27,,
2018-03-19,931446,中证东方红红利低波动指数,东证红利低波,CSI Dongfanghong Dividend Low Volatility Index,DFH Dividend Low Volatility,2163.46,2166.39,2152.79,2165.92,,-0.06,2704.74,452.09,,
2018-03-20,931446,中证东方红红利低波动指数,东证红利低波,CSI Dongfanghong Dividend Low Volatility Index,DFH Dividend Low Volatility,2153.85,2175.51,2153.85,2175.15,,0.43,2858.17,440.56,,
2018-03-21,931446,中证东方红红利低波动指数,东证红利低波,CSI Dongfanghong Dividend Low Volatility Index,DFH Dividend Low Volatility,2179.83,2184.24,2161.15,2165.97,,-0.42,3392.36,539.0,,
2018-03-22,931446,中证东方红红利低波动指数,东证红利低波,CSI Dongfanghong Dividend Low Volatility Index,DFH Dividend Low Volatility,2165.97,2167.62,2137.24,2146.84,,-0.88,3252.54,530.53,,
2018-03-23,931446,中证东方红红利低波动指数,东证红利低波,CSI Dongfanghong Dividend Low Volatility Index,DFH Dividend Low Volatility,2088.01,2100.18,2060.26,2090.0,,-2.65,6400.57,855.47,,
2018-03-26,931446,中证东方红红利低波动指数,东证红利低波,CSI Dongfanghong Dividend Low Volatility Index,DFH Dividend Low Volatility,2067.63,2074.46,2050.74,2074.46,,-0.74,4688.46,682.74,,
2018-03-27,931446,中证东方红红利低波动指数,东证红利低波,CSI Dongfanghong Dividend Low Volatility Index,DFH Dividend Low Volatility,2091.77,2093.21,2071.97,2083.34,,0.43,4382.3,662.93,,
2018-03-28,931446,中证东方红红利低波动指数,东证红利低波,CSI Dongfanghong Dividend Low Volatility Index,DFH Dividend Low Volatility,2063.16,2078.4,2050.16,2051.16,,-1.55,4006.89,699.19,,
2018-03-29,931446,中证东方红红利低波动指数,东证红利低波,CSI Dongfanghong Dividend Low Volatility Index,DFH Dividend Low Volatility,2056.97,2084.65,2033.74,2077.43,,1.28,4488.15,696.91,,
2018-03-30,931446,中证东方红红利低波动指数,东证红利低波,CSI Dongfanghong Dividend Low Volatility Index,DFH Dividend Low Volatility,2079.21,2086.76,2074.51,2082.11,,0.23,3293.52,489.04,,
2018-04-02,931446,中证东方红红利低波动指数,东证红利低波,CSI Dongfanghong Dividend Low Volatility Index,DFH Dividend Low Volatility,2081.58,2092.54,2068.24,2069.38,,-0.61,3734.25,522.46,,
2018-04-03,931446,中证东方红红利低波动指数,东证红利低波,CSI Dongfanghong Dividend Low Volatility Index,DFH Dividend Low Volatility,2050.07,2059.87,2048.71,2056.35,,-0.63,3083.34,450.14,,
2018-04-04,931446,中证东方红红利低波动指数,东证红利低波,CSI Dongfanghong Dividend Low Volatility Index,DFH Dividend Low Volatility,2065.68,2077.75,2057.19,2058.58,,0.11,3113.44,530.25,,
2018-04-09,931446,中证东方红红利低波动指数,东证红利低波,CSI Dongfanghong Dividend Low Volatility Index,DFH Dividend Low Volatility,2055.36,2064.58,2050.58,2058.83,,0.01,2829.34,448.1,,
2018-04-10,931446,中证东方红红利低波动指数,东证红利低波,CSI Dongfanghong Dividend Low Volatility Index,DFH Dividend Low Volatility,2064.55,2094.51,2063.41,2094.51,,1.73,3828.27,527.04,,
2018-04-11,931446,中证东方红红利低波动指数,东证红利低波,CSI Dongfanghong Dividend Low Volatility Index,DFH Dividend Low Volatility,2099.78,2109.63,2095.67,2101.44,,0.33,4382.87,569.48,,
2018-04-12,931446,中证东方红红利低波动指数,东证红利低波,CSI Dongfanghong Dividend Low Volatility Index,DFH Dividend Low Volatility,2099.74,2099.74,2083.09,2083.92,,-0.83,2863.84,401.67,,
2018-04-13,931446,中证东方红红利低波动指数,东证红利低波,CSI Dongfanghong Dividend Low Volatility Index,DFH Dividend Low Volatility,2093.17,2093.53,2065.87,2069.25,,-0.7,2561.69,379.31,,
2018-04-16,931446,中证东方红红利低波动指数,东证红利低波,CSI Dongfanghong Dividend Low Volatility Index,DFH Dividend Low Volatility,2065.59,2065.59,2032.77,2037.18,,-1.55,4045.65,528.01,,
2018-04-17,931446,中证东方红红利低波动指数,东证红利低波,CSI Dongfanghong Dividend Low Volatility Index,DFH Dividend Low Volatility,2038.61,2041.23,2010.35,2010.54,,-1.31,2951.37,442.57,,
2018-04-18,931446,中证东方红红利低波动指数,东证红利低波,CSI Dongfanghong Dividend Low Volatility Index,DFH Dividend Low Volatility,2026.81,2026.81,1994.03,2017.26,,0.33,3579.58,510.84,,
2018-04-19,931446,中证东方红红利低波动指数,东证红利低波,CSI Dongfanghong Dividend Low Volatility Index,DFH Dividend Low Volatility,2020.51,2042.11,2020.51,2041.5,,1.2,3152.12,474.77,,
2018-04-20,931446,中证东方红红利低波动指数,东证红利低波,CSI Dongfanghong Dividend Low Volatility Index,DFH Dividend Low Volatility,2036.05,2039.85,2008.65,2013.16,,-1.39,3101.47,458.83,,
2018-04-23,931446,中证东方红红利低波动指数,东证红利低波,CSI Dongfanghong Dividend Low Volatility Index,DFH Dividend Low Volatility,2008.62,2024.69,2003.96,2015.12,,0.1,2485.62,381.54,,
2018-04-24,931446,中证东方红红利低波动指数,东证红利低波,CSI Dongfanghong Dividend Low Volatility Index,DFH Dividend Low Volatility,2018.44,2063.67,2018.44,2055.75,,2.02,3997.93,585.13,,
2018-04-25,931446,中证东方红红利低波动指数,东证红利低波,CSI Dongfanghong Dividend Low Volatility Index,DFH Dividend Low Volatility,2046.3,2048.55,2046.3,2048.55,,-0.35,2398.14,368.88,,
2018-04-26,931446,中证东方红红利低波动指数,东证红利低波,CSI Dongfanghong Dividend Low Volatility Index,DFH Dividend Low Volatility,2041.92,2041.92,2014.06,2018.27,,-1.48,2910.51,560.78,,
2018-04-27,931446,中证东方红红利低波动指数,东证红利低波,CSI Dongfanghong Dividend Low Volatility Index,DFH Dividend Low Volatility,2019.72,2021.63,2001.66,2021.63,,0.17,3450.87,722.71,,
2018-05-02,931446,中证东方红红利低波动指数,东证红利低波,CSI Dongfanghong Dividend Low Volatility Index,DFH Dividend Low Volatility,2022.29,2031.67,2016.52,2024.91,,0.16,3248.76,552.18,,
2018-05-03,931446,中证东方红红利低波动指数,东证红利低波,CSI Dongfanghong Dividend Low Volatility Index,DFH Dividend Low Volatility,2021.68,2039.31,2011.32,2036.56,,0.58,2877.46,471.48,,
2018-05-04,931446,中证东方红红利低波动指数,东证红利低波,CSI Dongfanghong Dividend Low Volatility Index,DFH Dividend Low Volatility,2032.71,2041.6,2032.71,2034.65,,-0.09,2279.15,397.29,,
2018-05-07,931446,中证东方红红利低波动指数,东证红利低波,CSI Dongfanghong Dividend Low Volatility Index,DFH Dividend Low Volatility,2038.59,2065.39,2037.55,2065.39,,1.51,2988.71,551.55,,
2018-05-08,931446,中证东方红红利低波动指数,东证红利低波,CSI Dongfanghong Dividend Low Volatility Index,DFH Dividend Low Volatility,2065.47,2087.27,2065.47,2082.75,,0.84,3550.75,601.24,,
2018-05-09,931446,中证东方红红利低波动指数,东证红利低波,CSI Dongfanghong Dividend Low Volatility Index,DFH Dividend Low Volatility,2082.52,2084.53,2075.69,2084.47,,0.08,2204.8,363.35,,
2018-05-10,931446,中证东方红红利低波动指数,东证红利低波,CSI Dongfanghong Dividend Low Volatility Index,DFH Dividend Low Volatility,2089.25,2097.24,2087.08,2097.19,,0.61,2244.28,401.3,,
2018-05-11,931446,中证东方红红利低波动指数,东证红利低波,CSI Dongfanghong Dividend Low Volatility Index,DFH Dividend Low Volatility,2100.73,2100.73,2087.8,2088.04,,-0.44,2651.98,429.89,,
2018-05-14,931446,中证东方红红利低波动指数,东证红利低波,CSI Dongfanghong Dividend Low Volatility Index,DFH Dividend Low Volatility,2091.77,2103.59,2091.77,2103.13,,0.72,3050.29,514.66,,
2018-05-15,931446,中证东方红红利低波动指数,东证红利低波,CSI Dongfanghong Dividend Low Volatility Index,DFH Dividend Low Volatility,2106.95,2112.6,2097.19,2112.6,,0.45,2613.03,427.71,,
2018-05-16,931446,中证东方红红利低波动指数,东证红利低波,CSI Dongfanghong Dividend Low Volatility Index,DFH Dividend Low Volatility,2105.78,2115.15,2102.72,2104.84,,-0.37,2642.74,440.45,,
2018-05-17,931446,中证东方红红利低波动指数,东证红利低波,CSI Dongfanghong Dividend Low Volatility Index,DFH Dividend Low Volatility,2103.99,2103.99,2088.62,2090.58,,-0.68,2101.21,356.42,,
2018-05-18,931446,中证东方红红利低波动指数,东证红利低波,CSI Dongfanghong Dividend Low Volatility Index,DFH Dividend Low Volatility,2089.1,2108.13,2080.75,2108.13,,0.84,2516.96,390.98,,
2018-05-21,931446,中证东方红红利低波动指数,东证红利低波,CSI Dongfanghong Dividend Low Volatility Index,DFH Dividend Low Volatility,2117.39,2121.45,2111.97,2117.14,,0.43,2936.24,434.83,,
2018-05-22,931446,中证东方红红利低波动指数,东证红利低波,CSI Dongfanghong Dividend Low Volatility Index,DFH Dividend Low Volatility,2117.03,2117.03,2104.54,2113.96,,-0.15,2517.99,378.71,,
2018-05-23,931446,中证东方红红利低波动指数,东证红利低波,CSI Dongfanghong Dividend Low Volatility Index,DFH Dividend Low Volatility,2108.76,2108.76,2089.13,2089.13,,-1.18,2977.43,430.1,,
2018-05-24,931446,中证东方红红利低波动指数,东证红利低波,CSI Dongfanghong Dividend Low Volatility Index,DFH Dividend Low Volatility,2088.46,2089.93,2075.77,2076.85,,-0.59,2511.76,376.41,,
2018-05-25,931446,中证东方红红利低波动指数,东证红利低波,CSI Dongfanghong Dividend Low Volatility Index,DFH Dividend Low Volatility,2073.76,2079.8,2064.72,2071.85,,-0.24,2524.4,374.93,,
2018-05-28,931446,中证东方红红利低波动指数,东证红利低波,CSI Dongfanghong Dividend Low Volatility Index,DFH Dividend Low Volatility,2069.18,2085.43,2065.55,2084.28,,0.6,2356.01,423.52,,
2018-05-29,931446,中证东方红红利低波动指数,东证红利低波,CSI Dongfanghong Dividend Low Volatility Index,DFH Dividend Low Volatility,2080.65,2090.38,2075.09,2075.09,,-0.44,3102.53,520.71,,
2018-05-30,931446,中证东方红红利低波动指数,东证红利低波,CSI Dongfanghong Dividend Low Volatility Index,DFH Dividend Low Volatility,2052.25,2060.04,2038.92,2041.35,,-1.63,2908.69,469.68,,
2018-05-31,931446,中证东方红红利低波动指数,东证红利低波,CSI Dongfanghong Dividend Low Volatility Index,DFH Dividend Low Volatility,2052.77,2085.35,2052.77,2084.71,,2.12,3572.85,660.18,,
2018-06-01,931446,中证东方红红利低波动指数,东证红利低波,CSI Dongfanghong Dividend Low Volatility Index,DFH Dividend Low Volatility,2077.86,2083.53,2057.83,2066.45,,-0.88,2566.4,435.07,,
2018-06-04,931446,中证东方红红利低波动指数,东证红利低波,CSI Dongfanghong Dividend Low Volatility Index,DFH Dividend Low Volatility,2070.62,2085.81,2070.62,2085.78,,0.94,2994.3,576.85,,
2018-06-05,931446,中证东方红红利低波动指数,东证红利低波,CSI Dongfanghong Dividend Low Volatility Index,DFH Dividend Low Volatility,2085.81,2101.97,2085.09,2101.97,,0.78,2893.89,604.13,,
2018-06-06,931446,中证东方红红利低波动指数,东证红利低波,CSI Dongfanghong Dividend Low Volatility Index,DFH Dividend Low Volatility,2099.2,2106.3,2099.2,2105.59,,0.17,2744.06,493.19,,
2018-06-07,931446,中证东方红红利低波动指数,东证红利低波,CSI Dongfanghong Dividend Low Volatility Index,DFH Dividend Low Volatility,2108.15,2108.77,2095.32,2097.2,,-0.4,2998.01,513.37,,
2018-06-08,931446,中证东方红红利低波动指数,东证红利低波,CSI Dongfanghong Dividend Low Volatility Index,DFH Dividend Low Volatility,2092.58,2092.58,2065.99,2075.57,,-1.03,3059.93,500.03,,
2018-06-11,931446,中证东方红红利低波动指数,东证红利低波,CSI Dongfanghong Dividend Low Volatility Index,DFH Dividend Low Volatility,2070.12,2074.7,2061.87,2067.16,,-0.41,2385.23,408.16,,
2018-06-12,931446,中证东方红红利低波动指数,东证红利低波,CSI Dongfanghong Dividend Low Volatility Index,DFH Dividend Low Volatility,2068.19,2094.75,2062.67,2094.75,,1.34,2623.31,498.39,,
2018-06-13,931446,中证东方红红利低波动指数,东证红利低波,CSI Dongfanghong Dividend Low Volatility Index,DFH Dividend Low Volatility,2089.27,2089.68,2076.66,2077.19,,-0.84,2274.35,381.57,,
2018-06-14,931446,中证东方红红利低波动指数,东证红利低波,CSI Dongfanghong Dividend Low Volatility Index,DFH Dividend Low Volatility,2070.97,2083.9,2065.44,2071.49,,-0.27,2491.72,417.46,,
2018-06-15,931446,中证东方红红利低波动指数,东证红利低波,CSI Dongfanghong Dividend Low Volatility Index,DFH Dividend Low Volatility,2067.64,2069.09,2049.57,2059.02,,-0.6,2971.78,419.52,,
2018-06-19,931446,中证东方红红利低波动指数,东证红利低波,CSI Dongfanghong Dividend Low Volatility Index,DFH Dividend Low Volatility,2037.09,2037.09,1965.16,1986.53,,-3.52,5864.39,783.65,,
2018-06-20,931446,中证东方红红利低波动指数,东证红利低波,CSI Dongfanghong Dividend Low Volatility Index,DFH Dividend Low Volatility,1978.76,1997.09,1968.49,1992.36,,0.29,2473.61,394.68,,
2018-06-21,931446,中证东方红红利低波动指数,东证红利低波,CSI Dongfanghong Dividend Low Volatility Index,DFH Dividend Low Volatility,1991.69,2011.86,1977.67,1977.93,,-0.72,2616.35,408.39,,
2018-06-22,931446,中证东方红红利低波动指数,东证红利低波,CSI Dongfanghong Dividend Low Volatility Index,DFH Dividend Low Volatility,1966.16,1984.15,1963.02,1984.15,,0.31,2092.85,303.0,,
2018-06-25,931446,中证东方红红利低波动指数,东证红利低波,CSI Dongfanghong Dividend Low Volatility Index,DFH Dividend Low Volatility,1993.26,1993.26,1968.52,1968.52,,-0.79,2345.08,368.19,,
2018-06-26,931446,中证东方红红利低波动指数,东证红利低波,CSI Dongfanghong Dividend Low Volatility Index,DFH Dividend Low Volatility,1953.88,1953.88,1934.04,1949.53,,-0.97,2775.88,402.57,,
2018-06-27,931446,中证东方红红利低波动指数,东证红利低波,CSI Dongfanghong Dividend Low Volatility Index,DFH Dividend Low Volatility,1946.96,1954.27,1918.63,1924.79,,-1.27,2829.14,429.01,,
2018-06-28,931446,中证东方红红利低波动指数,东证红利低波,CSI Dongfanghong Dividend Low Volatility Index,DFH Dividend Low Volatility,1912.74,1922.27,1899.22,1900.22,,-1.28,2465.34,382.21,,
2018-06-29,931446,中证东方红红利低波动指数,东证红利低波,CSI Dongfanghong Dividend Low Volatility Index,DFH Dividend Low Volatility,1903.66,1937.33,1899.3,1936.5,,1.91,2136.34,308.57,,
2018-07-02,931446,中证东方红红利低波动指数,东证红利低波,CSI Dongfanghong Dividend Low Volatility Index,DFH Dividend Low Volatility,1933.85,1935.68,1886.77,1892.44,,-2.28,2766.06,387.22,,
2018-07-03,931446,中证东方红红利低波动指数,东证红利低波,CSI Dongfanghong Dividend Low Volatility Index,DFH Dividend Low Volatility,1893.35,1894.06,1852.7,1893.6,,0.06,3060.43,488.47,,
2018-07-04,931446,中证东方红红利低波动指数,东证红利低波,CSI Dongfanghong Dividend Low Volatility Index,DFH Dividend Low Volatility,1887.42,1897.17,1877.55,1878.66,,-0.79,2202.08,316.99,,
2018-07-05,931446,中证东方红红利低波动指数,东证红利低波,CSI Dongfanghong Dividend Low Volatility Index,DFH Dividend Low Volatility,1876.99,1886.67,1857.16,1860.44,,-0.97,2812.05,375.02,,
2018-07-06,931446,中证东方红红利低波动指数,东证红利低波,CSI Dongfanghong Dividend Low Volatility Index,DFH Dividend Low Volatility,1858.68,1876.95,1836.62,1866.37,,0.32,2580.78,375.94,,
2018-07-09,931446,中证东方红红利低波动指数,东证红利低波,CSI Dongfanghong Dividend Low Volatility Index,DFH Dividend Low Volatility,1868.99,1908.55,1868.99,1908.36,,2.25,2698.42,371.07,,
2018-07-10,931446,中证东方红红利低波动指数,东证红利低波,CSI Dongfanghong Dividend Low Volatility Index,DFH Dividend Low Volatility,1911.52,1916.26,1901.19,1915.92,,0.4,2154.34,301.05,,
2018-07-11,931446,中证东方红红利低波动指数,东证红利低波,CSI Dongfanghong Dividend Low Volatility Index,DFH Dividend Low Volatility,1886.5,1894.83,1875.24,1885.62,,-1.58,2191.96,276.4,,
2018-07-12,931446,中证东方红红利低波动指数,东证红利低波,CSI Dongfanghong Dividend Low Volatility Index,DFH Dividend Low Volatility,1881.57,1926.71,1881.57,1920.82,,1.87,2910.05,389.47,,
2018-07-13,931446,中证东方红红利低波动指数,东证红利低波,CSI Dongfanghong Dividend Low Volatility Index,DFH Dividend Low Volatility,1918.82,1926.58,1914.55,1926.16,,0.28,2049.87,315.51,,
2018-07-16,931446,中证东方红红利低波动指数,东证红利低波,CSI Dongfanghong Dividend Low Volatility Index,DFH Dividend Low Volatility,1921.25,1925.32,1907.68,1914.99,,-0.58,2103.13,306.53,,
2018-07-17,931446,中证东方红红利低波动指数,东证红利低波,CSI Dongfanghong Dividend Low Volatility Index,DFH Dividend Low Volatility,1909.53,1909.53,1888.82,1901.77,,-0.69,1756.28,269.94,,
2018-07-18,931446,中证东方红红利低波动指数,东证红利低波,CSI Dongfanghong Dividend Low Volatility Index,DFH Dividend Low Volatility,1903.81,1918.44,1903.07,1903.07,,0.07,2081.88,285.94,,
2018-07-19,931446,中证东方红红利低波动指数,东证红利低波,CSI Dongfanghong Dividend Low Volatility Index,DFH Dividend Low Volatility,1906.5,1913.72,1896.19,1899.67,,-0.18,2019.7,290.17,,
2018-07-20,931446,中证东方红红利低波动指数,东证红利低波,CSI Dongfanghong Dividend Low Volatility Index,DFH Dividend Low Volatility,1899.69,1934.74,1892.18,1932.88,,1.75,3781.64,454.78,,
2018-07-23,931446,中证东方红红利低波动指数,东证红利低波,CSI Dongfanghong Dividend Low Volatility Index,DFH Dividend Low Volatility,1926.0,1950.05,1926.0,1950.05,,0.89,3949.17,495.44,,
2018-07-24,931446,中证东方红红利低波动指数,东证红利低波,CSI Dongfanghong Dividend Low Volatility Index,DFH Dividend Low Volatility,1952.54,1979.53,1952.54,1976.68,,1.37,4368.0,581.01,,
2018-07-25,931446,中证东方红红利低波动指数,东证红利低波,CSI Dongfanghong Dividend Low Volatility Index,DFH Dividend Low Volatility,1980.45,1980.45,1970.05,1976.61,,0.0,2618.51,345.86,,
2018-07-26,931446,中证东方红红利低波动指数,东证红利低波,CSI Dongfanghong Dividend Low Volatility Index,DFH Dividend Low Volatility,1978.03,1978.03,1960.13,1963.19,,-0.68,2537.67,338.16,,
2018-07-27,931446,中证东方红红利低波动指数,东证红利低波,CSI Dongfanghong Dividend Low Volatility Index,DFH Dividend Low Volatility,1960.61,1963.69,1952.76,1955.49,,-0.39,1829.15,259.49,,
2018-07-30,931446,中证东方红红利低波动指数,东证红利低波,CSI Dongfanghong Dividend Low Volatility Index,DFH Dividend Low Volatility,1954.31,1965.96,1947.21,1955.24,,-0.01,2440.43,329.52,,
2018-07-31,931446,中证东方红红利低波动指数,东证红利低波,CSI Dongfanghong Dividend Low Volatility Index,DFH Dividend Low Volatility,1952.56,1958.56,1945.65,1955.4,,0.01,2167.94,269.79,,
2018-08-01,931446,中证东方红红利低波动指数,东证红利低波,CSI Dongfanghong Dividend Low Volatility Index,DFH Dividend Low Volatility,1959.74,1966.64,1924.18,1924.18,,-1.6,2660.37,359.17,,
2018-08-02,931446,中证东方红红利低波动指数,东证红利低波,CSI Dongfanghong Dividend Low Volatility Index,DFH Dividend Low Volatility,1920.53,1920.53,1862.19,1886.25,,-1.97,3075.69,435.12,,
2018-08-03,931446,中证东方红红利低波动指数,东证红利低波,CSI Dongfanghong Dividend Low Volatility Index,DFH Dividend Low Volatility,1884.23,1891.91,1866.32,1866.32,,-1.06,2231.87,324.37,,
2018-08-06,931446,中证东方红红利低波动指数,东证红利低波,CSI Dongfanghong Dividend Low Volatility Index,DFH Dividend Low Volatility,1864.83,1872.95,1839.83,1840.94,,-1.36,2511.88,350.91,,
2018-08-07,931446,中证东方红红利低波动指数,东证红利低波,CSI Dongfanghong Dividend Low Volatility Index,DFH Dividend Low Volatility,1844.25,1887.16,1841.43,1887.16,,2.51,2761.42,364.82,,
2018-08-08,931446,中证东方红红利低波动指数,东证红利低波,CSI Dongfanghong Dividend Low Volatility Index,DFH Dividend Low Volatility,1882.2,1883.79,1867.07,1868.21,,-1.0,2272.37,315.41,,
2018-08-09,931446,中证东方红红利低波动指数,东证红利低波,CSI Dongfanghong Dividend Low Volatility Index,DFH Dividend Low Volatility,1860.05,1902.41,1860.05,1898.31,,1.61,2544.46,352.41,,
2018-08-10,931446,中证东方红红利低波动指数,东证红利低波,CSI Dongfanghong Dividend Low Volatility Index,DFH Dividend Low Volatility,1893.72,1898.19,1882.89,1891.75,,-0.35,2017.6,259.2,,
2018-08-13,931446,中证东方红红利低波动指数,东证红利低波,CSI Dongfanghong Dividend Low Volatility Index,DFH Dividend Low Volatility,1877.29,1883.05,1858.14,1882.07,,-0.51,2340.56,291.9,,
2018-08-14,931446,中证东方红红利低波动指数,东证红利低波,CSI Dongfanghong Dividend Low Volatility Index,DFH Dividend Low Volatility,1879.84,1883.99,1869.45,1876.49,,-0.3,1724.65,222.97,,
2018-08-15,931446,中证东方红红利低波动指数,东证红利低波,CSI Dongfanghong Dividend Low Volatility Index,DFH Dividend Low Volatility,1876.22,1876.22,1838.23,1838.76,,-2.01,2047.4,283.83,,
2018-08-16,931446,中证东方红红利低波动指数,东证红利低波,CSI Dongfanghong Dividend Low Volatility Index,DFH Dividend Low Volatility,1822.39,1839.45,1821.23,1822.77,,-0.87,2128.74,294.59,,
2018-08-17,931446,中证东方红红利低波动指数,东证红利低波,CSI Dongfanghong Dividend Low Volatility Index,DFH Dividend Low Volatility,1834.54,1834.54,1803.15,1803.47,,-1.06,1875.09,281.15,,
2018-08-20,931446,中证东方红红利低波动指数,东证红利低波,CSI Dongfanghong Dividend Low Volatility Index,DFH Dividend Low Volatility,1805.9,1818.28,1790.88,1818.28,,0.82,2097.33,309.13,,
2018-08-21,931446,中证东方红红利低波动指数,东证红利低波,CSI Dongfanghong Dividend Low Volatility Index,DFH Dividend Low Volatility,1819.5,1847.3,1819.5,1843.54,,1.39,2084.09,325.25,,
2018-08-22,931446,中证东方红红利低波动指数,东证红利低波,CSI Dongfanghong Dividend Low Volatility Index,DFH Dividend Low Volatility,1842.0,1842.0,1830.39,1833.3,,-0.56,1465.91,243.89,,
2018-08-23,931446,中证东方红红利低波动指数,东证红利低波,CSI Dongfanghong Dividend Low Volatility Index,DFH Dividend Low Volatility,1831.99,1838.78,1820.05,1833.62,,0.02,1711.79,265.92,,
2018-08-24,931446,中证东方红红利低波动指数,东证红利低波,CSI Dongfanghong Dividend Low Volatility Index,DFH Dividend Low Volatility,1828.45,1848.68,1821.78,1840.26,,0.36,2451.87,300.59,,
2018-08-27,931446,中证东方红红利低波动指数,东证红利低波,CSI Dongfanghong Dividend Low Volatility Index,DFH Dividend Low Volatility,1844.24,1876.06,1844.24,1876.06,,1.95,2994.15,403.71,,
2018-08-28,931446,中证东方红红利低波动指数,东证红利低波,CSI Dongfanghong Dividend Low Volatility Index,DFH Dividend Low Volatility,1875.26,1875.26,1869.25,1873.46,,-0.14,2244.16,326.69,,
2018-08-29,931446,中证东方红红利低波动指数,东证红利低波,CSI Dongfanghong Dividend Low Volatility Index,DFH Dividend Low Volatility,1869.65,1869.65,1858.12,1861.06,,-0.66,1846.71,243.51,,
2018-08-30,931446,中证东方红红利低波动指数,东证红利低波,CSI Dongfanghong Dividend Low Volatility Index,DFH Dividend Low Volatility,1860.5,1864.96,1849.63,1849.63,,-0.61,1823.65,259.42,,
2018-08-31,931446,中证东方红红利低波动指数,东证红利低波,CSI Dongfanghong Dividend Low Volatility Index,DFH Dividend Low Volatility,1846.48,1849.86,1832.77,1840.27,,-0.51,2767.68,376.78,,
2018-09-03,931446,中证东方红红利低波动指数,东证红利低波,CSI Dongfanghong Dividend Low Volatility Index,DFH Dividend Low Volatility,1835.44,1837.85,1821.59,1836.63,,-0.2,2027.96,259.54,,
2018-09-04,931446,中证东方红红利低波动指数,东证红利低波,CSI Dongfanghong Dividend Low Volatility Index,DFH Dividend Low Volatility,1837.68,1855.47,1831.22,1852.98,,0.89,2143.4,282.1,,
2018-09-05,931446,中证东方红红利低波动指数,东证红利低波,CSI Dongfanghong Dividend Low Volatility Index,DFH Dividend Low Volatility,1849.12,1849.12,1822.28,1822.28,,-1.66,2076.68,269.42,,
2018-09-06,931446,中证东方红红利低波动指数,东证红利低波,CSI Dongfanghong Dividend Low Volatility Index,DFH Dividend Low Volatility,1818.02,1829.23,1808.13,1809.03,,-0.73,1825.34,265.78,,
2018-09-07,931446,中证东方红红利低波动指数,东证红利低波,CSI Dongfanghong Dividend Low Volatility Index,DFH Dividend Low Volatility,1813.39,1830.63,1808.4,1818.01,,0.5,1829.35,253.74,,
2018-09-10,931446,中证东方红红利低波动指数,东证红利低波,CSI Dongfanghong Dividend Low Volatility Index,DFH Dividend Low Volatility,1818.19,1818.19,1801.45,1801.62,,-0.9,1800.25,217.62,,
2018-09-11,931446,中证东方红红利低波动指数,东证红利低波,CSI Dongfanghong Dividend Low Volatility Index,DFH Dividend Low Volatility,1800.46,1803.25,1787.27,1792.61,,-0.5,2047.63,252.64,,
2018-09-12,931446,中证东方红红利低波动指数,东证红利低波,CSI Dongfanghong Dividend Low Volatility Index,DFH Dividend Low Volatility,1787.55,1795.47,1780.56,1785.99,,-0.37,1672.87,225.33,,
2018-09-13,931446,中证东方红红利低波动指数,东证红利低波,CSI Dongfanghong Dividend Low Volatility Index,DFH Dividend Low Volatility,1799.74,1800.73,1782.05,1800.73,,0.83,2212.83,285.54,,
2018-09-14,931446,中证东方红红利低波动指数,东证红利低波,CSI Dongfanghong Dividend Low Volatility Index,DFH Dividend Low Volatility,1802.31,1809.42,1799.46,1805.08,,0.24,1719.14,243.02,,
2018-09-17,931446,中证东方红红利低波动指数,东证红利低波,CSI Dongfanghong Dividend Low Volatility Index,DFH Dividend Low Volatility,1799.92,1799.92,1787.79,1790.26,,-0.82,1510.79,197.74,,
2018-09-18,931446,中证东方红红利低波动指数,东证红利低波,CSI Dongfanghong Dividend Low Volatility Index,DFH Dividend Low Volatility,1784.39,1819.42,1784.39,1819.42,,1.63,2241.71,295.79,,
2018-09-19,931446,中证东方红红利低波动指数,东证红利低波,CSI Dongfanghong Dividend Low Volatility Index,DFH Dividend Low Volatility,1816.31,1845.47,1816.31,1838.14,,1.03,2846.07,381.28,,
2018-09-20,931446,中证东方红红利低波动指数,东证红利低波,CSI Dongfanghong Dividend Low Volatility Index,DFH Dividend Low Volatility,1838.08,1844.76,1834.35,1837.13,,-0.06,2176.58,257.04,,
2018-09-21,931446,中证东方红红利低波动指数,东证红利低波,CSI Dongfanghong Dividend Low Volatility Index,DFH Dividend Low Volatility,1840.47,1885.59,1836.73,1885.59,,2.64,4124.03,469.25,,
2018-09-25,931446,中证东方红红利低波动指数,东证红利低波,CSI Dongfanghong Dividend Low Volatility Index,DFH Dividend Low Volatility,1869.87,1879.15,1869.87,1875.1,,-0.56,2400.46,287.46,,
2018-09-26,931446,中证东方红红利低波动指数,东证红利低波,CSI Dongfanghong Dividend Low Volatility Index,DFH Dividend Low Volatility,1878.32,1907.99,1878.32,1892.3,,0.92,3572.5,494.41,,
2018-09-27,931446,中证东方红红利低波动指数,东证红利低波,CSI Dongfanghong Dividend Low Volatility Index,DFH Dividend Low Volatility,1892.36,1895.8,1886.73,1889.08,,-0.17,2343.75,310.41,,
2018-09-28,931446,中证东方红红利低波动指数,东证红利低波,CSI Dongfanghong Dividend Low Volatility Index,DFH Dividend Low Volatility,1889.87,1908.01,1888.09,1908.01,,1.0,3010.16,385.07,,
2018-10-08,931446,中证东方红红利低波动指数,东证红利低波,CSI Dongfanghong Dividend Low Volatility Index,DFH Dividend Low Volatility,1872.63,1876.84,1843.84,1845.74,,-3.26,3453.72,478.91,,
2018-10-09,931446,中证东方红红利低波动指数,东证红利低波,CSI Dongfanghong Dividend Low Volatility Index,DFH Dividend Low Volatility,1844.79,1856.33,1841.75,1844.62,,-0.06,2287.41,295.26,,
2018-10-10,931446,中证东方红红利低波动指数,东证红利低波,CSI Dongfanghong Dividend Low Volatility Index,DFH Dividend Low Volatility,1848.21,1856.81,1842.28,1850.46,,0.32,2245.96,329.32,,
2018-10-11,931446,中证东方红红利低波动指数,东证红利低波,CSI Dongfanghong Dividend Low Volatility Index,DFH Dividend Low Volatility,1804.34,1814.15,1761.56,1768.6,,-4.42,3998.53,500.42,,
2018-10-12,931446,中证东方红红利低波动指数,东证红利低波,CSI Dongfanghong Dividend Low Volatility Index,DFH Dividend Low Volatility,1768.96,1797.37,1751.34,1792.54,,1.35,3167.15,398.8,,
2018-10-15,931446,中证东方红红利低波动指数,东证红利低波,CSI Dongfanghong Dividend Low Volatility Index,DFH Dividend Low Volatility,1793.68,1793.68,1756.87,1758.44,,-1.9,2290.51,293.47,,
2018-10-16,931446,中证东方红红利低波动指数,东证红利低波,CSI Dongfanghong Dividend Low Volatility Index,DFH Dividend Low Volatility,1757.28,1770.91,1735.78,1741.37,,-0.97,2407.96,291.73,,
2018-10-17,931446,中证东方红红利低波动指数,东证红利低波,CSI Dongfanghong Dividend Low Volatility Index,DFH Dividend Low Volatility,1758.51,1758.51,1726.95,1750.02,,0.5,2643.98,334.02,,
2018-10-18,931446,中证东方红红利低波动指数,东证红利低波,CSI Dongfanghong Dividend Low Volatility Index,DFH Dividend Low Volatility,1741.1,1741.1,1716.39,1716.39,,-1.92,2351.23,299.13,,
2018-10-19,931446,中证东方红红利低波动指数,东证红利低波,CSI Dongfanghong Dividend Low Volatility Index,DFH Dividend Low Volatility,1702.22,1761.16,1702.22,1760.89,,2.59,3440.9,443.37,,
2018-10-22,931446,中证东方红红利低波动指数,东证红利低波,CSI Dongfanghong Dividend Low Volatility Index,DFH Dividend Low Volatility,1770.2,1835.85,1770.2,1827.47,,3.78,4652.65,624.1,,
2018-10-23,931446,中证东方红红利低波动指数,东证红利低波,CSI Dongfanghong Dividend Low Volatility Index,DFH Dividend Low Volatility,1823.35,1823.35,1778.61,1782.72,,-2.45,3401.08,530.38,,
2018-10-24,931446,中证东方红红利低波动指数,东证红利低波,CSI Dongfanghong Dividend Low Volatility Index,DFH Dividend Low Volatility,1777.38,1806.53,1775.58,1783.0,,0.02,3456.52,463.35,,
2018-10-25,931446,中证东方红红利低波动指数,东证红利低波,CSI Dongfanghong Dividend Low Volatility Index,DFH Dividend Low Volatility,1747.13,1782.16,1747.13,1782.16,,-0.05,2991.52,408.08,,
2018-10-26,931446,中证东方红红利低波动指数,东证红利低波,CSI Dongfanghong Dividend Low Volatility Index,DFH Dividend Low Volatility,1787.39,1791.59,1769.73,1777.95,,-0.24,2790.06,379.49,,
2018-10-29,931446,中证东方红红利低波动指数,东证红利低波,CSI Dongfanghong Dividend Low Volatility Index,DFH Dividend Low Volatility,1771.69,1771.69,1730.18,1733.37,,-2.51,3146.23,463.06,,
2018-10-30,931446,中证东方红红利低波动指数,东证红利低波,CSI Dongfanghong Dividend Low Volatility Index,DFH Dividend Low Volatility,1733.13,1754.85,1722.37,1747.46,,0.81,3259.6,557.92,,
2018-10-31,931446,中证东方红红利低波动指数,东证红利低波,CSI Dongfanghong Dividend Low Volatility Index,DFH Dividend Low Volatility,1748.91,1772.39,1748.91,1768.31,,1.19,3024.28,429.73,,
2018-11-01,931446,中证东方红红利低波动指数,东证红利低波,CSI Dongfanghong Dividend Low Volatility Index,DFH Dividend Low Volatility,1776.55,1790.1,1772.37,1772.77,,0.25,3465.16,488.73,,
2018-11-02,931446,中证东方红红利低波动指数,东证红利低波,CSI Dongfanghong Dividend Low Volatility Index,DFH Dividend Low Volatility,1799.0,1819.91,1792.21,1819.91,,2.66,4794.29,657.66,,
2018-11-05,931446,中证东方红红利低波动指数,东证红利低波,CSI Dongfanghong Dividend Low Volatility Index,DFH Dividend Low Volatility,1812.05,1819.05,1798.39,1813.8,,-0.34,3105.03,415.7,,
2018-11-06,931446,中证东方红红利低波动指数,东证红利低波,CSI Dongfanghong Dividend Low Volatility Index,DFH Dividend Low Volatility,1812.52,1812.52,1797.74,1809.81,,-0.22,2412.07,298.73,,
2018-11-07,931446,中证东方红红利低波动指数,东证红利低波,CSI Dongfanghong Dividend Low Volatility Index,DFH Dividend Low Volatility,1811.01,1818.12,1800.65,1800.67,,-0.51,2463.75,308.13,,
2018-11-08,931446,中证东方红红利低波动指数,东证红利低波,CSI Dongfanghong Dividend Low Volatility Index,DFH Dividend Low Volatility,1811.8,1813.53,1797.21,1798.41,,-0.13,2086.12,273.49,,
2018-11-09,931446,中证东方红红利低波动指数,东证红利低波,CSI Dongfanghong Dividend Low Volatility Index,DFH Dividend Low Volatility,1790.57,1790.57,1778.16,1778.89,,-1.09,3320.57,351.09,,
2018-11-12,931446,中证东方红红利低波动指数,东证红利低波,CSI Dongfanghong Dividend Low Volatility Index,DFH Dividend Low Volatility,1775.32,1800.93,1775.32,1800.93,,1.24,2679.54,333.05,,
2018-11-13,931446,中证东方红红利低波动指数,东证红利低波,CSI Dongfanghong Dividend Low Volatility Index,DFH Dividend Low Volatility,1782.05,1821.91,1782.05,1815.62,,0.82,3032.79,372.94,,
2018-11-14,931446,中证东方红红利低波动指数,东证红利低波,CSI Dongfanghong Dividend Low Volatility Index,DFH Dividend Low Volatility,1812.94,1818.67,1801.83,1802.68,,-0.71,2926.55,328.03,,
2018-11-15,931446,中证东方红红利低波动指数,东证红利低波,CSI Dongfanghong Dividend Low Volatility Index,DFH Dividend Low Volatility,1802.21,1819.78,1802.21,1819.78,,0.95,2371.98,278.42,,
2018-11-16,931446,中证东方红红利低波动指数,东证红利低波,CSI Dongfanghong Dividend Low Volatility Index,DFH Dividend Low Volatility,1820.37,1834.18,1814.64,1826.24,,0.36,3071.35,366.59,,
2018-11-19,931446,中证东方红红利低波动指数,东证红利低波,CSI Dongfanghong Dividend Low Volatility Index,DFH Dividend Low Volatility,1829.36,1840.22,1825.38,1840.22,,0.77,2891.38,349.76,,
2018-11-20,931446,中证东方红红利低波动指数,东证红利低波,CSI Dongfanghong Dividend Low Volatility Index,DFH Dividend Low Volatility,1830.16,1830.16,1804.36,1804.36,,-1.95,2751.78,305.31,,
2018-11-21,931446,中证东方红红利低波动指数,东证红利低波,CSI Dongfanghong Dividend Low Volatility Index,DFH Dividend Low Volatility,1789.38,1809.29,1789.38,1809.13,,0.27,2085.03,253.27,,
2018-11-22,931446,中证东方红红利低波动指数,东证红利低波,CSI Dongfanghong Dividend Low Volatility Index,DFH Dividend Low Volatility,1811.81,1811.81,1799.07,1806.22,,-0.16,1631.1,207.97,,
2018-11-23,931446,中证东方红红利低波动指数,东证红利低波,CSI Dongfanghong Dividend Low Volatility Index,DFH Dividend Low Volatility,1803.29,1803.29,1761.71,1763.12,,-2.39,2199.0,243.41,,
2018-11-26,931446,中证东方红红利低波动指数,东证红利低波,CSI Dongfanghong Dividend Low Volatility Index,DFH Dividend Low Volatility,1764.18,1771.41,1758.81,1762.0,,-0.06,1725.82,192.66,,
2018-11-27,931446,中证东方红红利低波动指数,东证红利低波,CSI Dongfanghong Dividend Low Volatility Index,DFH Dividend Low Volatility,1767.3,1768.44,1755.62,1759.33,,-0.15,1483.56,184.64,,
2018-11-28,931446,中证东方红红利低波动指数,东证红利低波,CSI Dongfanghong Dividend Low Volatility Index,DFH Dividend Low Volatility,1760.39,1775.42,1752.82,1775.42,,0.92,1630.19,199.31,,
2018-11-29,931446,中证东方红红利低波动指数,东证红利低波,CSI Dongfanghong Dividend Low Volatility Index,DFH Dividend Low Volatility,1784.11,1785.39,1759.9,1759.9,,-0.88,1876.55,240.63,,
2018-11-30,931446,中证东方红红利低波动指数,东证红利低波,CSI Dongfanghong Dividend Low Volatility Index,DFH Dividend Low Volatility,1759.95,1775.06,1757.36,1775.02,,0.86,1895.82,245.69,,
2018-12-03,931446,中证东方红红利低波动指数,东证红利低波,CSI Dongfanghong Dividend Low Volatility Index,DFH Dividend Low Volatility,1807.87,1823.68,1803.09,1818.49,,2.45,3442.63,492.21,,
2018-12-04,931446,中证东方红红利低波动指数,东证红利低波,CSI Dongfanghong Dividend Low Volatility Index,DFH Dividend Low Volatility,1816.4,1828.17,1816.4,1828.17,,0.53,2135.45,285.4,,
2018-12-05,931446,中证东方红红利低波动指数,东证红利低波,CSI Dongfanghong Dividend Low Volatility Index,DFH Dividend Low Volatility,1806.87,1828.65,1806.87,1822.4,,-0.31,2022.14,281.79,,
2018-12-06,931446,中证东方红红利低波动指数,东证红利低波,CSI Dongfanghong Dividend Low Volatility Index,DFH Dividend Low Volatility,1810.45,1810.45,1791.99,1792.64,,-1.63,2250.36,307.41,,
2018-12-07,931446,中证东方红红利低波动指数,东证红利低波,CSI Dongfanghong Dividend Low Volatility Index,DFH Dividend Low Volatility,1794.3,1796.1,1788.64,1793.32,,0.04,1473.45,202.19,,
2018-12-10,931446,中证东方红红利低波动指数,东证红利低波,CSI Dongfanghong Dividend Low Volatility Index,DFH Dividend Low Volatility,1783.44,1790.01,1774.94,1779.16,,-0.79,1938.2,240.16,,
2018-12-11,931446,中证东方红红利低波动指数,东证红利低波,CSI Dongfanghong Dividend Low Volatility Index,DFH Dividend Low Volatility,1782.71,1784.68,1778.04,1783.46,,0.24,1355.3,177.16,,
2018-12-12,931446,中证东方红红利低波动指数,东证红利低波,CSI Dongfanghong Dividend Low Volatility Index,DFH Dividend Low Volatility,1792.16,1793.11,1785.39,1789.29,,0.33,1410.38,181.06,,
2018-12-13,931446,中证东方红红利低波动指数,东证红利低波,CSI Dongfanghong Dividend Low Volatility Index,DFH Dividend Low Volatility,1792.62,1816.99,1790.9,1810.98,,1.21,2443.3,347.05,,
2018-12-14,931446,中证东方红红利低波动指数,东证红利低波,CSI Dongfanghong Dividend Low Volatility Index,DFH Dividend Low Volatility,1806.86,1806.86,1784.19,1784.19,,-1.48,2357.42,299.05,,
2018-12-17,931446,中证东方红红利低波动指数,东证红利低波,CSI Dongfanghong Dividend Low Volatility Index,DFH Dividend Low Volatility,1781.4,1787.85,1774.14,1787.85,,0.21,1818.66,226.58,,
2018-12-18,931446,中证东方红红利低波动指数,东证红利低波,CSI Dongfanghong Dividend Low Volatility Index,DFH Dividend Low Volatility,1779.04,1790.51,1772.46,1780.12,,-0.43,1780.13,212.69,,
2018-12-19,931446,中证东方红红利低波动指数,东证红利低波,CSI Dongfanghong Dividend Low Volatility Index,DFH Dividend Low Volatility,1781.17,1781.17,1768.33,1768.33,,-0.66,1720.42,227.56,,
2018-12-20,931446,中证东方红红利低波动指数,东证红利低波,CSI Dongfanghong Dividend Low Volatility Index,DFH Dividend Low Volatility,1765.59,1765.59,1755.01,1764.7,,-0.21,2307.68,273.13,,
2018-12-21,931446,中证东方红红利低波动指数,东证红利低波,CSI Dongfanghong Dividend Low Volatility Index,DFH Dividend Low Volatility,1758.69,1760.19,1744.28,1754.49,,-0.58,2210.75,265.41,,
2018-12-24,931446,中证东方红红利低波动指数,东证红利低波,CSI Dongfanghong Dividend Low Volatility Index,DFH Dividend Low Volatility,1748.49,1764.66,1748.49,1764.3,,0.56,1639.5,178.9,,
2018-12-25,931446,中证东方红红利低波动指数,东证红利低波,CSI Dongfanghong Dividend Low Volatility Index,DFH Dividend Low Volatility,1752.34,1757.8,1728.0,1755.01,,-0.53,2280.56,244.42,,
2018-12-26,931446,中证东方红红利低波动指数,东证红利低波,CSI Dongfanghong Dividend Low Volatility Index,DFH Dividend Low Volatility,1752.71,1760.67,1751.19,1757.98,,0.17,1666.69,182.55,,
2018-12-27,931446,中证东方红红利低波动指数,东证红利低波,CSI Dongfanghong Dividend Low Volatility Index,DFH Dividend Low Volatility,1774.77,1774.77,1752.95,1752.95,,-0.29,2554.77,275.63,,
2018-12-28,931446,中证东方红红利低波动指数,东证红利低波,CSI Dongfanghong Dividend Low Volatility Index,DFH Dividend Low Volatility,1752.58,1760.52,1752.58,1760.52,,0.43,2341.66,293.71,,
2019-01-02,931446,中证东方红红利低波动指数,东证红利低波,CSI Dongfanghong Dividend Low Volatility Index,DFH Dividend Low Volatility,1762.4,1762.4,1733.28,1737.28,,-1.32,2395.97,279.66,,
2019-01-03,931446,中证东方红红利低波动指数,东证红利低波,CSI Dongfanghong Dividend Low Volatility Index,DFH Dividend Low Volatility,1735.05,1742.69,1722.24,1726.74,,-0.61,2004.26,232.32,,
2019-01-04,931446,中证东方红红利低波动指数,东证红利低波,CSI Dongfanghong Dividend Low Volatility Index,DFH Dividend Low Volatility,1714.61,1753.86,1714.61,1753.86,,1.57,2600.22,315.25,,
2019-01-07,931446,中证东方红红利低波动指数,东证红利低波,CSI Dongfanghong Dividend Low Volatility Index,DFH Dividend Low Volatility,1763.95,1769.22,1758.4,1768.06,,0.81,2599.3,288.4,,
2019-01-08,931446,中证东方红红利低波动指数,东证红利低波,CSI Dongfanghong Dividend Low Volatility Index,DFH Dividend Low Volatility,1766.36,1770.33,1762.4,1769.03,,0.06,2217.4,217.98,,
2019-01-09,931446,中证东方红红利低波动指数,东证红利低波,CSI Dongfanghong Dividend Low Volatility Index,DFH Dividend Low Volatility,1779.5,1801.71,1779.5,1783.46,,0.82,3118.21,380.02,,
2019-01-10,931446,中证东方红红利低波动指数,东证红利低波,CSI Dongfanghong Dividend Low Volatility Index,DFH Dividend Low Volatility,1780.9,1782.5,1771.74,1772.59,,-0.61,2198.56,246.87,,
2019-01-11,931446,中证东方红红利低波动指数,东证红利低波,CSI Dongfanghong Dividend Low Volatility Index,DFH Dividend Low Volatility,1775.73,1779.92,1767.93,1779.92,,0.41,1855.58,227.17,,
2019-01-14,931446,中证东方红红利低波动指数,东证红利低波,CSI Dongfanghong Dividend Low Volatility Index,DFH Dividend Low Volatility,1778.76,1779.99,1768.92,1770.22,,-0.55,1768.6,201.07,,
2019-01-15,931446,中证东方红红利低波动指数,东证红利低波,CSI Dongfanghong Dividend Low Volatility Index,DFH Dividend Low Volatility,1771.74,1795.54,1769.46,1794.95,,1.4,2116.4,301.6,,
2019-01-16,931446,中证东方红红利低波动指数,东证红利低波,CSI Dongfanghong Dividend Low Volatility Index,DFH Dividend Low Volatility,1794.08,1798.27,1791.71,1795.16,,0.01,1834.37,235.67,,
2019-01-17,931446,中证东方红红利低波动指数,东证红利低波,CSI Dongfanghong Dividend Low Volatility Index,DFH Dividend Low Volatility,1797.33,1805.75,1792.54,1795.99,,0.05,2192.26,251.19,,
2019-01-18,931446,中证东方红红利低波动指数,东证红利低波,CSI Dongfanghong Dividend Low Volatility Index,DFH Dividend Low Volatility,1800.09,1817.31,1798.17,1816.33,,1.13,2945.75,363.58,,
2019-01-21,931446,中证东方红红利低波动指数,东证红利低波,CSI Dongfanghong Dividend Low Volatility Index,DFH Dividend Low Volatility,1816.99,1827.26,1816.99,1824.5,,0.45,2610.57,325.46,,
2019-01-22,931446,中证东方红红利低波动指数,东证红利低波,CSI Dongfanghong Dividend Low Volatility Index,DFH Dividend Low Volatility,1824.84,1824.84,1803.37,1806.25,,-1.0,1750.14,224.96,,
2019-01-23,931446,中证东方红红利低波动指数,东证红利低波,CSI Dongfanghong Dividend Low Volatility Index,DFH Dividend Low Volatility,1805.09,1816.88,1805.09,1813.06,,0.38,1571.59,192.54,,
2019-01-24,931446,中证东方红红利低波动指数,东证红利低波,CSI Dongfanghong Dividend Low Volatility Index,DFH Dividend Low Volatility,1815.8,1822.21,1808.41,1820.36,,0.4,1740.58,214.27,,
2019-01-25,931446,中证东方红红利低波动指数,东证红利低波,CSI Dongfanghong Dividend Low Volatility Index,DFH Dividend Low Volatility,1823.37,1838.7,1823.37,1833.03,,0.7,2520.84,299.85,,
2019-01-28,931446,中证东方红红利低波动指数,东证红利低波,CSI Dongfanghong Dividend Low Volatility Index,DFH Dividend Low Volatility,1841.5,1852.51,1829.46,1832.39,,-0.04,2461.46,323.19,,
2019-01-29,931446,中证东方红红利低波动指数,东证红利低波,CSI Dongfanghong Dividend Low Volatility Index,DFH Dividend Low Volatility,1831.53,1838.32,1813.56,1836.49,,0.22,2288.51,267.56,,
2019-01-30,931446,中证东方红红利低波动指数,东证红利低波,CSI Dongfanghong Dividend Low Volatility Index,DFH Dividend Low Volatility,1830.41,1835.34,1823.41,1823.79,,-0.69,1920.31,221.15,,
2019-01-31,931446,中证东方红红利低波动指数,东证红利低波,CSI Dongfanghong Dividend Low Volatility Index,DFH Dividend Low Volatility,1828.66,1840.4,1827.98,1833.4,,0.53,2778.03,346.03,,
2019-02-01,931446,中证东方红红利低波动指数,东证红利低波,CSI Dongfanghong Dividend Low Volatility Index,DFH Dividend Low Volatility,1841.29,1856.88,1837.95,1856.88,,1.28,2205.54,281.39,,
2019-02-11,931446,中证东方红红利低波动指数,东证红利低波,CSI Dongfanghong Dividend Low Volatility Index,DFH Dividend Low Volatility,1854.67,1882.71,1854.67,1882.63,,1.39,2546.3,348.29,,
2019-02-12,931446,中证东方红红利低波动指数,东证红利低波,CSI Dongfanghong Dividend Low Volatility Index,DFH Dividend Low Volatility,1881.97,1900.5,1881.97,1898.39,,0.84,2746.62,332.14,,
2019-02-13,931446,中证东方红红利低波动指数,东证红利低波,CSI Dongfanghong Dividend Low Volatility Index,DFH Dividend Low Volatility,1900.31,1927.09,1895.52,1923.08,,1.3,3821.67,410.66,,
2019-02-14,931446,中证东方红红利低波动指数,东证红利低波,CSI Dongfanghong Dividend Low Volatility Index,DFH Dividend Low Volatility,1921.04,1932.14,1915.2,1925.11,,0.11,2962.27,335.35,,
2019-02-15,931446,中证东方红红利低波动指数,东证红利低波,CSI Dongfanghong Dividend Low Volatility Index,DFH Dividend Low Volatility,1918.93,1918.93,1889.67,1890.44,,-1.8,3099.72,354.11,,
2019-02-18,931446,中证东方红红利低波动指数,东证红利低波,CSI Dongfanghong Dividend Low Volatility Index,DFH Dividend Low Volatility,1900.72,1940.64,1900.72,1940.64,,2.66,3841.24,436.07,,
2019-02-19,931446,中证东方红红利低波动指数,东证红利低波,CSI Dongfanghong Dividend Low Volatility Index,DFH Dividend Low Volatility,1943.89,1945.02,1924.12,1932.37,,-0.43,3702.12,431.18,,
2019-02-20,931446,中证东方红红利低波动指数,东证红利低波,CSI Dongfanghong Dividend Low Volatility Index,DFH Dividend Low Volatility,1934.54,1935.19,1923.84,1933.97,,0.08,2846.8,319.39,,
2019-02-21,931446,中证东方红红利低波动指数,东证红利低波,CSI Dongfanghong Dividend Low Volatility Index,DFH Dividend Low Volatility,1935.13,1953.45,1926.35,1929.91,,-0.21,3282.66,374.86,,
2019-02-22,931446,中证东方红红利低波动指数,东证红利低波,CSI Dongfanghong Dividend Low Volatility Index,DFH Dividend Low Volatility,1928.76,1950.43,1918.38,1950.43,,1.06,4020.18,441.1,,
2019-02-25,931446,中证东方红红利低波动指数,东证红利低波,CSI Dongfanghong Dividend Low Volatility Index,DFH Dividend Low Volatility,1960.74,2036.3,1960.74,2036.3,,4.4,9334.11,1049.77,,
2019-02-26,931446,中证东方红红利低波动指数,东证红利低波,CSI Dongfanghong Dividend Low Volatility Index,DFH Dividend Low Volatility,2034.05,2050.29,2020.29,2020.29,,-0.79,7814.46,850.81,,
2019-02-27,931446,中证东方红红利低波动指数,东证红利低波,CSI Dongfanghong Dividend Low Volatility Index,DFH Dividend Low Volatility,2021.05,2040.79,2004.15,2013.72,,-0.32,6496.33,705.2,,
2019-02-28,931446,中证东方红红利低波动指数,东证红利低波,CSI Dongfanghong Dividend Low Volatility Index,DFH Dividend Low Volatility,2016.61,2023.97,2008.52,2011.56,,-0.11,4182.74,505.34,,
2019-03-01,931446,中证东方红红利低波动指数,东证红利低波,CSI Dongfanghong Dividend Low Volatility Index,DFH Dividend Low Volatility,2022.59,2043.36,2012.0,2043.36,,1.58,5123.86,634.23,,
2019-03-04,931446,中证东方红红利低波动指数,东证红利低波,CSI Dongfanghong Dividend Low Volatility Index,DFH Dividend Low Volatility,2055.78,2099.8,2055.09,2068.27,,1.22,8612.43,992.18,,
2019-03-05,931446,中证东方红红利低波动指数,东证红利低波,CSI Dongfanghong Dividend Low Volatility Index,DFH Dividend Low Volatility,2063.97,2084.28,2063.97,2084.13,,0.77,5614.24,622.97,,
2019-03-06,931446,中证东方红红利低波动指数,东证红利低波,CSI Dongfanghong Dividend Low Volatility Index,DFH Dividend Low Volatility,2087.5,2108.05,2080.06,2108.05,,1.15,7103.86,729.26,,
2019-03-07,931446,中证东方红红利低波动指数,东证红利低波,CSI Dongfanghong Dividend Low Volatility Index,DFH Dividend Low Volatility,2103.22,2104.13,2081.09,2092.98,,-0.72,7719.07,844.93,,
2019-03-08,931446,中证东方红红利低波动指数,东证红利低波,CSI Dongfanghong Dividend Low Volatility Index,DFH Dividend Low Volatility,2062.2,2072.1,2020.62,2020.99,,-3.44,7250.2,781.99,,
2019-03-11,931446,中证东方红红利低波动指数,东证红利低波,CSI Dongfanghong Dividend Low Volatility Index,DFH Dividend Low Volatility,2025.45,2061.8,2021.8,2061.8,,2.02,5518.27,642.8,,
2019-03-12,931446,中证东方红红利低波动指数,东证红利低波,CSI Dongfanghong Dividend Low Volatility Index,DFH Dividend Low Volatility,2069.84,2097.11,2064.89,2077.84,,0.78,6363.53,742.58,,
2019-03-13,931446,中证东方红红利低波动指数,东证红利低波,CSI Dongfanghong Dividend Low Volatility Index,DFH Dividend Low Volatility,2078.04,2078.04,2048.78,2053.16,,-1.19,5135.16,640.4,,
2019-03-14,931446,中证东方红红利低波动指数,东证红利低波,CSI Dongfanghong Dividend Low Volatility Index,DFH Dividend Low Volatility,2050.21,2062.03,2029.1,2036.2,,-0.83,4399.93,585.59,,
2019-03-15,931446,中证东方红红利低波动指数,东证红利低波,CSI Dongfanghong Dividend Low Volatility Index,DFH Dividend Low Volatility,2040.71,2076.45,2040.71,2065.7,,1.45,4338.68,621.36,,
2019-03-18,931446,中证东方红红利低波动指数,东证红利低波,CSI Dongfanghong Dividend Low Volatility Index,DFH Dividend Low Volatility,2075.01,2121.02,2073.23,2121.02,,2.68,5519.54,819.54,,
2019-03-19,931446,中证东方红红利低波动指数,东证红利低波,CSI Dongfanghong Dividend Low Volatility Index,DFH Dividend Low Volatility,2121.59,2125.4,2109.81,2119.01,,-0.09,4332.2,605.0,,
2019-03-20,931446,中证东方红红利低波动指数,东证红利低波,CSI Dongfanghong Dividend Low Volatility Index,DFH Dividend Low Volatility,2115.17,2130.38,2101.18,2124.87,,0.28,4356.7,590.58,,
2019-03-21,931446,中证东方红红利低波动指数,东证红利低波,CSI Dongfanghong Dividend Low Volatility Index,DFH Dividend Low Volatility,2125.45,2140.08,2120.67,2130.39,,0.26,4706.28,592.8,,
2019-03-22,931446,中证东方红红利低波动指数,东证红利低波,CSI Dongfanghong Dividend Low Volatility Index,DFH Dividend Low Volatility,2128.68,2144.88,2113.88,2144.88,,0.68,4562.01,555.75,,
2019-03-25,931446,中证东方红红利低波动指数,东证红利低波,CSI Dongfanghong Dividend Low Volatility Index,DFH Dividend Low Volatility,2121.32,2146.7,2116.05,2116.05,,-1.34,6375.62,704.45,,
2019-03-26,931446,中证东方红红利低波动指数,东证红利低波,CSI Dongfanghong Dividend Low Volatility Index,DFH Dividend Low Volatility,2126.25,2126.25,2082.35,2087.03,,-1.37,4987.96,555.4,,
2019-03-27,931446,中证东方红红利低波动指数,东证红利低波,CSI Dongfanghong Dividend Low Volatility Index,DFH Dividend Low Volatility,2095.77,2117.23,2090.8,2117.23,,1.45,4560.25,587.15,,
2019-03-28,931446,中证东方红红利低波动指数,东证红利低波,CSI Dongfanghong Dividend Low Volatility Index,DFH Dividend Low Volatility,2111.07,2111.07,2092.39,2093.29,,-1.13,3790.34,526.04,,
2019-03-29,931446,中证东方红红利低波动指数,东证红利低波,CSI Dongfanghong Dividend Low Volatility Index,DFH Dividend Low Volatility,2094.11,2150.2,2092.81,2149.12,,2.67,5794.56,854.51,,
2019-04-01,931446,中证东方红红利低波动指数,东证红利低波,CSI Dongfanghong Dividend Low Volatility Index,DFH Dividend Low Volatility,2161.17,2207.73,2161.17,2207.64,,2.72,7563.08,982.92,,
2019-04-02,931446,中证东方红红利低波动指数,东证红利低波,CSI Dongfanghong Dividend Low Volatility Index,DFH Dividend Low Volatility,2214.74,2221.81,2204.69,2214.35,,0.3,6075.59,771.6,,
2019-04-03,931446,中证东方红红利低波动指数,东证红利低波,CSI Dongfanghong Dividend Low Volatility Index,DFH Dividend Low Volatility,2200.99,2233.21,2200.99,2233.21,,0.85,5952.86,726.12,,
2019-04-04,931446,中证东方红红利低波动指数,东证红利低波,CSI Dongfanghong Dividend Low Volatility Index,DFH Dividend Low Volatility,2240.49,2266.56,2240.49,2263.64,,1.36,7165.92,885.74,,
2019-04-08,931446,中证东方红红利低波动指数,东证红利低波,CSI Dongfanghong Dividend Low Volatility Index,DFH Dividend Low Volatility,2281.27,2292.02,2246.71,2274.4,,0.48,7758.71,965.44,,
2019-04-09,931446,中证东方红红利低波动指数,东证红利低波,CSI Dongfanghong Dividend Low Volatility Index,DFH Dividend Low Volatility,2271.23,2274.66,2254.71,2271.03,,-0.15,5075.23,719.04,,
2019-04-10,931446,中证东方红红利低波动指数,东证红利低波,CSI Dongfanghong Dividend Low Volatility Index,DFH Dividend Low Volatility,2258.24,2301.6,2252.68,2287.59,,0.73,5190.64,816.25,,
2019-04-11,931446,中证东方红红利低波动指数,东证红利低波,CSI Dongfanghong Dividend Low Volatility Index,DFH Dividend Low Volatility,2285.16,2290.84,2246.75,2246.75,,-1.79,4922.7,742.92,,
2019-04-12,931446,中证东方红红利低波动指数,东证红利低波,CSI Dongfanghong Dividend Low Volatility Index,DFH Dividend Low Volatility,2243.56,2249.4,2224.65,2238.1,,-0.39,3786.42,531.39,,
2019-04-15,931446,中证东方红红利低波动指数,东证红利低波,CSI Dongfanghong Dividend Low Volatility Index,DFH Dividend Low Volatility,2267.83,2278.16,2222.25,2222.25,,-0.71,5663.81,753.55,,
2019-04-16,931446,中证东方红红利低波动指数,东证红利低波,CSI Dongfanghong Dividend Low Volatility Index,DFH Dividend Low Volatility,2214.34,2260.25,2201.7,2260.25,,1.71,6988.61,821.06,,
2019-04-17,931446,中证东方红红利低波动指数,东证红利低波,CSI Dongfanghong Dividend Low Volatility Index,DFH Dividend Low Volatility,2257.37,2281.2,2257.37,2278.97,,0.83,5415.03,688.98,,
2019-04-18,931446,中证东方红红利低波动指数,东证红利低波,CSI Dongfanghong Dividend Low Volatility Index,DFH Dividend Low Volatility,2278.72,2281.47,2256.89,2257.21,,-0.96,3721.47,466.75,,
2019-04-19,931446,中证东方红红利低波动指数,东证红利低波,CSI Dongfanghong Dividend Low Volatility Index,DFH Dividend Low Volatility,2255.1,2272.31,2245.29,2272.31,,0.67,3600.83,518.9,,
2019-04-22,931446,中证东方红红利低波动指数,东证红利低波,CSI Dongfanghong Dividend Low Volatility Index,DFH Dividend Low Volatility,2273.63,2273.63,2231.73,2233.71,,-1.7,4891.91,670.59,,
2019-04-23,931446,中证东方红红利低波动指数,东证红利低波,CSI Dongfanghong Dividend Low Volatility Index,DFH Dividend Low Volatility,2231.85,2234.35,2211.26,2213.94,,-0.89,3932.2,577.31,,
2019-04-24,931446,中证东方红红利低波动指数,东证红利低波,CSI Dongfanghong Dividend Low Volatility Index,DFH Dividend Low Volatility,2220.79,2226.14,2197.18,2225.93,,0.54,3730.8,528.52,,
2019-04-25,931446,中证东方红红利低波动指数,东证红利低波,CSI Dongfanghong Dividend Low Volatility Index,DFH Dividend Low Volatility,2216.43,2216.43,2167.08,2167.08,,-2.64,4030.3,534.31,,
2019-04-26,931446,中证东方红红利低波动指数,东证红利低波,CSI Dongfanghong Dividend Low Volatility Index,DFH Dividend Low Volatility,2160.27,2168.18,2139.59,2139.59,,-1.27,3954.21,583.2,,
2019-04-29,931446,中证东方红红利低波动指数,东证红利低波,CSI Dongfanghong Dividend Low Volatility Index,DFH Dividend Low Volatility,2144.14,2168.68,2137.46,2142.1,,0.12,4171.19,633.96,,
2019-04-30,931446,中证东方红红利低波动指数,东证红利低波,CSI Dongfanghong Dividend Low Volatility Index,DFH Dividend Low Volatility,2138.21,2165.0,2138.21,2164.01,,1.02,3758.58,567.2,,
2019-05-06,931446,中证东方红红利低波动指数,东证红利低波,CSI Dongfanghong Dividend Low Volatility Index,DFH Dividend Low Volatility,2107.42,2107.42,2036.27,2055.08,,-5.03,6505.42,983.34,,
2019-05-07,931446,中证东方红红利低波动指数,东证红利低波,CSI Dongfanghong Dividend Low Volatility Index,DFH Dividend Low Volatility,2065.33,2085.47,2052.89,2080.02,,1.21,4173.17,677.44,,
2019-05-08,931446,中证东方红红利低波动指数,东证红利低波,CSI Dongfanghong Dividend Low Volatility Index,DFH Dividend Low Volatility,2044.12,2078.99,2044.12,2050.19,,-1.43,3573.6,523.1,,
2019-05-09,931446,中证东方红红利低波动指数,东证红利低波,CSI Dongfanghong Dividend Low Volatility Index,DFH Dividend Low Volatility,2036.48,2047.88,2015.05,2022.96,,-1.33,3287.28,552.07,,
2019-05-10,931446,中证东方红红利低波动指数,东证红利低波,CSI Dongfanghong Dividend Low Volatility Index,DFH Dividend Low Volatility,2044.25,2086.15,2039.31,2086.15,,3.12,3979.28,636.12,,
2019-05-13,931446,中证东方红红利低波动指数,东证红利低波,CSI Dongfanghong Dividend Low Volatility Index,DFH Dividend Low Volatility,2064.58,2075.61,2062.32,2066.29,,-0.95,2904.23,437.9,,
2019-05-14,931446,中证东方红红利低波动指数,东证红利低波,CSI Dongfanghong Dividend Low Volatility Index,DFH Dividend Low Volatility,2043.6,2068.03,2043.6,2054.48,,-0.57,2867.37,449.46,,
2019-05-15,931446,中证东方红红利低波动指数,东证红利低波,CSI Dongfanghong Dividend Low Volatility Index,DFH Dividend Low Volatility,2064.7,2102.74,2064.7,2098.92,,2.16,3228.17,530.89,,
2019-05-16,931446,中证东方红红利低波动指数,东证红利低波,CSI Dongfanghong Dividend Low Volatility Index,DFH Dividend Low Volatility,2097.82,2113.38,2097.82,2111.52,,0.6,3135.03,450.24,,
2019-05-17,931446,中证东方红红利低波动指数,东证红利低波,CSI Dongfanghong Dividend Low Volatility Index,DFH Dividend Low Volatility,2110.98,2110.98,2051.13,2055.9,,-2.63,3219.8,469.3,,
2019-05-20,931446,中证东方红红利低波动指数,东证红利低波,CSI Dongfanghong Dividend Low Volatility Index,DFH Dividend Low Volatility,2048.88,2048.88,2013.22,2031.61,,-1.18,3313.15,443.32,,
2019-05-21,931446,中证东方红红利低波动指数,东证红利低波,CSI Dongfanghong Dividend Low Volatility Index,DFH Dividend Low Volatility,2031.73,2068.42,2031.73,2062.97,,1.54,2774.8,413.31,,
2019-05-22,931446,中证东方红红利低波动指数,东证红利低波,CSI Dongfanghong Dividend Low Volatility Index,DFH Dividend Low Volatility,2061.58,2062.55,2045.85,2049.59,,-0.65,2339.98,366.41,,
2019-05-23,931446,中证东方红红利低波动指数,东证红利低波,CSI Dongfanghong Dividend Low Volatility Index,DFH Dividend Low Volatility,2041.23,2041.23,2015.96,2019.08,,-1.49,2774.1,416.13,,
2019-05-24,931446,中证东方红红利低波动指数,东证红利低波,CSI Dongfanghong Dividend Low Volatility Index,DFH Dividend Low Volatility,2018.2,2034.13,2012.46,2020.98,,0.09,2313.09,351.77,,
2019-05-27,931446,中证东方红红利低波动指数,东证红利低波,CSI Dongfanghong Dividend Low Volatility Index,DFH Dividend Low Volatility,2023.09,2048.03,2008.16,2046.05,,1.24,3012.55,428.98,,
2019-05-28,931446,中证东方红红利低波动指数,东证红利低波,CSI Dongfanghong Dividend Low Volatility Index,DFH Dividend Low Volatility,2042.02,2069.79,2042.02,2061.56,,0.76,3673.83,563.3,,
2019-05-29,931446,中证东方红红利低波动指数,东证红利低波,CSI Dongfanghong Dividend Low Volatility Index,DFH Dividend Low Volatility,2047.68,2059.83,2046.7,2053.91,,-0.37,2461.3,446.21,,
2019-05-30,931446,中证东方红红利低波动指数,东证红利低波,CSI Dongfanghong Dividend Low Volatility Index,DFH Dividend Low Volatility,2049.3,2050.72,2033.87,2050.56,,-0.16,2663.66,374.4,,
2019-05-31,931446,中证东方红红利低波动指数,东证红利低波,CSI Dongfanghong Dividend Low Volatility Index,DFH Dividend Low Volatility,2046.95,2054.72,2040.04,2041.96,,-0.42,2505.41,357.73,,
2019-06-03,931446,中证东方红红利低波动指数,东证红利低波,CSI Dongfanghong Dividend Low Volatility Index,DFH Dividend Low Volatility,2047.75,2058.16,2036.28,2041.73,,-0.01,2997.39,398.09,,
2019-06-04,931446,中证东方红红利低波动指数,东证红利低波,CSI Dongfanghong Dividend Low Volatility Index,DFH Dividend Low Volatility,2039.36,2039.36,2018.95,2028.18,,-0.66,2468.28,363.27,,
2019-06-05,931446,中证东方红红利低波动指数,东证红利低波,CSI Dongfanghong Dividend Low Volatility Index,DFH Dividend Low Volatility,2040.38,2040.38,2021.47,2021.47,,-0.33,2628.26,353.92,,
2019-06-06,931446,中证东方红红利低波动指数,东证红利低波,CSI Dongfanghong Dividend Low Volatility Index,DFH Dividend Low Volatility,2023.29,2023.29,2003.12,2003.42,,-0.89,2302.85,315.26,,
2019-06-10,931446,中证东方红红利低波动指数,东证红利低波,CSI Dongfanghong Dividend Low Volatility Index,DFH Dividend Low Volatility,2010.51,2029.3,2009.39,2022.27,,0.94,2710.79,407.39,,
2019-06-11,931446,中证东方红红利低波动指数,东证红利低波,CSI Dongfanghong Dividend Low Volatility Index,DFH Dividend Low Volatility,2023.29,2076.21,2023.29,2076.19,,2.67,3805.45,628.32,,
2019-06-12,931446,中证东方红红利低波动指数,东证红利低波,CSI Dongfanghong Dividend Low Volatility Index,DFH Dividend Low Volatility,2069.56,2069.56,2054.47,2057.33,,-0.91,2818.2,386.22,,
2019-06-13,931446,中证东方红红利低波动指数,东证红利低波,CSI Dongfanghong Dividend Low Volatility Index,DFH Dividend Low Volatility,2053.33,2054.46,2034.5,2049.47,,-0.38,2380.34,330.67,,
2019-06-14,931446,中证东方红红利低波动指数,东证红利低波,CSI Dongfanghong Dividend Low Volatility Index,DFH Dividend Low Volatility,2051.16,2054.11,2029.48,2030.58,,-0.92,2718.64,362.94,,
2019-06-17,931446,中证东方红红利低波动指数,东证红利低波,CSI Dongfanghong Dividend Low Volatility Index,DFH Dividend Low Volatility,2031.36,2041.31,2031.36,2036.21,,0.28,2175.38,290.23,,
2019-06-18,931446,中证东方红红利低波动指数,东证红利低波,CSI Dongfanghong Dividend Low Volatility Index,DFH Dividend Low Volatility,2036.82,2039.11,2031.59,2038.04,,0.09,2238.41,282.34,,
2019-06-19,931446,中证东方红红利低波动指数,东证红利低波,CSI Dongfanghong Dividend Low Volatility Index,DFH Dividend Low Volatility,2065.85,2065.85,2054.77,2055.16,,0.84,3824.42,532.58,,
2019-06-20,931446,中证东方红红利低波动指数,东证红利低波,CSI Dongfanghong Dividend Low Volatility Index,DFH Dividend Low Volatility,2055.27,2097.92,2055.27,2092.87,,1.84,5507.74,767.41,,
2019-06-21,931446,中证东方红红利低波动指数,东证红利低波,CSI Dongfanghong Dividend Low Volatility Index,DFH Dividend Low Volatility,2092.18,2100.85,2088.85,2095.02,,0.1,4589.36,583.46,,
2019-06-24,931446,中证东方红红利低波动指数,东证红利低波,CSI Dongfanghong Dividend Low Volatility Index,DFH Dividend Low Volatility,2094.46,2099.83,2091.66,2099.83,,0.23,2882.42,437.08,,
2019-06-25,931446,中证东方红红利低波动指数,东证红利低波,CSI Dongfanghong Dividend Low Volatility Index,DFH Dividend Low Volatility,2098.91,2098.91,2068.13,2082.63,,-0.82,4283.75,610.81,,
2019-06-26,931446,中证东方红红利低波动指数,东证红利低波,CSI Dongfanghong Dividend Low Volatility Index,DFH Dividend Low Volatility,2074.27,2082.65,2074.27,2078.75,,-0.19,2701.48,350.03,,
2019-06-27,931446,中证东方红红利低波动指数,东证红利低波,CSI Dongfanghong Dividend Low Volatility Index,DFH Dividend Low Volatility,2080.85,2093.51,2080.1,2084.76,,0.29,3104.1,487.5,,
2019-06-28,931446,中证东方红红利低波动指数,东证红利低波,CSI Dongfanghong Dividend Low Volatility Index,DFH Dividend Low Volatility,2083.29,2083.29,2066.02,2076.51,,-0.4,2576.67,351.6,,
2019-07-01,931446,中证东方红红利低波动指数,东证红利低波,CSI Dongfanghong Dividend Low Volatility Index,DFH Dividend Low Volatility,2101.44,2115.92,2097.71,2115.92,,1.9,4154.95,621.95,,
2019-07-02,931446,中证东方红红利低波动指数,东证红利低波,CSI Dongfanghong Dividend Low Volatility Index,DFH Dividend Low Volatility,2113.8,2119.33,2111.13,2119.19,,0.15,3364.85,492.76,,
2019-07-03,931446,中证东方红红利低波动指数,东证红利低波,CSI Dongfanghong Dividend Low Volatility Index,DFH Dividend Low Volatility,2118.03,2118.66,2107.34,2112.44,,-0.32,3223.28,542.06,,
2019-07-04,931446,中证东方红红利低波动指数,东证红利低波,CSI Dongfanghong Dividend Low Volatility Index,DFH Dividend Low Volatility,2113.86,2117.02,2100.79,2106.62,,-0.28,2825.49,451.55,,
2019-07-05,931446,中证东方红红利低波动指数,东证红利低波,CSI Dongfanghong Dividend Low Volatility Index,DFH Dividend Low Volatility,2107.62,2114.23,2098.57,2113.63,,0.33,2225.56,403.77,,
2019-07-08,931446,中证东方红红利低波动指数,东证红利低波,CSI Dongfanghong Dividend Low Volatility Index,DFH Dividend Low Volatility,2106.87,2106.87,2057.16,2062.94,,-2.4,3191.96,476.21,,
2019-07-09,931446,中证东方红红利低波动指数,东证红利低波,CSI Dongfanghong Dividend Low Volatility Index,DFH Dividend Low Volatility,2061.17,2065.53,2053.91,2060.33,,-0.13,2042.85,343.43,,
2019-07-10,931446,中证东方红红利低波动指数,东证红利低波,CSI Dongfanghong Dividend Low Volatility Index,DFH Dividend Low Volatility,2062.64,2062.64,2044.53,2047.42,,-0.63,1879.36,296.89,,
2019-07-11,931446,中证东方红红利低波动指数,东证红利低波,CSI Dongfanghong Dividend Low Volatility Index,DFH Dividend Low Volatility,2053.8,2062.13,2042.57,2047.42,,0.0,2040.71,361.61,,
2019-07-12,931446,中证东方红红利低波动指数,东证红利低波,CSI Dongfanghong Dividend Low Volatility Index,DFH Dividend Low Volatility,2046.73,2057.47,2041.82,2055.08,,0.37,2240.82,366.2,,
2019-07-15,931446,中证东方红红利低波动指数,东证红利低波,CSI Dongfanghong Dividend Low Volatility Index,DFH Dividend Low Volatility,2051.8,2064.65,2027.76,2058.17,,0.15,2613.59,425.1,,
2019-07-16,931446,中证东方红红利低波动指数,东证红利低波,CSI Dongfanghong Dividend Low Volatility Index,DFH Dividend Low Volatility,2055.88,2056.25,2051.15,2054.05,,-0.2,1950.22,315.67,,
2019-07-17,931446,中证东方红红利低波动指数,东证红利低波,CSI Dongfanghong Dividend Low Volatility Index,DFH Dividend Low Volatility,2051.37,2054.34,2046.06,2047.96,,-0.3,2045.98,284.96,,
2019-07-18,931446,中证东方红红利低波动指数,东证红利低波,CSI Dongfanghong Dividend Low Volatility Index,DFH Dividend Low Volatility,2042.5,2042.5,2027.58,2027.58,,-1.0,2008.49,301.57,,
2019-07-19,931446,中证东方红红利低波动指数,东证红利低波,CSI Dongfanghong Dividend Low Volatility Index,DFH Dividend Low Volatility,2033.96,2050.33,2033.96,2041.3,,0.68,2274.68,337.13,,
2019-07-22,931446,中证东方红红利低波动指数,东证红利低波,CSI Dongfanghong Dividend Low Volatility Index,DFH Dividend Low Volatility,2040.92,2040.92,2019.82,2027.1,,-0.7,2292.18,310.29,,
2019-07-23,931446,中证东方红红利低波动指数,东证红利低波,CSI Dongfanghong Dividend Low Volatility Index,DFH Dividend Low Volatility,2026.63,2035.94,2023.58,2035.55,,0.42,1894.75,302.31,,
2019-07-24,931446,中证东方红红利低波动指数,东证红利低波,CSI Dongfanghong Dividend Low Volatility Index,DFH Dividend Low Volatility,2041.06,2059.0,2041.06,2053.49,,0.88,2386.37,369.93,,
2019-07-25,931446,中证东方红红利低波动指数,东证红利低波,CSI Dongfanghong Dividend Low Volatility Index,DFH Dividend Low Volatility,2053.14,2060.12,2049.83,2060.12,,0.32,2347.62,361.71,,
2019-07-26,931446,中证东方红红利低波动指数,东证红利低波,CSI Dongfanghong Dividend Low Volatility Index,DFH Dividend Low Volatility,2055.3,2063.88,2055.3,2062.53,,0.12,2039.31,291.69,,
2019-07-29,931446,中证东方红红利低波动指数,东证红利低波,CSI Dongfanghong Dividend Low Volatility Index,DFH Dividend Low Volatility,2063.85,2067.26,2061.1,2066.83,,0.21,2199.33,310.04,,
2019-07-30,931446,中证东方红红利低波动指数,东证红利低波,CSI Dongfanghong Dividend Low Volatility Index,DFH Dividend Low Volatility,2069.13,2079.83,2069.13,2075.9,,0.44,2391.51,338.49,,
2019-07-31,931446,中证东方红红利低波动指数,东证红利低波,CSI Dongfanghong Dividend Low Volatility Index,DFH Dividend Low Volatility,2070.23,2070.23,2061.95,2063.98,,-0.57,2217.76,333.95,,
2019-08-01,931446,中证东方红红利低波动指数,东证红利低波,CSI Dongfanghong Dividend Low Volatility Index,DFH Dividend Low Volatility,2058.39,2059.72,2046.16,2050.39,,-0.66,2252.44,329.58,,
2019-08-02,931446,中证东方红红利低波动指数,东证红利低波,CSI Dongfanghong Dividend Low Volatility Index,DFH Dividend Low Volatility,2022.25,2023.45,2015.32,2022.67,,-1.35,2922.33,420.04,,
2019-08-05,931446,中证东方红红利低波动指数,东证红利低波,CSI Dongfanghong Dividend Low Volatility Index,DFH Dividend Low Volatility,2014.91,2019.29,1993.18,1993.18,,-1.46,3096.79,406.93,,
2019-08-06,931446,中证东方红红利低波动指数,东证红利低波,CSI Dongfanghong Dividend Low Volatility Index,DFH Dividend Low Volatility,1967.47,1967.47,1940.99,1964.32,,-1.45,3666.92,547.24,,
2019-08-07,931446,中证东方红红利低波动指数,东证红利低波,CSI Dongfanghong Dividend Low Volatility Index,DFH Dividend Low Volatility,1971.12,1971.12,1961.92,1961.92,,-0.12,2430.19,342.87,,
2019-08-08,931446,中证东方红红利低波动指数,东证红利低波,CSI Dongfanghong Dividend Low Volatility Index,DFH Dividend Low Volatility,1970.19,1981.47,1970.19,1981.47,,1.0,2381.78,350.95,,
2019-08-09,931446,中证东方红红利低波动指数,东证红利低波,CSI Dongfanghong Dividend Low Volatility Index,DFH Dividend Low Volatility,1987.26,1987.26,1966.93,1967.57,,-0.7,2200.15,321.95,,
2019-08-12,931446,中证东方红红利低波动指数,东证红利低波,CSI Dongfanghong Dividend Low Volatility Index,DFH Dividend Low Volatility,1968.57,1988.25,1967.77,1988.25,,1.05,2018.87,387.0,,
2019-08-13,931446,中证东方红红利低波动指数,东证红利低波,CSI Dongfanghong Dividend Low Volatility Index,DFH Dividend Low Volatility,1979.05,1979.05,1972.94,1978.21,,-0.51,2106.52,289.51,,
2019-08-14,931446,中证东方红红利低波动指数,东证红利低波,CSI Dongfanghong Dividend Low Volatility Index,DFH Dividend Low Volatility,1993.18,1994.91,1983.09,1984.04,,0.29,2507.94,369.56,,
2019-08-15,931446,中证东方红红利低波动指数,东证红利低波,CSI Dongfanghong Dividend Low Volatility Index,DFH Dividend Low Volatility,1956.08,1987.77,1956.08,1987.65,,0.18,2438.99,344.96,,
2019-08-16,931446,中证东方红红利低波动指数,东证红利低波,CSI Dongfanghong Dividend Low Volatility Index,DFH Dividend Low Volatility,1987.97,2000.67,1984.76,1992.11,,0.22,2295.69,388.39,,
2019-08-19,931446,中证东方红红利低波动指数,东证红利低波,CSI Dongfanghong Dividend Low Volatility Index,DFH Dividend Low Volatility,1999.86,2024.67,1998.52,2024.67,,1.64,3957.35,516.61,,
2019-08-20,931446,中证东方红红利低波动指数,东证红利低波,CSI Dongfanghong Dividend Low Volatility Index,DFH Dividend Low Volatility,2023.78,2027.02,2018.63,2020.0,,-0.23,2766.15,368.92,,
2019-08-21,931446,中证东方红红利低波动指数,东证红利低波,CSI Dongfanghong Dividend Low Volatility Index,DFH Dividend Low Volatility,2017.18,2017.9,2012.49,2014.77,,-0.26,1884.66,286.96,,
2019-08-22,931446,中证东方红红利低波动指数,东证红利低波,CSI Dongfanghong Dividend Low Volatility Index,DFH Dividend Low Volatility,2018.24,2018.71,2010.58,2018.32,,0.18,2016.9,314.13,,
2019-08-23,931446,中证东方红红利低波动指数,东证红利低波,CSI Dongfanghong Dividend Low Volatility Index,DFH Dividend Low Volatility,2020.64,2031.48,2018.76,2029.69,,0.56,2379.41,433.12,,
2019-08-26,931446,中证东方红红利低波动指数,东证红利低波,CSI Dongfanghong Dividend Low Volatility Index,DFH Dividend Low Volatility,2002.34,2019.41,2002.34,2015.63,,-0.69,2845.5,480.75,,
2019-08-27,931446,中证东方红红利低波动指数,东证红利低波,CSI Dongfanghong Dividend Low Volatility Index,DFH Dividend Low Volatility,2024.36,2052.76,2024.36,2043.73,,1.39,3726.96,578.71,,
2019-08-28,931446,中证东方红红利低波动指数,东证红利低波,CSI Dongfanghong Dividend Low Volatility Index,DFH Dividend Low Volatility,2045.31,2046.77,2034.31,2038.92,,-0.24,2638.09,465.23,,
2019-08-29,931446,中证东方红红利低波动指数,东证红利低波,CSI Dongfanghong Dividend Low Volatility Index,DFH Dividend Low Volatility,2038.78,2038.78,2022.93,2031.74,,-0.35,2343.31,367.91,,
2019-08-30,931446,中证东方红红利低波动指数,东证红利低波,CSI Dongfanghong Dividend Low Volatility Index,DFH Dividend Low Volatility,2039.63,2043.67,2022.86,2025.63,,-0.3,2630.38,454.03,,
2019-09-02,931446,中证东方红红利低波动指数,东证红利低波,CSI Dongfanghong Dividend Low Volatility Index,DFH Dividend Low Volatility,2025.53,2046.12,2025.53,2043.93,,0.9,3054.98,469.15,,
2019-09-03,931446,中证东方红红利低波动指数,东证红利低波,CSI Dongfanghong Dividend Low Volatility Index,DFH Dividend Low Volatility,2044.15,2045.45,2034.02,2040.98,,-0.15,2426.17,375.74,,
2019-09-04,931446,中证东方红红利低波动指数,东证红利低波,CSI Dongfanghong Dividend Low Volatility Index,DFH Dividend Low Volatility,2042.51,2056.76,2041.4,2056.76,,0.77,3309.98,470.17,,
2019-09-05,931446,中证东方红红利低波动指数,东证红利低波,CSI Dongfanghong Dividend Low Volatility Index,DFH Dividend Low Volatility,2063.4,2085.26,2063.4,2070.12,,0.65,4537.01,621.91,,
2019-09-06,931446,中证东方红红利低波动指数,东证红利低波,CSI Dongfanghong Dividend Low Volatility Index,DFH Dividend Low Volatility,2077.01,2081.04,2071.42,2081.04,,0.53,2839.87,430.33,,
2019-09-09,931446,中证东方红红利低波动指数,东证红利低波,CSI Dongfanghong Dividend Low Volatility Index,DFH Dividend Low Volatility,2094.43,2094.43,2082.68,2090.56,,0.46,3598.47,505.97,,
2019-09-10,931446,中证东方红红利低波动指数,东证红利低波,CSI Dongfanghong Dividend Low Volatility Index,DFH Dividend Low Volatility,2090.2,2090.2,2078.18,2087.69,,-0.14,2937.39,414.69,,
2019-09-11,931446,中证东方红红利低波动指数,东证红利低波,CSI Dongfanghong Dividend Low Volatility Index,DFH Dividend Low Volatility,2092.38,2092.38,2082.91,2085.6,,-0.1,3770.63,565.49,,
2019-09-12,931446,中证东方红红利低波动指数,东证红利低波,CSI Dongfanghong Dividend Low Volatility Index,DFH Dividend Low Volatility,2089.13,2093.62,2082.66,2093.62,,0.38,2826.82,457.9,,
2019-09-16,931446,中证东方红红利低波动指数,东证红利低波,CSI Dongfanghong Dividend Low Volatility Index,DFH Dividend Low Volatility,2098.59,2098.59,2090.11,2096.29,,0.13,2895.77,409.74,,
2019-09-17,931446,中证东方红红利低波动指数,东证红利低波,CSI Dongfanghong Dividend Low Volatility Index,DFH Dividend Low Volatility,2092.89,2092.89,2062.06,2065.93,,-1.45,2987.41,402.56,,
2019-09-18,931446,中证东方红红利低波动指数,东证红利低波,CSI Dongfanghong Dividend Low Volatility Index,DFH Dividend Low Volatility,2068.56,2073.6,2066.91,2068.4,,0.12,2178.5,390.89,,
2019-09-19,931446,中证东方红红利低波动指数,东证红利低波,CSI Dongfanghong Dividend Low Volatility Index,DFH Dividend Low Volatility,2073.06,2074.72,2062.91,2074.72,,0.31,2183.23,308.7,,
2019-09-20,931446,中证东方红红利低波动指数,东证红利低波,CSI Dongfanghong Dividend Low Volatility Index,DFH Dividend Low Volatility,2077.92,2079.8,2072.05,2077.96,,0.16,2817.9,402.63,,
2019-09-23,931446,中证东方红红利低波动指数,东证红利低波,CSI Dongfanghong Dividend Low Volatility Index,DFH Dividend Low Volatility,2075.43,2075.43,2047.38,2056.15,,-1.05,2483.1,357.23,,
2019-09-24,931446,中证东方红红利低波动指数,东证红利低波,CSI Dongfanghong Dividend Low Volatility Index,DFH Dividend Low Volatility,2058.15,2065.2,2052.05,2053.56,,-0.13,2300.77,369.55,,
2019-09-25,931446,中证东方红红利低波动指数,东证红利低波,CSI Dongfanghong Dividend Low Volatility Index,DFH Dividend Low Volatility,2047.35,2047.35,2035.83,2035.83,,-0.86,2333.57,340.59,,
2019-09-26,931446,中证东方红红利低波动指数,东证红利低波,CSI Dongfanghong Dividend Low Volatility Index,DFH Dividend Low Volatility,2039.55,2039.96,2026.52,2026.74,,-0.45,3222.82,431.54,,
2019-09-27,931446,中证东方红红利低波动指数,东证红利低波,CSI Dongfanghong Dividend Low Volatility Index,DFH Dividend Low Volatility,2026.53,2026.53,2019.26,2023.27,,-0.17,2447.23,314.81,,
2019-09-30,931446,中证东方红红利低波动指数,东证红利低波,CSI Dongfanghong Dividend Low Volatility Index,DFH Dividend Low Volatility,2020.1,2027.57,2012.77,2013.85,,-0.47,2093.93,311.53,,
2019-10-08,931446,中证东方红红利低波动指数,东证红利低波,CSI Dongfanghong Dividend Low Volatility Index,DFH Dividend Low Volatility,2013.02,2031.25,2013.02,2022.88,,0.45,2466.25,362.16,,
2019-10-09,931446,中证东方红红利低波动指数,东证红利低波,CSI Dongfanghong Dividend Low Volatility Index,DFH Dividend Low Volatility,2015.76,2030.01,2013.76,2030.01,,0.35,2646.91,359.41,,
2019-10-10,931446,中证东方红红利低波动指数,东证红利低波,CSI Dongfanghong Dividend Low Volatility Index,DFH Dividend Low Volatility,2030.15,2041.42,2030.15,2041.42,,0.56,2146.07,324.36,,
2019-10-11,931446,中证东方红红利低波动指数,东证红利低波,CSI Dongfanghong Dividend Low Volatility Index,DFH Dividend Low Volatility,2047.5,2062.34,2044.5,2059.62,,0.89,2948.65,427.45,,
2019-10-14,931446,中证东方红红利低波动指数,东证红利低波,CSI Dongfanghong Dividend Low Volatility Index,DFH Dividend Low Volatility,2071.04,2090.13,2071.04,2084.05,,1.19,4313.0,521.89,,
2019-10-15,931446,中证东方红红利低波动指数,东证红利低波,CSI Dongfanghong Dividend Low Volatility Index,DFH Dividend Low Volatility,2083.89,2083.89,2073.47,2074.43,,-0.46,2637.69,375.65,,
2019-10-16,931446,中证东方红红利低波动指数,东证红利低波,CSI Dongfanghong Dividend Low Volatility Index,DFH Dividend Low Volatility,2078.21,2083.55,2069.06,2070.69,,-0.18,2571.69,403.47,,
2019-10-17,931446,中证东方红红利低波动指数,东证红利低波,CSI Dongfanghong Dividend Low Volatility Index,DFH Dividend Low Volatility,2071.12,2072.19,2061.91,2066.2,,-0.22,1864.53,301.1,,
2019-10-18,931446,中证东方红红利低波动指数,东证红利低波,CSI Dongfanghong Dividend Low Volatility Index,DFH Dividend Low Volatility,2071.57,2073.99,2045.29,2048.44,,-0.86,2578.44,379.67,,
2019-10-21,931446,中证东方红红利低波动指数,东证红利低波,CSI Dongfanghong Dividend Low Volatility Index,DFH Dividend Low Volatility,2047.0,2052.78,2041.2,2052.78,,0.21,2369.72,315.09,,
2019-10-22,931446,中证东方红红利低波动指数,东证红利低波,CSI Dongfanghong Dividend Low Volatility Index,DFH Dividend Low Volatility,2055.11,2057.46,2045.68,2057.46,,0.23,1998.82,268.02,,
2019-10-23,931446,中证东方红红利低波动指数,东证红利低波,CSI Dongfanghong Dividend Low Volatility Index,DFH Dividend Low Volatility,2057.05,2059.89,2048.13,2050.91,,-0.32,2210.88,285.3,,
2019-10-24,931446,中证东方红红利低波动指数,东证红利低波,CSI Dongfanghong Dividend Low Volatility Index,DFH Dividend Low Volatility,2052.6,2057.48,2045.73,2052.74,,0.09,2470.66,335.47,,
2019-10-25,931446,中证东方红红利低波动指数,东证红利低波,CSI Dongfanghong Dividend Low Volatility Index,DFH Dividend Low Volatility,2053.64,2059.95,2043.86,2059.95,,0.35,2364.92,391.3,,
2019-10-28,931446,中证东方红红利低波动指数,东证红利低波,CSI Dongfanghong Dividend Low Volatility Index,DFH Dividend Low Volatility,2058.28,2068.09,2058.28,2068.09,,0.4,2605.24,363.68,,
2019-10-29,931446,中证东方红红利低波动指数,东证红利低波,CSI Dongfanghong Dividend Low Volatility Index,DFH Dividend Low Volatility,2069.38,2074.92,2065.58,2065.58,,-0.12,2300.73,346.33,,
2019-10-30,931446,中证东方红红利低波动指数,东证红利低波,CSI Dongfanghong Dividend Low Volatility Index,DFH Dividend Low Volatility,2062.24,2062.24,2050.99,2053.94,,-0.56,2316.94,350.84,,
2019-10-31,931446,中证东方红红利低波动指数,东证红利低波,CSI Dongfanghong Dividend Low Volatility Index,DFH Dividend Low Volatility,2055.83,2055.83,2044.69,2049.17,,-0.23,2785.62,441.5,,
2019-11-01,931446,中证东方红红利低波动指数,东证红利低波,CSI Dongfanghong Dividend Low Volatility Index,DFH Dividend Low Volatility,2046.61,2072.85,2044.52,2072.85,,1.16,3255.4,512.37,,
2019-11-04,931446,中证东方红红利低波动指数,东证红利低波,CSI Dongfanghong Dividend Low Volatility Index,DFH Dividend Low Volatility,2078.55,2085.45,2078.55,2083.91,,0.53,3096.57,467.42,,
2019-11-05,931446,中证东方红红利低波动指数,东证红利低波,CSI Dongfanghong Dividend Low Volatility Index,DFH Dividend Low Volatility,2085.45,2104.04,2082.98,2098.41,,0.7,3724.91,520.37,,
2019-11-06,931446,中证东方红红利低波动指数,东证红利低波,CSI Dongfanghong Dividend Low Volatility Index,DFH Dividend Low Volatility,2098.91,2099.59,2087.95,2093.2,,-0.25,3204.62,410.03,,
2019-11-07,931446,中证东方红红利低波动指数,东证红利低波,CSI Dongfanghong Dividend Low Volatility Index,DFH Dividend Low Volatility,2093.16,2102.4,2091.72,2098.7,,0.26,2514.5,324.24,,
2019-11-08,931446,中证东方红红利低波动指数,东证红利低波,CSI Dongfanghong Dividend Low Volatility Index,DFH Dividend Low Volatility,2107.26,2107.26,2091.1,2092.19,,-0.31,2877.05,413.41,,
2019-11-11,931446,中证东方红红利低波动指数,东证红利低波,CSI Dongfanghong Dividend Low Volatility Index,DFH Dividend Low Volatility,2082.46,2082.46,2051.66,2051.66,,-1.94,2909.51,391.23,,
2019-11-12,931446,中证东方红红利低波动指数,东证红利低波,CSI Dongfanghong Dividend Low Volatility Index,DFH Dividend Low Volatility,2052.53,2054.32,2042.34,2054.32,,0.13,2294.43,313.79,,
2019-11-13,931446,中证东方红红利低波动指数,东证红利低波,CSI Dongfanghong Dividend Low Volatility Index,DFH Dividend Low Volatility,2053.64,2053.64,2041.64,2046.92,,-0.36,2297.22,325.69,,
2019-11-14,931446,中证东方红红利低波动指数,东证红利低波,CSI Dongfanghong Dividend Low Volatility Index,DFH Dividend Low Volatility,2048.38,2051.03,2043.25,2045.34,,-0.08,2240.25,305.13,,
2019-11-15,931446,中证东方红红利低波动指数,东证红利低波,CSI Dongfanghong Dividend Low Volatility Index,DFH Dividend Low Volatility,2046.95,2048.71,2033.54,2033.54,,-0.58,1968.81,275.34,,
2019-11-18,931446,中证东方红红利低波动指数,东证红利低波,CSI Dongfanghong Dividend Low Volatility Index,DFH Dividend Low Volatility,2032.91,2049.48,2029.85,2049.48,,0.78,2142.32,295.9,,
2019-11-19,931446,中证东方红红利低波动指数,东证红利低波,CSI Dongfanghong Dividend Low Volatility Index,DFH Dividend Low Volatility,2047.37,2065.06,2047.37,2065.06,,0.76,2102.37,305.57,,
2019-11-20,931446,中证东方红红利低波动指数,东证红利低波,CSI Dongfanghong Dividend Low Volatility Index,DFH Dividend Low Volatility,2062.24,2062.24,2049.11,2049.13,,-0.77,2098.02,307.55,,
2019-11-21,931446,中证东方红红利低波动指数,东证红利低波,CSI Dongfanghong Dividend Low Volatility Index,DFH Dividend Low Volatility,2045.41,2047.51,2036.24,2044.27,,-0.24,2205.98,306.24,,
2019-11-22,931446,中证东方红红利低波动指数,东证红利低波,CSI Dongfanghong Dividend Low Volatility Index,DFH Dividend Low Volatility,2047.09,2058.27,2032.89,2038.71,,-0.27,2553.74,405.95,,
2019-11-25,931446,中证东方红红利低波动指数,东证红利低波,CSI Dongfanghong Dividend Low Volatility Index,DFH Dividend Low Volatility,2040.95,2063.2,2040.95,2062.89,,1.19,3084.34,394.69,,
2019-11-26,931446,中证东方红红利低波动指数,东证红利低波,CSI Dongfanghong Dividend Low Volatility Index,DFH Dividend Low Volatility,2066.65,2066.83,2057.98,2066.05,,0.15,3375.17,425.07,,
2019-11-27,931446,中证东方红红利低波动指数,东证红利低波,CSI Dongfanghong Dividend Low Volatility Index,DFH Dividend Low Volatility,2063.64,2064.37,2053.53,2056.34,,-0.47,1974.87,283.19,,
2019-11-28,931446,中证东方红红利低波动指数,东证红利低波,CSI Dongfanghong Dividend Low Volatility Index,DFH Dividend Low Volatility,2057.35,2060.01,2046.79,2049.6,,-0.33,1681.26,244.17,,
2019-11-29,931446,中证东方红红利低波动指数,东证红利低波,CSI Dongfanghong Dividend Low Volatility Index,DFH Dividend Low Volatility,2048.67,2053.1,2038.53,2047.25,,-0.11,2408.15,389.1,,
2019-12-02,931446,中证东方红红利低波动指数,东证红利低波,CSI Dongfanghong Dividend Low Volatility Index,DFH Dividend Low Volatility,2052.1,2056.28,2044.82,2048.09,,0.04,2321.34,301.39,,
2019-12-03,931446,中证东方红红利低波动指数,东证红利低波,CSI Dongfanghong Dividend Low Volatility Index,DFH Dividend Low Volatility,2044.69,2050.98,2038.13,2050.98,,0.14,2099.0,286.37,,
2019-12-04,931446,中证东方红红利低波动指数,东证红利低波,CSI Dongfanghong Dividend Low Volatility Index,DFH Dividend Low Volatility,2046.56,2048.56,2042.74,2046.62,,-0.21,2152.68,288.75,,
2019-12-05,931446,中证东方红红利低波动指数,东证红利低波,CSI Dongfanghong Dividend Low Volatility Index,DFH Dividend Low Volatility,2050.63,2057.06,2048.55,2054.58,,0.39,2142.74,282.96,,
2019-12-06,931446,中证东方红红利低波动指数,东证红利低波,CSI Dongfanghong Dividend Low Volatility Index,DFH Dividend Low Volatility,2056.7,2061.01,2051.53,2061.01,,0.31,1841.87,290.76,,
2019-12-09,931446,中证东方红红利低波动指数,东证红利低波,CSI Dongfanghong Dividend Low Volatility Index,DFH Dividend Low Volatility,2061.99,2068.78,2057.19,2068.78,,0.38,2602.49,322.61,,
2019-12-10,931446,中证东方红红利低波动指数,东证红利低波,CSI Dongfanghong Dividend Low Volatility Index,DFH Dividend Low Volatility,2064.81,2066.98,2062.19,2066.75,,-0.1,2179.63,255.49,,
2019-12-11,931446,中证东方红红利低波动指数,东证红利低波,CSI Dongfanghong Dividend Low Volatility Index,DFH Dividend Low Volatility,2069.22,2070.79,2064.2,2069.8,,0.15,2572.37,302.54,,
2019-12-12,931446,中证东方红红利低波动指数,东证红利低波,CSI Dongfanghong Dividend Low Volatility Index,DFH Dividend Low Volatility,2071.76,2071.76,2067.34,2070.33,,0.03,2195.75,293.95,,
2019-12-13,931446,中证东方红红利低波动指数,东证红利低波,CSI Dongfanghong Dividend Low Volatility Index,DFH Dividend Low Volatility,2082.43,2098.26,2081.67,2098.26,,1.35,3504.14,492.35,,
2019-12-16,931446,中证东方红红利低波动指数,东证红利低波,CSI Dongfanghong Dividend Low Volatility Index,DFH Dividend Low Volatility,2101.75,2110.97,2095.17,2110.97,,0.61,3639.54,427.76,,
2019-12-17,931446,中证东方红红利低波动指数,东证红利低波,CSI Dongfanghong Dividend Low Volatility Index,DFH Dividend Low Volatility,2111.25,2134.88,2106.57,2127.5,,0.78,4758.12,531.57,,
2019-12-18,931446,中证东方红红利低波动指数,东证红利低波,CSI Dongfanghong Dividend Low Volatility Index,DFH Dividend Low Volatility,2125.77,2129.12,2119.05,2119.79,,-0.36,3148.74,387.28,,
2019-12-19,931446,中证东方红红利低波动指数,东证红利低波,CSI Dongfanghong Dividend Low Volatility Index,DFH Dividend Low Volatility,2120.09,2127.54,2120.09,2126.23,,0.3,2756.22,302.8,,
2019-12-20,931446,中证东方红红利低波动指数,东证红利低波,CSI Dongfanghong Dividend Low Volatility Index,DFH Dividend Low Volatility,2127.84,2128.88,2117.99,2118.03,,-0.39,2606.08,296.89,,
2019-12-23,931446,中证东方红红利低波动指数,东证红利低波,CSI Dongfanghong Dividend Low Volatility Index,DFH Dividend Low Volatility,2118.13,2122.05,2094.74,2095.34,,-1.07,2858.19,342.86,,
2019-12-24,931446,中证东方红红利低波动指数,东证红利低波,CSI Dongfanghong Dividend Low Volatility Index,DFH Dividend Low Volatility,2095.69,2107.6,2095.69,2107.6,,0.59,2027.34,238.86,,
2019-12-25,931446,中证东方红红利低波动指数,东证红利低波,CSI Dongfanghong Dividend Low Volatility Index,DFH Dividend Low Volatility,2106.46,2109.94,2099.6,2104.31,,-0.16,1946.83,238.83,,
2019-12-26,931446,中证东方红红利低波动指数,东证红利低波,CSI Dongfanghong Dividend Low Volatility Index,DFH Dividend Low Volatility,2105.52,2118.55,2105.52,2118.55,,0.68,2235.58,246.25,,
2019-12-27,931446,中证东方红红利低波动指数,东证红利低波,CSI Dongfanghong Dividend Low Volatility Index,DFH Dividend Low Volatility,2118.3,2134.08,2118.3,2119.81,,0.06,3413.86,378.59,,
2019-12-30,931446,中证东方红红利低波动指数,东证红利低波,CSI Dongfanghong Dividend Low Volatility Index,DFH Dividend Low Volatility,2115.42,2139.57,2113.13,2139.57,,0.93,3664.36,471.73,,
2019-12-31,931446,中证东方红红利低波动指数,东证红利低波,CSI Dongfanghong Dividend Low Volatility Index,DFH Dividend Low Volatility,2137.85,2154.78,2135.95,2153.94,,0.67,2971.15,369.48,,
2020-01-02,931446,中证东方红红利低波动指数,东证红利低波,CSI Dongfanghong Dividend Low Volatility Index,DFH Dividend Low Volatility,2165.3,2184.94,2165.3,2181.15,,1.26,4507.24,576.09,,
2020-01-03,931446,中证东方红红利低波动指数,东证红利低波,CSI Dongfanghong Dividend Low Volatility Index,DFH Dividend Low Volatility,2183.95,2187.49,2178.07,2185.18,,0.19,3204.92,415.89,,
2020-01-06,931446,中证东方红红利低波动指数,东证红利低波,CSI Dongfanghong Dividend Low Volatility Index,DFH Dividend Low Volatility,2177.69,2192.26,2167.07,2174.85,,-0.47,4627.27,539.63,,
2020-01-07,931446,中证东方红红利低波动指数,东证红利低波,CSI Dongfanghong Dividend Low Volatility Index,DFH Dividend Low Volatility,2176.31,2191.73,2176.31,2191.73,,0.78,3758.68,431.19,,
2020-01-08,931446,中证东方红红利低波动指数,东证红利低波,CSI Dongfanghong Dividend Low Volatility Index,DFH Dividend Low Volatility,2188.55,2188.55,2165.27,2166.96,,-1.13,4300.22,472.38,,
2020-01-09,931446,中证东方红红利低波动指数,东证红利低波,CSI Dongfanghong Dividend Low Volatility Index,DFH Dividend Low Volatility,2178.1,2187.68,2177.82,2185.81,,0.87,3451.58,412.63,,
2020-01-10,931446,中证东方红红利低波动指数,东证红利低波,CSI Dongfanghong Dividend Low Volatility Index,DFH Dividend Low Volatility,2188.24,2188.24,2177.96,2185.08,,-0.03,2669.75,375.98,,
2020-01-13,931446,中证东方红红利低波动指数,东证红利低波,CSI Dongfanghong Dividend Low Volatility Index,DFH Dividend Low Volatility,2186.26,2195.25,2176.13,2195.25,,0.47,2918.81,444.52,,
2020-01-14,931446,中证东方红红利低波动指数,东证红利低波,CSI Dongfanghong Dividend Low Volatility Index,DFH Dividend Low Volatility,2197.07,2205.72,2194.73,2194.88,,-0.02,3196.15,397.47,,
2020-01-15,931446,中证东方红红利低波动指数,东证红利低波,CSI Dongfanghong Dividend Low Volatility Index,DFH Dividend Low Volatility,2193.38,2193.38,2176.48,2183.8,,-0.51,2490.63,342.48,,
2020-01-16,931446,中证东方红红利低波动指数,东证红利低波,CSI Dongfanghong Dividend Low Volatility Index,DFH Dividend Low Volatility,2186.16,2186.16,2169.03,2171.56,,-0.56,2834.2,345.42,,
2020-01-17,931446,中证东方红红利低波动指数,东证红利低波,CSI Dongfanghong Dividend Low Volatility Index,DFH Dividend Low Volatility,2175.35,2177.32,2166.12,2168.79,,-0.13,2470.37,335.48,,
2020-01-20,931446,中证东方红红利低波动指数,东证红利低波,CSI Dongfanghong Dividend Low Volatility Index,DFH Dividend Low Volatility,2174.14,2177.89,2166.65,2177.5,,0.4,2955.74,440.84,,
2020-01-21,931446,中证东方红红利低波动指数,东证红利低波,CSI Dongfanghong Dividend Low Volatility Index,DFH Dividend Low Volatility,2177.0,2177.0,2153.1,2154.12,,-1.07,3347.86,487.75,,
2020-01-22,931446,中证东方红红利低波动指数,东证红利低波,CSI Dongfanghong Dividend Low Volatility Index,DFH Dividend Low Volatility,2149.18,2151.05,2120.72,2147.62,,-0.3,3176.33,450.48,,
2020-01-23,931446,中证东方红红利低波动指数,东证红利低波,CSI Dongfanghong Dividend Low Volatility Index,DFH Dividend Low Volatility,2136.65,2136.65,2080.73,2091.68,,-2.61,4346.05,601.73,,
2020-02-03,931446,中证东方红红利低波动指数,东证红利低波,CSI Dongfanghong Dividend Low Volatility Index,DFH Dividend Low Volatility,1908.14,1942.61,1908.14,1927.11,,-7.87,6811.12,835.33,,
2020-02-04,931446,中证东方红红利低波动指数,东证红利低波,CSI Dongfanghong Dividend Low Volatility Index,DFH Dividend Low Volatility,1904.93,1972.78,1904.93,1972.46,,2.35,5714.56,713.17,,
2020-02-05,931446,中证东方红红利低波动指数,东证红利低波,CSI Dongfanghong Dividend Low Volatility Index,DFH Dividend Low Volatility,1980.25,2001.76,1976.61,1998.9,,1.34,4652.53,587.04,,
2020-02-06,931446,中证东方红红利低波动指数,东证红利低波,CSI Dongfanghong Dividend Low Volatility Index,DFH Dividend Low Volatility,2005.92,2030.6,1994.01,2025.48,,1.33,4861.02,602.87,,
2020-02-07,931446,中证东方红红利低波动指数,东证红利低波,CSI Dongfanghong Dividend Low Volatility Index,DFH Dividend Low Volatility,2016.98,2016.98,1995.51,2016.58,,-0.44,4113.87,494.53,,
2020-02-10,931446,中证东方红红利低波动指数,东证红利低波,CSI Dongfanghong Dividend Low Volatility Index,DFH Dividend Low Volatility,2005.56,2031.9,1999.65,2030.92,,0.71,3815.13,472.59,,
2020-02-11,931446,中证东方红红利低波动指数,东证红利低波,CSI Dongfanghong Dividend Low Volatility Index,DFH Dividend Low Volatility,2033.0,2043.36,2030.03,2038.39,,0.37,3722.46,460.86,,
2020-02-12,931446,中证东方红红利低波动指数,东证红利低波,CSI Dongfanghong Dividend Low Volatility Index,DFH Dividend Low Volatility,2036.18,2050.18,2033.22,2050.18,,0.58,3035.65,364.23,,
2020-02-13,931446,中证东方红红利低波动指数,东证红利低波,CSI Dongfanghong Dividend Low Volatility Index,DFH Dividend Low Volatility,2049.6,2050.91,2031.82,2035.98,,-0.69,3435.88,412.9,,
2020-02-14,931446,中证东方红红利低波动指数,东证红利低波,CSI Dongfanghong Dividend Low Volatility Index,DFH Dividend Low Volatility,2031.52,2042.12,2031.52,2041.81,,0.29,2975.47,348.98,,
2020-02-17,931446,中证东方红红利低波动指数,东证红利低波,CSI Dongfanghong Dividend Low Volatility Index,DFH Dividend Low Volatility,2042.97,2087.06,2042.97,2087.06,,2.22,3984.28,490.98,,
2020-02-18,931446,中证东方红红利低波动指数,东证红利低波,CSI Dongfanghong Dividend Low Volatility Index,DFH Dividend Low Volatility,2088.87,2088.87,2072.4,2083.66,,-0.16,3932.54,480.16,,
2020-02-19,931446,中证东方红红利低波动指数,东证红利低波,CSI Dongfanghong Dividend Low Volatility Index,DFH Dividend Low Volatility,2082.95,2083.68,2072.7,2074.87,,-0.42,3586.69,443.98,,
2020-02-20,931446,中证东方红红利低波动指数,东证红利低波,CSI Dongfanghong Dividend Low Volatility Index,DFH Dividend Low Volatility,2078.14,2105.7,2078.14,2105.16,,1.46,4347.57,556.93,,
2020-02-21,931446,中证东方红红利低波动指数,东证红利低波,CSI Dongfanghong Dividend Low Volatility Index,DFH Dividend Low Volatility,2103.34,2113.38,2100.16,2109.4,,0.2,4595.12,578.01,,
2020-02-24,931446,中证东方红红利低波动指数,东证红利低波,CSI Dongfanghong Dividend Low Volatility Index,DFH Dividend Low Volatility,2106.21,2106.21,2090.05,2099.13,,-0.49,4729.05,603.05,,
2020-02-25,931446,中证东方红红利低波动指数,东证红利低波,CSI Dongfanghong Dividend Low Volatility Index,DFH Dividend Low Volatility,2066.42,2084.84,2057.53,2084.56,,-0.69,5208.87,610.73,,
2020-02-26,931446,中证东方红红利低波动指数,东证红利低波,CSI Dongfanghong Dividend Low Volatility Index,DFH Dividend Low Volatility,2062.63,2090.14,2062.56,2069.66,,-0.72,5310.54,593.91,,
2020-02-27,931446,中证东方红红利低波动指数,东证红利低波,CSI Dongfanghong Dividend Low Volatility Index,DFH Dividend Low Volatility,2072.75,2086.93,2072.75,2081.44,,0.57,4057.44,494.51,,
2020-02-28,931446,中证东方红红利低波动指数,东证红利低波,CSI Dongfanghong Dividend Low Volatility Index,DFH Dividend Low Volatility,2044.3,2055.5,2013.19,2016.97,,-3.1,5746.98,653.22,,
2020-03-02,931446,中证东方红红利低波动指数,东证红利低波,CSI Dongfanghong Dividend Low Volatility Index,DFH Dividend Low Volatility,2022.05,2082.08,2022.05,2079.34,,3.09,5191.16,608.05,,
2020-03-03,931446,中证东方红红利低波动指数,东证红利低波,CSI Dongfanghong Dividend Low Volatility Index,DFH Dividend Low Volatility,2097.59,2099.01,2071.81,2083.26,,0.19,5086.51,588.04,,
2020-03-04,931446,中证东方红红利低波动指数,东证红利低波,CSI Dongfanghong Dividend Low Volatility Index,DFH Dividend Low Volatility,2075.3,2092.63,2071.5,2092.63,,0.45,3953.36,472.11,,
2020-03-05,931446,中证东方红红利低波动指数,东证红利低波,CSI Dongfanghong Dividend Low Volatility Index,DFH Dividend Low Volatility,2104.39,2128.05,2101.37,2127.64,,1.67,5790.9,770.15,,
2020-03-06,931446,中证东方红红利低波动指数,东证红利低波,CSI Dongfanghong Dividend Low Volatility Index,DFH Dividend Low Volatility,2114.09,2120.47,2106.39,2112.01,,-0.74,4463.57,541.87,,
2020-03-09,931446,中证东方红红利低波动指数,东证红利低波,CSI Dongfanghong Dividend Low Volatility Index,DFH Dividend Low Volatility,2086.19,2086.19,2055.42,2057.2,,-2.6,6187.75,685.31,,
2020-03-10,931446,中证东方红红利低波动指数,东证红利低波,CSI Dongfanghong Dividend Low Volatility Index,DFH Dividend Low Volatility,2034.84,2081.36,2025.29,2080.69,,1.14,5348.79,598.16,,
2020-03-11,931446,中证东方红红利低波动指数,东证红利低波,CSI Dongfanghong Dividend Low Volatility Index,DFH Dividend Low Volatility,2082.56,2082.67,2060.42,2060.42,,-0.97,4015.0,441.94,,
2020-03-12,931446,中证东方红红利低波动指数,东证红利低波,CSI Dongfanghong Dividend Low Volatility Index,DFH Dividend Low Volatility,2041.13,2041.13,2014.64,2024.64,,-1.74,4315.37,499.96,,
2020-03-13,931446,中证东方红红利低波动指数,东证红利低波,CSI Dongfanghong Dividend Low Volatility Index,DFH Dividend Low Volatility,1949.28,2004.96,1947.22,1994.3,,-1.5,5486.3,629.69,,
2020-03-16,931446,中证东方红红利低波动指数,东证红利低波,CSI Dongfanghong Dividend Low Volatility Index,DFH Dividend Low Volatility,2005.19,2005.19,1938.74,1938.74,,-2.79,5472.95,611.41,,
2020-03-17,931446,中证东方红红利低波动指数,东证红利低波,CSI Dongfanghong Dividend Low Volatility Index,DFH Dividend Low Volatility,1940.64,1942.12,1894.37,1933.28,,-0.28,5364.13,574.29,,
2020-03-18,931446,中证东方红红利低波动指数,东证红利低波,CSI Dongfanghong Dividend Low Volatility Index,DFH Dividend Low Volatility,1945.52,1953.96,1902.87,1902.87,,-1.57,4523.07,533.51,,
2020-03-19,931446,中证东方红红利低波动指数,东证红利低波,CSI Dongfanghong Dividend Low Volatility Index,DFH Dividend Low Volatility,1897.55,1905.91,1853.03,1876.75,,-1.37,5373.43,640.28,,
2020-03-20,931446,中证东方红红利低波动指数,东证红利低波,CSI Dongfanghong Dividend Low Volatility Index,DFH Dividend Low Volatility,1892.93,1908.49,1879.26,1903.69,,1.44,4173.11,502.32,,
2020-03-23,931446,中证东方红红利低波动指数,东证红利低波,CSI Dongfanghong Dividend Low Volatility Index,DFH Dividend Low Volatility,1864.47,1878.63,1851.63,1852.96,,-2.67,4080.35,455.14,,
2020-03-24,931446,中证东方红红利低波动指数,东证红利低波,CSI Dongfanghong Dividend Low Volatility Index,DFH Dividend Low Volatility,1878.9,1899.67,1868.85,1898.82,,2.48,4379.66,480.6,,
2020-03-25,931446,中证东方红红利低波动指数,东证红利低波,CSI Dongfanghong Dividend Low Volatility Index,DFH Dividend Low Volatility,1933.38,1938.27,1923.48,1936.56,,1.99,4282.9,510.99,,
2020-03-26,931446,中证东方红红利低波动指数,东证红利低波,CSI Dongfanghong Dividend Low Volatility Index,DFH Dividend Low Volatility,1925.16,1934.56,1923.48,1924.06,,-0.65,3328.75,386.86,,
2020-03-27,931446,中证东方红红利低波动指数,东证红利低波,CSI Dongfanghong Dividend Low Volatility Index,DFH Dividend Low Volatility,1940.95,1952.93,1931.81,1936.23,,0.63,3378.73,420.93,,
2020-03-30,931446,中证东方红红利低波动指数,东证红利低波,CSI Dongfanghong Dividend Low Volatility Index,DFH Dividend Low Volatility,1918.42,1929.55,1913.54,1924.19,,-0.62,3609.49,393.76,,
2020-03-31,931446,中证东方红红利低波动指数,东证红利低波,CSI Dongfanghong Dividend Low Volatility Index,DFH Dividend Low Volatility,1935.44,1935.44,1921.4,1923.81,,-0.02,3296.06,353.45,,
2020-04-01,931446,中证东方红红利低波动指数,东证红利低波,CSI Dongfanghong Dividend Low Volatility Index,DFH Dividend Low Volatility,1920.68,1933.43,1910.0,1911.43,,-0.64,3445.11,359.19,,
2020-04-02,931446,中证东方红红利低波动指数,东证红利低波,CSI Dongfanghong Dividend Low Volatility Index,DFH Dividend Low Volatility,1902.68,1926.08,1897.97,1926.08,,0.77,3240.83,323.72,,
2020-04-03,931446,中证东方红红利低波动指数,东证红利低波,CSI Dongfanghong Dividend Low Volatility Index,DFH Dividend Low Volatility,1922.36,1926.78,1914.09,1918.59,,-0.39,2701.31,286.78,,
2020-04-07,931446,中证东方红红利低波动指数,东证红利低波,CSI Dongfanghong Dividend Low Volatility Index,DFH Dividend Low Volatility,1942.68,1957.55,1942.68,1956.79,,1.99,4065.41,471.44,,8.01
2020-04-08,931446,中证东方红红利低波动指数,东证红利低波,CSI Dongfanghong Dividend Low Volatility Index,DFH Dividend Low Volatility,1949.39,1956.33,1941.79,1954.05,,-0.14,2916.64,321.51,,7.97
2020-04-09,931446,中证东方红红利低波动指数,东证红利低波,CSI Dongfanghong Dividend Low Volatility Index,DFH Dividend Low Volatility,1960.35,1967.92,1958.19,1965.31,,0.58,2395.66,281.28,,7.98
2020-04-10,931446,中证东方红红利低波动指数,东证红利低波,CSI Dongfanghong Dividend Low Volatility Index,DFH Dividend Low Volatility,1968.17,1971.69,1948.2,1950.92,,-0.73,2737.64,358.59,,7.98
2020-04-13,931446,中证东方红红利低波动指数,东证红利低波,CSI Dongfanghong Dividend Low Volatility Index,DFH Dividend Low Volatility,1946.12,1957.4,1945.74,1952.63,,0.09,2232.85,269.83,,7.95
2020-04-14,931446,中证东方红红利低波动指数,东证红利低波,CSI Dongfanghong Dividend Low Volatility Index,DFH Dividend Low Volatility,1958.51,1972.68,1953.37,1972.68,,1.03,3081.89,349.43,,8.04
2020-04-15,931446,中证东方红红利低波动指数,东证红利低波,CSI Dongfanghong Dividend Low Volatility Index,DFH Dividend Low Volatility,1971.15,1972.7,1961.56,1962.37,,-0.52,2792.69,327.88,,8.0
2020-04-16,931446,中证东方红红利低波动指数,东证红利低波,CSI Dongfanghong Dividend Low Volatility Index,DFH Dividend Low Volatility,1953.2,1965.65,1953.2,1965.65,,0.17,2754.2,301.2,,7.99
2020-04-17,931446,中证东方红红利低波动指数,东证红利低波,CSI Dongfanghong Dividend Low Volatility Index,DFH Dividend Low Volatility,1973.17,1976.15,1965.11,1967.13,,0.08,3825.29,447.79,,8.05
2020-04-20,931446,中证东方红红利低波动指数,东证红利低波,CSI Dongfanghong Dividend Low Volatility Index,DFH Dividend Low Volatility,1969.02,1972.75,1969.02,1972.53,,0.28,2740.86,330.75,,8.05
2020-04-21,931446,中证东方红红利低波动指数,东证红利低波,CSI Dongfanghong Dividend Low Volatility Index,DFH Dividend Low Volatility,1967.08,1967.08,1941.16,1952.17,-20.36,-1.03,2773.4,329.82,100.0,7.98
2020-04-22,931446,中证东方红红利低波动指数,东证红利低波,CSI Dongfanghong Dividend Low Volatility Index,DFH Dividend Low Volatility,1944.84,1964.59,1940.62,1964.36,12.2,0.62,2469.13,296.62,100.0,8.01
2020-04-23,931446,中证东方红红利低波动指数,东证红利低波,CSI Dongfanghong Dividend Low Volatility Index,DFH Dividend Low Volatility,1967.4,1971.43,1958.05,1960.13,-4.23,-0.22,2827.86,320.22,100.0,7.99
2020-04-24,931446,中证东方红红利低波动指数,东证红利低波,CSI Dongfanghong Dividend Low Volatility Index,DFH Dividend Low Volatility,1960.73,1961.45,1943.24,1947.19,-12.94,-0.66,2461.18,305.43,100.0,7.96
2020-04-27,931446,中证东方红红利低波动指数,东证红利低波,CSI Dongfanghong Dividend Low Volatility Index,DFH Dividend Low Volatility,1950.16,1969.77,1948.16,1957.88,10.69,0.55,3119.01,342.14,100.0,8.02
2020-04-28,931446,中证东方红红利低波动指数,东证红利低波,CSI Dongfanghong Dividend Low Volatility Index,DFH Dividend Low Volatility,1959.74,1960.17,1913.52,1945.49,-12.39,-0.63,3307.0,400.99,100.0,8.04
2020-04-29,931446,中证东方红红利低波动指数,东证红利低波,CSI Dongfanghong Dividend Low Volatility Index,DFH Dividend Low Volatility,1945.41,1966.29,1945.21,1966.29,20.8,1.07,3197.85,436.05,100.0,8.14
2020-04-30,931446,中证东方红红利低波动指数,东证红利低波,CSI Dongfanghong Dividend Low Volatility Index,DFH Dividend Low Volatility,1965.77,1984.62,1965.72,1982.09,15.8,0.8,3845.99,441.08,100.0,8.18
2020-05-06,931446,中证东方红红利低波动指数,东证红利低波,CSI Dongfanghong Dividend Low Volatility Index,DFH Dividend Low Volatility,1961.66,1987.31,1960.58,1986.31,4.22,0.21,4141.21,487.55,100.0,8.4
2020-05-07,931446,中证东方红红利低波动指数,东证红利低波,CSI Dongfanghong Dividend Low Volatility Index,DFH Dividend Low Volatility,1981.57,1986.0,1974.78,1984.02,-2.29,-0.11,2960.39,358.92,100.0,8.39
2020-05-08,931446,中证东方红红利低波动指数,东证红利低波,CSI Dongfanghong Dividend Low Volatility Index,DFH Dividend Low Volatility,1991.32,2004.83,1988.42,2001.63,17.62,0.89,3146.47,400.21,100.0,8.45
2020-05-11,931446,中证东方红红利低波动指数,东证红利低波,CSI Dongfanghong Dividend Low Volatility Index,DFH Dividend Low Volatility,2005.61,2012.5,1993.8,1999.87,-1.76,-0.09,3129.81,402.3,100.0,8.46
2020-05-12,931446,中证东方红红利低波动指数,东证红利低波,CSI Dongfanghong Dividend Low Volatility Index,DFH Dividend Low Volatility,2000.48,2001.27,1983.61,1991.86,-8.01,-0.4,2510.47,315.86,100.0,8.43
2020-05-13,931446,中证东方红红利低波动指数,东证红利低波,CSI Dongfanghong Dividend Low Volatility Index,DFH Dividend Low Volatility,1988.18,2002.3,1979.5,2001.18,9.32,0.47,2490.38,307.35,100.0,8.44
2020-05-14,931446,中证东方红红利低波动指数,东证红利低波,CSI Dongfanghong Dividend Low Volatility Index,DFH Dividend Low Volatility,1995.26,1995.26,1977.71,1978.46,-22.72,-1.14,2508.11,313.22,100.0,8.36
2020-05-15,931446,中证东方红红利低波动指数,东证红利低波,CSI Dongfanghong Dividend Low Volatility Index,DFH Dividend Low Volatility,1984.72,1987.34,1971.69,1974.92,-3.54,-0.18,2623.18,312.07,100.0,8.34
2020-05-18,931446,中证东方红红利低波动指数,东证红利低波,CSI Dongfanghong Dividend Low Volatility Index,DFH Dividend Low Volatility,1979.2,1990.05,1968.82,1980.87,5.95,0.3,3024.1,351.9,100.0,8.36
2020-05-19,931446,中证东方红红利低波动指数,东证红利低波,CSI Dongfanghong Dividend Low Volatility Index,DFH Dividend Low Volatility,1993.21,1997.41,1987.76,1992.66,11.79,0.6,2636.74,319.58,100.0,8.42
2020-05-20,931446,中证东方红红利低波动指数,东证红利低波,CSI Dongfanghong Dividend Low Volatility Index,DFH Dividend Low Volatility,1991.12,1991.12,1979.76,1982.63,-10.03,-0.5,2568.62,303.65,100.0,8.41
2020-05-21,931446,中证东方红红利低波动指数,东证红利低波,CSI Dongfanghong Dividend Low Volatility Index,DFH Dividend Low Volatility,1987.18,1988.49,1969.19,1971.26,-11.37,-0.57,2511.16,297.58,100.0,8.37
2020-05-22,931446,中证东方红红利低波动指数,东证红利低波,CSI Dongfanghong Dividend Low Volatility Index,DFH Dividend Low Volatility,1970.79,1970.79,1935.14,1936.83,-34.43,-1.75,2974.45,374.66,100.0,8.21
2020-05-25,931446,中证东方红红利低波动指数,东证红利低波,CSI Dongfanghong Dividend Low Volatility Index,DFH Dividend Low Volatility,1939.4,1946.43,1930.87,1946.37,9.54,0.49,2165.63,284.56,100.0,8.25
2020-05-26,931446,中证东方红红利低波动指数,东证红利低波,CSI Dongfanghong Dividend Low Volatility Index,DFH Dividend Low Volatility,1952.31,1965.24,1949.86,1964.12,17.75,0.91,2222.92,270.59,100.0,8.29
2020-05-27,931446,中证东方红红利低波动指数,东证红利低波,CSI Dongfanghong Dividend Low Volatility Index,DFH Dividend Low Volatility,1965.19,1973.45,1958.94,1967.15,3.03,0.15,2509.86,285.7,100.0,8.3
2020-05-28,931446,中证东方红红利低波动指数,东证红利低波,CSI Dongfanghong Dividend Low Volatility Index,DFH Dividend Low Volatility,1968.82,1980.18,1954.43,1969.92,2.77,0.14,2642.11,318.98,100.0,8.36
2020-05-29,931446,中证东方红红利低波动指数,东证红利低波,CSI Dongfanghong Dividend Low Volatility Index,DFH Dividend Low Volatility,1965.23,1970.39,1959.87,1967.72,-2.19,-0.11,2896.5,310.74,100.0,8.33
2020-06-01,931446,中证东方红红利低波动指数,东证红利低波,CSI Dongfanghong Dividend Low Volatility Index,DFH Dividend Low Volatility,1974.88,2003.85,1974.88,2003.13,35.4,1.8,3300.88,432.93,100.0,8.47
2020-06-02,931446,中证东方红红利低波动指数,东证红利低波,CSI Dongfanghong Dividend Low Volatility Index,DFH Dividend Low Volatility,2002.14,2005.34,1995.34,2005.32,2.19,0.11,3408.59,430.98,100.0,8.51
2020-06-03,931446,中证东方红红利低波动指数,东证红利低波,CSI Dongfanghong Dividend Low Volatility Index,DFH Dividend Low Volatility,2008.85,2015.79,2000.63,2002.59,-2.73,-0.14,3596.1,466.07,100.0,8.52
2020-06-04,931446,中证东方红红利低波动指数,东证红利低波,CSI Dongfanghong Dividend Low Volatility Index,DFH Dividend Low Volatility,2008.54,2008.82,1994.98,2002.2,-0.39,-0.02,2606.09,325.37,100.0,8.5
2020-06-05,931446,中证东方红红利低波动指数,东证红利低波,CSI Dongfanghong Dividend Low Volatility Index,DFH Dividend Low Volatility,2002.67,2003.01,1987.0,1997.52,-4.68,-0.23,2366.29,320.21,100.0,8.51
2020-06-08,931446,中证东方红红利低波动指数,东证红利低波,CSI Dongfanghong Dividend Low Volatility Index,DFH Dividend Low Volatility,2005.32,2011.62,2003.75,2006.58,9.06,0.45,3729.48,499.26,100.0,8.57
2020-06-09,931446,中证东方红红利低波动指数,东证红利低波,CSI Dongfanghong Dividend Low Volatility Index,DFH Dividend Low Volatility,2008.39,2020.36,2004.56,2020.36,13.78,0.69,3065.49,393.12,100.0,8.61
2020-06-10,931446,中证东方红红利低波动指数,东证红利低波,CSI Dongfanghong Dividend Low Volatility Index,DFH Dividend Low Volatility,2018.74,2018.81,2007.65,2013.04,-7.32,-0.36,2774.05,345.75,100.0,8.56
2020-06-11,931446,中证东方红红利低波动指数,东证红利低波,CSI Dongfanghong Dividend Low Volatility Index,DFH Dividend Low Volatility,2012.84,2014.06,1989.04,1993.46,-19.58,-0.97,3366.47,430.43,100.0,8.43
2020-06-12,931446,中证东方红红利低波动指数,东证红利低波,CSI Dongfanghong Dividend Low Volatility Index,DFH Dividend Low Volatility,1964.44,1994.89,1961.66,1990.5,-2.97,-0.15,3670.94,411.99,100.0,8.42
2020-06-15,931446,中证东方红红利低波动指数,东证红利低波,CSI Dongfanghong Dividend Low Volatility Index,DFH Dividend Low Volatility,1980.49,1991.86,1973.68,1973.68,-16.81,-0.84,3717.66,514.57,100.0,9.23
2020-06-16,931446,中证东方红红利低波动指数,东证红利低波,CSI Dongfanghong Dividend Low Volatility Index,DFH Dividend Low Volatility,1985.64,1994.73,1981.83,1993.94,20.25,1.03,2974.78,413.59,100.0,9.33
2020-06-17,931446,中证东方红红利低波动指数,东证红利低波,CSI Dongfanghong Dividend Low Volatility Index,DFH Dividend Low Volatility,1994.11,1999.73,1989.0,1998.46,4.52,0.23,2797.29,392.17,100.0,9.32
2020-06-18,931446,中证东方红红利低波动指数,东证红利低波,CSI Dongfanghong Dividend Low Volatility Index,DFH Dividend Low Volatility,1997.15,2009.93,1991.81,2008.3,9.84,0.49,4329.75,503.89,100.0,9.34
2020-06-19,931446,中证东方红红利低波动指数,东证红利低波,CSI Dongfanghong Dividend Low Volatility Index,DFH Dividend Low Volatility,2006.16,2021.22,2004.79,2016.85,8.55,0.43,4698.98,678.95,100.0,9.43
2020-06-22,931446,中证东方红红利低波动指数,东证红利低波,CSI Dongfanghong Dividend Low Volatility Index,DFH Dividend Low Volatility,2013.46,2019.88,2005.62,2008.09,-8.76,-0.43,4775.98,623.53,100.0,9.4
2020-06-23,931446,中证东方红红利低波动指数,东证红利低波,CSI Dongfanghong Dividend Low Volatility Index,DFH Dividend Low Volatility,2006.36,2008.83,1999.52,2005.3,-2.8,-0.14,3575.01,535.18,100.0,9.41
2020-06-24,931446,中证东方红红利低波动指数,东证红利低波,CSI Dongfanghong Dividend Low Volatility Index,DFH Dividend Low Volatility,2003.83,2011.56,2002.83,2009.02,3.72,0.19,3638.03,511.04,100.0,9.46
2020-06-29,931446,中证东方红红利低波动指数,东证红利低波,CSI Dongfanghong Dividend Low Volatility Index,DFH Dividend Low Volatility,2006.75,2009.5,1993.0,1998.13,-10.89,-0.54,4141.64,562.66,100.0,9.42
2020-06-30,931446,中证东方红红利低波动指数,东证红利低波,CSI Dongfanghong Dividend Low Volatility Index,DFH Dividend Low Volatility,2002.78,2013.4,2002.41,2008.04,9.9,0.5,3698.05,505.67,100.0,9.41
2020-07-01,931446,中证东方红红利低波动指数,东证红利低波,CSI Dongfanghong Dividend Low Volatility Index,DFH Dividend Low Volatility,2011.18,2043.9,2009.09,2043.53,35.49,1.77,5585.86,775.89,100.0,9.61
2020-07-02,931446,中证东方红红利低波动指数,东证红利低波,CSI Dongfanghong Dividend Low Volatility Index,DFH Dividend Low Volatility,2038.2,2087.55,2037.32,2086.75,43.22,2.11,8218.43,1136.62,100.0,9.86
2020-07-03,931446,中证东方红红利低波动指数,东证红利低波,CSI Dongfanghong Dividend Low Volatility Index,DFH Dividend Low Volatility,2095.5,2126.97,2095.39,2126.9,40.15,1.92,9402.16,1312.18,100.0,10.07
2020-07-06,931446,中证东方红红利低波动指数,东证红利低波,CSI Dongfanghong Dividend Low Volatility Index,DFH Dividend Low Volatility,2153.03,2254.67,2153.03,2252.07,125.18,5.88,14817.41,1932.47,100.0,10.73
2020-07-07,931446,中证东方红红利低波动指数,东证红利低波,CSI Dongfanghong Dividend Low Volatility Index,DFH Dividend Low Volatility,2285.81,2304.09,2245.78,2245.78,-6.3,-0.28,14184.89,1922.01,100.0,10.78
2020-07-08,931446,中证东方红红利低波动指数,东证红利低波,CSI Dongfanghong Dividend Low Volatility Index,DFH Dividend Low Volatility,2241.09,2284.13,2228.15,2272.23,26.45,1.18,11716.88,1600.03,100.0,10.88
2020-07-09,931446,中证东方红红利低波动指数,东证红利低波,CSI Dongfanghong Dividend Low Volatility Index,DFH Dividend Low Volatility,2270.54,2295.48,2259.6,2295.48,23.25,1.02,10932.86,1476.85,100.0,10.92
2020-07-10,931446,中证东方红红利低波动指数,东证红利低波,CSI Dongfanghong Dividend Low Volatility Index,DFH Dividend Low Volatility,2277.37,2279.8,2236.51,2242.95,-52.53,-2.29,10146.71,1337.43,100.0,10.6
2020-07-13,931446,中证东方红红利低波动指数,东证红利低波,CSI Dongfanghong Dividend Low Volatility Index,DFH Dividend Low Volatility,2237.7,2294.99,2236.39,2286.05,43.1,1.92,10595.83,1463.28,100.0,10.74
2020-07-14,931446,中证东方红红利低波动指数,东证红利低波,CSI Dongfanghong Dividend Low Volatility Index,DFH Dividend Low Volatility,2281.65,2293.88,2239.93,2270.34,-15.71,-0.69,9032.58,1238.64,100.0,10.63
2020-07-15,931446,中证东方红红利低波动指数,东证红利低波,CSI Dongfanghong Dividend Low Volatility Index,DFH Dividend Low Volatility,2270.31,2275.8,2220.69,2229.88,-40.45,-1.78,8253.19,1186.49,100.0,10.5
2020-07-16,931446,中证东方红红利低波动指数,东证红利低波,CSI Dongfanghong Dividend Low Volatility Index,DFH Dividend Low Volatility,2227.86,2240.86,2154.52,2154.53,-75.35,-3.38,9144.65,1454.56,100.0,10.08
2020-07-17,931446,中证东方红红利低波动指数,东证红利低波,CSI Dongfanghong Dividend Low Volatility Index,DFH Dividend Low Volatility,2156.9,2178.73,2137.74,2157.32,2.79,0.13,6536.62,1017.01,100.0,10.13
2020-07-20,931446,中证东方红红利低波动指数,东证红利低波,CSI Dongfanghong Dividend Low Volatility Index,DFH Dividend Low Volatility,2170.4,2232.89,2170.31,2232.88,75.55,3.5,8339.71,1250.22,100.0,10.39
2020-07-21,931446,中证东方红红利低波动指数,东证红利低波,CSI Dongfanghong Dividend Low Volatility Index,DFH Dividend Low Volatility,2243.14,2245.07,2217.83,2228.66,-4.22,-0.19,6589.74,956.72,100.0,10.39
2020-07-22,931446,中证东方红红利低波动指数,东证红利低波,CSI Dongfanghong Dividend Low Volatility Index,DFH Dividend Low Volatility,2228.6,2260.94,2218.37,2229.98,1.32,0.06,7152.55,1005.51,100.0,10.39
2020-07-23,931446,中证东方红红利低波动指数,东证红利低波,CSI Dongfanghong Dividend Low Volatility Index,DFH Dividend Low Volatility,2211.75,2224.9,2168.35,2208.81,-21.17,-0.95,7176.13,963.67,100.0,10.3
2020-07-24,931446,中证东方红红利低波动指数,东证红利低波,CSI Dongfanghong Dividend Low Volatility Index,DFH Dividend Low Volatility,2201.19,2205.2,2122.17,2128.74,-80.07,-3.62,7604.19,1125.09,100.0,9.96
2020-07-27,931446,中证东方红红利低波动指数,东证红利低波,CSI Dongfanghong Dividend Low Volatility Index,DFH Dividend Low Volatility,2138.37,2146.39,2119.48,2136.16,7.42,0.35,5184.94,722.54,100.0,9.98
2020-07-28,931446,中证东方红红利低波动指数,东证红利低波,CSI Dongfanghong Dividend Low Volatility Index,DFH Dividend Low Volatility,2149.77,2158.43,2133.26,2143.31,7.15,0.33,4578.53,707.95,100.0,10.07
2020-07-29,931446,中证东方红红利低波动指数,东证红利低波,CSI Dongfanghong Dividend Low Volatility Index,DFH Dividend Low Volatility,2138.72,2181.74,2127.68,2181.53,38.22,1.78,5763.92,854.05,100.0,10.23
2020-07-30,931446,中证东方红红利低波动指数,东证红利低波,CSI Dongfanghong Dividend Low Volatility Index,DFH Dividend Low Volatility,2183.47,2191.72,2175.5,2179.02,-2.5,-0.11,4995.56,756.86,100.0,10.17
2020-07-31,931446,中证东方红红利低波动指数,东证红利低波,CSI Dongfanghong Dividend Low Volatility Index,DFH Dividend Low Volatility,2174.82,2202.66,2155.9,2179.99,0.97,0.04,5652.19,814.44,100.0,10.18
2020-08-03,931446,中证东方红红利低波动指数,东证红利低波,CSI Dongfanghong Dividend Low Volatility Index,DFH Dividend Low Volatility,2191.69,2215.49,2191.69,2215.29,35.3,1.62,6201.9,880.55,100.0,10.27
2020-08-04,931446,中证东方红红利低波动指数,东证红利低波,CSI Dongfanghong Dividend Low Volatility Index,DFH Dividend Low Volatility,2220.02,2239.56,2208.71,2229.68,14.39,0.65,7656.61,1058.06,100.0,10.38
2020-08-05,931446,中证东方红红利低波动指数,东证红利低波,CSI Dongfanghong Dividend Low Volatility Index,DFH Dividend Low Volatility,2221.69,2222.89,2196.42,2215.98,-13.71,-0.61,5561.87,766.48,100.0,10.3
2020-08-06,931446,中证东方红红利低波动指数,东证红利低波,CSI Dongfanghong Dividend Low Volatility Index,DFH Dividend Low Volatility,2217.4,2226.7,2190.44,2219.26,3.28,0.15,6583.05,933.2,100.0,10.32
2020-08-07,931446,中证东方红红利低波动指数,东证红利低波,CSI Dongfanghong Dividend Low Volatility Index,DFH Dividend Low Volatility,2213.74,2216.34,2175.7,2198.71,-20.55,-0.93,6302.07,927.72,100.0,10.22
2020-08-10,931446,中证东方红红利低波动指数,东证红利低波,CSI Dongfanghong Dividend Low Volatility Index,DFH Dividend Low Volatility,2193.91,2226.2,2185.14,2217.14,18.44,0.84,6246.38,914.8,100.0,10.32
2020-08-11,931446,中证东方红红利低波动指数,东证红利低波,CSI Dongfanghong Dividend Low Volatility Index,DFH Dividend Low Volatility,2219.65,2235.82,2195.3,2197.54,-19.6,-0.88,6429.67,948.1,100.0,10.27
2020-08-12,931446,中证东方红红利低波动指数,东证红利低波,CSI Dongfanghong Dividend Low Volatility Index,DFH Dividend Low Volatility,2192.18,2201.01,2158.07,2190.54,-7.0,-0.32,6129.07,808.25,100.0,10.24
2020-08-13,931446,中证东方红红利低波动指数,东证红利低波,CSI Dongfanghong Dividend Low Volatility Index,DFH Dividend Low Volatility,2196.6,2203.33,2189.81,2194.61,4.07,0.19,4099.8,557.35,100.0,10.23
2020-08-14,931446,中证东方红红利低波动指数,东证红利低波,CSI Dongfanghong Dividend Low Volatility Index,DFH Dividend Low Volatility,2192.66,2218.09,2181.49,2217.04,22.43,1.02,4380.79,652.9,100.0,10.41
2020-08-17,931446,中证东方红红利低波动指数,东证红利低波,CSI Dongfanghong Dividend Low Volatility Index,DFH Dividend Low Volatility,2226.34,2281.92,2226.34,2271.94,54.91,2.48,9247.76,1292.56,100.0,10.69
2020-08-18,931446,中证东方红红利低波动指数,东证红利低波,CSI Dongfanghong Dividend Low Volatility Index,DFH Dividend Low Volatility,2278.26,2278.92,2262.85,2273.67,1.72,0.08,5832.98,837.89,100.0,10.69
2020-08-19,931446,中证东方红红利低波动指数,东证红利低波,CSI Dongfanghong Dividend Low Volatility Index,DFH Dividend Low Volatility,2272.76,2282.53,2256.28,2257.81,-15.86,-0.7,5824.75,805.87,100.0,10.57
2020-08-20,931446,中证东方红红利低波动指数,东证红利低波,CSI Dongfanghong Dividend Low Volatility Index,DFH Dividend Low Volatility,2245.46,2248.36,2223.64,2229.39,-28.41,-1.26,4945.12,657.35,100.0,10.43
2020-08-21,931446,中证东方红红利低波动指数,东证红利低波,CSI Dongfanghong Dividend Low Volatility Index,DFH Dividend Low Volatility,2238.05,2250.12,2228.32,2242.58,13.19,0.59,3958.58,556.56,100.0,10.49
2020-08-24,931446,中证东方红红利低波动指数,东证红利低波,CSI Dongfanghong Dividend Low Volatility Index,DFH Dividend Low Volatility,2247.89,2258.3,2240.36,2248.31,5.73,0.26,4398.95,648.29,100.0,10.5
2020-08-25,931446,中证东方红红利低波动指数,东证红利低波,CSI Dongfanghong Dividend Low Volatility Index,DFH Dividend Low Volatility,2251.53,2261.53,2230.12,2236.2,-12.11,-0.54,4034.47,649.38,100.0,10.53
2020-08-26,931446,中证东方红红利低波动指数,东证红利低波,CSI Dongfanghong Dividend Low Volatility Index,DFH Dividend Low Volatility,2234.11,2243.95,2206.1,2211.07,-25.13,-1.12,4424.14,666.26,100.0,10.45
2020-08-27,931446,中证东方红红利低波动指数,东证红利低波,CSI Dongfanghong Dividend Low Volatility Index,DFH Dividend Low Volatility,2216.39,2225.06,2207.94,2223.11,12.04,0.54,3843.78,572.59,100.0,10.47
2020-08-28,931446,中证东方红红利低波动指数,东证红利低波,CSI Dongfanghong Dividend Low Volatility Index,DFH Dividend Low Volatility,2220.67,2266.69,2215.72,2264.83,41.72,1.88,5405.62,908.58,100.0,10.69
2020-08-31,931446,中证东方红红利低波动指数,东证红利低波,CSI Dongfanghong Dividend Low Volatility Index,DFH Dividend Low Volatility,2271.61,2287.84,2254.48,2255.86,-8.97,-0.4,7395.78,1108.1,100.0,10.65
2020-09-01,931446,中证东方红红利低波动指数,东证红利低波,CSI Dongfanghong Dividend Low Volatility Index,DFH Dividend Low Volatility,2253.03,2262.19,2244.9,2262.19,6.33,0.28,4665.43,717.73,100.0,11.31
2020-09-02,931446,中证东方红红利低波动指数,东证红利低波,CSI Dongfanghong Dividend Low Volatility Index,DFH Dividend Low Volatility,2266.62,2267.39,2239.83,2255.76,-6.43,-0.28,5182.12,735.14,100.0,11.26
2020-09-03,931446,中证东方红红利低波动指数,东证红利低波,CSI Dongfanghong Dividend Low Volatility Index,DFH Dividend Low Volatility,2255.98,2271.64,2244.58,2251.17,-4.59,-0.2,4535.57,748.4,100.0,11.23
2020-09-04,931446,中证东方红红利低波动指数,东证红利低波,CSI Dongfanghong Dividend Low Volatility Index,DFH Dividend Low Volatility,2223.26,2235.76,2217.9,2231.52,-19.66,-0.87,3934.29,647.77,100.0,11.12
2020-09-07,931446,中证东方红红利低波动指数,东证红利低波,CSI Dongfanghong Dividend Low Volatility Index,DFH Dividend Low Volatility,2229.26,2243.16,2198.17,2201.23,-30.28,-1.36,4697.58,724.02,100.0,10.97
2020-09-08,931446,中证东方红红利低波动指数,东证红利低波,CSI Dongfanghong Dividend Low Volatility Index,DFH Dividend Low Volatility,2205.55,2229.76,2203.17,2227.69,26.46,1.2,4443.6,727.6,100.0,11.08
2020-09-09,931446,中证东方红红利低波动指数,东证红利低波,CSI Dongfanghong Dividend Low Volatility Index,DFH Dividend Low Volatility,2208.13,2219.25,2186.81,2190.98,-36.71,-1.65,4373.22,610.42,100.0,10.94
2020-09-10,931446,中证东方红红利低波动指数,东证红利低波,CSI Dongfanghong Dividend Low Volatility Index,DFH Dividend Low Volatility,2206.33,2209.77,2171.2,2174.83,-16.15,-0.74,4351.03,604.66,100.0,10.96
2020-09-11,931446,中证东方红红利低波动指数,东证红利低波,CSI Dongfanghong Dividend Low Volatility Index,DFH Dividend Low Volatility,2172.91,2183.38,2161.63,2181.03,6.2,0.29,3509.82,525.65,100.0,11.01
2020-09-14,931446,中证东方红红利低波动指数,东证红利低波,CSI Dongfanghong Dividend Low Volatility Index,DFH Dividend Low Volatility,2185.99,2191.96,2175.82,2186.37,5.34,0.24,3180.05,534.6,100.0,11.08
2020-09-15,931446,中证东方红红利低波动指数,东证红利低波,CSI Dongfanghong Dividend Low Volatility Index,DFH Dividend Low Volatility,2185.11,2193.94,2177.44,2192.67,6.29,0.29,2983.95,509.78,100.0,11.11
2020-09-16,931446,中证东方红红利低波动指数,东证红利低波,CSI Dongfanghong Dividend Low Volatility Index,DFH Dividend Low Volatility,2191.5,2204.57,2186.4,2195.03,2.37,0.11,3097.4,483.55,100.0,11.06
2020-09-17,931446,中证东方红红利低波动指数,东证红利低波,CSI Dongfanghong Dividend Low Volatility Index,DFH Dividend Low Volatility,2192.89,2204.42,2182.8,2194.07,-0.96,-0.04,3070.61,614.38,100.0,10.98
2020-09-18,931446,中证东方红红利低波动指数,东证红利低波,CSI Dongfanghong Dividend Low Volatility Index,DFH Dividend Low Volatility,2196.08,2238.88,2195.15,2237.87,43.8,2.0,5596.0,897.61,100.0,11.25
2020-09-21,931446,中证东方红红利低波动指数,东证红利低波,CSI Dongfanghong Dividend Low Volatility Index,DFH Dividend Low Volatility,2242.7,2243.21,2219.59,2223.33,-14.54,-0.65,3947.92,602.09,100.0,11.13
2020-09-22,931446,中证东方红红利低波动指数,东证红利低波,CSI Dongfanghong Dividend Low Volatility Index,DFH Dividend Low Volatility,2206.18,2223.9,2189.47,2194.12,-29.21,-1.31,3732.3,533.35,100.0,11.02
2020-09-23,931446,中证东方红红利低波动指数,东证红利低波,CSI Dongfanghong Dividend Low Volatility Index,DFH Dividend Low Volatility,2197.93,2199.97,2188.0,2191.26,-2.86,-0.13,2882.39,459.32,100.0,10.97
2020-09-24,931446,中证东方红红利低波动指数,东证红利低波,CSI Dongfanghong Dividend Low Volatility Index,DFH Dividend Low Volatility,2181.84,2182.09,2151.01,2151.9,-39.35,-1.8,3710.73,525.98,100.0,10.83
2020-09-25,931446,中证东方红红利低波动指数,东证红利低波,CSI Dongfanghong Dividend Low Volatility Index,DFH Dividend Low Volatility,2156.99,2160.56,2140.95,2150.2,-1.7,-0.08,2708.79,390.65,100.0,10.83
2020-09-28,931446,中证东方红红利低波动指数,东证红利低波,CSI Dongfanghong Dividend Low Volatility Index,DFH Dividend Low Volatility,2155.01,2163.9,2147.26,2153.44,3.24,0.15,2778.34,394.64,100.0,10.9
2020-09-29,931446,中证东方红红利低波动指数,东证红利低波,CSI Dongfanghong Dividend Low Volatility Index,DFH Dividend Low Volatility,2161.04,2169.41,2151.6,2152.83,-0.62,-0.03,2688.49,409.07,100.0,10.85
2020-09-30,931446,中证东方红红利低波动指数,东证红利低波,CSI Dongfanghong Dividend Low Volatility Index,DFH Dividend Low Volatility,2156.59,2160.71,2133.63,2142.79,-10.04,-0.47,3070.04,469.18,100.0,10.84
2020-10-09,931446,中证东方红红利低波动指数,东证红利低波,CSI Dongfanghong Dividend Low Volatility Index,DFH Dividend Low Volatility,2167.5,2183.3,2167.35,2176.07,33.28,1.55,3421.12,549.73,100.0,10.96
2020-10-12,931446,中证东方红红利低波动指数,东证红利低波,CSI Dongfanghong Dividend Low Volatility Index,DFH Dividend Low Volatility,2184.82,2228.83,2184.29,2228.18,52.11,2.39,5352.26,834.09,100.0,11.26
2020-10-13,931446,中证东方红红利低波动指数,东证红利低波,CSI Dongfanghong Dividend Low Volatility Index,DFH Dividend Low Volatility,2223.88,2232.39,2216.09,2231.23,3.04,0.14,3561.09,549.27,100.0,11.26
2020-10-14,931446,中证东方红红利低波动指数,东证红利低波,CSI Dongfanghong Dividend Low Volatility Index,DFH Dividend Low Volatility,2228.13,2228.13,2216.2,2222.91,-8.32,-0.37,3298.11,515.22,100.0,11.22
2020-10-15,931446,中证东方红红利低波动指数,东证红利低波,CSI Dongfanghong Dividend Low Volatility Index,DFH Dividend Low Volatility,2225.65,2238.03,2220.71,2227.49,4.58,0.21,3666.22,543.48,100.0,11.26
2020-10-16,931446,中证东方红红利低波动指数,东证红利低波,CSI Dongfanghong Dividend Low Volatility Index,DFH Dividend Low Volatility,2227.52,2245.97,2227.52,2238.8,11.31,0.51,5358.94,648.59,100.0,11.31
2020-10-19,931446,中证东方红红利低波动指数,东证红利低波,CSI Dongfanghong Dividend Low Volatility Index,DFH Dividend Low Volatility,2246.99,2268.62,2223.73,2227.15,-11.65,-0.52,5524.62,722.41,100.0,11.29
2020-10-20,931446,中证东方红红利低波动指数,东证红利低波,CSI Dongfanghong Dividend Low Volatility Index,DFH Dividend Low Volatility,2224.51,2234.71,2217.26,2234.05,6.91,0.31,3684.07,532.01,100.0,11.32
2020-10-21,931446,中证东方红红利低波动指数,东证红利低波,CSI Dongfanghong Dividend Low Volatility Index,DFH Dividend Low Volatility,2234.93,2247.83,2226.94,2245.63,11.58,0.52,3975.76,543.23,100.0,11.44
2020-10-22,931446,中证东方红红利低波动指数,东证红利低波,CSI Dongfanghong Dividend Low Volatility Index,DFH Dividend Low Volatility,2239.68,2241.97,2224.68,2239.99,-5.64,-0.25,3544.75,560.32,100.0,11.42
2020-10-23,931446,中证东方红红利低波动指数,东证红利低波,CSI Dongfanghong Dividend Low Volatility Index,DFH Dividend Low Volatility,2236.54,2255.02,2231.0,2232.94,-7.05,-0.31,4265.04,609.76,100.0,11.35
2020-10-26,931446,中证东方红红利低波动指数,东证红利低波,CSI Dongfanghong Dividend Low Volatility Index,DFH Dividend Low Volatility,2229.27,2229.27,2209.9,2222.37,-10.57,-0.47,4276.58,656.38,100.0,11.21
2020-10-27,931446,中证东方红红利低波动指数,东证红利低波,CSI Dongfanghong Dividend Low Volatility Index,DFH Dividend Low Volatility,2216.51,2220.41,2205.47,2215.02,-7.34,-0.33,3397.89,529.09,100.0,11.19
2020-10-28,931446,中证东方红红利低波动指数,东证红利低波,CSI Dongfanghong Dividend Low Volatility Index,DFH Dividend Low Volatility,2213.1,2221.9,2199.61,2215.55,0.53,0.02,3833.86,634.93,100.0,11.22
2020-10-29,931446,中证东方红红利低波动指数,东证红利低波,CSI Dongfanghong Dividend Low Volatility Index,DFH Dividend Low Volatility,2192.68,2232.16,2190.52,2220.58,5.03,0.23,4282.24,769.57,100.0,11.28
2020-10-30,931446,中证东方红红利低波动指数,东证红利低波,CSI Dongfanghong Dividend Low Volatility Index,DFH Dividend Low Volatility,2224.19,2228.4,2187.37,2189.91,-30.67,-1.38,4786.45,767.0,100.0,11.13
2020-11-02,931446,中证东方红红利低波动指数,东证红利低波,CSI Dongfanghong Dividend Low Volatility Index,DFH Dividend Low Volatility,2193.77,2207.86,2193.77,2202.62,12.71,0.58,4766.0,756.62,100.0,10.93
2020-11-03,931446,中证东方红红利低波动指数,东证红利低波,CSI Dongfanghong Dividend Low Volatility Index,DFH Dividend Low Volatility,2212.14,2230.84,2210.63,2225.46,22.84,1.04,4673.89,701.74,100.0,11.06
2020-11-04,931446,中证东方红红利低波动指数,东证红利低波,CSI Dongfanghong Dividend Low Volatility Index,DFH Dividend Low Volatility,2228.55,2247.8,2221.85,2246.15,20.68,0.93,4001.6,652.64,100.0,11.13
2020-11-05,931446,中证东方红红利低波动指数,东证红利低波,CSI Dongfanghong Dividend Low Volatility Index,DFH Dividend Low Volatility,2261.55,2278.95,2259.51,2278.92,32.77,1.46,4649.55,751.29,100.0,11.24
2020-11-06,931446,中证东方红红利低波动指数,东证红利低波,CSI Dongfanghong Dividend Low Volatility Index,DFH Dividend Low Volatility,2281.3,2281.56,2264.97,2279.35,0.44,0.02,4889.54,734.48,100.0,11.23
2020-11-09,931446,中证东方红红利低波动指数,东证红利低波,CSI Dongfanghong Dividend Low Volatility Index,DFH Dividend Low Volatility,2287.84,2308.24,2287.84,2306.31,26.96,1.18,6185.99,928.7,100.0,11.4
2020-11-10,931446,中证东方红红利低波动指数,东证红利低波,CSI Dongfanghong Dividend Low Volatility Index,DFH Dividend Low Volatility,2311.13,2311.13,2281.52,2290.85,-15.46,-0.67,5635.89,831.56,100.0,11.39
2020-11-11,931446,中证东方红红利低波动指数,东证红利低波,CSI Dongfanghong Dividend Low Volatility Index,DFH Dividend Low Volatility,2288.51,2309.81,2285.69,2294.51,3.65,0.16,5618.71,770.72,100.0,11.4
2020-11-12,931446,中证东方红红利低波动指数,东证红利低波,CSI Dongfanghong Dividend Low Volatility Index,DFH Dividend Low Volatility,2293.85,2298.19,2282.7,2291.78,-2.73,-0.12,3863.7,573.32,100.0,11.34
2020-11-13,931446,中证东方红红利低波动指数,东证红利低波,CSI Dongfanghong Dividend Low Volatility Index,DFH Dividend Low Volatility,2284.73,2284.73,2252.01,2263.52,-28.26,-1.23,4586.82,656.56,100.0,11.18
2020-11-16,931446,中证东方红红利低波动指数,东证红利低波,CSI Dongfanghong Dividend Low Volatility Index,DFH Dividend Low Volatility,2270.99,2296.13,2270.81,2296.13,32.62,1.44,4775.25,699.41,100.0,11.3
2020-11-17,931446,中证东方红红利低波动指数,东证红利低波,CSI Dongfanghong Dividend Low Volatility Index,DFH Dividend Low Volatility,2296.05,2303.7,2289.81,2299.7,3.57,0.15,4814.13,729.13,100.0,11.32
2020-11-18,931446,中证东方红红利低波动指数,东证红利低波,CSI Dongfanghong Dividend Low Volatility Index,DFH Dividend Low Volatility,2295.73,2316.21,2293.76,2309.45,9.75,0.42,5700.86,822.76,100.0,11.38
2020-11-19,931446,中证东方红红利低波动指数,东证红利低波,CSI Dongfanghong Dividend Low Volatility Index,DFH Dividend Low Volatility,2306.6,2322.14,2301.54,2318.43,8.98,0.39,4537.72,674.45,100.0,11.46
2020-11-20,931446,中证东方红红利低波动指数,东证红利低波,CSI Dongfanghong Dividend Low Volatility Index,DFH Dividend Low Volatility,2315.47,2333.67,2312.82,2333.03,14.6,0.63,4232.6,623.09,100.0,11.46
2020-11-23,931446,中证东方红红利低波动指数,东证红利低波,CSI Dongfanghong Dividend Low Volatility Index,DFH Dividend Low Volatility,2332.32,2366.34,2329.31,2356.45,23.41,1.0,7058.5,1020.01,100.0,11.64
2020-11-24,931446,中证东方红红利低波动指数,东证红利低波,CSI Dongfanghong Dividend Low Volatility Index,DFH Dividend Low Volatility,2354.06,2357.68,2340.59,2346.55,-9.89,-0.42,4833.68,707.39,100.0,11.56
2020-11-25,931446,中证东方红红利低波动指数,东证红利低波,CSI Dongfanghong Dividend Low Volatility Index,DFH Dividend Low Volatility,2355.51,2363.04,2318.04,2318.08,-28.47,-1.21,5486.59,820.95,100.0,11.44
2020-11-26,931446,中证东方红红利低波动指数,东证红利低波,CSI Dongfanghong Dividend Low Volatility Index,DFH Dividend Low Volatility,2316.73,2327.6,2309.4,2326.21,8.13,0.35,4675.66,734.17,100.0,11.5
2020-11-27,931446,中证东方红红利低波动指数,东证红利低波,CSI Dongfanghong Dividend Low Volatility Index,DFH Dividend Low Volatility,2333.3,2352.59,2322.63,2352.59,26.38,1.13,6847.27,795.64,100.0,11.7
2020-11-30,931446,中证东方红红利低波动指数,东证红利低波,CSI Dongfanghong Dividend Low Volatility Index,DFH Dividend Low Volatility,2360.01,2388.44,2337.1,2337.1,-15.49,-0.66,10888.78,1332.4,100.0,11.57
2020-12-01,931446,中证东方红红利低波动指数,东证红利低波,CSI Dongfanghong Dividend Low Volatility Index,DFH Dividend Low Volatility,2337.19,2375.9,2333.54,2371.48,34.38,1.47,6955.66,924.97,100.0,11.8
2020-12-02,931446,中证东方红红利低波动指数,东证红利低波,CSI Dongfanghong Dividend Low Volatility Index,DFH Dividend Low Volatility,2373.18,2387.07,2360.91,2373.67,2.19,0.09,6125.21,808.0,100.0,11.79
2020-12-03,931446,中证东方红红利低波动指数,东证红利低波,CSI Dongfanghong Dividend Low Volatility Index,DFH Dividend Low Volatility,2374.87,2374.87,2348.7,2357.73,-15.94,-0.67,6314.75,753.44,100.0,11.73
2020-12-04,931446,中证东方红红利低波动指数,东证红利低波,CSI Dongfanghong Dividend Low Volatility Index,DFH Dividend Low Volatility,2355.91,2355.91,2333.17,2349.22,-8.51,-0.36,5377.65,793.83,100.0,11.71
2020-12-07,931446,中证东方红红利低波动指数,东证红利低波,CSI Dongfanghong Dividend Low Volatility Index,DFH Dividend Low Volatility,2348.44,2349.34,2317.13,2317.32,-31.89,-1.36,5063.42,794.32,100.0,11.58
2020-12-08,931446,中证东方红红利低波动指数,东证红利低波,CSI Dongfanghong Dividend Low Volatility Index,DFH Dividend Low Volatility,2319.82,2325.6,2307.14,2311.23,-6.1,-0.26,4497.71,727.57,100.0,11.57
2020-12-09,931446,中证东方红红利低波动指数,东证红利低波,CSI Dongfanghong Dividend Low Volatility Index,DFH Dividend Low Volatility,2314.3,2317.89,2283.37,2283.54,-27.69,-1.2,4277.07,646.19,100.0,11.48
2020-12-10,931446,中证东方红红利低波动指数,东证红利低波,CSI Dongfanghong Dividend Low Volatility Index,DFH Dividend Low Volatility,2281.38,2286.46,2270.95,2277.21,-6.33,-0.28,4223.78,611.16,100.0,11.44
2020-12-11,931446,中证东方红红利低波动指数,东证红利低波,CSI Dongfanghong Dividend Low Volatility Index,DFH Dividend Low Volatility,2283.98,2284.58,2237.27,2260.07,-17.14,-0.75,5389.01,753.55,100.0,11.35
2020-12-14,931446,中证东方红红利低波动指数,东证红利低波,CSI Dongfanghong Dividend Low Volatility Index,DFH Dividend Low Volatility,2256.77,2259.73,2247.24,2258.26,-1.81,-0.08,3739.87,425.83,100.0,8.62
2020-12-15,931446,中证东方红红利低波动指数,东证红利低波,CSI Dongfanghong Dividend Low Volatility Index,DFH Dividend Low Volatility,2257.6,2257.6,2240.15,2252.36,-5.9,-0.26,3852.99,437.25,100.0,8.58
2020-12-16,931446,中证东方红红利低波动指数,东证红利低波,CSI Dongfanghong Dividend Low Volatility Index,DFH Dividend Low Volatility,2253.44,2260.94,2245.18,2251.29,-1.07,-0.05,3248.77,383.25,100.0,8.6
2020-12-17,931446,中证东方红红利低波动指数,东证红利低波,CSI Dongfanghong Dividend Low Volatility Index,DFH Dividend Low Volatility,2251.71,2273.02,2240.55,2271.79,20.5,0.91,3937.29,448.35,100.0,8.67
2020-12-18,931446,中证东方红红利低波动指数,东证红利低波,CSI Dongfanghong Dividend Low Volatility Index,DFH Dividend Low Volatility,2272.68,2285.56,2266.03,2272.11,0.32,0.01,4154.01,438.84,100.0,8.64
2020-12-21,931446,中证东方红红利低波动指数,东证红利低波,CSI Dongfanghong Dividend Low Volatility Index,DFH Dividend Low Volatility,2271.14,2280.64,2257.4,2274.02,1.91,0.08,3956.63,453.84,100.0,8.62
2020-12-22,931446,中证东方红红利低波动指数,东证红利低波,CSI Dongfanghong Dividend Low Volatility Index,DFH Dividend Low Volatility,2267.31,2267.31,2228.64,2231.84,-42.18,-1.86,4804.75,548.4,100.0,8.46
2020-12-23,931446,中证东方红红利低波动指数,东证红利低波,CSI Dongfanghong Dividend Low Volatility Index,DFH Dividend Low Volatility,2232.8,2245.6,2228.41,2240.04,8.21,0.37,4156.7,470.44,100.0,8.51
2020-12-24,931446,中证东方红红利低波动指数,东证红利低波,CSI Dongfanghong Dividend Low Volatility Index,DFH Dividend Low Volatility,2241.06,2243.97,2216.92,2220.86,-19.19,-0.86,3112.54,354.74,100.0,8.5
2020-12-25,931446,中证东方红红利低波动指数,东证红利低波,CSI Dongfanghong Dividend Low Volatility Index,DFH Dividend Low Volatility,2219.24,2247.43,2216.82,2239.44,18.59,0.84,3616.27,407.27,100.0,8.54
2020-12-28,931446,中证东方红红利低波动指数,东证红利低波,CSI Dongfanghong Dividend Low Volatility Index,DFH Dividend Low Volatility,2239.25,2246.07,2230.54,2237.81,-1.64,-0.07,4424.07,512.69,100.0,8.59
2020-12-29,931446,中证东方红红利低波动指数,东证红利低波,CSI Dongfanghong Dividend Low Volatility Index,DFH Dividend Low Volatility,2239.83,2242.3,2222.52,2223.59,-14.22,-0.63,4045.94,439.77,100.0,8.55
2020-12-30,931446,中证东方红红利低波动指数,东证红利低波,CSI Dongfanghong Dividend Low Volatility Index,DFH Dividend Low Volatility,2222.14,2235.61,2220.57,2229.47,5.89,0.26,3848.09,446.69,100.0,8.58
2020-12-31,931446,中证东方红红利低波动指数,东证红利低波,CSI Dongfanghong Dividend Low Volatility Index,DFH Dividend Low Volatility,2230.64,2248.32,2229.55,2246.08,16.6,0.74,4523.83,526.68,100.0,8.67
2021-01-04,931446,中证东方红红利低波动指数,东证红利低波,CSI Dongfanghong Dividend Low Volatility Index,DFH Dividend Low Volatility,2245.33,2254.78,2230.96,2250.48,4.4,0.2,5800.05,699.54,100.0,8.65
2021-01-05,931446,中证东方红红利低波动指数,东证红利低波,CSI Dongfanghong Dividend Low Volatility Index,DFH Dividend Low Volatility,2246.58,2253.02,2230.74,2252.67,2.19,0.1,6321.72,758.79,100.0,8.64
2021-01-06,931446,中证东方红红利低波动指数,东证红利低波,CSI Dongfanghong Dividend Low Volatility Index,DFH Dividend Low Volatility,2250.95,2266.7,2247.4,2266.59,13.93,0.62,5903.17,675.76,100.0,8.74
2021-01-07,931446,中证东方红红利低波动指数,东证红利低波,CSI Dongfanghong Dividend Low Volatility Index,DFH Dividend Low Volatility,2267.03,2268.85,2242.04,2261.53,-5.06,-0.22,6702.13,741.75,100.0,8.83
2021-01-08,931446,中证东方红红利低波动指数,东证红利低波,CSI Dongfanghong Dividend Low Volatility Index,DFH Dividend Low Volatility,2260.37,2278.21,2255.22,2273.71,12.18,0.54,5992.69,729.57,100.0,8.87
2021-01-11,931446,中证东方红红利低波动指数,东证红利低波,CSI Dongfanghong Dividend Low Volatility Index,DFH Dividend Low Volatility,2274.61,2277.25,2241.96,2247.28,-26.43,-1.16,6773.83,796.87,100.0,8.82
2021-01-12,931446,中证东方红红利低波动指数,东证红利低波,CSI Dongfanghong Dividend Low Volatility Index,DFH Dividend Low Volatility,2243.34,2271.4,2242.53,2271.4,24.12,1.07,5974.36,719.7,100.0,8.96
2021-01-13,931446,中证东方红红利低波动指数,东证红利低波,CSI Dongfanghong Dividend Low Volatility Index,DFH Dividend Low Volatility,2269.62,2301.11,2262.11,2293.23,21.83,0.96,8293.96,877.54,100.0,9.01
2021-01-14,931446,中证东方红红利低波动指数,东证红利低波,CSI Dongfanghong Dividend Low Volatility Index,DFH Dividend Low Volatility,2288.85,2318.52,2284.25,2298.65,5.41,0.24,8286.26,853.25,100.0,8.99
2021-01-15,931446,中证东方红红利低波动指数,东证红利低波,CSI Dongfanghong Dividend Low Volatility Index,DFH Dividend Low Volatility,2303.96,2321.0,2292.47,2300.0,1.36,0.06,8786.59,989.36,100.0,9.06
2021-01-18,931446,中证东方红红利低波动指数,东证红利低波,CSI Dongfanghong Dividend Low Volatility Index,DFH Dividend Low Volatility,2296.22,2311.99,2293.44,2306.88,6.88,0.3,6382.69,766.49,100.0,9.1
2021-01-19,931446,中证东方红红利低波动指数,东证红利低波,CSI Dongfanghong Dividend Low Volatility Index,DFH Dividend Low Volatility,2306.84,2318.9,2292.79,2306.51,-0.37,-0.02,6466.79,723.53,100.0,9.06
2021-01-20,931446,中证东方红红利低波动指数,东证红利低波,CSI Dongfanghong Dividend Low Volatility Index,DFH Dividend Low Volatility,2304.97,2311.91,2288.48,2294.88,-11.63,-0.5,5496.26,653.67,100.0,9.01
2021-01-21,931446,中证东方红红利低波动指数,东证红利低波,CSI Dongfanghong Dividend Low Volatility Index,DFH Dividend Low Volatility,2296.28,2309.37,2288.14,2299.39,4.51,0.2,5406.23,687.01,100.0,9.04
2021-01-22,931446,中证东方红红利低波动指数,东证红利低波,CSI Dongfanghong Dividend Low Volatility Index,DFH Dividend Low Volatility,2298.42,2298.42,2267.04,2271.55,-27.84,-1.21,5527.42,704.06,100.0,8.93
2021-01-25,931446,中证东方红红利低波动指数,东证红利低波,CSI Dongfanghong Dividend Low Volatility Index,DFH Dividend Low Volatility,2266.53,2266.53,2250.87,2259.69,-11.86,-0.52,5305.06,720.41,100.0,8.95
2021-01-26,931446,中证东方红红利低波动指数,东证红利低波,CSI Dongfanghong Dividend Low Volatility Index,DFH Dividend Low Volatility,2254.29,2262.6,2243.34,2246.22,-13.47,-0.6,4369.89,568.6,100.0,8.86
2021-01-27,931446,中证东方红红利低波动指数,东证红利低波,CSI Dongfanghong Dividend Low Volatility Index,DFH Dividend Low Volatility,2246.2,2271.06,2246.2,2261.04,14.82,0.66,4822.46,575.26,100.0,8.93
2021-01-28,931446,中证东方红红利低波动指数,东证红利低波,CSI Dongfanghong Dividend Low Volatility Index,DFH Dividend Low Volatility,2247.41,2247.41,2227.83,2233.12,-27.92,-1.23,4548.36,576.23,100.0,8.81
2021-01-29,931446,中证东方红红利低波动指数,东证红利低波,CSI Dongfanghong Dividend Low Volatility Index,DFH Dividend Low Volatility,2237.59,2242.32,2208.78,2223.26,-9.86,-0.44,5093.7,632.27,100.0,8.78
2021-02-01,931446,中证东方红红利低波动指数,东证红利低波,CSI Dongfanghong Dividend Low Volatility Index,DFH Dividend Low Volatility,2220.29,2246.81,2213.85,2245.63,22.37,1.0,4738.82,558.18,100.0,8.87
2021-02-02,931446,中证东方红红利低波动指数,东证红利低波,CSI Dongfanghong Dividend Low Volatility Index,DFH Dividend Low Volatility,2246.55,2255.87,2240.78,2246.49,0.86,0.04,4825.81,618.87,100.0,8.87
2021-02-03,931446,中证东方红红利低波动指数,东证红利低波,CSI Dongfanghong Dividend Low Volatility Index,DFH Dividend Low Volatility,2244.03,2249.98,2230.01,2241.53,-4.96,-0.22,4977.09,673.86,100.0,8.85
2021-02-04,931446,中证东方红红利低波动指数,东证红利低波,CSI Dongfanghong Dividend Low Volatility Index,DFH Dividend Low Volatility,2234.74,2238.54,2210.01,2227.37,-14.17,-0.63,5239.41,672.73,100.0,8.86
2021-02-05,931446,中证东方红红利低波动指数,东证红利低波,CSI Dongfanghong Dividend Low Volatility Index,DFH Dividend Low Volatility,2228.27,2256.04,2227.03,2246.26,18.9,0.85,6765.69,738.65,100.0,8.98
2021-02-08,931446,中证东方红红利低波动指数,东证红利低波,CSI Dongfanghong Dividend Low Volatility Index,DFH Dividend Low Volatility,2248.03,2268.17,2237.86,2265.09,18.83,0.84,5334.63,645.16,100.0,9.03
2021-02-09,931446,中证东方红红利低波动指数,东证红利低波,CSI Dongfanghong Dividend Low Volatility Index,DFH Dividend Low Volatility,2264.14,2289.85,2257.83,2289.27,24.18,1.07,5114.1,671.52,100.0,9.09
2021-02-10,931446,中证东方红红利低波动指数,东证红利低波,CSI Dongfanghong Dividend Low Volatility Index,DFH Dividend Low Volatility,2291.38,2303.09,2285.34,2298.56,9.29,0.4,5974.31,709.63,100.0,9.17
2021-02-18,931446,中证东方红红利低波动指数,东证红利低波,CSI Dongfanghong Dividend Low Volatility Index,DFH Dividend Low Volatility,2329.53,2338.96,2321.78,2332.06,33.49,1.46,7365.13,903.71,100.0,9.24
2021-02-19,931446,中证东方红红利低波动指数,东证红利低波,CSI Dongfanghong Dividend Low Volatility Index,DFH Dividend Low Volatility,2328.45,2373.45,2325.75,2373.11,41.05,1.76,6724.53,797.67,100.0,9.32
2021-02-22,931446,中证东方红红利低波动指数,东证红利低波,CSI Dongfanghong Dividend Low Volatility Index,DFH Dividend Low Volatility,2379.0,2415.4,2376.43,2382.12,9.01,0.38,9615.59,1009.56,100.0,9.28
2021-02-23,931446,中证东方红红利低波动指数,东证红利低波,CSI Dongfanghong Dividend Low Volatility Index,DFH Dividend Low Volatility,2376.46,2397.23,2371.54,2376.36,-5.76,-0.24,7655.14,789.03,100.0,9.3
2021-02-24,931446,中证东方红红利低波动指数,东证红利低波,CSI Dongfanghong Dividend Low Volatility Index,DFH Dividend Low Volatility,2378.67,2383.26,2333.42,2349.45,-26.91,-1.13,6893.63,797.42,100.0,9.18
2021-02-25,931446,中证东方红红利低波动指数,东证红利低波,CSI Dongfanghong Dividend Low Volatility Index,DFH Dividend Low Volatility,2366.7,2384.31,2356.78,2372.18,22.74,0.97,7385.78,809.13,100.0,9.33
2021-02-26,931446,中证东方红红利低波动指数,东证红利低波,CSI Dongfanghong Dividend Low Volatility Index,DFH Dividend Low Volatility,2342.36,2354.89,2325.52,2328.14,-44.05,-1.86,6939.06,783.7,100.0,9.11
2021-03-01,931446,中证东方红红利低波动指数,东证红利低波,CSI Dongfanghong Dividend Low Volatility Index,DFH Dividend Low Volatility,2338.48,2350.0,2333.02,2348.97,20.83,0.89,5276.32,584.9,100.0,9.14
2021-03-02,931446,中证东方红红利低波动指数,东证红利低波,CSI Dongfanghong Dividend Low Volatility Index,DFH Dividend Low Volatility,2354.8,2358.5,2322.75,2336.33,-12.64,-0.54,5891.11,654.86,100.0,9.06
2021-03-03,931446,中证东方红红利低波动指数,东证红利低波,CSI Dongfanghong Dividend Low Volatility Index,DFH Dividend Low Volatility,2335.25,2390.89,2334.45,2390.07,53.74,2.3,7200.94,772.74,100.0,9.31
2021-03-04,931446,中证东方红红利低波动指数,东证红利低波,CSI Dongfanghong Dividend Low Volatility Index,DFH Dividend Low Volatility,2378.52,2394.69,2370.0,2378.02,-12.05,-0.5,7121.37,731.85,100.0,9.23
2021-03-05,931446,中证东方红红利低波动指数,东证红利低波,CSI Dongfanghong Dividend Low Volatility Index,DFH Dividend Low Volatility,2362.5,2383.82,2356.2,2375.51,-2.51,-0.1,6325.0,643.17,100.0,9.21
2021-03-08,931446,中证东方红红利低波动指数,东证红利低波,CSI Dongfanghong Dividend Low Volatility Index,DFH Dividend Low Volatility,2389.09,2408.4,2364.29,2366.01,-9.5,-0.4,6827.63,709.58,100.0,9.11
2021-03-09,931446,中证东方红红利低波动指数,东证红利低波,CSI Dongfanghong Dividend Low Volatility Index,DFH Dividend Low Volatility,2366.69,2381.8,2327.0,2349.92,-16.09,-0.68,7535.96,771.63,100.0,9.0
2021-03-10,931446,中证东方红红利低波动指数,东证红利低波,CSI Dongfanghong Dividend Low Volatility Index,DFH Dividend Low Volatility,2354.06,2364.12,2331.51,2333.01,-16.91,-0.72,5375.65,554.75,100.0,8.97
2021-03-11,931446,中证东方红红利低波动指数,东证红利低波,CSI Dongfanghong Dividend Low Volatility Index,DFH Dividend Low Volatility,2339.87,2381.76,2339.87,2381.31,48.29,2.07,6237.19,644.05,100.0,9.16
2021-03-12,931446,中证东方红红利低波动指数,东证红利低波,CSI Dongfanghong Dividend Low Volatility Index,DFH Dividend Low Volatility,2383.27,2412.26,2370.62,2407.4,26.1,1.09,7240.29,684.6,100.0,9.25
2021-03-15,931446,中证东方红红利低波动指数,东证红利低波,CSI Dongfanghong Dividend Low Volatility Index,DFH Dividend Low Volatility,2401.5,2429.49,2400.68,2420.04,12.63,0.52,7068.15,684.32,100.0,9.27
2021-03-16,931446,中证东方红红利低波动指数,东证红利低波,CSI Dongfanghong Dividend Low Volatility Index,DFH Dividend Low Volatility,2418.74,2440.18,2414.57,2439.7,19.66,0.81,5355.65,545.07,100.0,9.34
2021-03-17,931446,中证东方红红利低波动指数,东证红利低波,CSI Dongfanghong Dividend Low Volatility Index,DFH Dividend Low Volatility,2431.99,2432.1,2401.35,2412.08,-27.62,-1.13,4862.09,530.01,100.0,9.23
2021-03-18,931446,中证东方红红利低波动指数,东证红利低波,CSI Dongfanghong Dividend Low Volatility Index,DFH Dividend Low Volatility,2411.14,2428.47,2407.84,2417.89,5.82,0.24,4350.22,470.61,100.0,9.23
2021-03-19,931446,中证东方红红利低波动指数,东证红利低波,CSI Dongfanghong Dividend Low Volatility Index,DFH Dividend Low Volatility,2401.02,2414.48,2381.35,2392.28,-25.61,-1.06,5937.48,588.16,100.0,9.04
2021-03-22,931446,中证东方红红利低波动指数,东证红利低波,CSI Dongfanghong Dividend Low Volatility Index,DFH Dividend Low Volatility,2392.0,2432.16,2392.0,2431.02,38.74,1.62,5574.37,535.61,100.0,9.17
2021-03-23,931446,中证东方红红利低波动指数,东证红利低波,CSI Dongfanghong Dividend Low Volatility Index,DFH Dividend Low Volatility,2433.79,2433.86,2400.39,2412.13,-18.89,-0.78,5160.55,500.2,100.0,9.11
2021-03-24,931446,中证东方红红利低波动指数,东证红利低波,CSI Dongfanghong Dividend Low Volatility Index,DFH Dividend Low Volatility,2403.6,2418.19,2388.31,2396.6,-15.52,-0.64,4951.36,494.8,100.0,9.03
2021-03-25,931446,中证东方红红利低波动指数,东证红利低波,CSI Dongfanghong Dividend Low Volatility Index,DFH Dividend Low Volatility,2399.16,2401.29,2376.83,2380.77,-15.83,-0.66,4325.89,426.58,100.0,8.98
2021-03-26,931446,中证东方红红利低波动指数,东证红利低波,CSI Dongfanghong Dividend Low Volatility Index,DFH Dividend Low Volatility,2389.02,2414.88,2389.02,2409.86,29.08,1.22,4783.11,487.09,100.0,9.05
2021-03-29,931446,中证东方红红利低波动指数,东证红利低波,CSI Dongfanghong Dividend Low Volatility Index,DFH Dividend Low Volatility,2417.67,2434.56,2410.63,2433.55,23.7,0.98,5756.88,591.39,100.0,9.12
2021-03-30,931446,中证东方红红利低波动指数,东证红利低波,CSI Dongfanghong Dividend Low Volatility Index,DFH Dividend Low Volatility,2429.37,2434.88,2410.99,2432.83,-0.72,-0.03,4933.05,532.19,100.0,9.16
2021-03-31,931446,中证东方红红利低波动指数,东证红利低波,CSI Dongfanghong Dividend Low Volatility Index,DFH Dividend Low Volatility,2427.33,2445.58,2422.87,2443.27,10.44,0.43,6134.78,553.22,100.0,9.17
2021-04-01,931446,中证东方红红利低波动指数,东证红利低波,CSI Dongfanghong Dividend Low Volatility Index,DFH Dividend Low Volatility,2440.19,2445.2,2431.07,2442.24,-1.04,-0.04,4618.77,415.0,100.0,9.18
2021-04-02,931446,中证东方红红利低波动指数,东证红利低波,CSI Dongfanghong Dividend Low Volatility Index,DFH Dividend Low Volatility,2441.97,2442.1,2418.07,2420.29,-21.94,-0.9,4406.78,433.59,100.0,9.11
2021-04-06,931446,中证东方红红利低波动指数,东证红利低波,CSI Dongfanghong Dividend Low Volatility Index,DFH Dividend Low Volatility,2421.36,2423.95,2414.43,2419.66,-0.63,-0.03,3312.29,353.03,100.0,9.09
2021-04-07,931446,中证东方红红利低波动指数,东证红利低波,CSI Dongfanghong Dividend Low Volatility Index,DFH Dividend Low Volatility,2418.2,2430.6,2412.83,2430.6,10.94,0.45,4624.24,473.61,100.0,9.08
2021-04-08,931446,中证东方红红利低波动指数,东证红利低波,CSI Dongfanghong Dividend Low Volatility Index,DFH Dividend Low Volatility,2427.02,2427.02,2411.79,2417.85,-12.75,-0.52,4067.77,392.13,100.0,9.06
2021-04-09,931446,中证东方红红利低波动指数,东证红利低波,CSI Dongfanghong Dividend Low Volatility Index,DFH Dividend Low Volatility,2416.05,2422.19,2410.08,2417.08,-0.77,-0.03,3802.1,403.29,100.0,9.02
2021-04-12,931446,中证东方红红利低波动指数,东证红利低波,CSI Dongfanghong Dividend Low Volatility Index,DFH Dividend Low Volatility,2414.25,2425.69,2408.61,2414.84,-2.24,-0.09,4491.89,437.8,100.0,9.02
2021-04-13,931446,中证东方红红利低波动指数,东证红利低波,CSI Dongfanghong Dividend Low Volatility Index,DFH Dividend Low Volatility,2407.28,2410.72,2384.5,2389.32,-25.51,-1.06,3968.91,390.62,100.0,8.97
2021-04-14,931446,中证东方红红利低波动指数,东证红利低波,CSI Dongfanghong Dividend Low Volatility Index,DFH Dividend Low Volatility,2388.65,2399.37,2384.95,2394.91,5.59,0.23,3653.67,368.72,100.0,8.95
2021-04-15,931446,中证东方红红利低波动指数,东证红利低波,CSI Dongfanghong Dividend Low Volatility Index,DFH Dividend Low Volatility,2395.83,2396.12,2378.71,2388.95,-5.96,-0.25,3810.47,436.74,100.0,8.89
2021-04-16,931446,中证东方红红利低波动指数,东证红利低波,CSI Dongfanghong Dividend Low Volatility Index,DFH Dividend Low Volatility,2392.09,2412.1,2389.89,2411.95,23.0,0.96,3412.11,350.24,100.0,8.93
2021-04-19,931446,中证东方红红利低波动指数,东证红利低波,CSI Dongfanghong Dividend Low Volatility Index,DFH Dividend Low Volatility,2411.34,2424.47,2406.6,2421.4,9.45,0.39,4438.3,504.48,100.0,9.02
2021-04-20,931446,中证东方红红利低波动指数,东证红利低波,CSI Dongfanghong Dividend Low Volatility Index,DFH Dividend Low Volatility,2416.07,2423.53,2413.04,2415.0,-6.4,-0.26,3732.73,401.63,100.0,8.99
2021-04-21,931446,中证东方红红利低波动指数,东证红利低波,CSI Dongfanghong Dividend Low Volatility Index,DFH Dividend Low Volatility,2408.86,2414.54,2400.6,2410.65,-4.35,-0.18,3809.45,408.94,100.0,8.99
2021-04-22,931446,中证东方红红利低波动指数,东证红利低波,CSI Dongfanghong Dividend Low Volatility Index,DFH Dividend Low Volatility,2414.97,2420.6,2403.16,2407.0,-3.65,-0.15,3925.05,387.63,100.0,8.94
2021-04-23,931446,中证东方红红利低波动指数,东证红利低波,CSI Dongfanghong Dividend Low Volatility Index,DFH Dividend Low Volatility,2406.68,2409.86,2395.59,2405.35,-1.65,-0.07,3683.39,433.94,100.0,8.95
2021-04-26,931446,中证东方红红利低波动指数,东证红利低波,CSI Dongfanghong Dividend Low Volatility Index,DFH Dividend Low Volatility,2407.89,2418.56,2388.76,2390.65,-14.7,-0.61,4200.51,523.1,100.0,8.85
2021-04-27,931446,中证东方红红利低波动指数,东证红利低波,CSI Dongfanghong Dividend Low Volatility Index,DFH Dividend Low Volatility,2388.92,2390.41,2372.35,2383.55,-7.1,-0.3,3455.62,371.73,100.0,8.84
2021-04-28,931446,中证东方红红利低波动指数,东证红利低波,CSI Dongfanghong Dividend Low Volatility Index,DFH Dividend Low Volatility,2381.46,2392.55,2374.49,2392.26,8.72,0.37,3533.65,397.36,100.0,8.83
2021-04-29,931446,中证东方红红利低波动指数,东证红利低波,CSI Dongfanghong Dividend Low Volatility Index,DFH Dividend Low Volatility,2394.83,2411.05,2389.4,2409.47,17.2,0.72,4813.41,553.46,100.0,8.95
2021-04-30,931446,中证东方红红利低波动指数,东证红利低波,CSI Dongfanghong Dividend Low Volatility Index,DFH Dividend Low Volatility,2403.23,2403.23,2373.8,2384.54,-24.93,-1.03,5893.54,607.45,100.0,8.82
2021-05-06,931446,中证东方红红利低波动指数,东证红利低波,CSI Dongfanghong Dividend Low Volatility Index,DFH Dividend Low Volatility,2386.78,2406.38,2386.66,2398.06,13.53,0.57,5041.12,556.52,100.0,7.93
2021-05-07,931446,中证东方红红利低波动指数,东证红利低波,CSI Dongfanghong Dividend Low Volatility Index,DFH Dividend Low Volatility,2400.62,2420.01,2394.98,2402.08,4.02,0.17,5431.64,541.92,100.0,7.95
2021-05-10,931446,中证东方红红利低波动指数,东证红利低波,CSI Dongfanghong Dividend Low Volatility Index,DFH Dividend Low Volatility,2406.08,2412.88,2392.29,2412.42,10.34,0.43,5116.85,518.05,100.0,7.97
2021-05-11,931446,中证东方红红利低波动指数,东证红利低波,CSI Dongfanghong Dividend Low Volatility Index,DFH Dividend Low Volatility,2400.26,2420.21,2388.45,2417.93,5.51,0.23,4584.76,452.91,100.0,7.98
2021-05-12,931446,中证东方红红利低波动指数,东证红利低波,CSI Dongfanghong Dividend Low Volatility Index,DFH Dividend Low Volatility,2411.07,2432.64,2410.05,2430.72,12.79,0.53,4121.97,417.47,100.0,8.0
2021-05-13,931446,中证东方红红利低波动指数,东证红利低波,CSI Dongfanghong Dividend Low Volatility Index,DFH Dividend Low Volatility,2415.79,2429.7,2410.08,2414.96,-15.77,-0.65,4161.46,423.13,100.0,7.94
2021-05-14,931446,中证东方红红利低波动指数,东证红利低波,CSI Dongfanghong Dividend Low Volatility Index,DFH Dividend Low Volatility,2420.49,2432.91,2415.41,2432.46,17.51,0.72,4517.1,507.6,100.0,8.04
2021-05-17,931446,中证东方红红利低波动指数,东证红利低波,CSI Dongfanghong Dividend Low Volatility Index,DFH Dividend Low Volatility,2430.02,2448.73,2429.12,2436.47,4.0,0.16,4564.79,504.91,100.0,8.06
2021-05-18,931446,中证东方红红利低波动指数,东证红利低波,CSI Dongfanghong Dividend Low Volatility Index,DFH Dividend Low Volatility,2436.65,2443.06,2429.78,2442.52,6.05,0.25,3200.15,349.88,100.0,8.06
2021-05-19,931446,中证东方红红利低波动指数,东证红利低波,CSI Dongfanghong Dividend Low Volatility Index,DFH Dividend Low Volatility,2439.59,2439.59,2421.27,2427.76,-14.76,-0.6,3750.41,409.98,100.0,7.98
2021-05-20,931446,中证东方红红利低波动指数,东证红利低波,CSI Dongfanghong Dividend Low Volatility Index,DFH Dividend Low Volatility,2419.67,2426.4,2407.51,2419.63,-8.13,-0.33,4335.41,493.95,100.0,8.01
2021-05-21,931446,中证东方红红利低波动指数,东证红利低波,CSI Dongfanghong Dividend Low Volatility Index,DFH Dividend Low Volatility,2418.46,2426.51,2415.9,2418.08,-1.56,-0.06,3588.86,408.16,100.0,7.95
2021-05-24,931446,中证东方红红利低波动指数,东证红利低波,CSI Dongfanghong Dividend Low Volatility Index,DFH Dividend Low Volatility,2417.57,2429.99,2409.97,2414.91,-3.16,-0.13,3522.18,384.16,100.0,7.95
2021-05-25,931446,中证东方红红利低波动指数,东证红利低波,CSI Dongfanghong Dividend Low Volatility Index,DFH Dividend Low Volatility,2416.03,2446.21,2407.27,2444.46,29.54,1.22,5564.12,683.78,100.0,8.13
2021-05-26,931446,中证东方红红利低波动指数,东证红利低波,CSI Dongfanghong Dividend Low Volatility Index,DFH Dividend Low Volatility,2446.43,2468.97,2442.6,2463.03,18.57,0.76,4910.94,584.99,100.0,8.16
2021-05-27,931446,中证东方红红利低波动指数,东证红利低波,CSI Dongfanghong Dividend Low Volatility Index,DFH Dividend Low Volatility,2462.1,2470.01,2458.71,2467.73,4.7,0.19,4423.19,514.15,100.0,8.15
2021-05-28,931446,中证东方红红利低波动指数,东证红利低波,CSI Dongfanghong Dividend Low Volatility Index,DFH Dividend Low Volatility,2473.0,2479.5,2458.32,2466.17,-1.56,-0.06,4337.89,471.92,100.0,8.16
2021-05-31,931446,中证东方红红利低波动指数,东证红利低波,CSI Dongfanghong Dividend Low Volatility Index,DFH Dividend Low Volatility,2470.37,2478.63,2453.85,2478.03,11.86,0.48,4766.32,530.88,100.0,8.12
2021-06-01,931446,中证东方红红利低波动指数,东证红利低波,CSI Dongfanghong Dividend Low Volatility Index,DFH Dividend Low Volatility,2475.42,2475.6,2453.56,2470.06,-7.97,-0.32,4654.7,526.69,100.0,8.08
2021-06-02,931446,中证东方红红利低波动指数,东证红利低波,CSI Dongfanghong Dividend Low Volatility Index,DFH Dividend Low Volatility,2469.77,2473.71,2459.95,2469.73,-0.34,-0.01,4653.31,479.82,100.0,8.08
2021-06-03,931446,中证东方红红利低波动指数,东证红利低波,CSI Dongfanghong Dividend Low Volatility Index,DFH Dividend Low Volatility,2471.1,2492.96,2466.73,2475.41,5.69,0.23,4844.38,491.08,100.0,8.06
2021-06-04,931446,中证东方红红利低波动指数,东证红利低波,CSI Dongfanghong Dividend Low Volatility Index,DFH Dividend Low Volatility,2464.37,2480.52,2457.46,2466.94,-8.47,-0.34,4451.18,470.79,100.0,8.06
2021-06-07,931446,中证东方红红利低波动指数,东证红利低波,CSI Dongfanghong Dividend Low Volatility Index,DFH Dividend Low Volatility,2461.91,2462.06,2444.72,2450.22,-16.72,-0.68,4114.34,451.5,100.0,8.02
2021-06-08,931446,中证东方红红利低波动指数,东证红利低波,CSI Dongfanghong Dividend Low Volatility Index,DFH Dividend Low Volatility,2450.92,2456.86,2439.47,2445.28,-4.94,-0.2,4097.0,446.83,100.0,8.01
2021-06-09,931446,中证东方红红利低波动指数,东证红利低波,CSI Dongfanghong Dividend Low Volatility Index,DFH Dividend Low Volatility,2440.97,2450.7,2437.47,2443.16,-2.12,-0.09,3967.6,445.09,100.0,8.02
2021-06-10,931446,中证东方红红利低波动指数,东证红利低波,CSI Dongfanghong Dividend Low Volatility Index,DFH Dividend Low Volatility,2439.2,2449.43,2435.51,2436.63,-6.53,-0.27,4176.04,459.55,100.0,8.0
2021-06-11,931446,中证东方红红利低波动指数,东证红利低波,CSI Dongfanghong Dividend Low Volatility Index,DFH Dividend Low Volatility,2442.22,2446.38,2432.41,2434.75,-1.88,-0.08,5093.23,565.75,100.0,7.97
2021-06-15,931446,中证东方红红利低波动指数,东证红利低波,CSI Dongfanghong Dividend Low Volatility Index,DFH Dividend Low Volatility,2440.55,2441.46,2409.65,2417.81,-16.94,-0.69,4687.07,417.52,100.0,7.37
2021-06-16,931446,中证东方红红利低波动指数,东证红利低波,CSI Dongfanghong Dividend Low Volatility Index,DFH Dividend Low Volatility,2419.29,2425.01,2407.17,2413.02,-4.79,-0.2,4050.11,326.63,100.0,7.4
2021-06-17,931446,中证东方红红利低波动指数,东证红利低波,CSI Dongfanghong Dividend Low Volatility Index,DFH Dividend Low Volatility,2408.79,2417.19,2401.87,2404.19,-8.83,-0.37,3546.34,277.77,100.0,7.32
2021-06-18,931446,中证东方红红利低波动指数,东证红利低波,CSI Dongfanghong Dividend Low Volatility Index,DFH Dividend Low Volatility,2401.05,2403.58,2393.23,2399.58,-4.61,-0.19,3643.87,333.31,100.0,7.27
2021-06-21,931446,中证东方红红利低波动指数,东证红利低波,CSI Dongfanghong Dividend Low Volatility Index,DFH Dividend Low Volatility,2399.92,2405.27,2394.48,2400.11,0.53,0.02,3863.67,337.91,100.0,7.21
2021-06-22,931446,中证东方红红利低波动指数,东证红利低波,CSI Dongfanghong Dividend Low Volatility Index,DFH Dividend Low Volatility,2410.6,2433.31,2410.6,2432.28,32.17,1.34,4133.0,359.84,100.0,7.31
2021-06-23,931446,中证东方红红利低波动指数,东证红利低波,CSI Dongfanghong Dividend Low Volatility Index,DFH Dividend Low Volatility,2435.35,2437.47,2422.95,2434.29,2.01,0.08,3825.71,331.04,100.0,7.32
2021-06-24,931446,中证东方红红利低波动指数,东证红利低波,CSI Dongfanghong Dividend Low Volatility Index,DFH Dividend Low Volatility,2439.9,2453.57,2432.24,2444.89,10.6,0.43,3554.17,288.26,100.0,7.34
2021-06-25,931446,中证东方红红利低波动指数,东证红利低波,CSI Dongfanghong Dividend Low Volatility Index,DFH Dividend Low Volatility,2436.95,2451.06,2432.21,2448.54,3.65,0.15,3679.8,317.06,100.0,7.41
2021-06-28,931446,中证东方红红利低波动指数,东证红利低波,CSI Dongfanghong Dividend Low Volatility Index,DFH Dividend Low Volatility,2443.39,2449.42,2436.4,2439.14,-9.4,-0.38,3626.04,322.13,100.0,7.33
2021-06-29,931446,中证东方红红利低波动指数,东证红利低波,CSI Dongfanghong Dividend Low Volatility Index,DFH Dividend Low Volatility,2433.1,2433.1,2415.91,2417.86,-21.28,-0.87,3712.99,318.6,100.0,7.25
2021-06-30,931446,中证东方红红利低波动指数,东证红利低波,CSI Dongfanghong Dividend Low Volatility Index,DFH Dividend Low Volatility,2412.19,2418.4,2404.88,2413.04,-4.82,-0.2,3524.47,297.87,100.0,7.27
2021-07-01,931446,中证东方红红利低波动指数,东证红利低波,CSI Dongfanghong Dividend Low Volatility Index,DFH Dividend Low Volatility,2414.36,2428.92,2408.69,2413.34,0.3,0.01,3828.59,352.9,100.0,7.32
2021-07-02,931446,中证东方红红利低波动指数,东证红利低波,CSI Dongfanghong Dividend Low Volatility Index,DFH Dividend Low Volatility,2415.86,2416.5,2402.43,2404.3,-9.04,-0.37,4581.48,415.22,100.0,7.22
2021-07-05,931446,中证东方红红利低波动指数,东证红利低波,CSI Dongfanghong Dividend Low Volatility Index,DFH Dividend Low Volatility,2404.02,2411.26,2392.39,2402.31,-1.99,-0.08,3964.43,326.16,100.0,7.21
2021-07-06,931446,中证东方红红利低波动指数,东证红利低波,CSI Dongfanghong Dividend Low Volatility Index,DFH Dividend Low Volatility,2396.58,2401.84,2388.87,2401.66,-0.64,-0.03,3856.36,314.76,100.0,7.21
2021-07-07,931446,中证东方红红利低波动指数,东证红利低波,CSI Dongfanghong Dividend Low Volatility Index,DFH Dividend Low Volatility,2390.63,2391.6,2379.88,2388.06,-13.61,-0.57,3314.06,267.16,100.0,7.17
2021-07-08,931446,中证东方红红利低波动指数,东证红利低波,CSI Dongfanghong Dividend Low Volatility Index,DFH Dividend Low Volatility,2387.17,2388.08,2357.2,2358.09,-29.97,-1.25,4266.89,394.22,100.0,7.05
2021-07-09,931446,中证东方红红利低波动指数,东证红利低波,CSI Dongfanghong Dividend Low Volatility Index,DFH Dividend Low Volatility,2351.36,2368.87,2349.13,2367.74,9.65,0.41,3940.08,333.93,100.0,7.03
2021-07-12,931446,中证东方红红利低波动指数,东证红利低波,CSI Dongfanghong Dividend Low Volatility Index,DFH Dividend Low Volatility,2378.26,2378.37,2356.88,2357.96,-9.78,-0.41,4898.46,393.9,100.0,6.98
2021-07-13,931446,中证东方红红利低波动指数,东证红利低波,CSI Dongfanghong Dividend Low Volatility Index,DFH Dividend Low Volatility,2355.69,2372.77,2347.74,2371.48,13.51,0.57,4451.09,328.86,100.0,6.99
2021-07-14,931446,中证东方红红利低波动指数,东证红利低波,CSI Dongfanghong Dividend Low Volatility Index,DFH Dividend Low Volatility,2373.73,2373.96,2354.33,2356.37,-15.11,-0.64,4829.25,400.43,100.0,6.9
2021-07-15,931446,中证东方红红利低波动指数,东证红利低波,CSI Dongfanghong Dividend Low Volatility Index,DFH Dividend Low Volatility,2350.8,2358.5,2338.43,2356.37,0.0,0.0,4022.28,357.88,100.0,6.97
2021-07-16,931446,中证东方红红利低波动指数,东证红利低波,CSI Dongfanghong Dividend Low Volatility Index,DFH Dividend Low Volatility,2348.91,2362.17,2346.27,2349.65,-6.72,-0.29,3563.18,282.72,100.0,6.94
2021-07-19,931446,中证东方红红利低波动指数,东证红利低波,CSI Dongfanghong Dividend Low Volatility Index,DFH Dividend Low Volatility,2349.92,2349.92,2334.36,2343.54,-6.11,-0.26,3905.74,303.73,100.0,6.92
2021-07-20,931446,中证东方红红利低波动指数,东证红利低波,CSI Dongfanghong Dividend Low Volatility Index,DFH Dividend Low Volatility,2331.8,2335.74,2320.93,2334.48,-9.07,-0.39,3537.29,260.0,100.0,6.88
2021-07-21,931446,中证东方红红利低波动指数,东证红利低波,CSI Dongfanghong Dividend Low Volatility Index,DFH Dividend Low Volatility,2336.98,2340.19,2319.56,2323.71,-10.77,-0.46,3894.76,297.1,100.0,6.83
2021-07-22,931446,中证东方红红利低波动指数,东证红利低波,CSI Dongfanghong Dividend Low Volatility Index,DFH Dividend Low Volatility,2323.79,2341.58,2321.85,2335.74,12.03,0.52,4269.74,317.57,100.0,6.87
2021-07-23,931446,中证东方红红利低波动指数,东证红利低波,CSI Dongfanghong Dividend Low Volatility Index,DFH Dividend Low Volatility,2331.18,2334.34,2317.83,2320.88,-14.86,-0.64,4800.23,335.81,100.0,6.85
2021-07-26,931446,中证东方红红利低波动指数,东证红利低波,CSI Dongfanghong Dividend Low Volatility Index,DFH Dividend Low Volatility,2322.35,2322.6,2267.8,2277.87,-43.0,-1.85,5813.64,434.72,100.0,6.72
2021-07-27,931446,中证东方红红利低波动指数,东证红利低波,CSI Dongfanghong Dividend Low Volatility Index,DFH Dividend Low Volatility,2275.7,2282.94,2235.72,2235.98,-41.9,-1.84,5676.57,405.49,100.0,6.61
2021-07-28,931446,中证东方红红利低波动指数,东证红利低波,CSI Dongfanghong Dividend Low Volatility Index,DFH Dividend Low Volatility,2227.13,2234.62,2205.53,2217.32,-18.65,-0.83,5020.27,360.72,100.0,6.63
2021-07-29,931446,中证东方红红利低波动指数,东证红利低波,CSI Dongfanghong Dividend Low Volatility Index,DFH Dividend Low Volatility,2226.38,2231.87,2214.19,2218.3,0.98,0.04,3951.99,294.54,100.0,6.6
2021-07-30,931446,中证东方红红利低波动指数,东证红利低波,CSI Dongfanghong Dividend Low Volatility Index,DFH Dividend Low Volatility,2216.46,2230.12,2205.2,2228.57,10.27,0.46,4388.5,308.89,100.0,6.58
2021-08-02,931446,中证东方红红利低波动指数,东证红利低波,CSI Dongfanghong Dividend Low Volatility Index,DFH Dividend Low Volatility,2223.13,2256.9,2206.48,2253.37,24.8,1.11,5493.62,408.5,100.0,6.64
2021-08-03,931446,中证东方红红利低波动指数,东证红利低波,CSI Dongfanghong Dividend Low Volatility Index,DFH Dividend Low Volatility,2249.72,2264.76,2245.54,2255.89,2.52,0.11,5075.79,354.81,100.0,6.62
2021-08-04,931446,中证东方红红利低波动指数,东证红利低波,CSI Dongfanghong Dividend Low Volatility Index,DFH Dividend Low Volatility,2256.83,2260.38,2247.9,2259.27,3.38,0.15,3851.29,286.21,100.0,6.6
2021-08-05,931446,中证东方红红利低波动指数,东证红利低波,CSI Dongfanghong Dividend Low Volatility Index,DFH Dividend Low Volatility,2259.84,2270.34,2250.97,2255.19,-4.08,-0.18,3791.23,283.76,100.0,6.59
2021-08-06,931446,中证东方红红利低波动指数,东证红利低波,CSI Dongfanghong Dividend Low Volatility Index,DFH Dividend Low Volatility,2254.39,2265.4,2246.65,2264.28,9.09,0.4,3597.54,270.45,100.0,6.6
2021-08-09,931446,中证东方红红利低波动指数,东证红利低波,CSI Dongfanghong Dividend Low Volatility Index,DFH Dividend Low Volatility,2262.49,2294.48,2261.06,2291.02,26.74,1.18,4419.67,363.98,100.0,6.68
2021-08-10,931446,中证东方红红利低波动指数,东证红利低波,CSI Dongfanghong Dividend Low Volatility Index,DFH Dividend Low Volatility,2287.89,2306.75,2281.45,2306.75,15.73,0.69,4032.44,334.23,100.0,6.73
2021-08-11,931446,中证东方红红利低波动指数,东证红利低波,CSI Dongfanghong Dividend Low Volatility Index,DFH Dividend Low Volatility,2306.69,2329.3,2306.69,2326.53,19.79,0.86,5214.87,393.99,100.0,6.79
2021-08-12,931446,中证东方红红利低波动指数,东证红利低波,CSI Dongfanghong Dividend Low Volatility Index,DFH Dividend Low Volatility,2326.21,2328.24,2316.93,2321.56,-4.97,-0.21,3749.41,291.07,100.0,6.77
2021-08-13,931446,中证东方红红利低波动指数,东证红利低波,CSI Dongfanghong Dividend Low Volatility Index,DFH Dividend Low Volatility,2319.39,2327.18,2314.86,2322.36,0.8,0.03,3403.42,260.77,100.0,6.75
2021-08-16,931446,中证东方红红利低波动指数,东证红利低波,CSI Dongfanghong Dividend Low Volatility Index,DFH Dividend Low Volatility,2329.11,2353.2,2329.11,2346.15,23.79,1.02,4222.36,322.53,100.0,6.78
2021-08-17,931446,中证东方红红利低波动指数,东证红利低波,CSI Dongfanghong Dividend Low Volatility Index,DFH Dividend Low Volatility,2347.86,2363.08,2317.17,2321.1,-25.05,-1.07,5414.68,388.72,100.0,6.72
2021-08-18,931446,中证东方红红利低波动指数,东证红利低波,CSI Dongfanghong Dividend Low Volatility Index,DFH Dividend Low Volatility,2318.63,2353.08,2318.63,2352.19,31.09,1.34,5905.01,478.64,100.0,6.85
2021-08-19,931446,中证东方红红利低波动指数,东证红利低波,CSI Dongfanghong Dividend Low Volatility Index,DFH Dividend Low Volatility,2346.11,2346.11,2315.01,2322.2,-29.99,-1.27,4959.69,403.8,100.0,6.75
2021-08-20,931446,中证东方红红利低波动指数,东证红利低波,CSI Dongfanghong Dividend Low Volatility Index,DFH Dividend Low Volatility,2315.82,2317.9,2296.47,2314.54,-7.66,-0.33,4690.39,357.35,100.0,6.72
2021-08-23,931446,中证东方红红利低波动指数,东证红利低波,CSI Dongfanghong Dividend Low Volatility Index,DFH Dividend Low Volatility,2318.19,2337.79,2318.19,2333.04,18.51,0.8,4439.46,329.7,100.0,6.75
2021-08-24,931446,中证东方红红利低波动指数,东证红利低波,CSI Dongfanghong Dividend Low Volatility Index,DFH Dividend Low Volatility,2335.86,2350.98,2334.72,2348.25,15.2,0.65,5007.26,406.26,100.0,6.78
2021-08-25,931446,中证东方红红利低波动指数,东证红利低波,CSI Dongfanghong Dividend Low Volatility Index,DFH Dividend Low Volatility,2347.93,2373.57,2342.25,2372.56,24.32,1.03,4997.53,374.7,100.0,6.79
2021-08-26,931446,中证东方红红利低波动指数,东证红利低波,CSI Dongfanghong Dividend Low Volatility Index,DFH Dividend Low Volatility,2371.54,2380.12,2362.79,2365.31,-7.25,-0.31,5591.47,424.37,100.0,6.74
2021-08-27,931446,中证东方红红利低波动指数,东证红利低波,CSI Dongfanghong Dividend Low Volatility Index,DFH Dividend Low Volatility,2361.72,2374.03,2357.24,2372.39,7.08,0.3,4863.52,379.69,100.0,6.8
2021-08-30,931446,中证东方红红利低波动指数,东证红利低波,CSI Dongfanghong Dividend Low Volatility Index,DFH Dividend Low Volatility,2375.52,2383.05,2367.02,2381.86,9.47,0.4,5775.44,465.9,100.0,6.77
2021-08-31,931446,中证东方红红利低波动指数,东证红利低波,CSI Dongfanghong Dividend Low Volatility Index,DFH Dividend Low Volatility,2378.89,2420.61,2376.65,2420.61,38.75,1.63,7132.44,556.26,100.0,6.86
2021-09-01,931446,中证东方红红利低波动指数,东证红利低波,CSI Dongfanghong Dividend Low Volatility Index,DFH Dividend Low Volatility,2424.01,2444.28,2411.89,2436.45,15.84,0.65,10027.25,751.44,100.0,6.53
2021-09-02,931446,中证东方红红利低波动指数,东证红利低波,CSI Dongfanghong Dividend Low Volatility Index,DFH Dividend Low Volatility,2432.81,2492.91,2429.05,2492.32,55.87,2.29,8038.48,588.79,100.0,6.6
2021-09-03,931446,中证东方红红利低波动指数,东证红利低波,CSI Dongfanghong Dividend Low Volatility Index,DFH Dividend Low Volatility,2506.25,2530.48,2496.07,2502.99,10.67,0.43,8951.44,642.44,100.0,6.63
2021-09-06,931446,中证东方红红利低波动指数,东证红利低波,CSI Dongfanghong Dividend Low Volatility Index,DFH Dividend Low Volatility,2516.01,2547.05,2515.86,2540.46,37.48,1.5,8856.17,635.01,100.0,6.66
2021-09-07,931446,中证东方红红利低波动指数,东证红利低波,CSI Dongfanghong Dividend Low Volatility Index,DFH Dividend Low Volatility,2547.54,2583.4,2539.06,2581.98,41.52,1.63,9699.82,720.42,100.0,6.77
2021-09-08,931446,中证东方红红利低波动指数,东证红利低波,CSI Dongfanghong Dividend Low Volatility Index,DFH Dividend Low Volatility,2587.89,2639.07,2586.47,2634.22,52.24,2.02,9556.44,717.92,100.0,6.82
2021-09-09,931446,中证东方红红利低波动指数,东证红利低波,CSI Dongfanghong Dividend Low Volatility Index,DFH Dividend Low Volatility,2636.27,2681.04,2619.59,2672.93,38.71,1.47,10783.48,790.18,100.0,6.88
2021-09-10,931446,中证东方红红利低波动指数,东证红利低波,CSI Dongfanghong Dividend Low Volatility Index,DFH Dividend Low Volatility,2667.79,2695.71,2639.6,2639.96,-32.97,-1.23,11255.23,882.66,100.0,6.87
2021-09-13,931446,中证东方红红利低波动指数,东证红利低波,CSI Dongfanghong Dividend Low Volatility Index,DFH Dividend Low Volatility,2642.75,2684.75,2642.66,2683.37,43.41,1.64,8929.16,680.77,100.0,6.94
2021-09-14,931446,中证东方红红利低波动指数,东证红利低波,CSI Dongfanghong Dividend Low Volatility Index,DFH Dividend Low Volatility,2682.26,2682.32,2609.89,2615.15,-68.22,-2.54,10090.17,748.81,100.0,6.81
2021-09-15,931446,中证东方红红利低波动指数,东证红利低波,CSI Dongfanghong Dividend Low Volatility Index,DFH Dividend Low Volatility,2606.07,2642.42,2603.81,2621.51,6.36,0.24,7349.43,537.95,100.0,6.8
2021-09-16,931446,中证东方红红利低波动指数,东证红利低波,CSI Dongfanghong Dividend Low Volatility Index,DFH Dividend Low Volatility,2632.17,2657.87,2588.01,2588.01,-33.5,-1.28,7941.58,581.24,100.0,6.75
2021-09-17,931446,中证东方红红利低波动指数,东证红利低波,CSI Dongfanghong Dividend Low Volatility Index,DFH Dividend Low Volatility,2582.67,2620.63,2552.0,2586.44,-1.56,-0.06,7758.15,583.94,100.0,6.73
2021-09-22,931446,中证东方红红利低波动指数,东证红利低波,CSI Dongfanghong Dividend Low Volatility Index,DFH Dividend Low Volatility,2565.44,2654.1,2563.26,2653.17,66.73,2.58,8518.18,661.2,100.0,6.8
2021-09-23,931446,中证东方红红利低波动指数,东证红利低波,CSI Dongfanghong Dividend Low Volatility Index,DFH Dividend Low Volatility,2692.06,2725.3,2675.19,2697.42,44.25,1.67,9362.92,749.94,100.0,6.82
2021-09-24,931446,中证东方红红利低波动指数,东证红利低波,CSI Dongfanghong Dividend Low Volatility Index,DFH Dividend Low Volatility,2701.59,2703.18,2639.42,2642.66,-54.76,-2.03,8237.43,646.32,100.0,6.74
2021-09-27,931446,中证东方红红利低波动指数,东证红利低波,CSI Dongfanghong Dividend Low Volatility Index,DFH Dividend Low Volatility,2657.37,2664.99,2551.59,2567.74,-74.92,-2.83,8969.74,677.2,100.0,6.71
2021-09-28,931446,中证东方红红利低波动指数,东证红利低波,CSI Dongfanghong Dividend Low Volatility Index,DFH Dividend Low Volatility,2558.29,2630.96,2557.57,2627.36,59.62,2.32,8394.7,635.8,100.0,6.84
2021-09-29,931446,中证东方红红利低波动指数,东证红利低波,CSI Dongfanghong Dividend Low Volatility Index,DFH Dividend Low Volatility,2605.89,2623.83,2554.25,2564.01,-63.35,-2.41,8679.09,644.1,100.0,6.76
2021-09-30,931446,中证东方红红利低波动指数,东证红利低波,CSI Dongfanghong Dividend Low Volatility Index,DFH Dividend Low Volatility,2564.31,2591.49,2535.41,2584.98,20.97,0.82,7061.5,520.94,100.0,6.73
2021-10-08,931446,中证东方红红利低波动指数,东证红利低波,CSI Dongfanghong Dividend Low Volatility Index,DFH Dividend Low Volatility,2617.25,2622.74,2568.84,2587.92,2.95,0.11,7600.88,627.13,100.0,6.8
2021-10-11,931446,中证东方红红利低波动指数,东证红利低波,CSI Dongfanghong Dividend Low Volatility Index,DFH Dividend Low Volatility,2601.14,2604.6,2554.17,2570.65,-17.28,-0.67,7523.58,605.43,100.0,6.84
2021-10-12,931446,中证东方红红利低波动指数,东证红利低波,CSI Dongfanghong Dividend Low Volatility Index,DFH Dividend Low Volatility,2557.19,2573.13,2498.94,2525.09,-45.55,-1.77,7055.46,528.6,100.0,6.77
2021-10-13,931446,中证东方红红利低波动指数,东证红利低波,CSI Dongfanghong Dividend Low Volatility Index,DFH Dividend Low Volatility,2516.1,2516.18,2450.31,2475.31,-49.79,-1.97,5471.24,395.88,100.0,6.68
2021-10-14,931446,中证东方红红利低波动指数,东证红利低波,CSI Dongfanghong Dividend Low Volatility Index,DFH Dividend Low Volatility,2464.75,2480.04,2445.26,2465.23,-10.07,-0.41,4420.41,312.63,100.0,6.65
2021-10-15,931446,中证东方红红利低波动指数,东证红利低波,CSI Dongfanghong Dividend Low Volatility Index,DFH Dividend Low Volatility,2465.46,2476.36,2444.37,2466.86,1.62,0.06,5343.64,387.68,100.0,6.7
2021-10-18,931446,中证东方红红利低波动指数,东证红利低波,CSI Dongfanghong Dividend Low Volatility Index,DFH Dividend Low Volatility,2468.3,2502.44,2468.3,2499.77,32.91,1.33,5245.13,404.11,100.0,6.73
2021-10-19,931446,中证东方红红利低波动指数,东证红利低波,CSI Dongfanghong Dividend Low Volatility Index,DFH Dividend Low Volatility,2495.66,2516.84,2487.91,2509.29,9.52,0.38,5139.66,400.73,100.0,6.76
2021-10-20,931446,中证东方红红利低波动指数,东证红利低波,CSI Dongfanghong Dividend Low Volatility Index,DFH Dividend Low Volatility,2487.6,2512.58,2484.29,2505.31,-3.98,-0.16,5062.31,383.54,100.0,6.72
2021-10-21,931446,中证东方红红利低波动指数,东证红利低波,CSI Dongfanghong Dividend Low Volatility Index,DFH Dividend Low Volatility,2506.23,2526.76,2497.02,2511.89,6.58,0.26,5651.1,504.41,100.0,6.8
2021-10-22,931446,中证东方红红利低波动指数,东证红利低波,CSI Dongfanghong Dividend Low Volatility Index,DFH Dividend Low Volatility,2510.18,2516.36,2475.12,2477.04,-34.86,-1.39,5297.24,425.77,100.0,6.74
2021-10-25,931446,中证东方红红利低波动指数,东证红利低波,CSI Dongfanghong Dividend Low Volatility Index,DFH Dividend Low Volatility,2471.17,2495.18,2452.32,2486.55,9.51,0.38,5076.59,415.13,100.0,6.78
2021-10-26,931446,中证东方红红利低波动指数,东证红利低波,CSI Dongfanghong Dividend Low Volatility Index,DFH Dividend Low Volatility,2485.63,2501.84,2463.11,2467.15,-19.4,-0.78,5368.25,440.55,100.0,6.76
2021-10-27,931446,中证东方红红利低波动指数,东证红利低波,CSI Dongfanghong Dividend Low Volatility Index,DFH Dividend Low Volatility,2457.79,2464.21,2439.99,2453.97,-13.18,-0.53,5350.44,417.36,100.0,6.71
2021-10-28,931446,中证东方红红利低波动指数,东证红利低波,CSI Dongfanghong Dividend Low Volatility Index,DFH Dividend Low Volatility,2444.04,2444.79,2407.39,2414.74,-39.23,-1.6,5698.09,443.95,100.0,6.62
2021-10-29,931446,中证东方红红利低波动指数,东证红利低波,CSI Dongfanghong Dividend Low Volatility Index,DFH Dividend Low Volatility,2412.01,2418.86,2383.78,2416.86,2.11,0.09,5256.4,447.43,100.0,6.61
2021-11-01,931446,中证东方红红利低波动指数,东证红利低波,CSI Dongfanghong Dividend Low Volatility Index,DFH Dividend Low Volatility,2409.15,2437.95,2395.79,2429.21,12.35,0.51,5799.17,428.36,100.0,6.68
2021-11-02,931446,中证东方红红利低波动指数,东证红利低波,CSI Dongfanghong Dividend Low Volatility Index,DFH Dividend Low Volatility,2427.29,2427.29,2350.91,2368.67,-60.54,-2.49,6606.81,513.08,100.0,6.55
2021-11-03,931446,中证东方红红利低波动指数,东证红利低波,CSI Dongfanghong Dividend Low Volatility Index,DFH Dividend Low Volatility,2367.46,2394.08,2364.94,2387.67,19.0,0.8,4184.9,317.06,100.0,6.56
2021-11-04,931446,中证东方红红利低波动指数,东证红利低波,CSI Dongfanghong Dividend Low Volatility Index,DFH Dividend Low Volatility,2387.96,2406.39,2375.13,2405.49,17.82,0.75,4315.8,327.18,100.0,6.55
2021-11-05,931446,中证东方红红利低波动指数,东证红利低波,CSI Dongfanghong Dividend Low Volatility Index,DFH Dividend Low Volatility,2398.36,2398.36,2363.91,2364.75,-40.75,-1.69,4723.47,370.59,100.0,6.49
2021-11-08,931446,中证东方红红利低波动指数,东证红利低波,CSI Dongfanghong Dividend Low Volatility Index,DFH Dividend Low Volatility,2365.71,2372.92,2355.93,2361.68,-3.07,-0.13,3795.76,318.77,100.0,6.49
2021-11-09,931446,中证东方红红利低波动指数,东证红利低波,CSI Dongfanghong Dividend Low Volatility Index,DFH Dividend Low Volatility,2368.95,2374.84,2355.93,2362.51,0.83,0.03,3741.09,300.66,100.0,6.47
2021-11-10,931446,中证东方红红利低波动指数,东证红利低波,CSI Dongfanghong Dividend Low Volatility Index,DFH Dividend Low Volatility,2356.91,2357.28,2324.98,2355.62,-6.88,-0.29,4253.58,336.1,100.0,6.43
2021-11-11,931446,中证东方红红利低波动指数,东证红利低波,CSI Dongfanghong Dividend Low Volatility Index,DFH Dividend Low Volatility,2351.17,2376.81,2349.74,2373.05,17.43,0.74,4675.49,391.81,100.0,6.52
2021-11-12,931446,中证东方红红利低波动指数,东证红利低波,CSI Dongfanghong Dividend Low Volatility Index,DFH Dividend Low Volatility,2371.91,2380.47,2367.16,2375.46,2.41,0.1,3722.94,283.34,100.0,6.5
2021-11-15,931446,中证东方红红利低波动指数,东证红利低波,CSI Dongfanghong Dividend Low Volatility Index,DFH Dividend Low Volatility,2377.73,2380.31,2364.99,2378.35,2.89,0.12,3718.46,281.01,100.0,6.51
2021-11-16,931446,中证东方红红利低波动指数,东证红利低波,CSI Dongfanghong Dividend Low Volatility Index,DFH Dividend Low Volatility,2377.7,2383.92,2361.77,2363.21,-15.14,-0.64,3706.42,274.3,100.0,6.47
2021-11-17,931446,中证东方红红利低波动指数,东证红利低波,CSI Dongfanghong Dividend Low Volatility Index,DFH Dividend Low Volatility,2362.18,2374.44,2356.52,2373.38,10.18,0.43,3230.93,236.82,100.0,6.47
2021-11-18,931446,中证东方红红利低波动指数,东证红利低波,CSI Dongfanghong Dividend Low Volatility Index,DFH Dividend Low Volatility,2374.9,2382.45,2369.07,2370.89,-2.49,-0.1,3569.38,261.66,100.0,6.44
2021-11-19,931446,中证东方红红利低波动指数,东证红利低波,CSI Dongfanghong Dividend Low Volatility Index,DFH Dividend Low Volatility,2370.61,2398.53,2362.8,2396.67,25.78,1.09,4211.42,305.25,100.0,6.5
2021-11-22,931446,中证东方红红利低波动指数,东证红利低波,CSI Dongfanghong Dividend Low Volatility Index,DFH Dividend Low Volatility,2396.96,2403.95,2385.54,2393.73,-2.94,-0.12,4047.48,295.93,100.0,6.47
2021-11-23,931446,中证东方红红利低波动指数,东证红利低波,CSI Dongfanghong Dividend Low Volatility Index,DFH Dividend Low Volatility,2392.47,2405.4,2387.06,2399.4,5.67,0.24,4167.22,312.38,100.0,6.49
2021-11-24,931446,中证东方红红利低波动指数,东证红利低波,CSI Dongfanghong Dividend Low Volatility Index,DFH Dividend Low Volatility,2400.29,2413.92,2389.39,2412.51,13.11,0.55,4088.34,299.42,100.0,6.51
2021-11-25,931446,中证东方红红利低波动指数,东证红利低波,CSI Dongfanghong Dividend Low Volatility Index,DFH Dividend Low Volatility,2416.73,2424.12,2412.19,2413.39,0.88,0.04,4050.11,299.42,100.0,6.49
2021-11-26,931446,中证东方红红利低波动指数,东证红利低波,CSI Dongfanghong Dividend Low Volatility Index,DFH Dividend Low Volatility,2406.55,2406.71,2393.95,2396.7,-16.69,-0.69,3783.31,314.02,100.0,6.42
2021-11-29,931446,中证东方红红利低波动指数,东证红利低波,CSI Dongfanghong Dividend Low Volatility Index,DFH Dividend Low Volatility,2371.4,2398.33,2367.43,2398.33,1.63,0.07,4698.17,344.93,100.0,6.4
2021-11-30,931446,中证东方红红利低波动指数,东证红利低波,CSI Dongfanghong Dividend Low Volatility Index,DFH Dividend Low Volatility,2399.51,2415.09,2389.0,2396.35,-1.98,-0.08,4034.92,300.8,100.0,6.38
2021-12-01,931446,中证东方红红利低波动指数,东证红利低波,CSI Dongfanghong Dividend Low Volatility Index,DFH Dividend Low Volatility,2393.26,2428.24,2392.5,2428.24,31.88,1.33,3791.39,279.13,100.0,6.46
2021-12-02,931446,中证东方红红利低波动指数,东证红利低波,CSI Dongfanghong Dividend Low Volatility Index,DFH Dividend Low Volatility,2425.16,2440.96,2422.63,2429.82,1.59,0.06,4578.48,341.99,100.0,6.5
2021-12-03,931446,中证东方红红利低波动指数,东证红利低波,CSI Dongfanghong Dividend Low Volatility Index,DFH Dividend Low Volatility,2430.85,2465.82,2421.89,2464.6,34.78,1.43,5159.88,380.88,100.0,6.56
2021-12-06,931446,中证东方红红利低波动指数,东证红利低波,CSI Dongfanghong Dividend Low Volatility Index,DFH Dividend Low Volatility,2472.42,2487.49,2454.56,2455.08,-9.52,-0.39,5689.18,431.07,100.0,6.55
2021-12-07,931446,中证东方红红利低波动指数,东证红利低波,CSI Dongfanghong Dividend Low Volatility Index,DFH Dividend Low Volatility,2468.24,2484.29,2447.35,2482.29,27.21,1.11,5830.89,459.58,100.0,6.61
2021-12-08,931446,中证东方红红利低波动指数,东证红利低波,CSI Dongfanghong Dividend Low Volatility Index,DFH Dividend Low Volatility,2486.67,2491.61,2466.4,2490.56,8.27,0.33,4770.47,373.91,100.0,6.61
2021-12-09,931446,中证东方红红利低波动指数,东证红利低波,CSI Dongfanghong Dividend Low Volatility Index,DFH Dividend Low Volatility,2489.17,2516.35,2485.28,2510.34,19.78,0.79,5629.86,470.85,100.0,6.67
2021-12-10,931446,中证东方红红利低波动指数,东证红利低波,CSI Dongfanghong Dividend Low Volatility Index,DFH Dividend Low Volatility,2500.61,2516.07,2488.27,2488.27,-22.07,-0.88,5689.0,418.42,100.0,6.64
2021-12-13,931446,中证东方红红利低波动指数,东证红利低波,CSI Dongfanghong Dividend Low Volatility Index,DFH Dividend Low Volatility,2499.61,2508.14,2484.76,2487.49,-0.79,-0.03,5017.47,438.02,100.0,6.66
2021-12-14,931446,中证东方红红利低波动指数,东证红利低波,CSI Dongfanghong Dividend Low Volatility Index,DFH Dividend Low Volatility,2481.65,2481.65,2463.55,2467.16,-20.32,-0.82,4010.74,344.85,100.0,6.6
2021-12-15,931446,中证东方红红利低波动指数,东证红利低波,CSI Dongfanghong Dividend Low Volatility Index,DFH Dividend Low Volatility,2465.08,2487.55,2462.59,2480.97,13.81,0.56,3558.35,273.48,100.0,6.6
2021-12-16,931446,中证东方红红利低波动指数,东证红利低波,CSI Dongfanghong Dividend Low Volatility Index,DFH Dividend Low Volatility,2485.42,2508.02,2483.12,2507.88,26.9,1.08,3928.89,313.32,100.0,6.68
2021-12-17,931446,中证东方红红利低波动指数,东证红利低波,CSI Dongfanghong Dividend Low Volatility Index,DFH Dividend Low Volatility,2508.91,2519.48,2505.75,2507.75,-0.13,-0.01,4140.26,322.88,100.0,6.65
2021-12-20,931446,中证东方红红利低波动指数,东证红利低波,CSI Dongfanghong Dividend Low Volatility Index,DFH Dividend Low Volatility,2504.72,2515.44,2499.08,2503.44,-4.31,-0.17,4424.44,321.29,100.0,6.62
2021-12-21,931446,中证东方红红利低波动指数,东证红利低波,CSI Dongfanghong Dividend Low Volatility Index,DFH Dividend Low Volatility,2499.88,2537.93,2499.56,2533.76,30.32,1.21,4449.6,311.69,100.0,6.67
2021-12-22,931446,中证东方红红利低波动指数,东证红利低波,CSI Dongfanghong Dividend Low Volatility Index,DFH Dividend Low Volatility,2538.94,2539.3,2519.72,2525.04,-8.72,-0.34,3662.2,275.05,100.0,6.64
2021-12-23,931446,中证东方红红利低波动指数,东证红利低波,CSI Dongfanghong Dividend Low Volatility Index,DFH Dividend Low Volatility,2524.94,2537.63,2518.17,2535.77,10.73,0.43,3795.44,300.18,100.0,6.68
2021-12-24,931446,中证东方红红利低波动指数,东证红利低波,CSI Dongfanghong Dividend Low Volatility Index,DFH Dividend Low Volatility,2535.75,2535.98,2520.97,2521.46,-14.31,-0.56,3610.44,284.56,100.0,6.65
2021-12-27,931446,中证东方红红利低波动指数,东证红利低波,CSI Dongfanghong Dividend Low Volatility Index,DFH Dividend Low Volatility,2521.56,2543.24,2521.56,2538.34,16.88,0.67,3693.08,315.9,100.0,6.67
2021-12-28,931446,中证东方红红利低波动指数,东证红利低波,CSI Dongfanghong Dividend Low Volatility Index,DFH Dividend Low Volatility,2542.75,2543.4,2519.03,2528.04,-10.3,-0.4,3716.42,316.63,100.0,6.67
2021-12-29,931446,中证东方红红利低波动指数,东证红利低波,CSI Dongfanghong Dividend Low Volatility Index,DFH Dividend Low Volatility,2528.16,2529.66,2518.43,2522.73,-5.31,-0.21,3216.32,300.28,100.0,6.62
2021-12-30,931446,中证东方红红利低波动指数,东证红利低波,CSI Dongfanghong Dividend Low Volatility Index,DFH Dividend Low Volatility,2523.26,2536.48,2523.18,2535.03,12.29,0.49,3368.63,301.32,100.0,6.64
2021-12-31,931446,中证东方红红利低波动指数,东证红利低波,CSI Dongfanghong Dividend Low Volatility Index,DFH Dividend Low Volatility,2536.98,2565.78,2536.98,2561.87,26.84,1.06,3642.89,315.42,100.0,6.67
2022-01-04,931446,中证东方红红利低波动指数,东证红利低波,CSI Dongfanghong Dividend Low Volatility Index,DFH Dividend Low Volatility,2576.82,2600.21,2573.46,2596.33,34.46,1.34,5063.98,420.81,100.0,6.69
2022-01-05,931446,中证东方红红利低波动指数,东证红利低波,CSI Dongfanghong Dividend Low Volatility Index,DFH Dividend Low Volatility,2593.13,2593.24,2574.49,2585.68,-10.64,-0.41,6215.24,536.11,100.0,6.73
2022-01-06,931446,中证东方红红利低波动指数,东证红利低波,CSI Dongfanghong Dividend Low Volatility Index,DFH Dividend Low Volatility,2578.68,2601.77,2578.05,2599.94,14.26,0.55,5204.9,429.21,100.0,6.71
2022-01-07,931446,中证东方红红利低波动指数,东证红利低波,CSI Dongfanghong Dividend Low Volatility Index,DFH Dividend Low Volatility,2600.09,2640.77,2600.09,2619.76,19.81,0.76,6720.94,536.62,100.0,6.81
2022-01-10,931446,中证东方红红利低波动指数,东证红利低波,CSI Dongfanghong Dividend Low Volatility Index,DFH Dividend Low Volatility,2618.42,2634.46,2614.83,2634.46,14.7,0.56,5505.55,448.12,100.0,6.84
2022-01-11,931446,中证东方红红利低波动指数,东证红利低波,CSI Dongfanghong Dividend Low Volatility Index,DFH Dividend Low Volatility,2633.14,2662.23,2632.25,2649.02,14.57,0.55,5286.59,459.02,100.0,6.85
2022-01-12,931446,中证东方红红利低波动指数,东证红利低波,CSI Dongfanghong Dividend Low Volatility Index,DFH Dividend Low Volatility,2649.88,2650.34,2621.81,2639.24,-9.78,-0.37,4942.51,401.02,100.0,6.84
2022-01-13,931446,中证东方红红利低波动指数,东证红利低波,CSI Dongfanghong Dividend Low Volatility Index,DFH Dividend Low Volatility,2636.06,2653.81,2626.93,2628.52,-10.72,-0.41,5115.21,403.39,100.0,6.85
2022-01-14,931446,中证东方红红利低波动指数,东证红利低波,CSI Dongfanghong Dividend Low Volatility Index,DFH Dividend Low Volatility,2621.33,2621.33,2587.55,2588.97,-39.55,-1.5,5385.52,436.63,100.0,6.72
2022-01-17,931446,中证东方红红利低波动指数,东证红利低波,CSI Dongfanghong Dividend Low Volatility Index,DFH Dividend Low Volatility,2586.67,2603.64,2585.87,2591.6,2.62,0.1,3595.71,307.35,100.0,6.72
2022-01-18,931446,中证东方红红利低波动指数,东证红利低波,CSI Dongfanghong Dividend Low Volatility Index,DFH Dividend Low Volatility,2593.67,2621.66,2582.53,2614.58,22.98,0.89,5758.76,460.27,100.0,6.83
2022-01-19,931446,中证东方红红利低波动指数,东证红利低波,CSI Dongfanghong Dividend Low Volatility Index,DFH Dividend Low Volatility,2610.71,2635.28,2610.63,2630.52,15.94,0.61,5052.22,416.22,100.0,6.86
2022-01-20,931446,中证东方红红利低波动指数,东证红利低波,CSI Dongfanghong Dividend Low Volatility Index,DFH Dividend Low Volatility,2628.31,2643.77,2619.2,2626.04,-4.48,-0.17,6024.09,576.09,100.0,6.93
2022-01-21,931446,中证东方红红利低波动指数,东证红利低波,CSI Dongfanghong Dividend Low Volatility Index,DFH Dividend Low Volatility,2619.42,2621.19,2590.99,2593.55,-32.48,-1.24,4419.78,408.84,100.0,6.87
2022-01-24,931446,中证东方红红利低波动指数,东证红利低波,CSI Dongfanghong Dividend Low Volatility Index,DFH Dividend Low Volatility,2587.6,2601.94,2567.93,2588.32,-5.24,-0.2,4050.52,337.56,100.0,6.88
2022-01-25,931446,中证东方红红利低波动指数,东证红利低波,CSI Dongfanghong Dividend Low Volatility Index,DFH Dividend Low Volatility,2578.63,2579.88,2512.05,2512.05,-76.27,-2.95,4397.03,363.85,100.0,6.74
2022-01-26,931446,中证东方红红利低波动指数,东证红利低波,CSI Dongfanghong Dividend Low Volatility Index,DFH Dividend Low Volatility,2517.9,2535.58,2509.55,2531.33,19.29,0.77,3566.55,290.72,100.0,6.78
2022-01-27,931446,中证东方红红利低波动指数,东证红利低波,CSI Dongfanghong Dividend Low Volatility Index,DFH Dividend Low Volatility,2528.07,2532.14,2502.6,2502.98,-28.35,-1.12,3907.99,326.05,100.0,6.74
2022-01-28,931446,中证东方红红利低波动指数,东证红利低波,CSI Dongfanghong Dividend Low Volatility Index,DFH Dividend Low Volatility,2513.2,2517.61,2487.13,2491.13,-11.85,-0.47,4347.49,351.92,100.0,6.65
2022-02-07,931446,中证东方红红利低波动指数,东证红利低波,CSI Dongfanghong Dividend Low Volatility Index,DFH Dividend Low Volatility,2518.9,2567.59,2518.9,2565.25,74.12,2.97,5425.0,444.3,100.0,6.87
2022-02-08,931446,中证东方红红利低波动指数,东证红利低波,CSI Dongfanghong Dividend Low Volatility Index,DFH Dividend Low Volatility,2566.59,2626.76,2564.65,2626.36,61.11,2.38,6421.05,482.08,100.0,6.99
2022-02-09,931446,中证东方红红利低波动指数,东证红利低波,CSI Dongfanghong Dividend Low Volatility Index,DFH Dividend Low Volatility,2625.16,2640.14,2620.51,2636.53,10.17,0.39,5138.71,421.12,100.0,6.98
2022-02-10,931446,中证东方红红利低波动指数,东证红利低波,CSI Dongfanghong Dividend Low Volatility Index,DFH Dividend Low Volatility,2636.48,2659.03,2627.45,2658.33,21.8,0.83,4741.51,392.86,100.0,7.05
2022-02-11,931446,中证东方红红利低波动指数,东证红利低波,CSI Dongfanghong Dividend Low Volatility Index,DFH Dividend Low Volatility,2652.96,2673.85,2645.37,2647.56,-10.77,-0.4,5617.09,515.25,100.0,7.11
2022-02-14,931446,中证东方红红利低波动指数,东证红利低波,CSI Dongfanghong Dividend Low Volatility Index,DFH Dividend Low Volatility,2643.66,2645.55,2602.5,2609.32,-38.24,-1.44,5092.71,423.41,100.0,6.98
2022-02-15,931446,中证东方红红利低波动指数,东证红利低波,CSI Dongfanghong Dividend Low Volatility Index,DFH Dividend Low Volatility,2607.38,2612.23,2584.26,2599.2,-10.11,-0.39,4136.36,350.85,100.0,6.91
2022-02-16,931446,中证东方红红利低波动指数,东证红利低波,CSI Dongfanghong Dividend Low Volatility Index,DFH Dividend Low Volatility,2603.91,2626.09,2603.91,2619.9,20.69,0.8,3462.14,289.66,100.0,6.95
2022-02-17,931446,中证东方红红利低波动指数,东证红利低波,CSI Dongfanghong Dividend Low Volatility Index,DFH Dividend Low Volatility,2620.13,2620.83,2602.14,2606.07,-13.83,-0.53,3570.76,303.7,100.0,6.96
2022-02-18,931446,中证东方红红利低波动指数,东证红利低波,CSI Dongfanghong Dividend Low Volatility Index,DFH Dividend Low Volatility,2596.69,2649.51,2595.03,2649.47,43.4,1.67,4092.0,319.5,100.0,7.02
2022-02-21,931446,中证东方红红利低波动指数,东证红利低波,CSI Dongfanghong Dividend Low Volatility Index,DFH Dividend Low Volatility,2649.11,2659.8,2630.91,2657.21,7.74,0.29,3709.5,289.63,100.0,7.0
2022-02-22,931446,中证东方红红利低波动指数,东证红利低波,CSI Dongfanghong Dividend Low Volatility Index,DFH Dividend Low Volatility,2645.14,2648.3,2619.09,2632.34,-24.87,-0.94,4201.37,349.46,100.0,6.97
2022-02-23,931446,中证东方红红利低波动指数,东证红利低波,CSI Dongfanghong Dividend Low Volatility Index,DFH Dividend Low Volatility,2632.75,2637.33,2612.72,2617.95,-14.39,-0.55,4147.25,329.5,100.0,6.92
2022-02-24,931446,中证东方红红利低波动指数,东证红利低波,CSI Dongfanghong Dividend Low Volatility Index,DFH Dividend Low Volatility,2613.58,2619.43,2561.54,2577.45,-40.5,-1.55,6414.5,496.4,100.0,6.85
2022-02-25,931446,中证东方红红利低波动指数,东证红利低波,CSI Dongfanghong Dividend Low Volatility Index,DFH Dividend Low Volatility,2583.94,2599.49,2573.58,2581.17,3.72,0.14,5418.23,407.73,100.0,6.81
2022-02-28,931446,中证东方红红利低波动指数,东证红利低波,CSI Dongfanghong Dividend Low Volatility Index,DFH Dividend Low Volatility,2580.59,2581.57,2556.54,2576.86,-4.31,-0.17,4537.77,347.7,100.0,6.82
2022-03-01,931446,中证东方红红利低波动指数,东证红利低波,CSI Dongfanghong Dividend Low Volatility Index,DFH Dividend Low Volatility,2580.16,2598.33,2573.79,2596.12,19.26,0.75,4047.13,320.57,100.0,6.87
2022-03-02,931446,中证东方红红利低波动指数,东证红利低波,CSI Dongfanghong Dividend Low Volatility Index,DFH Dividend Low Volatility,2591.39,2614.07,2589.47,2611.58,15.46,0.6,4238.22,309.31,100.0,6.88
2022-03-03,931446,中证东方红红利低波动指数,东证红利低波,CSI Dongfanghong Dividend Low Volatility Index,DFH Dividend Low Volatility,2620.34,2658.5,2620.3,2657.25,45.67,1.75,6005.57,411.19,100.0,6.97
2022-03-04,931446,中证东方红红利低波动指数,东证红利低波,CSI Dongfanghong Dividend Low Volatility Index,DFH Dividend Low Volatility,2650.43,2651.92,2622.77,2638.17,-19.08,-0.72,5533.69,412.59,100.0,6.91
2022-03-07,931446,中证东方红红利低波动指数,东证红利低波,CSI Dongfanghong Dividend Low Volatility Index,DFH Dividend Low Volatility,2633.3,2644.61,2608.49,2616.58,-21.59,-0.82,5945.19,477.78,100.0,6.83
2022-03-08,931446,中证东方红红利低波动指数,东证红利低波,CSI Dongfanghong Dividend Low Volatility Index,DFH Dividend Low Volatility,2616.65,2618.38,2543.6,2543.6,-72.98,-2.79,5912.96,484.87,100.0,6.69
2022-03-09,931446,中证东方红红利低波动指数,东证红利低波,CSI Dongfanghong Dividend Low Volatility Index,DFH Dividend Low Volatility,2549.36,2569.01,2450.62,2519.87,-23.73,-0.93,7080.52,546.38,100.0,6.62
2022-03-10,931446,中证东方红红利低波动指数,东证红利低波,CSI Dongfanghong Dividend Low Volatility Index,DFH Dividend Low Volatility,2554.74,2580.75,2532.03,2561.7,41.83,1.66,5069.36,411.01,100.0,6.63
2022-03-11,931446,中证东方红红利低波动指数,东证红利低波,CSI Dongfanghong Dividend Low Volatility Index,DFH Dividend Low Volatility,2541.3,2574.21,2509.33,2569.65,7.95,0.31,5631.35,450.65,100.0,6.65
2022-03-14,931446,中证东方红红利低波动指数,东证红利低波,CSI Dongfanghong Dividend Low Volatility Index,DFH Dividend Low Volatility,2547.95,2580.32,2518.51,2518.51,-51.14,-1.99,4750.25,400.91,100.0,6.53
2022-03-15,931446,中证东方红红利低波动指数,东证红利低波,CSI Dongfanghong Dividend Low Volatility Index,DFH Dividend Low Volatility,2503.54,2503.64,2386.03,2386.03,-132.48,-5.26,7692.75,596.53,100.0,6.23
2022-03-16,931446,中证东方红红利低波动指数,东证红利低波,CSI Dongfanghong Dividend Low Volatility Index,DFH Dividend Low Volatility,2412.55,2453.71,2345.68,2444.07,58.04,2.43,6483.86,521.97,100.0,6.4
2022-03-17,931446,中证东方红红利低波动指数,东证红利低波,CSI Dongfanghong Dividend Low Volatility Index,DFH Dividend Low Volatility,2465.03,2498.89,2461.15,2465.31,21.24,0.87,5718.44,497.02,100.0,6.43
2022-03-18,931446,中证东方红红利低波动指数,东证红利低波,CSI Dongfanghong Dividend Low Volatility Index,DFH Dividend Low Volatility,2459.78,2524.51,2455.93,2519.45,54.15,2.2,5802.51,500.0,100.0,6.56
2022-03-21,931446,中证东方红红利低波动指数,东证红利低波,CSI Dongfanghong Dividend Low Volatility Index,DFH Dividend Low Volatility,2525.35,2532.34,2500.7,2518.28,-1.18,-0.05,4265.5,382.39,100.0,6.51
2022-03-22,931446,中证东方红红利低波动指数,东证红利低波,CSI Dongfanghong Dividend Low Volatility Index,DFH Dividend Low Volatility,2518.32,2558.62,2513.01,2547.14,28.86,1.15,5059.27,427.51,100.0,6.61
2022-03-23,931446,中证东方红红利低波动指数,东证红利低波,CSI Dongfanghong Dividend Low Volatility Index,DFH Dividend Low Volatility,2545.58,2551.4,2520.47,2539.81,-7.33,-0.29,4555.21,407.58,100.0,6.59
2022-03-24,931446,中证东方红红利低波动指数,东证红利低波,CSI Dongfanghong Dividend Low Volatility Index,DFH Dividend Low Volatility,2527.93,2550.59,2524.37,2537.52,-2.29,-0.09,3799.25,337.31,100.0,6.6
2022-03-25,931446,中证东方红红利低波动指数,东证红利低波,CSI Dongfanghong Dividend Low Volatility Index,DFH Dividend Low Volatility,2535.07,2556.0,2526.52,2529.9,-7.62,-0.3,4247.19,380.89,100.0,6.59
2022-03-28,931446,中证东方红红利低波动指数,东证红利低波,CSI Dongfanghong Dividend Low Volatility Index,DFH Dividend Low Volatility,2521.52,2558.65,2503.18,2552.32,22.42,0.89,5009.77,390.85,100.0,6.68
2022-03-29,931446,中证东方红红利低波动指数,东证红利低波,CSI Dongfanghong Dividend Low Volatility Index,DFH Dividend Low Volatility,2548.5,2558.71,2536.16,2550.91,-1.41,-0.06,4038.71,334.66,100.0,6.71
2022-03-30,931446,中证东方红红利低波动指数,东证红利低波,CSI Dongfanghong Dividend Low Volatility Index,DFH Dividend Low Volatility,2552.29,2587.47,2546.53,2587.47,36.56,1.43,5063.95,410.77,100.0,6.76
2022-03-31,931446,中证东方红红利低波动指数,东证红利低波,CSI Dongfanghong Dividend Low Volatility Index,DFH Dividend Low Volatility,2579.28,2624.47,2576.15,2606.24,18.78,0.73,5995.12,482.26,100.0,6.82
2022-04-01,931446,中证东方红红利低波动指数,东证红利低波,CSI Dongfanghong Dividend Low Volatility Index,DFH Dividend Low Volatility,2589.1,2627.19,2586.81,2625.46,19.22,0.74,5492.48,430.19,100.0,6.87
2022-04-06,931446,中证东方红红利低波动指数,东证红利低波,CSI Dongfanghong Dividend Low Volatility Index,DFH Dividend Low Volatility,2621.07,2671.83,2620.9,2670.1,44.64,1.7,7021.63,528.9,100.0,6.95
2022-04-07,931446,中证东方红红利低波动指数,东证红利低波,CSI Dongfanghong Dividend Low Volatility Index,DFH Dividend Low Volatility,2658.05,2670.13,2622.36,2622.77,-47.34,-1.77,5807.58,441.17,100.0,6.89
2022-04-08,931446,中证东方红红利低波动指数,东证红利低波,CSI Dongfanghong Dividend Low Volatility Index,DFH Dividend Low Volatility,2628.89,2647.24,2604.68,2646.85,24.08,0.92,5648.88,430.8,100.0,6.95
2022-04-11,931446,中证东方红红利低波动指数,东证红利低波,CSI Dongfanghong Dividend Low Volatility Index,DFH Dividend Low Volatility,2647.13,2647.13,2603.24,2610.78,-36.07,-1.36,5671.94,442.94,100.0,6.87
2022-04-12,931446,中证东方红红利低波动指数,东证红利低波,CSI Dongfanghong Dividend Low Volatility Index,DFH Dividend Low Volatility,2615.35,2645.87,2598.65,2630.79,20.01,0.77,5824.39,443.85,100.0,6.89
2022-04-13,931446,中证东方红红利低波动指数,东证红利低波,CSI Dongfanghong Dividend Low Volatility Index,DFH Dividend Low Volatility,2618.92,2637.27,2606.86,2606.86,-23.92,-0.91,4947.22,375.77,100.0,6.88
2022-04-14,931446,中证东方红红利低波动指数,东证红利低波,CSI Dongfanghong Dividend Low Volatility Index,DFH Dividend Low Volatility,2611.82,2641.68,2609.55,2628.58,21.71,0.83,4501.05,367.03,100.0,6.9
2022-04-15,931446,中证东方红红利低波动指数,东证红利低波,CSI Dongfanghong Dividend Low Volatility Index,DFH Dividend Low Volatility,2621.16,2645.07,2612.36,2618.28,-10.3,-0.39,4726.28,385.15,100.0,6.91
2022-04-18,931446,中证东方红红利低波动指数,东证红利低波,CSI Dongfanghong Dividend Low Volatility Index,DFH Dividend Low Volatility,2607.61,2616.43,2590.47,2596.85,-21.42,-0.82,4858.22,478.1,100.0,6.78
2022-04-19,931446,中证东方红红利低波动指数,东证红利低波,CSI Dongfanghong Dividend Low Volatility Index,DFH Dividend Low Volatility,2592.17,2625.65,2586.13,2622.34,25.49,0.98,4536.42,445.46,100.0,6.82
2022-04-20,931446,中证东方红红利低波动指数,东证红利低波,CSI Dongfanghong Dividend Low Volatility Index,DFH Dividend Low Volatility,2620.21,2628.33,2566.19,2569.46,-52.89,-2.02,4548.82,402.34,100.0,6.73
2022-04-21,931446,中证东方红红利低波动指数,东证红利低波,CSI Dongfanghong Dividend Low Volatility Index,DFH Dividend Low Volatility,2563.97,2579.85,2513.66,2520.52,-48.94,-1.9,5331.75,448.9,100.0,6.67
2022-04-22,931446,中证东方红红利低波动指数,东证红利低波,CSI Dongfanghong Dividend Low Volatility Index,DFH Dividend Low Volatility,2509.19,2561.46,2502.89,2552.82,32.3,1.28,5002.89,418.69,100.0,6.77
2022-04-25,931446,中证东方红红利低波动指数,东证红利低波,CSI Dongfanghong Dividend Low Volatility Index,DFH Dividend Low Volatility,2527.15,2540.07,2460.89,2460.89,-91.92,-3.6,6968.53,573.18,100.0,6.54
2022-04-26,931446,中证东方红红利低波动指数,东证红利低波,CSI Dongfanghong Dividend Low Volatility Index,DFH Dividend Low Volatility,2462.74,2499.6,2439.2,2443.03,-17.86,-0.73,6204.27,483.69,100.0,6.52
2022-04-27,931446,中证东方红红利低波动指数,东证红利低波,CSI Dongfanghong Dividend Low Volatility Index,DFH Dividend Low Volatility,2432.08,2483.29,2416.9,2482.57,39.54,1.62,6700.61,526.32,100.0,6.52
2022-04-28,931446,中证东方红红利低波动指数,东证红利低波,CSI Dongfanghong Dividend Low Volatility Index,DFH Dividend Low Volatility,2476.86,2521.22,2473.54,2521.22,38.65,1.56,6464.3,517.76,100.0,6.64
2022-04-29,931446,中证东方红红利低波动指数,东证红利低波,CSI Dongfanghong Dividend Low Volatility Index,DFH Dividend Low Volatility,2524.38,2564.67,2507.85,2559.91,38.69,1.53,6918.67,571.06,100.0,6.68
2022-05-05,931446,中证东方红红利低波动指数,东证红利低波,CSI Dongfanghong Dividend Low Volatility Index,DFH Dividend Low Volatility,2555.9,2569.07,2547.54,2566.6,6.69,0.26,6257.58,500.84,100.0,6.43
2022-05-06,931446,中证东方红红利低波动指数,东证红利低波,CSI Dongfanghong Dividend Low Volatility Index,DFH Dividend Low Volatility,2520.76,2533.75,2498.19,2504.5,-62.1,-2.42,5018.34,399.13,100.0,6.31
2022-05-09,931446,中证东方红红利低波动指数,东证红利低波,CSI Dongfanghong Dividend Low Volatility Index,DFH Dividend Low Volatility,2503.74,2533.18,2501.99,2532.51,28.01,1.12,4019.02,328.22,100.0,6.29
2022-05-10,931446,中证东方红红利低波动指数,东证红利低波,CSI Dongfanghong Dividend Low Volatility Index,DFH Dividend Low Volatility,2509.53,2570.91,2501.72,2570.83,38.32,1.51,5453.49,422.12,100.0,6.31
2022-05-11,931446,中证东方红红利低波动指数,东证红利低波,CSI Dongfanghong Dividend Low Volatility Index,DFH Dividend Low Volatility,2580.15,2590.74,2561.91,2564.67,-6.16,-0.24,5626.0,489.04,100.0,6.29
2022-05-12,931446,中证东方红红利低波动指数,东证红利低波,CSI Dongfanghong Dividend Low Volatility Index,DFH Dividend Low Volatility,2560.68,2587.67,2544.27,2565.92,1.25,0.05,4552.64,405.44,100.0,6.25
2022-05-13,931446,中证东方红红利低波动指数,东证红利低波,CSI Dongfanghong Dividend Low Volatility Index,DFH Dividend Low Volatility,2571.95,2594.4,2566.52,2592.97,27.05,1.05,4572.58,417.73,100.0,6.34
2022-05-16,931446,中证东方红红利低波动指数,东证红利低波,CSI Dongfanghong Dividend Low Volatility Index,DFH Dividend Low Volatility,2604.94,2608.06,2575.3,2589.04,-3.93,-0.15,4348.1,381.87,100.0,6.3
2022-05-17,931446,中证东方红红利低波动指数,东证红利低波,CSI Dongfanghong Dividend Low Volatility Index,DFH Dividend Low Volatility,2585.56,2585.56,2547.75,2564.23,-24.81,-0.96,4416.87,384.97,100.0,6.33
2022-05-18,931446,中证东方红红利低波动指数,东证红利低波,CSI Dongfanghong Dividend Low Volatility Index,DFH Dividend Low Volatility,2560.69,2572.15,2552.52,2557.23,-7.0,-0.27,3819.52,339.98,100.0,6.29
2022-05-19,931446,中证东方红红利低波动指数,东证红利低波,CSI Dongfanghong Dividend Low Volatility Index,DFH Dividend Low Volatility,2529.2,2571.02,2526.18,2570.55,13.32,0.52,3962.29,335.67,100.0,6.28
2022-05-20,931446,中证东方红红利低波动指数,东证红利低波,CSI Dongfanghong Dividend Low Volatility Index,DFH Dividend Low Volatility,2573.54,2595.8,2573.54,2593.81,23.26,0.9,4586.92,426.99,100.0,6.37
2022-05-23,931446,中证东方红红利低波动指数,东证红利低波,CSI Dongfanghong Dividend Low Volatility Index,DFH Dividend Low Volatility,2595.08,2595.33,2577.19,2585.87,-7.95,-0.31,3848.44,327.9,100.0,6.34
2022-05-24,931446,中证东方红红利低波动指数,东证红利低波,CSI Dongfanghong Dividend Low Volatility Index,DFH Dividend Low Volatility,2588.65,2589.11,2523.4,2523.4,-62.47,-2.42,4587.97,373.4,100.0,6.29
2022-05-25,931446,中证东方红红利低波动指数,东证红利低波,CSI Dongfanghong Dividend Low Volatility Index,DFH Dividend Low Volatility,2524.1,2576.8,2524.1,2576.21,52.81,2.09,4051.2,315.68,100.0,6.34
2022-05-26,931446,中证东方红红利低波动指数,东证红利低波,CSI Dongfanghong Dividend Low Volatility Index,DFH Dividend Low Volatility,2580.32,2605.94,2575.04,2600.17,23.96,0.93,4501.63,370.5,100.0,6.37
2022-05-27,931446,中证东方红红利低波动指数,东证红利低波,CSI Dongfanghong Dividend Low Volatility Index,DFH Dividend Low Volatility,2602.0,2621.67,2595.6,2614.81,14.65,0.56,4518.35,381.26,100.0,6.42
2022-05-30,931446,中证东方红红利低波动指数,东证红利低波,CSI Dongfanghong Dividend Low Volatility Index,DFH Dividend Low Volatility,2623.76,2626.39,2599.67,2611.46,-3.36,-0.13,4544.3,362.75,100.0,6.39
2022-05-31,931446,中证东方红红利低波动指数,东证红利低波,CSI Dongfanghong Dividend Low Volatility Index,DFH Dividend Low Volatility,2609.13,2609.73,2592.55,2606.36,-5.1,-0.19,4990.07,400.58,100.0,6.42
2022-06-01,931446,中证东方红红利低波动指数,东证红利低波,CSI Dongfanghong Dividend Low Volatility Index,DFH Dividend Low Volatility,2598.58,2608.43,2577.94,2597.45,-8.91,-0.34,4186.38,334.55,100.0,6.4
2022-06-02,931446,中证东方红红利低波动指数,东证红利低波,CSI Dongfanghong Dividend Low Volatility Index,DFH Dividend Low Volatility,2593.0,2593.0,2574.83,2583.41,-14.04,-0.54,3674.19,305.61,100.0,6.36
2022-06-06,931446,中证东方红红利低波动指数,东证红利低波,CSI Dongfanghong Dividend Low Volatility Index,DFH Dividend Low Volatility,2579.62,2585.96,2561.86,2584.98,1.57,0.06,5569.03,433.29,100.0,6.36
2022-06-07,931446,中证东方红红利低波动指数,东证红利低波,CSI Dongfanghong Dividend Low Volatility Index,DFH Dividend Low Volatility,2582.27,2599.14,2575.27,2592.47,7.49,0.29,4903.86,399.91,100.0,6.38
2022-06-08,931446,中证东方红红利低波动指数,东证红利低波,CSI Dongfanghong Dividend Low Volatility Index,DFH Dividend Low Volatility,2588.74,2597.14,2565.66,2597.14,4.67,0.18,4986.74,390.44,100.0,6.42
2022-06-09,931446,中证东方红红利低波动指数,东证红利低波,CSI Dongfanghong Dividend Low Volatility Index,DFH Dividend Low Volatility,2591.68,2619.28,2589.65,2603.22,6.07,0.23,5733.69,458.65,100.0,6.46
2022-06-10,931446,中证东方红红利低波动指数,东证红利低波,CSI Dongfanghong Dividend Low Volatility Index,DFH Dividend Low Volatility,2584.11,2614.99,2579.36,2612.76,9.54,0.37,5963.15,454.14,100.0,6.49
2022-06-13,931446,中证东方红红利低波动指数,东证红利低波,CSI Dongfanghong Dividend Low Volatility Index,DFH Dividend Low Volatility,2597.41,2599.92,2556.3,2573.71,-39.06,-1.49,5604.41,438.72,100.0,6.42
2022-06-14,931446,中证东方红红利低波动指数,东证红利低波,CSI Dongfanghong Dividend Low Volatility Index,DFH Dividend Low Volatility,2559.45,2608.05,2549.02,2607.54,33.84,1.31,5513.91,415.85,100.0,6.54
2022-06-15,931446,中证东方红红利低波动指数,东证红利低波,CSI Dongfanghong Dividend Low Volatility Index,DFH Dividend Low Volatility,2605.39,2659.85,2604.41,2624.27,16.72,0.64,8360.43,701.87,100.0,6.59
2022-06-16,931446,中证东方红红利低波动指数,东证红利低波,CSI Dongfanghong Dividend Low Volatility Index,DFH Dividend Low Volatility,2622.06,2627.82,2589.49,2592.52,-31.74,-1.21,5405.75,434.66,100.0,6.48
2022-06-17,931446,中证东方红红利低波动指数,东证红利低波,CSI Dongfanghong Dividend Low Volatility Index,DFH Dividend Low Volatility,2580.81,2587.3,2558.15,2584.12,-8.41,-0.32,4541.28,367.68,100.0,6.49
2022-06-20,931446,中证东方红红利低波动指数,东证红利低波,CSI Dongfanghong Dividend Low Volatility Index,DFH Dividend Low Volatility,2580.85,2580.92,2566.34,2573.9,-10.22,-0.4,4609.52,386.48,100.0,6.4
2022-06-21,931446,中证东方红红利低波动指数,东证红利低波,CSI Dongfanghong Dividend Low Volatility Index,DFH Dividend Low Volatility,2574.1,2587.64,2562.98,2579.08,5.18,0.2,4303.37,352.43,100.0,6.44
2022-06-22,931446,中证东方红红利低波动指数,东证红利低波,CSI Dongfanghong Dividend Low Volatility Index,DFH Dividend Low Volatility,2580.12,2580.57,2547.46,2547.89,-31.19,-1.21,3923.13,321.8,100.0,6.36
2022-06-23,931446,中证东方红红利低波动指数,东证红利低波,CSI Dongfanghong Dividend Low Volatility Index,DFH Dividend Low Volatility,2550.06,2567.19,2539.99,2567.19,19.3,0.76,4120.45,344.51,100.0,6.43
2022-06-24,931446,中证东方红红利低波动指数,东证红利低波,CSI Dongfanghong Dividend Low Volatility Index,DFH Dividend Low Volatility,2566.18,2568.19,2550.24,2560.03,-7.16,-0.28,4218.16,398.47,100.0,6.41
2022-06-27,931446,中证东方红红利低波动指数,东证红利低波,CSI Dongfanghong Dividend Low Volatility Index,DFH Dividend Low Volatility,2565.15,2580.66,2564.39,2569.31,9.28,0.36,4613.47,419.87,100.0,6.45
2022-06-28,931446,中证东方红红利低波动指数,东证红利低波,CSI Dongfanghong Dividend Low Volatility Index,DFH Dividend Low Volatility,2568.64,2584.01,2563.92,2583.2,13.89,0.54,4204.59,342.27,100.0,6.47
2022-06-29,931446,中证东方红红利低波动指数,东证红利低波,CSI Dongfanghong Dividend Low Volatility Index,DFH Dividend Low Volatility,2574.86,2588.89,2571.83,2573.18,-10.02,-0.39,5104.04,408.86,100.0,6.46
2022-06-30,931446,中证东方红红利低波动指数,东证红利低波,CSI Dongfanghong Dividend Low Volatility Index,DFH Dividend Low Volatility,2570.95,2583.66,2565.67,2576.32,3.13,0.12,4626.91,394.01,100.0,6.47
2022-07-01,931446,中证东方红红利低波动指数,东证红利低波,CSI Dongfanghong Dividend Low Volatility Index,DFH Dividend Low Volatility,2578.2,2587.33,2569.83,2576.04,-0.28,-0.01,3791.82,334.28,100.0,6.47
2022-07-04,931446,中证东方红红利低波动指数,东证红利低波,CSI Dongfanghong Dividend Low Volatility Index,DFH Dividend Low Volatility,2575.44,2581.94,2568.59,2581.0,4.96,0.19,4047.86,350.07,100.0,6.48
2022-07-05,931446,中证东方红红利低波动指数,东证红利低波,CSI Dongfanghong Dividend Low Volatility Index,DFH Dividend Low Volatility,2584.13,2591.4,2566.01,2581.69,0.69,0.03,4178.3,347.32,100.0,6.5
2022-07-06,931446,中证东方红红利低波动指数,东证红利低波,CSI Dongfanghong Dividend Low Volatility Index,DFH Dividend Low Volatility,2576.1,2576.1,2536.47,2546.4,-35.29,-1.37,4673.29,367.97,100.0,6.4
2022-07-07,931446,中证东方红红利低波动指数,东证红利低波,CSI Dongfanghong Dividend Low Volatility Index,DFH Dividend Low Volatility,2542.1,2549.65,2535.99,2538.5,-7.9,-0.31,3402.63,282.92,100.0,6.39
2022-07-08,931446,中证东方红红利低波动指数,东证红利低波,CSI Dongfanghong Dividend Low Volatility Index,DFH Dividend Low Volatility,2542.42,2548.14,2536.89,2541.82,3.32,0.13,3575.02,309.25,100.0,6.42
2022-07-11,931446,中证东方红红利低波动指数,东证红利低波,CSI Dongfanghong Dividend Low Volatility Index,DFH Dividend Low Volatility,2539.18,2544.31,2532.73,2539.63,-2.19,-0.09,4525.99,364.15,100.0,6.38
2022-07-12,931446,中证东方红红利低波动指数,东证红利低波,CSI Dongfanghong Dividend Low Volatility Index,DFH Dividend Low Volatility,2535.43,2557.61,2534.58,2545.13,5.49,0.22,5044.95,402.65,100.0,6.35
2022-07-13,931446,中证东方红红利低波动指数,东证红利低波,CSI Dongfanghong Dividend Low Volatility Index,DFH Dividend Low Volatility,2545.19,2550.64,2537.25,2545.04,-0.09,0.0,5255.75,424.67,100.0,6.29
2022-07-14,931446,中证东方红红利低波动指数,东证红利低波,CSI Dongfanghong Dividend Low Volatility Index,DFH Dividend Low Volatility,2539.65,2539.85,2508.42,2513.28,-31.76,-1.25,5461.72,476.36,100.0,6.2
2022-07-15,931446,中证东方红红利低波动指数,东证红利低波,CSI Dongfanghong Dividend Low Volatility Index,DFH Dividend Low Volatility,2494.68,2494.98,2451.02,2451.02,-62.26,-2.48,5022.46,404.37,100.0,6.04
2022-07-18,931446,中证东方红红利低波动指数,东证红利低波,CSI Dongfanghong Dividend Low Volatility Index,DFH Dividend Low Volatility,2451.51,2492.03,2451.51,2492.01,40.99,1.67,3855.24,303.12,100.0,6.14
2022-07-19,931446,中证东方红红利低波动指数,东证红利低波,CSI Dongfanghong Dividend Low Volatility Index,DFH Dividend Low Volatility,2495.14,2503.93,2487.24,2500.62,8.61,0.34,3208.08,243.62,100.0,6.16
2022-07-20,931446,中证东方红红利低波动指数,东证红利低波,CSI Dongfanghong Dividend Low Volatility Index,DFH Dividend Low Volatility,2507.63,2511.67,2504.04,2510.77,10.15,0.4,2955.26,230.85,100.0,6.18
2022-07-21,931446,中证东方红红利低波动指数,东证红利低波,CSI Dongfanghong Dividend Low Volatility Index,DFH Dividend Low Volatility,2505.29,2505.95,2481.76,2481.76,-29.0,-1.15,3406.55,263.88,100.0,6.08
2022-07-22,931446,中证东方红红利低波动指数,东证红利低波,CSI Dongfanghong Dividend Low Volatility Index,DFH Dividend Low Volatility,2483.5,2502.28,2474.04,2488.24,6.48,0.26,3047.38,223.24,100.0,6.11
2022-07-25,931446,中证东方红红利低波动指数,东证红利低波,CSI Dongfanghong Dividend Low Volatility Index,DFH Dividend Low Volatility,2489.22,2497.06,2479.07,2484.09,-4.15,-0.17,2466.65,189.86,100.0,6.12
2022-07-26,931446,中证东方红红利低波动指数,东证红利低波,CSI Dongfanghong Dividend Low Volatility Index,DFH Dividend Low Volatility,2485.12,2503.51,2479.75,2501.56,17.47,0.7,2749.28,209.9,100.0,6.15
2022-07-27,931446,中证东方红红利低波动指数,东证红利低波,CSI Dongfanghong Dividend Low Volatility Index,DFH Dividend Low Volatility,2499.14,2500.34,2490.18,2493.44,-8.11,-0.32,2333.15,188.07,100.0,6.11
2022-07-28,931446,中证东方红红利低波动指数,东证红利低波,CSI Dongfanghong Dividend Low Volatility Index,DFH Dividend Low Volatility,2496.99,2501.43,2488.37,2490.33,-3.11,-0.12,2706.18,215.11,100.0,6.1
2022-07-29,931446,中证东方红红利低波动指数,东证红利低波,CSI Dongfanghong Dividend Low Volatility Index,DFH Dividend Low Volatility,2491.95,2497.07,2469.22,2471.79,-18.54,-0.74,3098.13,251.1,100.0,6.06
2022-08-01,931446,中证东方红红利低波动指数,东证红利低波,CSI Dongfanghong Dividend Low Volatility Index,DFH Dividend Low Volatility,2468.38,2468.38,2450.85,2461.71,-10.08,-0.41,2848.87,226.06,100.0,6.04
2022-08-02,931446,中证东方红红利低波动指数,东证红利低波,CSI Dongfanghong Dividend Low Volatility Index,DFH Dividend Low Volatility,2447.55,2447.55,2376.94,2399.36,-62.35,-2.53,4639.14,334.84,100.0,5.94
2022-08-03,931446,中证东方红红利低波动指数,东证红利低波,CSI Dongfanghong Dividend Low Volatility Index,DFH Dividend Low Volatility,2397.73,2419.66,2375.8,2375.8,-23.56,-0.98,3232.39,248.82,100.0,5.89
2022-08-04,931446,中证东方红红利低波动指数,东证红利低波,CSI Dongfanghong Dividend Low Volatility Index,DFH Dividend Low Volatility,2386.7,2393.77,2373.87,2392.64,16.84,0.71,2790.79,197.71,100.0,5.95
2022-08-05,931446,中证东方红红利低波动指数,东证红利低波,CSI Dongfanghong Dividend Low Volatility Index,DFH Dividend Low Volatility,2390.63,2410.55,2378.81,2408.84,16.2,0.68,2592.02,197.97,100.0,5.98
2022-08-08,931446,中证东方红红利低波动指数,东证红利低波,CSI Dongfanghong Dividend Low Volatility Index,DFH Dividend Low Volatility,2406.8,2417.11,2404.12,2413.09,4.25,0.18,2322.84,178.32,100.0,5.97
2022-08-09,931446,中证东方红红利低波动指数,东证红利低波,CSI Dongfanghong Dividend Low Volatility Index,DFH Dividend Low Volatility,2413.16,2415.23,2404.54,2411.71,-1.37,-0.06,2276.56,167.07,100.0,5.97
2022-08-10,931446,中证东方红红利低波动指数,东证红利低波,CSI Dongfanghong Dividend Low Volatility Index,DFH Dividend Low Volatility,2410.71,2412.18,2394.35,2401.53,-10.18,-0.42,2142.9,170.65,100.0,5.94
2022-08-11,931446,中证东方红红利低波动指数,东证红利低波,CSI Dongfanghong Dividend Low Volatility Index,DFH Dividend Low Volatility,2408.68,2435.4,2408.68,2434.84,33.3,1.39,2971.67,237.1,100.0,6.02
2022-08-12,931446,中证东方红红利低波动指数,东证红利低波,CSI Dongfanghong Dividend Low Volatility Index,DFH Dividend Low Volatility,2433.43,2447.61,2428.36,2444.64,9.81,0.4,2709.32,189.89,100.0,6.04
2022-08-15,931446,中证东方红红利低波动指数,东证红利低波,CSI Dongfanghong Dividend Low Volatility Index,DFH Dividend Low Volatility,2440.5,2445.74,2429.84,2434.22,-10.43,-0.43,2667.92,201.19,100.0,6.01
2022-08-16,931446,中证东方红红利低波动指数,东证红利低波,CSI Dongfanghong Dividend Low Volatility Index,DFH Dividend Low Volatility,2434.95,2446.4,2430.83,2438.78,4.56,0.19,2305.54,171.24,100.0,6.0
2022-08-17,931446,中证东方红红利低波动指数,东证红利低波,CSI Dongfanghong Dividend Low Volatility Index,DFH Dividend Low Volatility,2442.63,2452.55,2433.22,2451.68,12.9,0.53,2698.58,205.47,100.0,6.03
2022-08-18,931446,中证东方红红利低波动指数,东证红利低波,CSI Dongfanghong Dividend Low Volatility Index,DFH Dividend Low Volatility,2448.27,2448.37,2428.51,2429.99,-21.69,-0.88,2284.48,177.71,100.0,5.98
2022-08-19,931446,中证东方红红利低波动指数,东证红利低波,CSI Dongfanghong Dividend Low Volatility Index,DFH Dividend Low Volatility,2429.69,2448.88,2429.0,2438.94,8.95,0.37,2778.9,208.13,100.0,6.01
2022-08-22,931446,中证东方红红利低波动指数,东证红利低波,CSI Dongfanghong Dividend Low Volatility Index,DFH Dividend Low Volatility,2437.02,2456.1,2437.02,2451.33,12.39,0.51,2724.7,210.8,100.0,6.03
2022-08-23,931446,中证东方红红利低波动指数,东证红利低波,CSI Dongfanghong Dividend Low Volatility Index,DFH Dividend Low Volatility,2452.56,2461.83,2442.49,2456.6,5.27,0.21,2861.07,215.7,100.0,6.01
2022-08-24,931446,中证东方红红利低波动指数,东证红利低波,CSI Dongfanghong Dividend Low Volatility Index,DFH Dividend Low Volatility,2455.54,2464.42,2432.98,2433.74,-22.86,-0.93,3383.84,280.47,100.0,6.0
2022-08-25,931446,中证东方红红利低波动指数,东证红利低波,CSI Dongfanghong Dividend Low Volatility Index,DFH Dividend Low Volatility,2441.92,2468.84,2437.3,2467.79,34.05,1.4,3475.53,294.0,100.0,6.09
2022-08-26,931446,中证东方红红利低波动指数,东证红利低波,CSI Dongfanghong Dividend Low Volatility Index,DFH Dividend Low Volatility,2469.87,2479.33,2458.22,2467.19,-0.6,-0.02,3144.15,261.92,100.0,6.07
2022-08-29,931446,中证东方红红利低波动指数,东证红利低波,CSI Dongfanghong Dividend Low Volatility Index,DFH Dividend Low Volatility,2452.89,2476.08,2445.09,2474.92,7.73,0.31,3429.06,267.92,100.0,6.07
2022-08-30,931446,中证东方红红利低波动指数,东证红利低波,CSI Dongfanghong Dividend Low Volatility Index,DFH Dividend Low Volatility,2473.81,2488.5,2469.34,2482.13,7.21,0.29,3280.43,242.81,100.0,6.07
2022-08-31,931446,中证东方红红利低波动指数,东证红利低波,CSI Dongfanghong Dividend Low Volatility Index,DFH Dividend Low Volatility,2479.17,2490.83,2468.28,2472.96,-9.17,-0.37,4686.11,415.21,100.0,6.1
2022-09-01,931446,中证东方红红利低波动指数,东证红利低波,CSI Dongfanghong Dividend Low Volatility Index,DFH Dividend Low Volatility,2472.03,2496.8,2468.38,2479.53,6.58,0.27,3507.67,314.03,100.0,5.96
2022-09-02,931446,中证东方红红利低波动指数,东证红利低波,CSI Dongfanghong Dividend Low Volatility Index,DFH Dividend Low Volatility,2483.41,2489.19,2477.49,2484.5,4.96,0.2,2994.55,250.44,100.0,5.95
2022-09-05,931446,中证东方红红利低波动指数,东证红利低波,CSI Dongfanghong Dividend Low Volatility Index,DFH Dividend Low Volatility,2485.01,2513.51,2484.19,2512.88,28.39,1.14,3433.9,265.92,100.0,6.01
2022-09-06,931446,中证东方红红利低波动指数,东证红利低波,CSI Dongfanghong Dividend Low Volatility Index,DFH Dividend Low Volatility,2515.01,2531.47,2512.48,2529.54,16.66,0.66,3598.67,281.3,100.0,6.03
2022-09-07,931446,中证东方红红利低波动指数,东证红利低波,CSI Dongfanghong Dividend Low Volatility Index,DFH Dividend Low Volatility,2526.79,2526.79,2512.0,2520.17,-9.37,-0.37,2844.57,226.85,100.0,6.01
2022-09-08,931446,中证东方红红利低波动指数,东证红利低波,CSI Dongfanghong Dividend Low Volatility Index,DFH Dividend Low Volatility,2520.85,2528.14,2511.27,2521.47,1.3,0.05,2823.95,213.82,100.0,6.01
2022-09-09,931446,中证东方红红利低波动指数,东证红利低波,CSI Dongfanghong Dividend Low Volatility Index,DFH Dividend Low Volatility,2524.06,2547.8,2522.86,2542.53,21.06,0.83,3878.45,342.71,100.0,6.07
2022-09-13,931446,中证东方红红利低波动指数,东证红利低波,CSI Dongfanghong Dividend Low Volatility Index,DFH Dividend Low Volatility,2545.96,2549.85,2532.36,2535.47,-7.06,-0.28,3677.65,319.36,100.0,6.08
2022-09-14,931446,中证东方红红利低波动指数,东证红利低波,CSI Dongfanghong Dividend Low Volatility Index,DFH Dividend Low Volatility,2514.25,2527.13,2510.68,2515.33,-20.14,-0.79,2938.19,217.81,100.0,6.04
2022-09-15,931446,中证东方红红利低波动指数,东证红利低波,CSI Dongfanghong Dividend Low Volatility Index,DFH Dividend Low Volatility,2525.22,2537.36,2496.99,2514.99,-0.34,-0.01,4396.17,355.12,100.0,6.08
2022-09-16,931446,中证东方红红利低波动指数,东证红利低波,CSI Dongfanghong Dividend Low Volatility Index,DFH Dividend Low Volatility,2512.12,2512.12,2450.72,2450.72,-64.28,-2.55,4698.75,348.63,100.0,5.94
2022-09-19,931446,中证东方红红利低波动指数,东证红利低波,CSI Dongfanghong Dividend Low Volatility Index,DFH Dividend Low Volatility,2450.98,2452.02,2432.63,2443.1,-7.61,-0.31,3214.02,227.09,100.0,5.95
2022-09-20,931446,中证东方红红利低波动指数,东证红利低波,CSI Dongfanghong Dividend Low Volatility Index,DFH Dividend Low Volatility,2450.27,2457.82,2437.32,2441.13,-1.97,-0.08,2710.27,199.74,100.0,5.9
2022-09-21,931446,中证东方红红利低波动指数,东证红利低波,CSI Dongfanghong Dividend Low Volatility Index,DFH Dividend Low Volatility,2438.0,2468.12,2422.96,2461.21,20.08,0.82,2759.75,195.09,100.0,5.93
2022-09-22,931446,中证东方红红利低波动指数,东证红利低波,CSI Dongfanghong Dividend Low Volatility Index,DFH Dividend Low Volatility,2452.37,2458.11,2444.35,2451.89,-9.32,-0.38,2773.78,203.19,100.0,5.93
2022-09-23,931446,中证东方红红利低波动指数,东证红利低波,CSI Dongfanghong Dividend Low Volatility Index,DFH Dividend Low Volatility,2450.31,2471.22,2439.8,2449.12,-2.77,-0.11,3503.59,231.37,100.0,5.96
2022-09-26,931446,中证东方红红利低波动指数,东证红利低波,CSI Dongfanghong Dividend Low Volatility Index,DFH Dividend Low Volatility,2436.19,2441.92,2393.62,2393.62,-55.5,-2.26,3761.64,248.09,100.0,5.83
2022-09-27,931446,中证东方红红利低波动指数,东证红利低波,CSI Dongfanghong Dividend Low Volatility Index,DFH Dividend Low Volatility,2397.6,2419.4,2382.92,2418.51,24.88,1.04,2815.51,210.49,100.0,5.84
2022-09-28,931446,中证东方红红利低波动指数,东证红利低波,CSI Dongfanghong Dividend Low Volatility Index,DFH Dividend Low Volatility,2415.98,2419.03,2397.78,2397.78,-20.73,-0.86,2758.06,209.72,100.0,5.82
2022-09-29,931446,中证东方红红利低波动指数,东证红利低波,CSI Dongfanghong Dividend Low Volatility Index,DFH Dividend Low Volatility,2411.47,2419.92,2369.14,2377.84,-19.94,-0.83,2947.23,223.75,100.0,5.79
2022-09-30,931446,中证东方红红利低波动指数,东证红利低波,CSI Dongfanghong Dividend Low Volatility Index,DFH Dividend Low Volatility,2378.57,2403.34,2378.57,2388.73,10.89,0.46,2626.09,190.73,100.0,5.83
2022-10-10,931446,中证东方红红利低波动指数,东证红利低波,CSI Dongfanghong Dividend Low Volatility Index,DFH Dividend Low Volatility,2391.94,2417.85,2385.59,2387.99,-0.74,-0.03,3939.37,282.23,100.0,5.83
2022-10-11,931446,中证东方红红利低波动指数,东证红利低波,CSI Dongfanghong Dividend Low Volatility Index,DFH Dividend Low Volatility,2389.05,2396.37,2370.5,2392.03,4.04,0.17,2872.15,195.48,100.0,5.82
2022-10-12,931446,中证东方红红利低波动指数,东证红利低波,CSI Dongfanghong Dividend Low Volatility Index,DFH Dividend Low Volatility,2391.36,2420.25,2374.84,2420.25,28.22,1.18,3098.68,235.7,100.0,5.86
2022-10-13,931446,中证东方红红利低波动指数,东证红利低波,CSI Dongfanghong Dividend Low Volatility Index,DFH Dividend Low Volatility,2413.6,2420.1,2396.32,2411.27,-8.98,-0.37,3074.85,246.93,100.0,5.8
2022-10-14,931446,中证东方红红利低波动指数,东证红利低波,CSI Dongfanghong Dividend Low Volatility Index,DFH Dividend Low Volatility,2418.08,2447.17,2417.75,2438.65,27.37,1.14,3442.66,267.64,100.0,5.84
2022-10-17,931446,中证东方红红利低波动指数,东证红利低波,CSI Dongfanghong Dividend Low Volatility Index,DFH Dividend Low Volatility,2432.96,2445.65,2422.82,2439.1,0.46,0.02,2800.57,208.89,100.0,5.84
2022-10-18,931446,中证东方红红利低波动指数,东证红利低波,CSI Dongfanghong Dividend Low Volatility Index,DFH Dividend Low Volatility,2445.46,2449.17,2435.12,2440.04,0.94,0.04,2579.64,207.2,100.0,5.83
2022-10-19,931446,中证东方红红利低波动指数,东证红利低波,CSI Dongfanghong Dividend Low Volatility Index,DFH Dividend Low Volatility,2435.48,2441.45,2423.13,2423.13,-16.91,-0.69,2460.12,197.01,100.0,5.78
2022-10-20,931446,中证东方红红利低波动指数,东证红利低波,CSI Dongfanghong Dividend Low Volatility Index,DFH Dividend Low Volatility,2417.64,2429.93,2410.33,2411.72,-11.41,-0.47,2802.58,234.39,100.0,5.76
2022-10-21,931446,中证东方红红利低波动指数,东证红利低波,CSI Dongfanghong Dividend Low Volatility Index,DFH Dividend Low Volatility,2416.98,2431.57,2410.78,2418.12,6.4,0.27,3206.88,246.31,100.0,5.77
2022-10-24,931446,中证东方红红利低波动指数,东证红利低波,CSI Dongfanghong Dividend Low Volatility Index,DFH Dividend Low Volatility,2420.98,2433.09,2366.27,2373.83,-44.3,-1.83,4495.31,356.64,100.0,5.67
2022-10-25,931446,中证东方红红利低波动指数,东证红利低波,CSI Dongfanghong Dividend Low Volatility Index,DFH Dividend Low Volatility,2372.8,2381.78,2350.41,2366.49,-7.34,-0.31,3310.32,250.79,100.0,5.66
2022-10-26,931446,中证东方红红利低波动指数,东证红利低波,CSI Dongfanghong Dividend Low Volatility Index,DFH Dividend Low Volatility,2368.06,2391.56,2362.89,2367.82,1.33,0.06,3923.57,268.44,100.0,5.62
2022-10-27,931446,中证东方红红利低波动指数,东证红利低波,CSI Dongfanghong Dividend Low Volatility Index,DFH Dividend Low Volatility,2370.43,2389.57,2369.63,2380.55,12.74,0.54,3540.93,262.42,100.0,5.61
2022-10-28,931446,中证东方红红利低波动指数,东证红利低波,CSI Dongfanghong Dividend Low Volatility Index,DFH Dividend Low Volatility,2374.73,2375.13,2330.6,2334.66,-45.89,-1.93,3896.54,314.65,100.0,5.56
2022-10-31,931446,中证东方红红利低波动指数,东证红利低波,CSI Dongfanghong Dividend Low Volatility Index,DFH Dividend Low Volatility,2323.45,2331.1,2301.06,2312.09,-22.57,-0.97,4955.22,370.38,100.0,5.44
2022-11-01,931446,中证东方红红利低波动指数,东证红利低波,CSI Dongfanghong Dividend Low Volatility Index,DFH Dividend Low Volatility,2313.21,2339.5,2309.96,2339.41,27.32,1.18,5154.28,356.83,100.0,5.44
2022-11-02,931446,中证东方红红利低波动指数,东证红利低波,CSI Dongfanghong Dividend Low Volatility Index,DFH Dividend Low Volatility,2332.14,2353.15,2328.67,2347.22,7.81,0.33,4238.91,308.7,100.0,5.45
2022-11-03,931446,中证东方红红利低波动指数,东证红利低波,CSI Dongfanghong Dividend Low Volatility Index,DFH Dividend Low Volatility,2334.6,2340.76,2327.81,2336.96,-10.26,-0.44,3655.18,243.21,100.0,5.42
2022-11-04,931446,中证东方红红利低波动指数,东证红利低波,CSI Dongfanghong Dividend Low Volatility Index,DFH Dividend Low Volatility,2336.51,2372.87,2336.37,2366.61,29.65,1.27,4324.2,316.02,100.0,5.51
2022-11-07,931446,中证东方红红利低波动指数,东证红利低波,CSI Dongfanghong Dividend Low Volatility Index,DFH Dividend Low Volatility,2362.45,2376.14,2357.67,2373.49,6.89,0.29,3448.15,251.6,100.0,5.53
2022-11-08,931446,中证东方红红利低波动指数,东证红利低波,CSI Dongfanghong Dividend Low Volatility Index,DFH Dividend Low Volatility,2373.18,2374.67,2364.68,2374.67,1.18,0.05,2838.76,204.88,100.0,5.52
2022-11-09,931446,中证东方红红利低波动指数,东证红利低波,CSI Dongfanghong Dividend Low Volatility Index,DFH Dividend Low Volatility,2374.14,2387.35,2373.08,2376.01,1.34,0.06,2369.38,176.85,100.0,5.52
2022-11-10,931446,中证东方红红利低波动指数,东证红利低波,CSI Dongfanghong Dividend Low Volatility Index,DFH Dividend Low Volatility,2368.12,2386.37,2357.11,2381.46,5.45,0.23,2805.64,199.14,100.0,5.52
2022-11-11,931446,中证东方红红利低波动指数,东证红利低波,CSI Dongfanghong Dividend Low Volatility Index,DFH Dividend Low Volatility,2407.72,2436.36,2401.22,2417.96,36.5,1.53,5300.75,438.86,100.0,5.63
2022-11-14,931446,中证东方红红利低波动指数,东证红利低波,CSI Dongfanghong Dividend Low Volatility Index,DFH Dividend Low Volatility,2430.34,2449.44,2429.22,2432.81,14.85,0.61,5009.51,459.55,100.0,5.67
2022-11-15,931446,中证东方红红利低波动指数,东证红利低波,CSI Dongfanghong Dividend Low Volatility Index,DFH Dividend Low Volatility,2431.11,2450.08,2425.3,2449.81,16.99,0.7,3859.07,328.94,100.0,5.7
2022-11-16,931446,中证东方红红利低波动指数,东证红利低波,CSI Dongfanghong Dividend Low Volatility Index,DFH Dividend Low Volatility,2446.77,2451.83,2439.74,2441.33,-8.48,-0.35,3125.36,252.26,100.0,5.69
2022-11-17,931446,中证东方红红利低波动指数,东证红利低波,CSI Dongfanghong Dividend Low Volatility Index,DFH Dividend Low Volatility,2436.58,2451.88,2433.59,2449.28,7.95,0.32,3130.11,254.79,100.0,5.68
2022-11-18,931446,中证东方红红利低波动指数,东证红利低波,CSI Dongfanghong Dividend Low Volatility Index,DFH Dividend Low Volatility,2452.48,2459.98,2443.39,2443.39,-5.88,-0.24,3562.2,255.17,100.0,5.65
2022-11-21,931446,中证东方红红利低波动指数,东证红利低波,CSI Dongfanghong Dividend Low Volatility Index,DFH Dividend Low Volatility,2436.47,2438.65,2420.78,2436.66,-6.73,-0.27,2896.45,228.94,100.0,5.63
2022-11-22,931446,中证东方红红利低波动指数,东证红利低波,CSI Dongfanghong Dividend Low Volatility Index,DFH Dividend Low Volatility,2438.65,2476.35,2438.65,2461.41,24.75,1.01,5706.86,378.67,100.0,5.73
2022-11-23,931446,中证东方红红利低波动指数,东证红利低波,CSI Dongfanghong Dividend Low Volatility Index,DFH Dividend Low Volatility,2461.76,2483.02,2460.83,2470.84,9.43,0.38,6728.78,423.57,100.0,5.77
2022-11-24,931446,中证东方红红利低波动指数,东证红利低波,CSI Dongfanghong Dividend Low Volatility Index,DFH Dividend Low Volatility,2475.81,2484.65,2470.4,2476.66,5.82,0.24,4002.87,258.29,100.0,5.75
2022-11-25,931446,中证东方红红利低波动指数,东证红利低波,CSI Dongfanghong Dividend Low Volatility Index,DFH Dividend Low Volatility,2475.05,2513.09,2472.95,2508.97,32.32,1.3,6689.26,429.83,100.0,5.86
2022-11-28,931446,中证东方红红利低波动指数,东证红利低波,CSI Dongfanghong Dividend Low Volatility Index,DFH Dividend Low Volatility,2488.34,2502.26,2469.6,2501.2,-7.77,-0.31,5675.29,379.62,100.0,5.8
2022-11-29,931446,中证东方红红利低波动指数,东证红利低波,CSI Dongfanghong Dividend Low Volatility Index,DFH Dividend Low Volatility,2513.18,2561.66,2513.18,2555.83,54.62,2.18,7682.17,611.47,100.0,5.94
2022-11-30,931446,中证东方红红利低波动指数,东证红利低波,CSI Dongfanghong Dividend Low Volatility Index,DFH Dividend Low Volatility,2550.48,2568.75,2547.26,2555.39,-0.44,-0.02,6417.45,472.52,100.0,5.95
2022-12-01,931446,中证东方红红利低波动指数,东证红利低波,CSI Dongfanghong Dividend Low Volatility Index,DFH Dividend Low Volatility,2573.49,2578.57,2542.82,2543.28,-12.1,-0.47,6277.64,475.57,100.0,5.92
2022-12-02,931446,中证东方红红利低波动指数,东证红利低波,CSI Dongfanghong Dividend Low Volatility Index,DFH Dividend Low Volatility,2544.74,2547.66,2528.77,2541.18,-2.1,-0.08,4579.04,347.72,100.0,5.9
2022-12-05,931446,中证东方红红利低波动指数,东证红利低波,CSI Dongfanghong Dividend Low Volatility Index,DFH Dividend Low Volatility,2559.5,2611.71,2559.5,2606.57,65.39,2.57,8146.62,623.73,100.0,6.06
2022-12-06,931446,中证东方红红利低波动指数,东证红利低波,CSI Dongfanghong Dividend Low Volatility Index,DFH Dividend Low Volatility,2603.79,2613.45,2584.39,2591.5,-15.07,-0.58,7011.28,522.75,100.0,6.05
2022-12-07,931446,中证东方红红利低波动指数,东证红利低波,CSI Dongfanghong Dividend Low Volatility Index,DFH Dividend Low Volatility,2587.88,2606.86,2572.2,2589.47,-2.03,-0.08,6277.23,476.95,100.0,6.0
2022-12-08,931446,中证东方红红利低波动指数,东证红利低波,CSI Dongfanghong Dividend Low Volatility Index,DFH Dividend Low Volatility,2587.95,2598.28,2578.88,2591.98,2.51,0.1,5053.98,368.08,100.0,6.0
2022-12-09,931446,中证东方红红利低波动指数,东证红利低波,CSI Dongfanghong Dividend Low Volatility Index,DFH Dividend Low Volatility,2593.51,2600.45,2573.23,2575.53,-16.46,-0.63,5790.66,473.55,100.0,6.02
2022-12-12,931446,中证东方红红利低波动指数,东证红利低波,CSI Dongfanghong Dividend Low Volatility Index,DFH Dividend Low Volatility,2575.54,2582.38,2548.83,2550.52,-25.0,-0.97,5108.52,361.28,100.0,5.89
2022-12-13,931446,中证东方红红利低波动指数,东证红利低波,CSI Dongfanghong Dividend Low Volatility Index,DFH Dividend Low Volatility,2550.7,2570.0,2550.7,2564.14,13.62,0.53,4003.9,274.18,100.0,5.92
2022-12-14,931446,中证东方红红利低波动指数,东证红利低波,CSI Dongfanghong Dividend Low Volatility Index,DFH Dividend Low Volatility,2563.21,2563.78,2546.09,2552.14,-12.0,-0.47,3789.0,265.72,100.0,5.92
2022-12-15,931446,中证东方红红利低波动指数,东证红利低波,CSI Dongfanghong Dividend Low Volatility Index,DFH Dividend Low Volatility,2551.26,2558.04,2527.91,2530.05,-22.09,-0.86,3290.79,230.98,100.0,5.87
2022-12-16,931446,中证东方红红利低波动指数,东证红利低波,CSI Dongfanghong Dividend Low Volatility Index,DFH Dividend Low Volatility,2523.26,2552.33,2523.14,2547.56,17.51,0.69,3739.05,255.29,100.0,5.92
2022-12-19,931446,中证东方红红利低波动指数,东证红利低波,CSI Dongfanghong Dividend Low Volatility Index,DFH Dividend Low Volatility,2546.6,2550.3,2486.87,2494.25,-53.3,-2.09,4194.91,285.99,100.0,5.82
2022-12-20,931446,中证东方红红利低波动指数,东证红利低波,CSI Dongfanghong Dividend Low Volatility Index,DFH Dividend Low Volatility,2491.69,2499.4,2467.68,2473.23,-21.02,-0.84,3318.6,240.87,100.0,5.76
2022-12-21,931446,中证东方红红利低波动指数,东证红利低波,CSI Dongfanghong Dividend Low Volatility Index,DFH Dividend Low Volatility,2478.0,2491.96,2472.73,2475.9,2.67,0.11,2407.27,170.16,100.0,5.77
2022-12-22,931446,中证东方红红利低波动指数,东证红利低波,CSI Dongfanghong Dividend Low Volatility Index,DFH Dividend Low Volatility,2489.47,2496.19,2454.64,2462.52,-13.38,-0.54,2881.6,197.23,100.0,5.78
2022-12-23,931446,中证东方红红利低波动指数,东证红利低波,CSI Dongfanghong Dividend Low Volatility Index,DFH Dividend Low Volatility,2455.44,2472.59,2444.9,2453.71,-8.81,-0.36,2575.29,170.66,100.0,5.77
2022-12-26,931446,中证东方红红利低波动指数,东证红利低波,CSI Dongfanghong Dividend Low Volatility Index,DFH Dividend Low Volatility,2454.64,2459.09,2447.3,2450.01,-3.69,-0.15,2599.45,178.21,100.0,5.75
2022-12-27,931446,中证东方红红利低波动指数,东证红利低波,CSI Dongfanghong Dividend Low Volatility Index,DFH Dividend Low Volatility,2460.07,2481.49,2460.07,2476.74,26.73,1.09,2985.76,196.33,100.0,5.82
2022-12-28,931446,中证东方红红利低波动指数,东证红利低波,CSI Dongfanghong Dividend Low Volatility Index,DFH Dividend Low Volatility,2472.83,2491.24,2464.76,2480.81,4.07,0.16,3154.45,215.63,100.0,5.85
2022-12-29,931446,中证东方红红利低波动指数,东证红利低波,CSI Dongfanghong Dividend Low Volatility Index,DFH Dividend Low Volatility,2475.99,2475.99,2455.44,2467.25,-13.56,-0.55,3059.54,211.94,100.0,5.8
2022-12-30,931446,中证东方红红利低波动指数,东证红利低波,CSI Dongfanghong Dividend Low Volatility Index,DFH Dividend Low Volatility,2474.9,2496.55,2472.08,2491.41,24.16,0.98,3222.55,222.3,100.0,5.85
2023-01-03,931446,中证东方红红利低波动指数,东证红利低波,CSI Dongfanghong Dividend Low Volatility Index,DFH Dividend Low Volatility,2492.24,2508.69,2482.73,2506.21,14.8,0.59,4200.22,294.81,100.0,5.87
2023-01-04,931446,中证东方红红利低波动指数,东证红利低波,CSI Dongfanghong Dividend Low Volatility Index,DFH Dividend Low Volatility,2507.54,2530.61,2502.54,2527.24,21.03,0.84,4363.87,317.19,100.0,5.93
2023-01-05,931446,中证东方红红利低波动指数,东证红利低波,CSI Dongfanghong Dividend Low Volatility Index,DFH Dividend Low Volatility,2532.3,2536.89,2523.23,2527.12,-0.13,-0.01,3877.54,289.56,100.0,5.92
2023-01-06,931446,中证东方红红利低波动指数,东证红利低波,CSI Dongfanghong Dividend Low Volatility Index,DFH Dividend Low Volatility,2527.69,2530.85,2513.57,2519.02,-8.1,-0.32,3286.87,249.53,100.0,5.92
2023-01-09,931446,中证东方红红利低波动指数,东证红利低波,CSI Dongfanghong Dividend Low Volatility Index,DFH Dividend Low Volatility,2526.02,2530.8,2518.41,2519.52,0.51,0.02,3062.15,250.49,100.0,5.93
2023-01-10,931446,中证东方红红利低波动指数,东证红利低波,CSI Dongfanghong Dividend Low Volatility Index,DFH Dividend Low Volatility,2519.34,2519.34,2500.77,2502.16,-17.36,-0.69,3023.72,250.45,100.0,5.88
2023-01-11,931446,中证东方红红利低波动指数,东证红利低波,CSI Dongfanghong Dividend Low Volatility Index,DFH Dividend Low Volatility,2502.95,2513.78,2500.41,2503.39,1.23,0.05,2956.09,258.64,100.0,5.92
2023-01-12,931446,中证东方红红利低波动指数,东证红利低波,CSI Dongfanghong Dividend Low Volatility Index,DFH Dividend Low Volatility,2506.02,2506.02,2490.24,2500.95,-2.43,-0.1,2961.78,214.9,100.0,5.93
2023-01-13,931446,中证东方红红利低波动指数,东证红利低波,CSI Dongfanghong Dividend Low Volatility Index,DFH Dividend Low Volatility,2503.47,2527.83,2503.12,2527.83,26.88,1.07,3237.61,249.62,100.0,5.99
2023-01-16,931446,中证东方红红利低波动指数,东证红利低波,CSI Dongfanghong Dividend Low Volatility Index,DFH Dividend Low Volatility,2533.84,2553.66,2529.73,2539.91,12.09,0.48,5025.42,392.15,100.0,6.0
2023-01-17,931446,中证东方红红利低波动指数,东证红利低波,CSI Dongfanghong Dividend Low Volatility Index,DFH Dividend Low Volatility,2542.85,2542.98,2527.19,2534.05,-5.87,-0.23,3431.72,258.58,100.0,5.99
2023-01-18,931446,中证东方红红利低波动指数,东证红利低波,CSI Dongfanghong Dividend Low Volatility Index,DFH Dividend Low Volatility,2536.53,2548.81,2534.27,2541.4,7.36,0.29,3586.62,248.43,100.0,5.99
2023-01-19,931446,中证东方红红利低波动指数,东证红利低波,CSI Dongfanghong Dividend Low Volatility Index,DFH Dividend Low Volatility,2539.5,2551.07,2530.67,2551.07,9.67,0.38,3519.69,257.97,100.0,6.0
2023-01-20,931446,中证东方红红利低波动指数,东证红利低波,CSI Dongfanghong Dividend Low Volatility Index,DFH Dividend Low Volatility,2554.62,2571.15,2551.04,2571.15,20.09,0.79,4646.86,324.13,100.0,6.05
2023-01-30,931446,中证东方红红利低波动指数,东证红利低波,CSI Dongfanghong Dividend Low Volatility Index,DFH Dividend Low Volatility,2594.52,2596.66,2571.63,2573.13,1.97,0.08,5038.9,400.44,100.0,6.05
2023-01-31,931446,中证东方红红利低波动指数,东证红利低波,CSI Dongfanghong Dividend Low Volatility Index,DFH Dividend Low Volatility,2572.43,2583.52,2568.2,2574.51,1.39,0.05,3954.95,304.18,100.0,6.02
2023-02-01,931446,中证东方红红利低波动指数,东证红利低波,CSI Dongfanghong Dividend Low Volatility Index,DFH Dividend Low Volatility,2579.31,2589.17,2570.02,2588.73,14.21,0.55,4612.41,345.3,100.0,6.03
2023-02-02,931446,中证东方红红利低波动指数,东证红利低波,CSI Dongfanghong Dividend Low Volatility Index,DFH Dividend Low Volatility,2593.44,2593.44,2573.76,2578.13,-10.59,-0.41,4529.43,338.49,100.0,6.01
2023-02-03,931446,中证东方红红利低波动指数,东证红利低波,CSI Dongfanghong Dividend Low Volatility Index,DFH Dividend Low Volatility,2573.59,2573.59,2550.19,2560.66,-17.47,-0.68,3916.54,299.08,100.0,5.97
2023-02-06,931446,中证东方红红利低波动指数,东证红利低波,CSI Dongfanghong Dividend Low Volatility Index,DFH Dividend Low Volatility,2552.17,2557.62,2542.48,2550.87,-9.8,-0.38,3907.21,301.57,100.0,5.93
2023-02-07,931446,中证东方红红利低波动指数,东证红利低波,CSI Dongfanghong Dividend Low Volatility Index,DFH Dividend Low Volatility,2553.89,2563.27,2549.71,2562.95,12.09,0.47,3180.18,230.44,100.0,5.95
2023-02-08,931446,中证东方红红利低波动指数,东证红利低波,CSI Dongfanghong Dividend Low Volatility Index,DFH Dividend Low Volatility,2566.51,2566.51,2548.23,2549.22,-13.73,-0.53,3002.81,206.57,100.0,5.94
2023-02-09,931446,中证东方红红利低波动指数,东证红利低波,CSI Dongfanghong Dividend Low Volatility Index,DFH Dividend Low Volatility,2549.45,2567.44,2547.82,2567.44,18.22,0.71,2948.22,221.87,100.0,5.96
2023-02-10,931446,中证东方红红利低波动指数,东证红利低波,CSI Dongfanghong Dividend Low Volatility Index,DFH Dividend Low Volatility,2565.68,2573.46,2558.51,2572.29,4.84,0.19,2861.03,199.43,100.0,5.96
2023-02-13,931446,中证东方红红利低波动指数,东证红利低波,CSI Dongfanghong Dividend Low Volatility Index,DFH Dividend Low Volatility,2572.88,2576.92,2561.69,2575.56,3.28,0.13,3920.48,289.32,100.0,5.94
2023-02-14,931446,中证东方红红利低波动指数,东证红利低波,CSI Dongfanghong Dividend Low Volatility Index,DFH Dividend Low Volatility,2579.5,2584.07,2573.19,2579.99,4.42,0.17,2913.76,214.16,100.0,5.95
2023-02-15,931446,中证东方红红利低波动指数,东证红利低波,CSI Dongfanghong Dividend Low Volatility Index,DFH Dividend Low Volatility,2581.14,2581.14,2564.73,2568.93,-11.06,-0.43,3279.84,248.7,100.0,5.92
2023-02-16,931446,中证东方红红利低波动指数,东证红利低波,CSI Dongfanghong Dividend Low Volatility Index,DFH Dividend Low Volatility,2570.98,2595.86,2544.03,2554.03,-14.89,-0.58,5066.2,360.11,100.0,5.91
2023-02-17,931446,中证东方红红利低波动指数,东证红利低波,CSI Dongfanghong Dividend Low Volatility Index,DFH Dividend Low Volatility,2553.44,2567.86,2548.17,2548.48,-5.55,-0.22,3633.56,260.56,100.0,5.88
2023-02-20,931446,中证东方红红利低波动指数,东证红利低波,CSI Dongfanghong Dividend Low Volatility Index,DFH Dividend Low Volatility,2557.04,2597.77,2554.93,2597.55,49.07,1.92,5180.55,386.73,100.0,6.0
2023-02-21,931446,中证东方红红利低波动指数,东证红利低波,CSI Dongfanghong Dividend Low Volatility Index,DFH Dividend Low Volatility,2601.26,2615.03,2597.27,2614.68,17.13,0.66,4341.59,308.12,100.0,6.03
2023-02-22,931446,中证东方红红利低波动指数,东证红利低波,CSI Dongfanghong Dividend Low Volatility Index,DFH Dividend Low Volatility,2611.21,2619.34,2605.62,2612.1,-2.58,-0.1,3143.32,250.28,100.0,5.99
2023-02-23,931446,中证东方红红利低波动指数,东证红利低波,CSI Dongfanghong Dividend Low Volatility Index,DFH Dividend Low Volatility,2616.89,2630.01,2609.54,2617.73,5.63,0.22,3413.14,249.22,100.0,6.0
2023-02-24,931446,中证东方红红利低波动指数,东证红利低波,CSI Dongfanghong Dividend Low Volatility Index,DFH Dividend Low Volatility,2619.38,2620.04,2599.92,2610.36,-7.37,-0.28,3031.11,229.6,100.0,5.96
2023-02-27,931446,中证东方红红利低波动指数,东证红利低波,CSI Dongfanghong Dividend Low Volatility Index,DFH Dividend Low Volatility,2606.71,2614.7,2598.13,2600.16,-10.2,-0.39,2691.98,206.89,100.0,5.94
2023-02-28,931446,中证东方红红利低波动指数,东证红利低波,CSI Dongfanghong Dividend Low Volatility Index,DFH Dividend Low Volatility,2604.07,2619.34,2597.57,2618.23,18.07,0.69,3390.82,241.94,100.0,5.98
2023-03-01,931446,中证东方红红利低波动指数,东证红利低波,CSI Dongfanghong Dividend Low Volatility Index,DFH Dividend Low Volatility,2621.06,2640.48,2617.16,2638.01,19.78,0.76,5540.66,400.43,100.0,6.04
2023-03-02,931446,中证东方红红利低波动指数,东证红利低波,CSI Dongfanghong Dividend Low Volatility Index,DFH Dividend Low Volatility,2636.29,2657.01,2633.58,2653.61,15.6,0.59,5776.47,384.37,100.0,6.09
2023-03-03,931446,中证东方红红利低波动指数,东证红利低波,CSI Dongfanghong Dividend Low Volatility Index,DFH Dividend Low Volatility,2657.05,2681.52,2652.28,2679.97,26.36,0.99,7098.12,449.16,100.0,6.16
2023-03-06,931446,中证东方红红利低波动指数,东证红利低波,CSI Dongfanghong Dividend Low Volatility Index,DFH Dividend Low Volatility,2686.28,2691.43,2675.41,2678.65,-1.32,-0.05,6557.03,469.8,100.0,6.13
2023-03-07,931446,中证东方红红利低波动指数,东证红利低波,CSI Dongfanghong Dividend Low Volatility Index,DFH Dividend Low Volatility,2679.36,2717.21,2668.72,2670.05,-8.61,-0.32,9284.29,620.23,100.0,6.16
2023-03-08,931446,中证东方红红利低波动指数,东证红利低波,CSI Dongfanghong Dividend Low Volatility Index,DFH Dividend Low Volatility,2660.44,2671.47,2651.07,2670.87,0.83,0.03,4920.63,347.69,100.0,6.14
2023-03-09,931446,中证东方红红利低波动指数,东证红利低波,CSI Dongfanghong Dividend Low Volatility Index,DFH Dividend Low Volatility,2673.6,2680.6,2660.03,2665.47,-5.4,-0.2,4943.76,337.87,100.0,6.11
2023-03-10,931446,中证东方红红利低波动指数,东证红利低波,CSI Dongfanghong Dividend Low Volatility Index,DFH Dividend Low Volatility,2654.45,2656.2,2621.93,2623.1,-42.37,-1.59,4927.39,346.79,100.0,6.02
2023-03-13,931446,中证东方红红利低波动指数,东证红利低波,CSI Dongfanghong Dividend Low Volatility Index,DFH Dividend Low Volatility,2623.12,2662.38,2623.12,2662.38,39.28,1.5,6024.85,419.86,100.0,6.13
2023-03-14,931446,中证东方红红利低波动指数,东证红利低波,CSI Dongfanghong Dividend Low Volatility Index,DFH Dividend Low Volatility,2656.56,2669.02,2632.32,2642.26,-20.12,-0.76,6159.17,439.95,100.0,6.1
2023-03-15,931446,中证东方红红利低波动指数,东证红利低波,CSI Dongfanghong Dividend Low Volatility Index,DFH Dividend Low Volatility,2654.98,2684.52,2648.5,2680.32,38.07,1.44,6364.24,437.84,100.0,6.17
2023-03-16,931446,中证东方红红利低波动指数,东证红利低波,CSI Dongfanghong Dividend Low Volatility Index,DFH Dividend Low Volatility,2669.56,2693.15,2663.06,2675.02,-5.31,-0.2,7300.21,486.53,100.0,6.16
2023-03-17,931446,中证东方红红利低波动指数,东证红利低波,CSI Dongfanghong Dividend Low Volatility Index,DFH Dividend Low Volatility,2685.83,2717.14,2685.51,2699.79,24.77,0.93,7735.37,562.22,100.0,6.23
2023-03-20,931446,中证东方红红利低波动指数,东证红利低波,CSI Dongfanghong Dividend Low Volatility Index,DFH Dividend Low Volatility,2703.68,2730.71,2687.05,2689.48,-10.31,-0.38,8686.87,598.62,100.0,6.2
2023-03-21,931446,中证东方红红利低波动指数,东证红利低波,CSI Dongfanghong Dividend Low Volatility Index,DFH Dividend Low Volatility,2693.53,2704.52,2680.51,2687.75,-1.73,-0.06,6041.16,401.41,100.0,6.16
2023-03-22,931446,中证东方红红利低波动指数,东证红利低波,CSI Dongfanghong Dividend Low Volatility Index,DFH Dividend Low Volatility,2693.36,2710.37,2686.12,2704.06,16.31,0.61,4899.61,346.05,100.0,6.2
2023-03-23,931446,中证东方红红利低波动指数,东证红利低波,CSI Dongfanghong Dividend Low Volatility Index,DFH Dividend Low Volatility,2700.31,2710.62,2691.28,2710.39,6.33,0.23,5044.85,367.59,100.0,6.24
2023-03-24,931446,中证东方红红利低波动指数,东证红利低波,CSI Dongfanghong Dividend Low Volatility Index,DFH Dividend Low Volatility,2709.94,2709.94,2681.35,2682.47,-27.93,-1.03,5430.66,381.12,100.0,6.15
2023-03-27,931446,中证东方红红利低波动指数,东证红利低波,CSI Dongfanghong Dividend Low Volatility Index,DFH Dividend Low Volatility,2677.04,2677.04,2639.4,2653.86,-28.6,-1.07,5585.11,383.2,100.0,6.08
2023-03-28,931446,中证东方红红利低波动指数,东证红利低波,CSI Dongfanghong Dividend Low Volatility Index,DFH Dividend Low Volatility,2662.44,2680.65,2654.14,2668.86,15.0,0.56,4776.85,343.35,100.0,6.12
2023-03-29,931446,中证东方红红利低波动指数,东证红利低波,CSI Dongfanghong Dividend Low Volatility Index,DFH Dividend Low Volatility,2670.85,2672.23,2646.13,2653.51,-15.35,-0.57,4818.35,347.76,100.0,6.09
2023-03-30,931446,中证东方红红利低波动指数,东证红利低波,CSI Dongfanghong Dividend Low Volatility Index,DFH Dividend Low Volatility,2653.91,2668.3,2634.59,2659.7,6.19,0.23,5298.71,383.4,100.0,6.17
2023-03-31,931446,中证东方红红利低波动指数,东证红利低波,CSI Dongfanghong Dividend Low Volatility Index,DFH Dividend Low Volatility,2661.47,2676.04,2658.23,2669.39,9.69,0.36,4304.11,318.54,100.0,6.16
2023-04-03,931446,中证东方红红利低波动指数,东证红利低波,CSI Dongfanghong Dividend Low Volatility Index,DFH Dividend Low Volatility,2670.88,2692.44,2670.45,2688.25,18.86,0.71,5281.19,364.52,100.0,6.17
2023-04-04,931446,中证东方红红利低波动指数,东证红利低波,CSI Dongfanghong Dividend Low Volatility Index,DFH Dividend Low Volatility,2689.86,2720.34,2686.85,2720.34,32.09,1.19,7009.58,491.38,100.0,6.28
2023-04-06,931446,中证东方红红利低波动指数,东证红利低波,CSI Dongfanghong Dividend Low Volatility Index,DFH Dividend Low Volatility,2718.54,2718.54,2703.78,2706.39,-13.95,-0.51,5034.68,368.07,100.0,6.27
2023-04-07,931446,中证东方红红利低波动指数,东证红利低波,CSI Dongfanghong Dividend Low Volatility Index,DFH Dividend Low Volatility,2707.83,2707.88,2696.07,2704.07,-2.32,-0.08,3771.63,280.59,100.0,6.25
2023-04-10,931446,中证东方红红利低波动指数,东证红利低波,CSI Dongfanghong Dividend Low Volatility Index,DFH Dividend Low Volatility,2704.93,2708.26,2697.01,2702.82,-1.24,-0.05,4910.84,358.33,100.0,6.3
2023-04-11,931446,中证东方红红利低波动指数,东证红利低波,CSI Dongfanghong Dividend Low Volatility Index,DFH Dividend Low Volatility,2701.55,2724.73,2694.81,2724.35,21.52,0.8,4764.75,359.79,100.0,6.33
2023-04-12,931446,中证东方红红利低波动指数,东证红利低波,CSI Dongfanghong Dividend Low Volatility Index,DFH Dividend Low Volatility,2726.25,2763.08,2723.02,2763.02,38.67,1.42,6403.61,440.29,100.0,6.41
2023-04-13,931446,中证东方红红利低波动指数,东证红利低波,CSI Dongfanghong Dividend Low Volatility Index,DFH Dividend Low Volatility,2758.01,2778.26,2753.63,2762.11,-0.91,-0.03,5712.82,426.72,100.0,6.41
2023-04-14,931446,中证东方红红利低波动指数,东证红利低波,CSI Dongfanghong Dividend Low Volatility Index,DFH Dividend Low Volatility,2766.62,2774.68,2748.98,2765.18,3.07,0.11,5277.01,413.92,100.0,6.45
2023-04-17,931446,中证东方红红利低波动指数,东证红利低波,CSI Dongfanghong Dividend Low Volatility Index,DFH Dividend Low Volatility,2762.77,2803.71,2758.38,2803.71,38.53,1.39,7670.53,594.64,100.0,6.61
2023-04-18,931446,中证东方红红利低波动指数,东证红利低波,CSI Dongfanghong Dividend Low Volatility Index,DFH Dividend Low Volatility,2800.75,2821.12,2795.41,2818.34,14.63,0.52,6878.94,554.61,100.0,6.65
2023-04-19,931446,中证东方红红利低波动指数,东证红利低波,CSI Dongfanghong Dividend Low Volatility Index,DFH Dividend Low Volatility,2815.59,2833.12,2810.33,2815.59,-2.75,-0.1,6211.26,451.41,100.0,6.62
2023-04-20,931446,中证东方红红利低波动指数,东证红利低波,CSI Dongfanghong Dividend Low Volatility Index,DFH Dividend Low Volatility,2813.52,2836.46,2799.08,2835.42,19.83,0.7,6178.71,462.09,100.0,6.64
2023-04-21,931446,中证东方红红利低波动指数,东证红利低波,CSI Dongfanghong Dividend Low Volatility Index,DFH Dividend Low Volatility,2835.23,2859.62,2804.34,2804.39,-31.03,-1.09,6531.73,504.12,100.0,6.56
2023-04-24,931446,中证东方红红利低波动指数,东证红利低波,CSI Dongfanghong Dividend Low Volatility Index,DFH Dividend Low Volatility,2810.14,2841.95,2799.27,2818.61,14.22,0.51,6236.67,473.39,100.0,6.56
2023-04-25,931446,中证东方红红利低波动指数,东证红利低波,CSI Dongfanghong Dividend Low Volatility Index,DFH Dividend Low Volatility,2822.42,2848.11,2807.29,2845.22,26.61,0.94,6974.61,506.73,100.0,6.65
2023-04-26,931446,中证东方红红利低波动指数,东证红利低波,CSI Dongfanghong Dividend Low Volatility Index,DFH Dividend Low Volatility,2833.15,2860.27,2797.86,2844.2,-1.03,-0.04,6497.76,466.87,100.0,6.61
2023-04-27,931446,中证东方红红利低波动指数,东证红利低波,CSI Dongfanghong Dividend Low Volatility Index,DFH Dividend Low Volatility,2841.58,2884.16,2836.11,2872.98,28.78,1.01,6152.63,602.59,100.0,6.67
2023-04-28,931446,中证东方红红利低波动指数,东证红利低波,CSI Dongfanghong Dividend Low Volatility Index,DFH Dividend Low Volatility,2878.23,2927.3,2876.32,2926.55,53.57,1.86,7507.38,678.25,100.0,6.78
2023-05-04,931446,中证东方红红利低波动指数,东证红利低波,CSI Dongfanghong Dividend Low Volatility Index,DFH Dividend Low Volatility,2924.1,3035.83,2923.46,3033.0,106.45,3.64,12091.59,918.34,100.0,6.92
2023-05-05,931446,中证东方红红利低波动指数,东证红利低波,CSI Dongfanghong Dividend Low Volatility Index,DFH Dividend Low Volatility,3046.66,3081.15,3025.08,3046.25,13.25,0.44,10956.3,817.95,100.0,6.97
2023-05-08,931446,中证东方红红利低波动指数,东证红利低波,CSI Dongfanghong Dividend Low Volatility Index,DFH Dividend Low Volatility,3049.22,3141.7,3047.9,3127.59,81.33,2.67,15581.05,1151.18,100.0,7.3
2023-05-09,931446,中证东方红红利低波动指数,东证红利低波,CSI Dongfanghong Dividend Low Volatility Index,DFH Dividend Low Volatility,3134.34,3153.77,3078.73,3081.86,-45.73,-1.46,15560.55,1140.03,100.0,7.2
2023-05-10,931446,中证东方红红利低波动指数,东证红利低波,CSI Dongfanghong Dividend Low Volatility Index,DFH Dividend Low Volatility,3069.61,3078.98,2999.38,3015.79,-66.07,-2.14,12405.99,861.32,100.0,6.98
2023-05-11,931446,中证东方红红利低波动指数,东证红利低波,CSI Dongfanghong Dividend Low Volatility Index,DFH Dividend Low Volatility,3018.06,3035.22,2992.02,2999.22,-16.57,-0.55,7888.33,563.51,100.0,6.92
2023-05-12,931446,中证东方红红利低波动指数,东证红利低波,CSI Dongfanghong Dividend Low Volatility Index,DFH Dividend Low Volatility,2989.5,3018.03,2971.65,2973.82,-25.4,-0.85,7481.95,552.35,100.0,6.85
2023-05-15,931446,中证东方红红利低波动指数,东证红利低波,CSI Dongfanghong Dividend Low Volatility Index,DFH Dividend Low Volatility,2971.55,2972.73,2897.65,2968.42,-5.39,-0.18,9218.6,642.66,100.0,6.9
2023-05-16,931446,中证东方红红利低波动指数,东证红利低波,CSI Dongfanghong Dividend Low Volatility Index,DFH Dividend Low Volatility,2968.57,2981.33,2933.44,2941.18,-27.24,-0.92,6666.47,475.33,100.0,6.88
2023-05-17,931446,中证东方红红利低波动指数,东证红利低波,CSI Dongfanghong Dividend Low Volatility Index,DFH Dividend Low Volatility,2933.24,2952.63,2912.94,2937.54,-3.64,-0.12,5307.18,383.12,100.0,6.84
2023-05-18,931446,中证东方红红利低波动指数,东证红利低波,CSI Dongfanghong Dividend Low Volatility Index,DFH Dividend Low Volatility,2943.07,2983.57,2939.61,2962.06,24.52,0.83,6567.12,460.12,100.0,6.94
2023-05-19,931446,中证东方红红利低波动指数,东证红利低波,CSI Dongfanghong Dividend Low Volatility Index,DFH Dividend Low Volatility,2954.7,2954.7,2910.76,2914.08,-47.98,-1.62,5522.22,393.46,100.0,6.83
2023-05-22,931446,中证东方红红利低波动指数,东证红利低波,CSI Dongfanghong Dividend Low Volatility Index,DFH Dividend Low Volatility,2905.92,2924.53,2892.93,2906.5,-7.58,-0.26,4622.25,342.5,100.0,6.83
2023-05-23,931446,中证东方红红利低波动指数,东证红利低波,CSI Dongfanghong Dividend Low Volatility Index,DFH Dividend Low Volatility,2905.36,2912.79,2859.67,2859.67,-46.83,-1.61,5462.11,386.64,100.0,6.7
2023-05-24,931446,中证东方红红利低波动指数,东证红利低波,CSI Dongfanghong Dividend Low Volatility Index,DFH Dividend Low Volatility,2853.93,2853.93,2812.83,2818.12,-41.55,-1.45,6724.25,452.19,100.0,6.55
2023-05-25,931446,中证东方红红利低波动指数,东证红利低波,CSI Dongfanghong Dividend Low Volatility Index,DFH Dividend Low Volatility,2808.38,2822.24,2780.49,2809.01,-9.11,-0.32,5473.76,384.47,100.0,6.54
2023-05-26,931446,中证东方红红利低波动指数,东证红利低波,CSI Dongfanghong Dividend Low Volatility Index,DFH Dividend Low Volatility,2806.82,2847.86,2800.52,2840.72,31.71,1.13,4199.44,293.79,100.0,6.57
2023-05-29,931446,中证东方红红利低波动指数,东证红利低波,CSI Dongfanghong Dividend Low Volatility Index,DFH Dividend Low Volatility,2843.19,2884.16,2842.49,2868.9,28.18,0.99,5368.11,385.7,100.0,6.69
2023-05-30,931446,中证东方红红利低波动指数,东证红利低波,CSI Dongfanghong Dividend Low Volatility Index,DFH Dividend Low Volatility,2862.2,2889.19,2849.51,2878.66,9.76,0.34,5644.53,411.19,100.0,6.68
2023-05-31,931446,中证东方红红利低波动指数,东证红利低波,CSI Dongfanghong Dividend Low Volatility Index,DFH Dividend Low Volatility,2869.21,2881.03,2858.12,2866.62,-12.04,-0.42,4795.72,378.08,100.0,6.63
2023-06-01,931446,中证东方红红利低波动指数,东证红利低波,CSI Dongfanghong Dividend Low Volatility Index,DFH Dividend Low Volatility,2861.1,2894.53,2850.47,2870.11,3.49,0.12,5144.17,385.39,100.0,6.63
2023-06-02,931446,中证东方红红利低波动指数,东证红利低波,CSI Dongfanghong Dividend Low Volatility Index,DFH Dividend Low Volatility,2874.41,2889.47,2861.83,2867.17,-2.94,-0.1,4415.29,350.44,100.0,6.66
2023-06-05,931446,中证东方红红利低波动指数,东证红利低波,CSI Dongfanghong Dividend Low Volatility Index,DFH Dividend Low Volatility,2865.0,2900.72,2863.08,2890.43,23.26,0.81,4365.19,312.96,100.0,6.72
2023-06-06,931446,中证东方红红利低波动指数,东证红利低波,CSI Dongfanghong Dividend Low Volatility Index,DFH Dividend Low Volatility,2885.12,2917.52,2864.12,2870.73,-19.7,-0.68,5027.79,376.62,100.0,6.71
2023-06-07,931446,中证东方红红利低波动指数,东证红利低波,CSI Dongfanghong Dividend Low Volatility Index,DFH Dividend Low Volatility,2869.41,2901.95,2868.03,2898.17,27.44,0.95,3985.79,287.21,100.0,6.75
2023-06-08,931446,中证东方红红利低波动指数,东证红利低波,CSI Dongfanghong Dividend Low Volatility Index,DFH Dividend Low Volatility,2895.05,2926.96,2876.61,2920.61,22.45,0.77,5249.18,374.22,100.0,6.86
2023-06-09,931446,中证东方红红利低波动指数,东证红利低波,CSI Dongfanghong Dividend Low Volatility Index,DFH Dividend Low Volatility,2918.63,2934.83,2908.13,2922.14,1.53,0.05,4849.44,355.56,100.0,6.86
2023-06-12,931446,中证东方红红利低波动指数,东证红利低波,CSI Dongfanghong Dividend Low Volatility Index,DFH Dividend Low Volatility,2915.76,2915.93,2891.85,2895.49,-26.65,-0.91,5094.09,402.61,100.0,6.85
2023-06-13,931446,中证东方红红利低波动指数,东证红利低波,CSI Dongfanghong Dividend Low Volatility Index,DFH Dividend Low Volatility,2892.34,2901.42,2877.55,2884.85,-10.64,-0.37,3937.2,313.32,100.0,6.83
2023-06-14,931446,中证东方红红利低波动指数,东证红利低波,CSI Dongfanghong Dividend Low Volatility Index,DFH Dividend Low Volatility,2885.15,2897.36,2863.82,2864.66,-20.19,-0.7,4537.84,361.38,100.0,6.76
2023-06-15,931446,中证东方红红利低波动指数,东证红利低波,CSI Dongfanghong Dividend Low Volatility Index,DFH Dividend Low Volatility,2866.76,2873.84,2849.75,2864.53,-0.13,0.0,3902.62,327.34,100.0,6.78
2023-06-16,931446,中证东方红红利低波动指数,东证红利低波,CSI Dongfanghong Dividend Low Volatility Index,DFH Dividend Low Volatility,2865.97,2875.93,2858.82,2859.68,-4.85,-0.17,4394.42,372.07,100.0,6.78
2023-06-19,931446,中证东方红红利低波动指数,东证红利低波,CSI Dongfanghong Dividend Low Volatility Index,DFH Dividend Low Volatility,2858.32,2858.32,2825.18,2825.95,-33.73,-1.18,4835.65,372.79,100.0,6.69
2023-06-20,931446,中证东方红红利低波动指数,东证红利低波,CSI Dongfanghong Dividend Low Volatility Index,DFH Dividend Low Volatility,2824.1,2826.23,2805.63,2805.94,-20.01,-0.71,3811.79,305.76,100.0,6.63
2023-06-21,931446,中证东方红红利低波动指数,东证红利低波,CSI Dongfanghong Dividend Low Volatility Index,DFH Dividend Low Volatility,2795.26,2811.55,2781.02,2781.02,-24.92,-0.89,4139.63,312.27,100.0,6.63
2023-06-26,931446,中证东方红红利低波动指数,东证红利低波,CSI Dongfanghong Dividend Low Volatility Index,DFH Dividend Low Volatility,2771.27,2771.27,2733.01,2737.09,-43.93,-1.58,4661.36,352.63,100.0,6.53
2023-06-27,931446,中证东方红红利低波动指数,东证红利低波,CSI Dongfanghong Dividend Low Volatility Index,DFH Dividend Low Volatility,2739.09,2792.64,2737.13,2785.79,48.7,1.78,4273.98,323.24,100.0,6.64
2023-06-28,931446,中证东方红红利低波动指数,东证红利低波,CSI Dongfanghong Dividend Low Volatility Index,DFH Dividend Low Volatility,2780.02,2793.42,2764.07,2792.04,6.25,0.22,3669.26,283.08,100.0,6.64
2023-06-29,931446,中证东方红红利低波动指数,东证红利低波,CSI Dongfanghong Dividend Low Volatility Index,DFH Dividend Low Volatility,2786.93,2797.16,2778.74,2787.89,-4.15,-0.15,3265.31,247.71,100.0,6.6
2023-06-30,931446,中证东方红红利低波动指数,东证红利低波,CSI Dongfanghong Dividend Low Volatility Index,DFH Dividend Low Volatility,2786.52,2807.47,2784.93,2797.2,9.3,0.33,3255.53,248.7,100.0,6.63
2023-07-03,931446,中证东方红红利低波动指数,东证红利低波,CSI Dongfanghong Dividend Low Volatility Index,DFH Dividend Low Volatility,2801.05,2830.7,2801.05,2826.92,29.72,1.06,4225.31,350.2,100.0,6.76
2023-07-04,931446,中证东方红红利低波动指数,东证红利低波,CSI Dongfanghong Dividend Low Volatility Index,DFH Dividend Low Volatility,2824.87,2826.07,2800.57,2809.53,-17.39,-0.62,3421.81,259.02,100.0,6.71
2023-07-05,931446,中证东方红红利低波动指数,东证红利低波,CSI Dongfanghong Dividend Low Volatility Index,DFH Dividend Low Volatility,2801.62,2811.6,2793.95,2799.52,-10.01,-0.36,2754.56,220.22,100.0,6.67
2023-07-06,931446,中证东方红红利低波动指数,东证红利低波,CSI Dongfanghong Dividend Low Volatility Index,DFH Dividend Low Volatility,2791.06,2802.1,2777.6,2781.34,-18.18,-0.65,3054.16,237.27,100.0,6.63
2023-07-07,931446,中证东方红红利低波动指数,东证红利低波,CSI Dongfanghong Dividend Low Volatility Index,DFH Dividend Low Volatility,2774.97,2798.71,2773.08,2790.76,9.42,0.34,2998.83,234.98,100.0,6.63
2023-07-10,931446,中证东方红红利低波动指数,东证红利低波,CSI Dongfanghong Dividend Low Volatility Index,DFH Dividend Low Volatility,2798.84,2805.48,2785.91,2795.75,5.0,0.18,2690.0,217.64,100.0,6.62
2023-07-11,931446,中证东方红红利低波动指数,东证红利低波,CSI Dongfanghong Dividend Low Volatility Index,DFH Dividend Low Volatility,2798.14,2805.53,2785.48,2802.22,6.47,0.23,2659.65,210.73,100.0,6.66
2023-07-12,931446,中证东方红红利低波动指数,东证红利低波,CSI Dongfanghong Dividend Low Volatility Index,DFH Dividend Low Volatility,2801.48,2806.99,2780.73,2782.14,-20.09,-0.72,3208.69,257.91,100.0,6.65
2023-07-13,931446,中证东方红红利低波动指数,东证红利低波,CSI Dongfanghong Dividend Low Volatility Index,DFH Dividend Low Volatility,2785.42,2816.23,2785.26,2814.12,31.98,1.15,3826.33,319.92,100.0,6.75
2023-07-14,931446,中证东方红红利低波动指数,东证红利低波,CSI Dongfanghong Dividend Low Volatility Index,DFH Dividend Low Volatility,2811.57,2822.56,2806.57,2811.12,-3.0,-0.11,4062.7,301.81,100.0,6.76
2023-07-17,931446,中证东方红红利低波动指数,东证红利低波,CSI Dongfanghong Dividend Low Volatility Index,DFH Dividend Low Volatility,2798.78,2799.21,2782.25,2797.84,-13.27,-0.47,3681.3,261.06,100.0,6.65
2023-07-18,931446,中证东方红红利低波动指数,东证红利低波,CSI Dongfanghong Dividend Low Volatility Index,DFH Dividend Low Volatility,2797.14,2797.32,2781.15,2789.68,-8.17,-0.29,3307.78,235.61,100.0,6.59
2023-07-19,931446,中证东方红红利低波动指数,东证红利低波,CSI Dongfanghong Dividend Low Volatility Index,DFH Dividend Low Volatility,2786.33,2803.59,2785.76,2803.51,13.83,0.5,2968.39,224.68,100.0,6.61
2023-07-20,931446,中证东方红红利低波动指数,东证红利低波,CSI Dongfanghong Dividend Low Volatility Index,DFH Dividend Low Volatility,2803.68,2809.25,2779.58,2782.61,-20.9,-0.75,3186.94,238.61,100.0,6.57
2023-07-21,931446,中证东方红红利低波动指数,东证红利低波,CSI Dongfanghong Dividend Low Volatility Index,DFH Dividend Low Volatility,2776.93,2791.29,2774.46,2784.42,1.81,0.06,2883.18,226.28,100.0,6.55
2023-07-24,931446,中证东方红红利低波动指数,东证红利低波,CSI Dongfanghong Dividend Low Volatility Index,DFH Dividend Low Volatility,2778.26,2795.04,2771.69,2788.03,3.61,0.13,2777.68,202.32,100.0,6.54
2023-07-25,931446,中证东方红红利低波动指数,东证红利低波,CSI Dongfanghong Dividend Low Volatility Index,DFH Dividend Low Volatility,2807.7,2828.88,2807.62,2827.25,39.22,1.41,4946.26,497.29,100.0,6.67
2023-07-26,931446,中证东方红红利低波动指数,东证红利低波,CSI Dongfanghong Dividend Low Volatility Index,DFH Dividend Low Volatility,2825.4,2831.73,2814.3,2825.37,-1.88,-0.07,3273.03,284.24,100.0,6.65
2023-07-27,931446,中证东方红红利低波动指数,东证红利低波,CSI Dongfanghong Dividend Low Volatility Index,DFH Dividend Low Volatility,2826.69,2847.58,2824.42,2829.93,4.56,0.16,3797.19,320.13,100.0,6.67
2023-07-28,931446,中证东方红红利低波动指数,东证红利低波,CSI Dongfanghong Dividend Low Volatility Index,DFH Dividend Low Volatility,2825.03,2884.9,2822.77,2881.67,51.74,1.83,6046.29,589.24,100.0,6.81
2023-07-31,931446,中证东方红红利低波动指数,东证红利低波,CSI Dongfanghong Dividend Low Volatility Index,DFH Dividend Low Volatility,2889.33,2918.95,2889.33,2907.67,26.0,0.9,6895.26,658.52,100.0,6.84
2023-08-01,931446,中证东方红红利低波动指数,东证红利低波,CSI Dongfanghong Dividend Low Volatility Index,DFH Dividend Low Volatility,2904.51,2919.3,2899.02,2910.11,2.43,0.08,4911.92,432.38,100.0,6.86
2023-08-02,931446,中证东方红红利低波动指数,东证红利低波,CSI Dongfanghong Dividend Low Volatility Index,DFH Dividend Low Volatility,2900.51,2905.81,2874.67,2881.95,-28.16,-0.97,5216.16,426.14,100.0,6.71
2023-08-03,931446,中证东方红红利低波动指数,东证红利低波,CSI Dongfanghong Dividend Low Volatility Index,DFH Dividend Low Volatility,2882.34,2900.53,2866.52,2896.29,14.34,0.5,4386.24,380.73,100.0,6.76
2023-08-04,931446,中证东方红红利低波动指数,东证红利低波,CSI Dongfanghong Dividend Low Volatility Index,DFH Dividend Low Volatility,2907.41,2921.0,2894.93,2896.69,0.4,0.01,6092.07,569.08,100.0,6.78
2023-08-07,931446,中证东方红红利低波动指数,东证红利低波,CSI Dongfanghong Dividend Low Volatility Index,DFH Dividend Low Volatility,2889.26,2889.26,2865.55,2874.16,-22.53,-0.78,4258.14,351.94,100.0,6.75
2023-08-08,931446,中证东方红红利低波动指数,东证红利低波,CSI Dongfanghong Dividend Low Volatility Index,DFH Dividend Low Volatility,2871.83,2885.65,2861.57,2874.07,-0.09,0.0,3481.31,330.84,100.0,6.75
2023-08-09,931446,中证东方红红利低波动指数,东证红利低波,CSI Dongfanghong Dividend Low Volatility Index,DFH Dividend Low Volatility,2868.76,2870.93,2857.21,2860.14,-13.93,-0.48,3061.92,269.52,100.0,6.74
2023-08-10,931446,中证东方红红利低波动指数,东证红利低波,CSI Dongfanghong Dividend Low Volatility Index,DFH Dividend Low Volatility,2858.45,2868.62,2848.71,2864.37,4.23,0.15,3196.48,278.78,100.0,6.76
2023-08-11,931446,中证东方红红利低波动指数,东证红利低波,CSI Dongfanghong Dividend Low Volatility Index,DFH Dividend Low Volatility,2865.2,2866.68,2814.83,2814.83,-49.54,-1.73,4412.26,390.72,100.0,6.62
2023-08-14,931446,中证东方红红利低波动指数,东证红利低波,CSI Dongfanghong Dividend Low Volatility Index,DFH Dividend Low Volatility,2796.93,2816.35,2781.23,2810.21,-4.62,-0.16,4216.85,358.84,100.0,6.58
2023-08-15,931446,中证东方红红利低波动指数,东证红利低波,CSI Dongfanghong Dividend Low Volatility Index,DFH Dividend Low Volatility,2811.8,2835.43,2805.71,2831.76,21.55,0.77,3931.37,311.05,100.0,6.65
2023-08-16,931446,中证东方红红利低波动指数,东证红利低波,CSI Dongfanghong Dividend Low Volatility Index,DFH Dividend Low Volatility,2824.24,2839.63,2808.74,2823.79,-7.97,-0.28,3357.96,276.61,100.0,6.61
2023-08-17,931446,中证东方红红利低波动指数,东证红利低波,CSI Dongfanghong Dividend Low Volatility Index,DFH Dividend Low Volatility,2815.87,2825.06,2799.11,2822.04,-1.74,-0.06,3614.93,295.66,100.0,6.59
2023-08-18,931446,中证东方红红利低波动指数,东证红利低波,CSI Dongfanghong Dividend Low Volatility Index,DFH Dividend Low Volatility,2819.18,2847.05,2813.24,2813.24,-8.81,-0.31,3954.05,321.55,100.0,6.58
2023-08-21,931446,中证东方红红利低波动指数,东证红利低波,CSI Dongfanghong Dividend Low Volatility Index,DFH Dividend Low Volatility,2815.0,2822.87,2786.04,2786.04,-27.19,-0.97,3964.13,339.23,100.0,6.49
2023-08-22,931446,中证东方红红利低波动指数,东证红利低波,CSI Dongfanghong Dividend Low Volatility Index,DFH Dividend Low Volatility,2793.52,2813.98,2784.16,2809.71,23.67,0.85,4683.54,360.9,100.0,6.59
2023-08-23,931446,中证东方红红利低波动指数,东证红利低波,CSI Dongfanghong Dividend Low Volatility Index,DFH Dividend Low Volatility,2808.13,2827.23,2799.06,2801.03,-8.69,-0.31,3892.13,301.93,100.0,6.57
2023-08-24,931446,中证东方红红利低波动指数,东证红利低波,CSI Dongfanghong Dividend Low Volatility Index,DFH Dividend Low Volatility,2803.24,2811.83,2778.29,2779.21,-21.82,-0.78,4877.65,370.78,100.0,6.51
2023-08-25,931446,中证东方红红利低波动指数,东证红利低波,CSI Dongfanghong Dividend Low Volatility Index,DFH Dividend Low Volatility,2775.29,2810.77,2772.12,2788.58,9.37,0.34,4251.14,321.58,100.0,6.56
2023-08-28,931446,中证东方红红利低波动指数,东证红利低波,CSI Dongfanghong Dividend Low Volatility Index,DFH Dividend Low Volatility,2910.34,2911.28,2817.1,2823.49,34.91,1.25,7495.08,695.26,100.0,6.64
2023-08-29,931446,中证东方红红利低波动指数,东证红利低波,CSI Dongfanghong Dividend Low Volatility Index,DFH Dividend Low Volatility,2819.25,2828.42,2794.77,2814.62,-8.87,-0.31,6085.32,482.91,100.0,6.59
2023-08-30,931446,中证东方红红利低波动指数,东证红利低波,CSI Dongfanghong Dividend Low Volatility Index,DFH Dividend Low Volatility,2814.59,2816.63,2778.32,2779.0,-35.61,-1.26,5139.75,414.36,100.0,6.54
2023-08-31,931446,中证东方红红利低波动指数,东证红利低波,CSI Dongfanghong Dividend Low Volatility Index,DFH Dividend Low Volatility,2781.66,2793.49,2758.92,2762.1,-16.9,-0.61,4476.4,366.18,100.0,6.53
2023-09-01,931446,中证东方红红利低波动指数,东证红利低波,CSI Dongfanghong Dividend Low Volatility Index,DFH Dividend Low Volatility,2768.29,2787.13,2768.29,2779.22,17.12,0.62,4036.64,351.86,100.0,6.55
2023-09-04,931446,中证东方红红利低波动指数,东证红利低波,CSI Dongfanghong Dividend Low Volatility Index,DFH Dividend Low Volatility,2787.87,2823.49,2787.87,2817.96,38.74,1.39,5445.95,471.51,100.0,6.66
2023-09-05,931446,中证东方红红利低波动指数,东证红利低波,CSI Dongfanghong Dividend Low Volatility Index,DFH Dividend Low Volatility,2813.31,2813.31,2786.08,2788.86,-29.1,-1.03,3751.9,317.13,100.0,6.62
2023-09-06,931446,中证东方红红利低波动指数,东证红利低波,CSI Dongfanghong Dividend Low Volatility Index,DFH Dividend Low Volatility,2785.31,2794.09,2777.41,2788.76,-0.09,0.0,3122.03,271.65,100.0,6.63
2023-09-07,931446,中证东方红红利低波动指数,东证红利低波,CSI Dongfanghong Dividend Low Volatility Index,DFH Dividend Low Volatility,2786.32,2799.71,2776.78,2778.28,-10.48,-0.37,3575.37,280.07,100.0,6.63
2023-09-08,931446,中证东方红红利低波动指数,东证红利低波,CSI Dongfanghong Dividend Low Volatility Index,DFH Dividend Low Volatility,2775.32,2776.88,2762.72,2771.05,-7.23,-0.26,2687.81,215.21,100.0,6.59
2023-09-11,931446,中证东方红红利低波动指数,东证红利低波,CSI Dongfanghong Dividend Low Volatility Index,DFH Dividend Low Volatility,2776.17,2805.22,2775.32,2799.27,28.21,1.02,4041.21,343.48,100.0,6.62
2023-09-12,931446,中证东方红红利低波动指数,东证红利低波,CSI Dongfanghong Dividend Low Volatility Index,DFH Dividend Low Volatility,2797.04,2803.02,2793.38,2796.84,-2.43,-0.09,2911.59,242.49,100.0,6.62
2023-09-13,931446,中证东方红红利低波动指数,东证红利低波,CSI Dongfanghong Dividend Low Volatility Index,DFH Dividend Low Volatility,2799.62,2808.21,2785.47,2795.79,-1.05,-0.04,3237.36,265.47,100.0,6.64
2023-09-14,931446,中证东方红红利低波动指数,东证红利低波,CSI Dongfanghong Dividend Low Volatility Index,DFH Dividend Low Volatility,2798.33,2820.81,2794.56,2819.17,23.38,0.84,4772.35,356.23,100.0,6.71
2023-09-15,931446,中证东方红红利低波动指数,东证红利低波,CSI Dongfanghong Dividend Low Volatility Index,DFH Dividend Low Volatility,2824.15,2838.65,2803.3,2811.84,-7.33,-0.26,4852.49,383.04,100.0,6.65
2023-09-18,931446,中证东方红红利低波动指数,东证红利低波,CSI Dongfanghong Dividend Low Volatility Index,DFH Dividend Low Volatility,2809.34,2814.77,2788.8,2812.92,1.08,0.04,3643.75,275.56,100.0,6.64
2023-09-19,931446,中证东方红红利低波动指数,东证红利低波,CSI Dongfanghong Dividend Low Volatility Index,DFH Dividend Low Volatility,2809.92,2829.34,2807.41,2826.3,13.39,0.47,3853.45,277.58,100.0,6.69
2023-09-20,931446,中证东方红红利低波动指数,东证红利低波,CSI Dongfanghong Dividend Low Volatility Index,DFH Dividend Low Volatility,2825.33,2836.56,2813.26,2829.32,3.02,0.11,3605.25,262.05,100.0,6.69
2023-09-21,931446,中证东方红红利低波动指数,东证红利低波,CSI Dongfanghong Dividend Low Volatility Index,DFH Dividend Low Volatility,2828.8,2835.65,2810.88,2811.19,-18.13,-0.64,3492.14,260.77,100.0,6.64
2023-09-22,931446,中证东方红红利低波动指数,东证红利低波,CSI Dongfanghong Dividend Low Volatility Index,DFH Dividend Low Volatility,2811.51,2836.08,2805.15,2833.86,22.68,0.81,4413.39,364.22,100.0,6.73
2023-09-25,931446,中证东方红红利低波动指数,东证红利低波,CSI Dongfanghong Dividend Low Volatility Index,DFH Dividend Low Volatility,2833.17,2842.58,2824.4,2831.11,-2.75,-0.1,3838.99,301.39,100.0,6.7
2023-09-26,931446,中证东方红红利低波动指数,东证红利低波,CSI Dongfanghong Dividend Low Volatility Index,DFH Dividend Low Volatility,2831.23,2836.12,2823.66,2823.66,-7.45,-0.26,3143.9,237.66,100.0,6.67
2023-09-27,931446,中证东方红红利低波动指数,东证红利低波,CSI Dongfanghong Dividend Low Volatility Index,DFH Dividend Low Volatility,2826.54,2832.36,2817.57,2818.37,-5.29,-0.19,3380.42,258.77,100.0,6.64
2023-09-28,931446,中证东方红红利低波动指数,东证红利低波,CSI Dongfanghong Dividend Low Volatility Index,DFH Dividend Low Volatility,2823.4,2827.99,2817.41,2819.0,0.63,0.02,3102.09,253.65,100.0,6.65
2023-10-09,931446,中证东方红红利低波动指数,东证红利低波,CSI Dongfanghong Dividend Low Volatility Index,DFH Dividend Low Volatility,2809.62,2809.62,2783.35,2803.39,-15.61,-0.55,3964.24,301.23,100.0,6.63
2023-10-10,931446,中证东方红红利低波动指数,东证红利低波,CSI Dongfanghong Dividend Low Volatility Index,DFH Dividend Low Volatility,2808.37,2815.67,2775.17,2776.18,-27.2,-0.97,4124.31,307.77,100.0,6.58
2023-10-11,931446,中证东方红红利低波动指数,东证红利低波,CSI Dongfanghong Dividend Low Volatility Index,DFH Dividend Low Volatility,2783.76,2790.21,2767.88,2770.96,-5.22,-0.19,3963.43,292.65,100.0,6.57
2023-10-12,931446,中证东方红红利低波动指数,东证红利低波,CSI Dongfanghong Dividend Low Volatility Index,DFH Dividend Low Volatility,2791.57,2803.45,2787.75,2798.25,27.29,0.98,5314.12,362.87,100.0,6.65
2023-10-13,931446,中证东方红红利低波动指数,东证红利低波,CSI Dongfanghong Dividend Low Volatility Index,DFH Dividend Low Volatility,2786.8,2800.92,2779.44,2792.38,-5.87,-0.21,4292.74,286.94,100.0,6.66
2023-10-16,931446,中证东方红红利低波动指数,东证红利低波,CSI Dongfanghong Dividend Low Volatility Index,DFH Dividend Low Volatility,2795.38,2802.62,2785.42,2798.65,6.27,0.22,3650.01,268.07,100.0,6.67
2023-10-17,931446,中证东方红红利低波动指数,东证红利低波,CSI Dongfanghong Dividend Low Volatility Index,DFH Dividend Low Volatility,2799.35,2808.54,2793.31,2807.63,8.98,0.32,3256.58,254.46,100.0,6.71
2023-10-18,931446,中证东方红红利低波动指数,东证红利低波,CSI Dongfanghong Dividend Low Volatility Index,DFH Dividend Low Volatility,2803.54,2805.24,2780.27,2781.08,-26.55,-0.95,3608.42,267.02,100.0,6.69
2023-10-19,931446,中证东方红红利低波动指数,东证红利低波,CSI Dongfanghong Dividend Low Volatility Index,DFH Dividend Low Volatility,2774.09,2774.09,2731.58,2731.58,-49.5,-1.78,4777.86,360.76,100.0,6.55
2023-10-20,931446,中证东方红红利低波动指数,东证红利低波,CSI Dongfanghong Dividend Low Volatility Index,DFH Dividend Low Volatility,2725.52,2738.65,2717.23,2720.87,-10.71,-0.39,3734.44,278.15,100.0,6.52
2023-10-23,931446,中证东方红红利低波动指数,东证红利低波,CSI Dongfanghong Dividend Low Volatility Index,DFH Dividend Low Volatility,2713.85,2718.99,2673.56,2684.6,-36.27,-1.33,3669.59,266.0,100.0,6.47
2023-10-24,931446,中证东方红红利低波动指数,东证红利低波,CSI Dongfanghong Dividend Low Volatility Index,DFH Dividend Low Volatility,2691.05,2705.26,2680.93,2701.49,16.89,0.63,4454.11,317.8,100.0,6.47
2023-10-25,931446,中证东方红红利低波动指数,东证红利低波,CSI Dongfanghong Dividend Low Volatility Index,DFH Dividend Low Volatility,2719.44,2723.4,2705.64,2712.9,11.4,0.42,4884.03,353.58,100.0,6.41
2023-10-26,931446,中证东方红红利低波动指数,东证红利低波,CSI Dongfanghong Dividend Low Volatility Index,DFH Dividend Low Volatility,2704.4,2739.21,2700.18,2736.35,23.46,0.86,3991.45,281.97,100.0,6.48
2023-10-27,931446,中证东方红红利低波动指数,东证红利低波,CSI Dongfanghong Dividend Low Volatility Index,DFH Dividend Low Volatility,2739.34,2763.95,2737.53,2754.77,18.42,0.67,4557.66,354.31,100.0,6.5
2023-10-30,931446,中证东方红红利低波动指数,东证红利低波,CSI Dongfanghong Dividend Low Volatility Index,DFH Dividend Low Volatility,2748.01,2749.7,2716.2,2721.76,-33.01,-1.2,5900.05,429.92,100.0,6.39
2023-10-31,931446,中证东方红红利低波动指数,东证红利低波,CSI Dongfanghong Dividend Low Volatility Index,DFH Dividend Low Volatility,2719.9,2727.48,2711.13,2724.13,2.37,0.09,4489.48,361.62,100.0,6.41
2023-11-01,931446,中证东方红红利低波动指数,东证红利低波,CSI Dongfanghong Dividend Low Volatility Index,DFH Dividend Low Volatility,2725.9,2727.19,2711.32,2722.87,-1.26,-0.05,3875.05,292.79,100.0,6.42
2023-11-02,931446,中证东方红红利低波动指数,东证红利低波,CSI Dongfanghong Dividend Low Volatility Index,DFH Dividend Low Volatility,2722.56,2741.76,2722.5,2728.5,5.63,0.21,3682.59,267.53,100.0,6.46
2023-11-03,931446,中证东方红红利低波动指数,东证红利低波,CSI Dongfanghong Dividend Low Volatility Index,DFH Dividend Low Volatility,2729.93,2737.08,2719.05,2720.22,-8.29,-0.3,3717.71,282.1,100.0,6.44
2023-11-06,931446,中证东方红红利低波动指数,东证红利低波,CSI Dongfanghong Dividend Low Volatility Index,DFH Dividend Low Volatility,2727.37,2731.26,2716.08,2725.48,5.26,0.19,5333.33,422.28,100.0,6.4
2023-11-07,931446,中证东方红红利低波动指数,东证红利低波,CSI Dongfanghong Dividend Low Volatility Index,DFH Dividend Low Volatility,2722.0,2727.74,2711.02,2720.58,-4.9,-0.18,3699.43,295.49,100.0,6.4
2023-11-08,931446,中证东方红红利低波动指数,东证红利低波,CSI Dongfanghong Dividend Low Volatility Index,DFH Dividend Low Volatility,2717.7,2726.09,2707.15,2717.32,-3.25,-0.12,3572.11,290.43,100.0,6.38
2023-11-09,931446,中证东方红红利低波动指数,东证红利低波,CSI Dongfanghong Dividend Low Volatility Index,DFH Dividend Low Volatility,2714.67,2726.31,2713.71,2720.16,2.84,0.1,3772.28,324.22,100.0,6.42
2023-11-10,931446,中证东方红红利低波动指数,东证红利低波,CSI Dongfanghong Dividend Low Volatility Index,DFH Dividend Low Volatility,2715.28,2717.05,2698.07,2708.11,-12.05,-0.44,3662.48,297.27,100.0,6.4
2023-11-13,931446,中证东方红红利低波动指数,东证红利低波,CSI Dongfanghong Dividend Low Volatility Index,DFH Dividend Low Volatility,2711.14,2713.88,2692.36,2708.97,0.86,0.03,3355.34,271.09,100.0,6.39
2023-11-14,931446,中证东方红红利低波动指数,东证红利低波,CSI Dongfanghong Dividend Low Volatility Index,DFH Dividend Low Volatility,2707.88,2716.39,2703.58,2710.81,1.84,0.07,3333.94,274.49,100.0,6.4
2023-11-15,931446,中证东方红红利低波动指数,东证红利低波,CSI Dongfanghong Dividend Low Volatility Index,DFH Dividend Low Volatility,2723.54,2726.03,2717.25,2724.05,13.24,0.49,3236.91,277.33,100.0,6.43
2023-11-16,931446,中证东方红红利低波动指数,东证红利低波,CSI Dongfanghong Dividend Low Volatility Index,DFH Dividend Low Volatility,2722.61,2731.29,2717.48,2720.61,-3.45,-0.13,2943.5,228.32,100.0,6.42
2023-11-17,931446,中证东方红红利低波动指数,东证红利低波,CSI Dongfanghong Dividend Low Volatility Index,DFH Dividend Low Volatility,2717.07,2718.81,2705.53,2716.56,-4.05,-0.15,3015.12,240.28,100.0,6.39
2023-11-20,931446,中证东方红红利低波动指数,东证红利低波,CSI Dongfanghong Dividend Low Volatility Index,DFH Dividend Low Volatility,2719.05,2726.23,2709.09,2724.78,8.22,0.3,3045.91,237.78,100.0,6.42
2023-11-21,931446,中证东方红红利低波动指数,东证红利低波,CSI Dongfanghong Dividend Low Volatility Index,DFH Dividend Low Volatility,2727.96,2746.93,2727.04,2732.56,7.78,0.29,3702.52,286.41,100.0,6.43
2023-11-22,931446,中证东方红红利低波动指数,东证红利低波,CSI Dongfanghong Dividend Low Volatility Index,DFH Dividend Low Volatility,2728.12,2743.14,2726.32,2726.32,-6.24,-0.23,3063.47,220.64,100.0,6.42
2023-11-23,931446,中证东方红红利低波动指数,东证红利低波,CSI Dongfanghong Dividend Low Volatility Index,DFH Dividend Low Volatility,2726.6,2742.17,2722.22,2740.41,14.09,0.52,2806.74,215.18,100.0,6.43
2023-11-24,931446,中证东方红红利低波动指数,东证红利低波,CSI Dongfanghong Dividend Low Volatility Index,DFH Dividend Low Volatility,2740.23,2748.43,2736.03,2742.62,2.21,0.08,3022.0,234.74,100.0,6.42
2023-11-27,931446,中证东方红红利低波动指数,东证红利低波,CSI Dongfanghong Dividend Low Volatility Index,DFH Dividend Low Volatility,2741.64,2741.66,2715.56,2728.28,-14.34,-0.52,3914.13,310.94,100.0,6.39
2023-11-28,931446,中证东方红红利低波动指数,东证红利低波,CSI Dongfanghong Dividend Low Volatility Index,DFH Dividend Low Volatility,2726.02,2727.53,2714.64,2725.35,-2.93,-0.11,3082.11,238.66,100.0,6.38
2023-11-29,931446,中证东方红红利低波动指数,东证红利低波,CSI Dongfanghong Dividend Low Volatility Index,DFH Dividend Low Volatility,2725.51,2725.66,2700.46,2703.53,-21.82,-0.8,3657.5,286.42,100.0,6.34
2023-11-30,931446,中证东方红红利低波动指数,东证红利低波,CSI Dongfanghong Dividend Low Volatility Index,DFH Dividend Low Volatility,2702.37,2716.05,2701.22,2714.17,10.64,0.39,3850.97,290.31,100.0,6.39
2023-12-01,931446,中证东方红红利低波动指数,东证红利低波,CSI Dongfanghong Dividend Low Volatility Index,DFH Dividend Low Volatility,2714.43,2730.45,2711.47,2727.26,13.09,0.48,3987.07,309.28,100.0,6.39
2023-12-04,931446,中证东方红红利低波动指数,东证红利低波,CSI Dongfanghong Dividend Low Volatility Index,DFH Dividend Low Volatility,2730.19,2739.24,2727.2,2730.85,3.59,0.13,3122.71,241.17,100.0,6.39
2023-12-05,931446,中证东方红红利低波动指数,东证红利低波,CSI Dongfanghong Dividend Low Volatility Index,DFH Dividend Low Volatility,2728.2,2728.2,2696.38,2696.88,-33.97,-1.24,3498.45,272.92,100.0,6.3
2023-12-06,931446,中证东方红红利低波动指数,东证红利低波,CSI Dongfanghong Dividend Low Volatility Index,DFH Dividend Low Volatility,2694.68,2699.22,2672.1,2689.05,-7.83,-0.29,4237.06,297.82,100.0,6.24
2023-12-07,931446,中证东方红红利低波动指数,东证红利低波,CSI Dongfanghong Dividend Low Volatility Index,DFH Dividend Low Volatility,2687.76,2700.72,2676.5,2693.34,4.29,0.16,3698.61,272.78,100.0,6.25
2023-12-08,931446,中证东方红红利低波动指数,东证红利低波,CSI Dongfanghong Dividend Low Volatility Index,DFH Dividend Low Volatility,2692.55,2705.32,2685.3,2687.46,-5.87,-0.22,4776.04,329.04,100.0,6.26
2023-12-11,931446,中证东方红红利低波动指数,东证红利低波,CSI Dongfanghong Dividend Low Volatility Index,DFH Dividend Low Volatility,2680.69,2715.85,2653.26,2713.51,26.05,0.97,5045.9,355.05,100.0,6.12
2023-12-12,931446,中证东方红红利低波动指数,东证红利低波,CSI Dongfanghong Dividend Low Volatility Index,DFH Dividend Low Volatility,2709.84,2734.52,2703.32,2734.17,20.66,0.76,3871.62,268.45,100.0,6.18
2023-12-13,931446,中证东方红红利低波动指数,东证红利低波,CSI Dongfanghong Dividend Low Volatility Index,DFH Dividend Low Volatility,2730.09,2738.94,2720.09,2720.38,-13.79,-0.5,3319.67,248.08,100.0,6.13
2023-12-14,931446,中证东方红红利低波动指数,东证红利低波,CSI Dongfanghong Dividend Low Volatility Index,DFH Dividend Low Volatility,2725.18,2731.34,2715.88,2716.83,-3.55,-0.13,2801.51,209.83,100.0,6.11
2023-12-15,931446,中证东方红红利低波动指数,东证红利低波,CSI Dongfanghong Dividend Low Volatility Index,DFH Dividend Low Volatility,2720.9,2724.63,2695.38,2697.52,-19.31,-0.71,3429.09,264.1,100.0,6.07
2023-12-18,931446,中证东方红红利低波动指数,东证红利低波,CSI Dongfanghong Dividend Low Volatility Index,DFH Dividend Low Volatility,2694.49,2712.04,2686.55,2693.85,-3.67,-0.14,3478.81,239.73,100.0,6.1
2023-12-19,931446,中证东方红红利低波动指数,东证红利低波,CSI Dongfanghong Dividend Low Volatility Index,DFH Dividend Low Volatility,2694.09,2694.19,2674.71,2686.79,-7.06,-0.26,2873.28,201.36,100.0,6.1
2023-12-20,931446,中证东方红红利低波动指数,东证红利低波,CSI Dongfanghong Dividend Low Volatility Index,DFH Dividend Low Volatility,2688.47,2702.66,2674.6,2674.67,-12.12,-0.45,3277.71,262.03,100.0,6.09
2023-12-21,931446,中证东方红红利低波动指数,东证红利低波,CSI Dongfanghong Dividend Low Volatility Index,DFH Dividend Low Volatility,2669.74,2682.65,2652.0,2680.97,6.31,0.24,3729.83,283.43,100.0,6.09
2023-12-22,931446,中证东方红红利低波动指数,东证红利低波,CSI Dongfanghong Dividend Low Volatility Index,DFH Dividend Low Volatility,2681.73,2692.71,2671.07,2676.92,-4.06,-0.15,3638.04,272.13,100.0,6.12
2023-12-25,931446,中证东方红红利低波动指数,东证红利低波,CSI Dongfanghong Dividend Low Volatility Index,DFH Dividend Low Volatility,2674.16,2675.78,2661.48,2673.14,-3.77,-0.14,2521.19,186.52,100.0,6.14
2023-12-26,931446,中证东方红红利低波动指数,东证红利低波,CSI Dongfanghong Dividend Low Volatility Index,DFH Dividend Low Volatility,2672.87,2682.68,2664.86,2667.98,-5.17,-0.19,2636.7,197.52,100.0,6.14
2023-12-27,931446,中证东方红红利低波动指数,东证红利低波,CSI Dongfanghong Dividend Low Volatility Index,DFH Dividend Low Volatility,2667.35,2686.39,2657.12,2684.69,16.71,0.63,3420.91,236.84,100.0,6.19
2023-12-28,931446,中证东方红红利低波动指数,东证红利低波,CSI Dongfanghong Dividend Low Volatility Index,DFH Dividend Low Volatility,2683.83,2692.93,2678.17,2687.51,2.81,0.1,5158.97,376.95,100.0,6.18
2023-12-29,931446,中证东方红红利低波动指数,东证红利低波,CSI Dongfanghong Dividend Low Volatility Index,DFH Dividend Low Volatility,2684.27,2698.71,2683.01,2698.64,11.13,0.41,3628.77,269.36,100.0,6.2
2024-01-02,931446,中证东方红红利低波动指数,东证红利低波,CSI Dongfanghong Dividend Low Volatility Index,DFH Dividend Low Volatility,2696.15,2724.89,2694.0,2714.8,16.16,0.6,4241.83,308.36,100.0,6.21
2024-01-03,931446,中证东方红红利低波动指数,东证红利低波,CSI Dongfanghong Dividend Low Volatility Index,DFH Dividend Low Volatility,2712.1,2741.27,2711.23,2740.06,25.26,0.93,4027.83,286.5,100.0,6.27
2024-01-04,931446,中证东方红红利低波动指数,东证红利低波,CSI Dongfanghong Dividend Low Volatility Index,DFH Dividend Low Volatility,2739.25,2751.55,2731.05,2749.51,9.45,0.34,4128.69,302.55,100.0,6.31
2024-01-05,931446,中证东方红红利低波动指数,东证红利低波,CSI Dongfanghong Dividend Low Volatility Index,DFH Dividend Low Volatility,2748.56,2792.26,2740.07,2759.57,10.06,0.37,5635.8,420.46,100.0,6.32
2024-01-08,931446,中证东方红红利低波动指数,东证红利低波,CSI Dongfanghong Dividend Low Volatility Index,DFH Dividend Low Volatility,2756.4,2760.51,2733.84,2733.95,-25.61,-0.93,4497.24,336.37,100.0,6.29
2024-01-09,931446,中证东方红红利低波动指数,东证红利低波,CSI Dongfanghong Dividend Low Volatility Index,DFH Dividend Low Volatility,2731.41,2756.67,2716.18,2753.41,19.45,0.71,4082.67,297.93,100.0,6.3
2024-01-10,931446,中证东方红红利低波动指数,东证红利低波,CSI Dongfanghong Dividend Low Volatility Index,DFH Dividend Low Volatility,2749.52,2754.93,2737.92,2740.24,-13.17,-0.48,3289.85,249.78,100.0,6.26
2024-01-11,931446,中证东方红红利低波动指数,东证红利低波,CSI Dongfanghong Dividend Low Volatility Index,DFH Dividend Low Volatility,2737.47,2745.33,2727.07,2728.64,-11.59,-0.42,4029.97,291.25,100.0,6.21
2024-01-12,931446,中证东方红红利低波动指数,东证红利低波,CSI Dongfanghong Dividend Low Volatility Index,DFH Dividend Low Volatility,2725.54,2761.34,2725.02,2744.93,16.29,0.6,3478.35,248.91,100.0,6.24
2024-01-15,931446,中证东方红红利低波动指数,东证红利低波,CSI Dongfanghong Dividend Low Volatility Index,DFH Dividend Low Volatility,2741.85,2767.05,2738.92,2762.64,17.71,0.65,3209.79,237.15,100.0,6.28
2024-01-16,931446,中证东方红红利低波动指数,东证红利低波,CSI Dongfanghong Dividend Low Volatility Index,DFH Dividend Low Volatility,2759.36,2776.86,2751.36,2776.38,13.74,0.5,4228.88,313.6,100.0,6.33
2024-01-17,931446,中证东方红红利低波动指数,东证红利低波,CSI Dongfanghong Dividend Low Volatility Index,DFH Dividend Low Volatility,2771.67,2785.71,2746.85,2746.85,-29.53,-1.06,4521.2,347.71,100.0,6.26
2024-01-18,931446,中证东方红红利低波动指数,东证红利低波,CSI Dongfanghong Dividend Low Volatility Index,DFH Dividend Low Volatility,2738.97,2738.97,2660.48,2728.57,-18.28,-0.66,7290.64,518.08,100.0,6.26
2024-01-19,931446,中证东方红红利低波动指数,东证红利低波,CSI Dongfanghong Dividend Low Volatility Index,DFH Dividend Low Volatility,2720.69,2731.86,2706.16,2717.95,-10.62,-0.39,4455.47,343.62,100.0,6.25
2024-01-22,931446,中证东方红红利低波动指数,东证红利低波,CSI Dongfanghong Dividend Low Volatility Index,DFH Dividend Low Volatility,2713.71,2720.12,2633.12,2647.84,-70.11,-2.58,6152.72,471.39,100.0,6.2
2024-01-23,931446,中证东方红红利低波动指数,东证红利低波,CSI Dongfanghong Dividend Low Volatility Index,DFH Dividend Low Volatility,2642.38,2673.69,2616.7,2662.89,15.05,0.57,4591.0,336.13,100.0,6.21
2024-01-24,931446,中证东方红红利低波动指数,东证红利低波,CSI Dongfanghong Dividend Low Volatility Index,DFH Dividend Low Volatility,2669.86,2728.97,2660.38,2728.68,65.79,2.47,6008.2,427.6,100.0,6.36
2024-01-25,931446,中证东方红红利低波动指数,东证红利低波,CSI Dongfanghong Dividend Low Volatility Index,DFH Dividend Low Volatility,2732.12,2794.58,2730.16,2794.58,65.9,2.41,7800.62,557.95,100.0,6.54
2024-01-26,931446,中证东方红红利低波动指数,东证红利低波,CSI Dongfanghong Dividend Low Volatility Index,DFH Dividend Low Volatility,2795.04,2838.97,2793.32,2832.68,38.1,1.36,7723.86,550.77,100.0,6.65
2024-01-29,931446,中证东方红红利低波动指数,东证红利低波,CSI Dongfanghong Dividend Low Volatility Index,DFH Dividend Low Volatility,2839.25,2879.23,2837.74,2846.44,13.76,0.49,8298.44,601.65,100.0,6.7
2024-01-30,931446,中证东方红红利低波动指数,东证红利低波,CSI Dongfanghong Dividend Low Volatility Index,DFH Dividend Low Volatility,2833.03,2861.73,2811.99,2813.97,-32.48,-1.14,6207.28,462.37,100.0,6.66
2024-01-31,931446,中证东方红红利低波动指数,东证红利低波,CSI Dongfanghong Dividend Low Volatility Index,DFH Dividend Low Volatility,2802.79,2833.51,2788.37,2805.03,-8.93,-0.32,6186.94,469.37,100.0,6.68
2024-02-01,931446,中证东方红红利低波动指数,东证红利低波,CSI Dongfanghong Dividend Low Volatility Index,DFH Dividend Low Volatility,2790.63,2804.77,2765.45,2775.26,-29.78,-1.06,5922.12,437.3,100.0,6.6
2024-02-02,931446,中证东方红红利低波动指数,东证红利低波,CSI Dongfanghong Dividend Low Volatility Index,DFH Dividend Low Volatility,2775.29,2811.88,2715.75,2769.13,-6.13,-0.22,7408.48,547.42,100.0,6.63
2024-02-05,931446,中证东方红红利低波动指数,东证红利低波,CSI Dongfanghong Dividend Low Volatility Index,DFH Dividend Low Volatility,2759.03,2789.68,2705.41,2760.49,-8.64,-0.31,9126.84,668.15,100.0,6.73
2024-02-06,931446,中证东方红红利低波动指数,东证红利低波,CSI Dongfanghong Dividend Low Volatility Index,DFH Dividend Low Volatility,2745.34,2836.63,2740.32,2821.67,61.19,2.22,8702.08,651.22,100.0,6.78
2024-02-07,931446,中证东方红红利低波动指数,东证红利低波,CSI Dongfanghong Dividend Low Volatility Index,DFH Dividend Low Volatility,2819.84,2848.03,2797.43,2847.61,25.93,0.92,10268.48,743.91,100.0,6.78
2024-02-08,931446,中证东方红红利低波动指数,东证红利低波,CSI Dongfanghong Dividend Low Volatility Index,DFH Dividend Low Volatility,2843.8,2856.37,2830.38,2849.86,2.25,0.08,8520.98,610.93,100.0,6.74
2024-02-19,931446,中证东方红红利低波动指数,东证红利低波,CSI Dongfanghong Dividend Low Volatility Index,DFH Dividend Low Volatility,2859.89,2903.18,2838.57,2902.98,53.12,1.86,7860.88,573.19,100.0,6.92
2024-02-20,931446,中证东方红红利低波动指数,东证红利低波,CSI Dongfanghong Dividend Low Volatility Index,DFH Dividend Low Volatility,2894.87,2933.95,2883.72,2930.83,27.85,0.96,5494.76,425.59,100.0,6.97
2024-02-21,931446,中证东方红红利低波动指数,东证红利低波,CSI Dongfanghong Dividend Low Volatility Index,DFH Dividend Low Volatility,2920.95,2983.96,2912.75,2947.9,17.07,0.58,7203.76,596.71,100.0,7.04
2024-02-22,931446,中证东方红红利低波动指数,东证红利低波,CSI Dongfanghong Dividend Low Volatility Index,DFH Dividend Low Volatility,2940.0,2968.15,2933.2,2968.15,20.25,0.69,4998.42,403.39,100.0,7.12
2024-02-23,931446,中证东方红红利低波动指数,东证红利低波,CSI Dongfanghong Dividend Low Volatility Index,DFH Dividend Low Volatility,2967.76,2996.33,2961.65,2975.04,6.89,0.23,5606.63,439.55,100.0,7.13
2024-02-26,931446,中证东方红红利低波动指数,东证红利低波,CSI Dongfanghong Dividend Low Volatility Index,DFH Dividend Low Volatility,2972.35,2972.35,2909.01,2915.61,-59.42,-2.0,6279.25,490.27,100.0,6.96
2024-02-27,931446,中证东方红红利低波动指数,东证红利低波,CSI Dongfanghong Dividend Low Volatility Index,DFH Dividend Low Volatility,2907.86,2931.58,2903.27,2928.22,12.6,0.43,4709.53,369.01,100.0,6.97
2024-02-28,931446,中证东方红红利低波动指数,东证红利低波,CSI Dongfanghong Dividend Low Volatility Index,DFH Dividend Low Volatility,2924.22,2945.23,2908.05,2908.05,-20.17,-0.69,6236.79,489.66,100.0,6.96
2024-02-29,931446,中证东方红红利低波动指数,东证红利低波,CSI Dongfanghong Dividend Low Volatility Index,DFH Dividend Low Volatility,2900.23,2940.14,2898.64,2940.14,32.09,1.1,5038.79,396.9,100.0,6.99
2024-03-01,931446,中证东方红红利低波动指数,东证红利低波,CSI Dongfanghong Dividend Low Volatility Index,DFH Dividend Low Volatility,2936.53,2944.13,2924.62,2935.47,-4.67,-0.16,4753.0,370.92,100.0,6.99
2024-03-04,931446,中证东方红红利低波动指数,东证红利低波,CSI Dongfanghong Dividend Low Volatility Index,DFH Dividend Low Volatility,2931.19,2938.53,2914.59,2936.58,1.11,0.04,5174.29,425.87,100.0,7.02
2024-03-05,931446,中证东方红红利低波动指数,东证红利低波,CSI Dongfanghong Dividend Low Volatility Index,DFH Dividend Low Volatility,2929.47,2972.01,2926.85,2967.74,31.15,1.06,5776.44,475.25,100.0,7.12
2024-03-06,931446,中证东方红红利低波动指数,东证红利低波,CSI Dongfanghong Dividend Low Volatility Index,DFH Dividend Low Volatility,2964.71,2977.49,2953.5,2956.47,-11.27,-0.38,4578.8,364.23,100.0,7.06
2024-03-07,931446,中证东方红红利低波动指数,东证红利低波,CSI Dongfanghong Dividend Low Volatility Index,DFH Dividend Low Volatility,2955.07,2988.49,2955.07,2967.71,11.24,0.38,4509.85,372.53,100.0,7.1
2024-03-08,931446,中证东方红红利低波动指数,东证红利低波,CSI Dongfanghong Dividend Low Volatility Index,DFH Dividend Low Volatility,2964.88,2990.21,2960.45,2988.66,20.95,0.7,3940.2,316.0,100.0,7.11
2024-03-11,931446,中证东方红红利低波动指数,东证红利低波,CSI Dongfanghong Dividend Low Volatility Index,DFH Dividend Low Volatility,2987.46,2996.95,2958.87,2980.32,-8.34,-0.28,4603.73,381.72,100.0,7.06
2024-03-12,931446,中证东方红红利低波动指数,东证红利低波,CSI Dongfanghong Dividend Low Volatility Index,DFH Dividend Low Volatility,2976.37,2976.42,2924.47,2929.52,-50.8,-1.7,6120.1,522.31,100.0,6.91
2024-03-13,931446,中证东方红红利低波动指数,东证红利低波,CSI Dongfanghong Dividend Low Volatility Index,DFH Dividend Low Volatility,2926.8,2926.8,2896.92,2915.59,-13.93,-0.47,4373.53,374.46,100.0,6.87
2024-03-14,931446,中证东方红红利低波动指数,东证红利低波,CSI Dongfanghong Dividend Low Volatility Index,DFH Dividend Low Volatility,2912.12,2937.17,2911.08,2926.05,10.46,0.36,4243.11,340.75,100.0,6.9
2024-03-15,931446,中证东方红红利低波动指数,东证红利低波,CSI Dongfanghong Dividend Low Volatility Index,DFH Dividend Low Volatility,2927.3,2941.95,2923.49,2941.4,15.35,0.52,4439.61,354.94,100.0,6.91
2024-03-18,931446,中证东方红红利低波动指数,东证红利低波,CSI Dongfanghong Dividend Low Volatility Index,DFH Dividend Low Volatility,2939.18,2953.99,2934.83,2951.44,10.05,0.34,4473.54,365.62,100.0,6.91
2024-03-19,931446,中证东方红红利低波动指数,东证红利低波,CSI Dongfanghong Dividend Low Volatility Index,DFH Dividend Low Volatility,2948.21,2952.03,2924.83,2926.37,-25.07,-0.85,4004.94,322.75,100.0,6.87
2024-03-20,931446,中证东方红红利低波动指数,东证红利低波,CSI Dongfanghong Dividend Low Volatility Index,DFH Dividend Low Volatility,2923.74,2952.16,2915.49,2948.45,22.08,0.75,3890.25,313.89,100.0,6.94
2024-03-21,931446,中证东方红红利低波动指数,东证红利低波,CSI Dongfanghong Dividend Low Volatility Index,DFH Dividend Low Volatility,2951.61,2963.09,2943.73,2955.31,6.86,0.23,3689.05,299.52,100.0,6.96
2024-03-22,931446,中证东方红红利低波动指数,东证红利低波,CSI Dongfanghong Dividend Low Volatility Index,DFH Dividend Low Volatility,2954.34,2956.53,2917.79,2937.87,-17.44,-0.59,4276.51,363.89,100.0,6.94
2024-03-25,931446,中证东方红红利低波动指数,东证红利低波,CSI Dongfanghong Dividend Low Volatility Index,DFH Dividend Low Volatility,2930.58,2975.48,2929.16,2945.74,7.87,0.27,4273.0,345.04,100.0,6.98
2024-03-26,931446,中证东方红红利低波动指数,东证红利低波,CSI Dongfanghong Dividend Low Volatility Index,DFH Dividend Low Volatility,2947.39,2965.94,2938.63,2965.33,19.58,0.66,4300.87,363.24,100.0,7.01
2024-03-27,931446,中证东方红红利低波动指数,东证红利低波,CSI Dongfanghong Dividend Low Volatility Index,DFH Dividend Low Volatility,2961.4,2988.47,2960.03,2960.87,-4.46,-0.15,4503.37,358.46,100.0,7.04
2024-03-28,931446,中证东方红红利低波动指数,东证红利低波,CSI Dongfanghong Dividend Low Volatility Index,DFH Dividend Low Volatility,2956.88,2970.24,2936.34,2954.59,-6.28,-0.21,5442.7,404.99,100.0,6.98
2024-03-29,931446,中证东方红红利低波动指数,东证红利低波,CSI Dongfanghong Dividend Low Volatility Index,DFH Dividend Low Volatility,2948.07,2979.39,2946.5,2978.58,24.0,0.81,4776.73,361.92,100.0,7.07
2024-04-01,931446,中证东方红红利低波动指数,东证红利低波,CSI Dongfanghong Dividend Low Volatility Index,DFH Dividend Low Volatility,2981.65,2994.77,2980.28,2994.46,15.88,0.53,4964.2,401.05,100.0,7.09
2024-04-02,931446,中证东方红红利低波动指数,东证红利低波,CSI Dongfanghong Dividend Low Volatility Index,DFH Dividend Low Volatility,2992.82,3016.25,2991.14,3006.71,12.25,0.41,4834.12,382.07,100.0,7.13
2024-04-03,931446,中证东方红红利低波动指数,东证红利低波,CSI Dongfanghong Dividend Low Volatility Index,DFH Dividend Low Volatility,3006.91,3015.29,2990.01,3013.3,6.59,0.22,4183.35,350.58,100.0,7.14
2024-04-08,931446,中证东方红红利低波动指数,东证红利低波,CSI Dongfanghong Dividend Low Volatility Index,DFH Dividend Low Volatility,3008.09,3041.87,2995.87,3025.69,12.39,0.41,5312.07,439.27,100.0,7.19
2024-04-09,931446,中证东方红红利低波动指数,东证红利低波,CSI Dongfanghong Dividend Low Volatility Index,DFH Dividend Low Volatility,3024.58,3037.32,3002.89,3012.42,-13.27,-0.44,4665.17,370.29,100.0,7.12
2024-04-10,931446,中证东方红红利低波动指数,东证红利低波,CSI Dongfanghong Dividend Low Volatility Index,DFH Dividend Low Volatility,3010.51,3031.69,2999.41,3012.73,0.31,0.01,4435.66,378.27,100.0,7.15
2024-04-11,931446,中证东方红红利低波动指数,东证红利低波,CSI Dongfanghong Dividend Low Volatility Index,DFH Dividend Low Volatility,3001.59,3043.93,2993.74,3032.91,20.18,0.67,4212.92,338.27,100.0,7.14
2024-04-12,931446,中证东方红红利低波动指数,东证红利低波,CSI Dongfanghong Dividend Low Volatility Index,DFH Dividend Low Volatility,3029.53,3040.63,3016.24,3020.62,-12.29,-0.4,4392.39,363.0,100.0,7.11
2024-04-15,931446,中证东方红红利低波动指数,东证红利低波,CSI Dongfanghong Dividend Low Volatility Index,DFH Dividend Low Volatility,3023.5,3087.18,3009.33,3081.66,61.04,2.02,7359.01,576.97,100.0,7.3
2024-04-16,931446,中证东方红红利低波动指数,东证红利低波,CSI Dongfanghong Dividend Low Volatility Index,DFH Dividend Low Volatility,3074.25,3096.99,3046.64,3059.29,-22.37,-0.73,7413.8,585.83,100.0,7.34
2024-04-17,931446,中证东方红红利低波动指数,东证红利低波,CSI Dongfanghong Dividend Low Volatility Index,DFH Dividend Low Volatility,3057.2,3128.6,3043.64,3128.6,69.31,2.26,7105.44,554.96,100.0,7.42
2024-04-18,931446,中证东方红红利低波动指数,东证红利低波,CSI Dongfanghong Dividend Low Volatility Index,DFH Dividend Low Volatility,3124.62,3171.69,3122.91,3140.48,11.88,0.38,7379.22,608.75,100.0,7.42
2024-04-19,931446,中证东方红红利低波动指数,东证红利低波,CSI Dongfanghong Dividend Low Volatility Index,DFH Dividend Low Volatility,3122.87,3164.71,3122.86,3148.17,7.69,0.24,5802.52,470.81,100.0,7.46
2024-04-22,931446,中证东方红红利低波动指数,东证红利低波,CSI Dongfanghong Dividend Low Volatility Index,DFH Dividend Low Volatility,3150.87,3167.15,3105.53,3108.42,-39.75,-1.26,5806.58,462.75,100.0,7.36
2024-04-23,931446,中证东方红红利低波动指数,东证红利低波,CSI Dongfanghong Dividend Low Volatility Index,DFH Dividend Low Volatility,3105.03,3113.72,3075.84,3081.69,-26.73,-0.86,5326.48,416.75,100.0,7.31
2024-04-24,931446,中证东方红红利低波动指数,东证红利低波,CSI Dongfanghong Dividend Low Volatility Index,DFH Dividend Low Volatility,3080.95,3088.59,3063.89,3085.19,3.5,0.11,4238.36,348.95,100.0,7.32
2024-04-25,931446,中证东方红红利低波动指数,东证红利低波,CSI Dongfanghong Dividend Low Volatility Index,DFH Dividend Low Volatility,3079.75,3103.39,3075.84,3102.11,16.92,0.55,4094.43,344.3,100.0,7.37
2024-04-26,931446,中证东方红红利低波动指数,东证红利低波,CSI Dongfanghong Dividend Low Volatility Index,DFH Dividend Low Volatility,3096.39,3109.05,3057.36,3076.39,-25.72,-0.83,7370.05,590.26,100.0,7.32
2024-04-29,931446,中证东方红红利低波动指数,东证红利低波,CSI Dongfanghong Dividend Low Volatility Index,DFH Dividend Low Volatility,3062.33,3069.11,3037.9,3064.18,-12.21,-0.4,8117.62,674.54,100.0,7.27
2024-04-30,931446,中证东方红红利低波动指数,东证红利低波,CSI Dongfanghong Dividend Low Volatility Index,DFH Dividend Low Volatility,3059.43,3093.45,3055.43,3075.97,11.79,0.38,6532.77,576.78,100.0,7.3
2024-05-06,931446,中证东方红红利低波动指数,东证红利低波,CSI Dongfanghong Dividend Low Volatility Index,DFH Dividend Low Volatility,3095.94,3106.81,3077.91,3104.88,28.9,0.94,7468.81,645.91,100.0,7.33
2024-05-07,931446,中证东方红红利低波动指数,东证红利低波,CSI Dongfanghong Dividend Low Volatility Index,DFH Dividend Low Volatility,3102.03,3102.08,3079.93,3096.64,-8.23,-0.27,5350.35,433.79,100.0,7.34
2024-05-08,931446,中证东方红红利低波动指数,东证红利低波,CSI Dongfanghong Dividend Low Volatility Index,DFH Dividend Low Volatility,3093.47,3109.3,3090.05,3093.24,-3.4,-0.11,4566.5,372.46,100.0,7.36
2024-05-09,931446,中证东方红红利低波动指数,东证红利低波,CSI Dongfanghong Dividend Low Volatility Index,DFH Dividend Low Volatility,3093.02,3120.16,3093.02,3116.75,23.5,0.76,4721.2,383.58,100.0,7.35
2024-05-10,931446,中证东方红红利低波动指数,东证红利低波,CSI Dongfanghong Dividend Low Volatility Index,DFH Dividend Low Volatility,3116.55,3133.13,3105.41,3129.47,12.73,0.41,5088.15,444.05,100.0,7.39
2024-05-13,931446,中证东方红红利低波动指数,东证红利低波,CSI Dongfanghong Dividend Low Volatility Index,DFH Dividend Low Volatility,3126.46,3163.6,3112.5,3158.39,28.92,0.92,5784.49,482.26,100.0,7.42
2024-05-14,931446,中证东方红红利低波动指数,东证红利低波,CSI Dongfanghong Dividend Low Volatility Index,DFH Dividend Low Volatility,3155.2,3165.58,3143.84,3155.47,-2.93,-0.09,4563.8,393.22,100.0,7.37
2024-05-15,931446,中证东方红红利低波动指数,东证红利低波,CSI Dongfanghong Dividend Low Volatility Index,DFH Dividend Low Volatility,3150.99,3158.97,3136.08,3138.19,-17.28,-0.55,3674.18,317.13,100.0,7.34
2024-05-16,931446,中证东方红红利低波动指数,东证红利低波,CSI Dongfanghong Dividend Low Volatility Index,DFH Dividend Low Volatility,3139.62,3161.9,3138.06,3147.78,9.59,0.31,5330.15,473.06,100.0,7.37
2024-05-17,931446,中证东方红红利低波动指数,东证红利低波,CSI Dongfanghong Dividend Low Volatility Index,DFH Dividend Low Volatility,3149.28,3172.74,3136.71,3172.74,24.96,0.79,5525.56,516.23,100.0,7.45
2024-05-20,931446,中证东方红红利低波动指数,东证红利低波,CSI Dongfanghong Dividend Low Volatility Index,DFH Dividend Low Volatility,3173.22,3189.06,3162.16,3178.86,6.12,0.19,5958.72,542.47,100.0,7.49
2024-05-21,931446,中证东方红红利低波动指数,东证红利低波,CSI Dongfanghong Dividend Low Volatility Index,DFH Dividend Low Volatility,3175.06,3199.36,3170.16,3193.54,14.68,0.46,4419.32,390.87,100.0,7.52
2024-05-22,931446,中证东方红红利低波动指数,东证红利低波,CSI Dongfanghong Dividend Low Volatility Index,DFH Dividend Low Volatility,3191.56,3214.37,3189.37,3191.26,-2.28,-0.07,4968.63,423.57,100.0,7.52
2024-05-23,931446,中证东方红红利低波动指数,东证红利低波,CSI Dongfanghong Dividend Low Volatility Index,DFH Dividend Low Volatility,3184.55,3187.36,3153.93,3160.5,-30.76,-0.96,4774.05,410.21,100.0,7.47
2024-05-24,931446,中证东方红红利低波动指数,东证红利低波,CSI Dongfanghong Dividend Low Volatility Index,DFH Dividend Low Volatility,3156.29,3192.45,3156.29,3159.41,-1.09,-0.03,4237.07,371.8,100.0,7.44
2024-05-27,931446,中证东方红红利低波动指数,东证红利低波,CSI Dongfanghong Dividend Low Volatility Index,DFH Dividend Low Volatility,3163.33,3206.78,3163.33,3205.93,46.52,1.47,4681.22,404.84,100.0,7.55
2024-05-28,931446,中证东方红红利低波动指数,东证红利低波,CSI Dongfanghong Dividend Low Volatility Index,DFH Dividend Low Volatility,3202.88,3213.74,3183.95,3189.95,-15.98,-0.5,4000.31,342.49,100.0,7.55
2024-05-29,931446,中证东方红红利低波动指数,东证红利低波,CSI Dongfanghong Dividend Low Volatility Index,DFH Dividend Low Volatility,3185.84,3209.18,3175.01,3183.33,-6.62,-0.21,4051.84,339.81,100.0,7.54
2024-05-30,931446,中证东方红红利低波动指数,东证红利低波,CSI Dongfanghong Dividend Low Volatility Index,DFH Dividend Low Volatility,3176.32,3197.69,3152.0,3159.49,-23.84,-0.75,4103.69,344.31,100.0,7.47
2024-05-31,931446,中证东方红红利低波动指数,东证红利低波,CSI Dongfanghong Dividend Low Volatility Index,DFH Dividend Low Volatility,3162.97,3181.1,3162.97,3166.23,6.74,0.21,3811.45,332.07,100.0,7.46
2024-06-03,931446,中证东方红红利低波动指数,东证红利低波,CSI Dongfanghong Dividend Low Volatility Index,DFH Dividend Low Volatility,3166.18,3166.75,3129.39,3147.17,-19.06,-0.6,5673.91,469.32,100.0,7.47
2024-06-04,931446,中证东方红红利低波动指数,东证红利低波,CSI Dongfanghong Dividend Low Volatility Index,DFH Dividend Low Volatility,3143.3,3173.87,3136.87,3170.5,23.33,0.74,4323.36,375.82,100.0,7.47
2024-06-05,931446,中证东方红红利低波动指数,东证红利低波,CSI Dongfanghong Dividend Low Volatility Index,DFH Dividend Low Volatility,3169.84,3171.57,3131.5,3132.56,-37.94,-1.2,4187.62,367.09,100.0,7.43
2024-06-06,931446,中证东方红红利低波动指数,东证红利低波,CSI Dongfanghong Dividend Low Volatility Index,DFH Dividend Low Volatility,3130.52,3146.39,3119.56,3127.92,-4.65,-0.15,4939.38,428.04,100.0,7.46
2024-06-07,931446,中证东方红红利低波动指数,东证红利低波,CSI Dongfanghong Dividend Low Volatility Index,DFH Dividend Low Volatility,3129.63,3156.98,3128.57,3155.41,27.49,0.88,5043.01,414.47,100.0,7.47
2024-06-11,931446,中证东方红红利低波动指数,东证红利低波,CSI Dongfanghong Dividend Low Volatility Index,DFH Dividend Low Volatility,3153.07,3159.08,3093.69,3102.74,-52.67,-1.67,5618.53,449.78,100.0,7.34
2024-06-12,931446,中证东方红红利低波动指数,东证红利低波,CSI Dongfanghong Dividend Low Volatility Index,DFH Dividend Low Volatility,3095.32,3124.1,3082.6,3120.41,17.67,0.57,4834.63,382.44,100.0,7.36
2024-06-13,931446,中证东方红红利低波动指数,东证红利低波,CSI Dongfanghong Dividend Low Volatility Index,DFH Dividend Low Volatility,3118.32,3123.37,3082.5,3089.71,-30.7,-0.98,4243.53,347.47,100.0,7.35
2024-06-14,931446,中证东方红红利低波动指数,东证红利低波,CSI Dongfanghong Dividend Low Volatility Index,DFH Dividend Low Volatility,3077.1,3095.33,3063.29,3080.52,-9.19,-0.3,7066.31,621.13,100.0,7.35
2024-06-17,931446,中证东方红红利低波动指数,东证红利低波,CSI Dongfanghong Dividend Low Volatility Index,DFH Dividend Low Volatility,3072.15,3092.29,3056.43,3060.52,-20.0,-0.65,5221.62,421.0,100.0,7.38
2024-06-18,931446,中证东方红红利低波动指数,东证红利低波,CSI Dongfanghong Dividend Low Volatility Index,DFH Dividend Low Volatility,3061.75,3084.1,3046.67,3082.81,22.29,0.73,4253.67,347.7,100.0,7.42
2024-06-19,931446,中证东方红红利低波动指数,东证红利低波,CSI Dongfanghong Dividend Low Volatility Index,DFH Dividend Low Volatility,3079.94,3096.08,3075.73,3079.0,-3.81,-0.12,3974.73,329.76,100.0,7.46
2024-06-20,931446,中证东方红红利低波动指数,东证红利低波,CSI Dongfanghong Dividend Low Volatility Index,DFH Dividend Low Volatility,3075.16,3083.29,3056.32,3063.67,-15.33,-0.5,3884.97,327.38,100.0,7.48
2024-06-21,931446,中证东方红红利低波动指数,东证红利低波,CSI Dongfanghong Dividend Low Volatility Index,DFH Dividend Low Volatility,3058.07,3081.49,3056.52,3066.77,3.1,0.1,4244.81,353.32,100.0,7.46
2024-06-24,931446,中证东方红红利低波动指数,东证红利低波,CSI Dongfanghong Dividend Low Volatility Index,DFH Dividend Low Volatility,3061.57,3061.84,3028.33,3041.87,-24.9,-0.81,4671.56,384.32,100.0,7.49
2024-06-25,931446,中证东方红红利低波动指数,东证红利低波,CSI Dongfanghong Dividend Low Volatility Index,DFH Dividend Low Volatility,3038.25,3064.76,3037.95,3049.3,7.42,0.24,4477.48,368.82,100.0,7.5
2024-06-26,931446,中证东方红红利低波动指数,东证红利低波,CSI Dongfanghong Dividend Low Volatility Index,DFH Dividend Low Volatility,3042.41,3058.79,3032.9,3056.25,6.95,0.23,3878.02,304.56,100.0,7.49
2024-06-27,931446,中证东方红红利低波动指数,东证红利低波,CSI Dongfanghong Dividend Low Volatility Index,DFH Dividend Low Volatility,3044.78,3067.03,3036.54,3051.54,-4.71,-0.15,4780.02,379.23,100.0,7.51
2024-06-28,931446,中证东方红红利低波动指数,东证红利低波,CSI Dongfanghong Dividend Low Volatility Index,DFH Dividend Low Volatility,3047.28,3097.88,3041.19,3083.24,31.69,1.04,5108.49,408.55,100.0,7.61
2024-07-01,931446,中证东方红红利低波动指数,东证红利低波,CSI Dongfanghong Dividend Low Volatility Index,DFH Dividend Low Volatility,3081.61,3135.87,3081.34,3133.38,50.14,1.63,4727.84,384.48,100.0,7.71
2024-07-02,931446,中证东方红红利低波动指数,东证红利低波,CSI Dongfanghong Dividend Low Volatility Index,DFH Dividend Low Volatility,3132.33,3158.42,3131.59,3155.88,22.5,0.72,5196.07,425.62,100.0,7.82
2024-07-03,931446,中证东方红红利低波动指数,东证红利低波,CSI Dongfanghong Dividend Low Volatility Index,DFH Dividend Low Volatility,3152.05,3163.94,3134.94,3143.18,-12.7,-0.4,4307.69,350.19,100.0,7.77
2024-07-04,931446,中证东方红红利低波动指数,东证红利低波,CSI Dongfanghong Dividend Low Volatility Index,DFH Dividend Low Volatility,3140.87,3153.19,3122.93,3126.4,-16.78,-0.53,4120.7,340.96,100.0,7.79
2024-07-05,931446,中证东方红红利低波动指数,东证红利低波,CSI Dongfanghong Dividend Low Volatility Index,DFH Dividend Low Volatility,3125.78,3131.47,3083.23,3103.1,-23.3,-0.75,5064.33,438.38,100.0,7.68
2024-07-08,931446,中证东方红红利低波动指数,东证红利低波,CSI Dongfanghong Dividend Low Volatility Index,DFH Dividend Low Volatility,3096.2,3113.92,3087.22,3093.18,-9.92,-0.32,4553.07,387.6,100.0,7.72
2024-07-09,931446,中证东方红红利低波动指数,东证红利低波,CSI Dongfanghong Dividend Low Volatility Index,DFH Dividend Low Volatility,3090.04,3132.54,3074.54,3132.11,38.93,1.26,4721.67,394.59,100.0,7.76
2024-07-10,931446,中证东方红红利低波动指数,东证红利低波,CSI Dongfanghong Dividend Low Volatility Index,DFH Dividend Low Volatility,3120.65,3128.59,3091.8,3094.66,-37.45,-1.2,4336.44,384.49,100.0,7.7
2024-07-11,931446,中证东方红红利低波动指数,东证红利低波,CSI Dongfanghong Dividend Low Volatility Index,DFH Dividend Low Volatility,3102.22,3106.21,3074.39,3088.34,-6.32,-0.2,4731.09,392.57,100.0,7.67
2024-07-12,931446,中证东方红红利低波动指数,东证红利低波,CSI Dongfanghong Dividend Low Volatility Index,DFH Dividend Low Volatility,3079.04,3104.58,3077.59,3097.38,9.04,0.29,4701.48,393.77,100.0,7.72
2024-07-15,931446,中证东方红红利低波动指数,东证红利低波,CSI Dongfanghong Dividend Low Volatility Index,DFH Dividend Low Volatility,3088.92,3116.72,3078.83,3114.17,16.79,0.54,4422.86,360.31,100.0,7.82
2024-07-16,931446,中证东方红红利低波动指数,东证红利低波,CSI Dongfanghong Dividend Low Volatility Index,DFH Dividend Low Volatility,3107.31,3111.35,3080.04,3092.84,-21.33,-0.69,4500.6,383.78,100.0,7.77
2024-07-17,931446,中证东方红红利低波动指数,东证红利低波,CSI Dongfanghong Dividend Low Volatility Index,DFH Dividend Low Volatility,3084.61,3088.58,3067.81,3077.02,-15.82,-0.51,4548.69,407.37,100.0,7.72
2024-07-18,931446,中证东方红红利低波动指数,东证红利低波,CSI Dongfanghong Dividend Low Volatility Index,DFH Dividend Low Volatility,3071.02,3097.03,3049.53,3095.73,18.71,0.61,4336.94,385.27,100.0,7.76
2024-07-19,931446,中证东方红红利低波动指数,东证红利低波,CSI Dongfanghong Dividend Low Volatility Index,DFH Dividend Low Volatility,3089.07,3089.18,3066.14,3083.54,-12.19,-0.39,5109.05,452.32,100.0,7.74
2024-07-22,931446,中证东方红红利低波动指数,东证红利低波,CSI Dongfanghong Dividend Low Volatility Index,DFH Dividend Low Volatility,3079.64,3079.69,3039.16,3058.43,-25.11,-0.81,5405.03,498.0,100.0,7.64
2024-07-23,931446,中证东方红红利低波动指数,东证红利低波,CSI Dongfanghong Dividend Low Volatility Index,DFH Dividend Low Volatility,3054.78,3080.19,3053.42,3053.42,-5.01,-0.16,5499.38,460.85,100.0,7.68
2024-07-24,931446,中证东方红红利低波动指数,东证红利低波,CSI Dongfanghong Dividend Low Volatility Index,DFH Dividend Low Volatility,3048.28,3077.3,3042.23,3065.36,11.94,0.39,5548.84,450.7,100.0,7.72
2024-07-25,931446,中证东方红红利低波动指数,东证红利低波,CSI Dongfanghong Dividend Low Volatility Index,DFH Dividend Low Volatility,3063.15,3069.71,3033.95,3058.83,-6.53,-0.21,5729.32,464.04,100.0,7.65
2024-07-26,931446,中证东方红红利低波动指数,东证红利低波,CSI Dongfanghong Dividend Low Volatility Index,DFH Dividend Low Volatility,3054.6,3060.94,3023.28,3044.14,-14.69,-0.48,5316.59,456.18,100.0,7.55
2024-07-29,931446,中证东方红红利低波动指数,东证红利低波,CSI Dongfanghong Dividend Low Volatility Index,DFH Dividend Low Volatility,3040.26,3076.9,3030.71,3073.93,29.79,0.98,4533.08,360.83,100.0,7.62
2024-07-30,931446,中证东方红红利低波动指数,东证红利低波,CSI Dongfanghong Dividend Low Volatility Index,DFH Dividend Low Volatility,3068.04,3070.39,3046.07,3068.5,-5.43,-0.18,4254.14,350.69,100.0,7.56
2024-07-31,931446,中证东方红红利低波动指数,东证红利低波,CSI Dongfanghong Dividend Low Volatility Index,DFH Dividend Low Volatility,3066.24,3083.32,3055.81,3079.95,11.45,0.37,6576.41,547.05,100.0,7.53
2024-08-01,931446,中证东方红红利低波动指数,东证红利低波,CSI Dongfanghong Dividend Low Volatility Index,DFH Dividend Low Volatility,3075.43,3113.53,3070.84,3097.65,17.7,0.57,5623.3,452.54,100.0,7.58
2024-08-02,931446,中证东方红红利低波动指数,东证红利低波,CSI Dongfanghong Dividend Low Volatility Index,DFH Dividend Low Volatility,3085.53,3106.38,3077.67,3092.18,-5.48,-0.18,4183.24,336.48,100.0,7.54
2024-08-05,931446,中证东方红红利低波动指数,东证红利低波,CSI Dongfanghong Dividend Low Volatility Index,DFH Dividend Low Volatility,3083.84,3098.53,3053.0,3053.94,-38.24,-1.24,5204.84,424.56,100.0,7.45
2024-08-06,931446,中证东方红红利低波动指数,东证红利低波,CSI Dongfanghong Dividend Low Volatility Index,DFH Dividend Low Volatility,3063.09,3073.81,3010.96,3029.35,-24.58,-0.8,4619.46,381.58,100.0,7.38
2024-08-07,931446,中证东方红红利低波动指数,东证红利低波,CSI Dongfanghong Dividend Low Volatility Index,DFH Dividend Low Volatility,3025.67,3047.27,3023.81,3032.61,3.25,0.11,3693.32,303.28,100.0,7.41
2024-08-08,931446,中证东方红红利低波动指数,东证红利低波,CSI Dongfanghong Dividend Low Volatility Index,DFH Dividend Low Volatility,3031.38,3047.11,3025.64,3041.41,8.8,0.29,3087.78,253.96,100.0,7.42
2024-08-09,931446,中证东方红红利低波动指数,东证红利低波,CSI Dongfanghong Dividend Low Volatility Index,DFH Dividend Low Volatility,3043.2,3051.28,3033.17,3033.17,-8.24,-0.27,3111.85,251.8,100.0,7.45
2024-08-12,931446,中证东方红红利低波动指数,东证红利低波,CSI Dongfanghong Dividend Low Volatility Index,DFH Dividend Low Volatility,3032.83,3047.42,3027.95,3037.1,3.93,0.13,3139.98,236.19,100.0,7.45
2024-08-13,931446,中证东方红红利低波动指数,东证红利低波,CSI Dongfanghong Dividend Low Volatility Index,DFH Dividend Low Volatility,3036.69,3056.65,3033.52,3052.03,14.93,0.49,3406.69,254.13,100.0,7.49
2024-08-14,931446,中证东方红红利低波动指数,东证红利低波,CSI Dongfanghong Dividend Low Volatility Index,DFH Dividend Low Volatility,3049.45,3064.92,3043.14,3050.87,-1.16,-0.04,2994.41,240.02,100.0,7.49
2024-08-15,931446,中证东方红红利低波动指数,东证红利低波,CSI Dongfanghong Dividend Low Volatility Index,DFH Dividend Low Volatility,3049.59,3085.62,3042.95,3079.59,28.72,0.94,3911.2,330.77,100.0,7.58
2024-08-16,931446,中证东方红红利低波动指数,东证红利低波,CSI Dongfanghong Dividend Low Volatility Index,DFH Dividend Low Volatility,3079.01,3092.75,3075.2,3084.48,4.89,0.16,4174.98,312.12,100.0,7.64
2024-08-19,931446,中证东方红红利低波动指数,东证红利低波,CSI Dongfanghong Dividend Low Volatility Index,DFH Dividend Low Volatility,3085.07,3126.55,3085.07,3125.75,41.28,1.34,4769.75,361.19,100.0,7.75
2024-08-20,931446,中证东方红红利低波动指数,东证红利低波,CSI Dongfanghong Dividend Low Volatility Index,DFH Dividend Low Volatility,3127.64,3128.48,3092.43,3106.69,-19.06,-0.61,4415.28,341.56,100.0,7.74
2024-08-21,931446,中证东方红红利低波动指数,东证红利低波,CSI Dongfanghong Dividend Low Volatility Index,DFH Dividend Low Volatility,3100.3,3100.3,3072.36,3082.55,-24.14,-0.78,3701.53,287.1,100.0,7.7
2024-08-22,931446,中证东方红红利低波动指数,东证红利低波,CSI Dongfanghong Dividend Low Volatility Index,DFH Dividend Low Volatility,3081.75,3106.28,3081.75,3095.29,12.74,0.41,4211.5,339.64,100.0,7.76
2024-08-23,931446,中证东方红红利低波动指数,东证红利低波,CSI Dongfanghong Dividend Low Volatility Index,DFH Dividend Low Volatility,3093.18,3100.21,3072.91,3094.28,-1.01,-0.03,3901.49,352.12,100.0,7.8
2024-08-26,931446,中证东方红红利低波动指数,东证红利低波,CSI Dongfanghong Dividend Low Volatility Index,DFH Dividend Low Volatility,3089.34,3092.74,3056.24,3083.34,-10.94,-0.35,3910.4,326.08,100.0,7.79
2024-08-27,931446,中证东方红红利低波动指数,东证红利低波,CSI Dongfanghong Dividend Low Volatility Index,DFH Dividend Low Volatility,3079.01,3091.26,3068.67,3081.68,-1.65,-0.05,4140.19,328.4,100.0,7.86
2024-08-28,931446,中证东方红红利低波动指数,东证红利低波,CSI Dongfanghong Dividend Low Volatility Index,DFH Dividend Low Volatility,3072.81,3079.35,3048.85,3057.41,-24.27,-0.79,4091.68,331.71,100.0,7.79
2024-08-29,931446,中证东方红红利低波动指数,东证红利低波,CSI Dongfanghong Dividend Low Volatility Index,DFH Dividend Low Volatility,3054.1,3054.31,2989.55,2989.55,-67.87,-2.22,6485.6,481.64,100.0,7.57
2024-08-30,931446,中证东方红红利低波动指数,东证红利低波,CSI Dongfanghong Dividend Low Volatility Index,DFH Dividend Low Volatility,2981.52,3004.47,2959.62,2971.62,-17.93,-0.6,8647.62,686.55,100.0,7.46
2024-09-02,931446,中证东方红红利低波动指数,东证红利低波,CSI Dongfanghong Dividend Low Volatility Index,DFH Dividend Low Volatility,2964.0,2994.55,2955.5,2976.53,4.91,0.16,6911.92,515.97,100.0,7.46
2024-09-03,931446,中证东方红红利低波动指数,东证红利低波,CSI Dongfanghong Dividend Low Volatility Index,DFH Dividend Low Volatility,2975.17,2980.89,2924.96,2940.78,-35.76,-1.2,6298.12,455.16,100.0,7.29
2024-09-04,931446,中证东方红红利低波动指数,东证红利低波,CSI Dongfanghong Dividend Low Volatility Index,DFH Dividend Low Volatility,2929.7,2947.76,2923.89,2937.36,-3.42,-0.12,4528.29,332.74,100.0,7.23
2024-09-05,931446,中证东方红红利低波动指数,东证红利低波,CSI Dongfanghong Dividend Low Volatility Index,DFH Dividend Low Volatility,2939.2,2947.05,2924.87,2943.92,6.56,0.22,4109.12,321.43,100.0,7.2
2024-09-06,931446,中证东方红红利低波动指数,东证红利低波,CSI Dongfanghong Dividend Low Volatility Index,DFH Dividend Low Volatility,2946.08,2970.25,2931.15,2932.36,-11.55,-0.39,3713.65,289.49,100.0,7.19
2024-09-09,931446,中证东方红红利低波动指数,东证红利低波,CSI Dongfanghong Dividend Low Volatility Index,DFH Dividend Low Volatility,2926.76,2926.76,2883.38,2890.78,-41.58,-1.42,4719.52,363.18,100.0,7.1
2024-09-10,931446,中证东方红红利低波动指数,东证红利低波,CSI Dongfanghong Dividend Low Volatility Index,DFH Dividend Low Volatility,2891.9,2899.35,2870.92,2896.86,6.08,0.21,4267.22,311.39,100.0,7.15
2024-09-11,931446,中证东方红红利低波动指数,东证红利低波,CSI Dongfanghong Dividend Low Volatility Index,DFH Dividend Low Volatility,2888.29,2888.29,2822.24,2832.54,-64.32,-2.22,5000.26,375.83,100.0,6.98
2024-09-12,931446,中证东方红红利低波动指数,东证红利低波,CSI Dongfanghong Dividend Low Volatility Index,DFH Dividend Low Volatility,2828.82,2856.7,2821.89,2847.88,15.34,0.54,4088.45,306.7,100.0,7.02
2024-09-13,931446,中证东方红红利低波动指数,东证红利低波,CSI Dongfanghong Dividend Low Volatility Index,DFH Dividend Low Volatility,2847.64,2868.08,2836.99,2837.65,-10.23,-0.36,3747.23,282.49,100.0,7.01
2024-09-18,931446,中证东方红红利低波动指数,东证红利低波,CSI Dongfanghong Dividend Low Volatility Index,DFH Dividend Low Volatility,2838.51,2861.53,2824.31,2859.09,21.45,0.76,3499.91,269.34,100.0,7.11
2024-09-19,931446,中证东方红红利低波动指数,东证红利低波,CSI Dongfanghong Dividend Low Volatility Index,DFH Dividend Low Volatility,2863.17,2867.08,2831.81,2859.72,0.63,0.02,4368.19,343.92,100.0,7.09
2024-09-20,931446,中证东方红红利低波动指数,东证红利低波,CSI Dongfanghong Dividend Low Volatility Index,DFH Dividend Low Volatility,2857.31,2866.43,2843.97,2860.45,0.73,0.03,4366.77,345.41,100.0,7.12
2024-09-23,931446,中证东方红红利低波动指数,东证红利低波,CSI Dongfanghong Dividend Low Volatility Index,DFH Dividend Low Volatility,2859.94,2896.43,2856.22,2892.02,31.57,1.1,3668.65,277.3,100.0,7.2
2024-09-24,931446,中证东方红红利低波动指数,东证红利低波,CSI Dongfanghong Dividend Low Volatility Index,DFH Dividend Low Volatility,2906.61,3003.1,2905.52,3002.84,110.82,3.83,7714.21,665.89,100.0,7.51
2024-09-25,931446,中证东方红红利低波动指数,东证红利低波,CSI Dongfanghong Dividend Low Volatility Index,DFH Dividend Low Volatility,3036.91,3101.51,3036.91,3054.73,51.89,1.73,9176.97,804.52,100.0,7.6
2024-09-26,931446,中证东方红红利低波动指数,东证红利低波,CSI Dongfanghong Dividend Low Volatility Index,DFH Dividend Low Volatility,3052.07,3147.16,3041.33,3147.16,92.43,3.02,9106.49,831.98,100.0,7.79
2024-09-27,931446,中证东方红红利低波动指数,东证红利低波,CSI Dongfanghong Dividend Low Volatility Index,DFH Dividend Low Volatility,3186.47,3204.81,3115.13,3163.29,16.13,0.51,8473.05,790.37,100.0,7.74
2024-09-30,931446,中证东方红红利低波动指数,东证红利低波,CSI Dongfanghong Dividend Low Volatility Index,DFH Dividend Low Volatility,3226.71,3390.85,3201.15,3362.71,199.42,6.3,20127.49,1845.19,100.0,8.14
2024-10-08,931446,中证东方红红利低波动指数,东证红利低波,CSI Dongfanghong Dividend Low Volatility Index,DFH Dividend Low Volatility,3663.87,3663.87,3347.66,3434.03,71.32,2.12,22597.36,2196.48,100.0,8.28
2024-10-09,931446,中证东方红红利低波动指数,东证红利低波,CSI Dongfanghong Dividend Low Volatility Index,DFH Dividend Low Volatility,3383.31,3383.31,3197.42,3197.42,-236.61,-6.89,16406.33,1789.47,100.0,7.83
2024-10-10,931446,中证东方红红利低波动指数,东证红利低波,CSI Dongfanghong Dividend Low Volatility Index,DFH Dividend Low Volatility,3221.29,3359.17,3221.29,3297.93,100.51,3.14,15291.31,1512.43,100.0,8.12
2024-10-11,931446,中证东方红红利低波动指数,东证红利低波,CSI Dongfanghong Dividend Low Volatility Index,DFH Dividend Low Volatility,3297.94,3327.83,3224.73,3248.99,-48.94,-1.48,9852.91,948.34,100.0,8.05
2024-10-14,931446,中证东方红红利低波动指数,东证红利低波,CSI Dongfanghong Dividend Low Volatility Index,DFH Dividend Low Volatility,3286.2,3356.3,3279.7,3332.2,83.21,2.56,11971.07,1169.86,100.0,8.23
2024-10-15,931446,中证东方红红利低波动指数,东证红利低波,CSI Dongfanghong Dividend Low Volatility Index,DFH Dividend Low Volatility,3315.6,3334.87,3253.44,3253.44,-78.77,-2.36,8591.49,809.41,100.0,8.02
2024-10-16,931446,中证东方红红利低波动指数,东证红利低波,CSI Dongfanghong Dividend Low Volatility Index,DFH Dividend Low Volatility,3233.76,3329.74,3233.42,3308.15,54.71,1.68,8488.04,786.8,100.0,8.11
2024-10-17,931446,中证东方红红利低波动指数,东证红利低波,CSI Dongfanghong Dividend Low Volatility Index,DFH Dividend Low Volatility,3313.98,3329.43,3255.41,3255.41,-52.74,-1.59,7153.96,678.15,100.0,8.01
2024-10-18,931446,中证东方红红利低波动指数,东证红利低波,CSI Dongfanghong Dividend Low Volatility Index,DFH Dividend Low Volatility,3253.91,3330.37,3213.86,3290.05,34.64,1.06,9613.42,983.61,100.0,8.09
2024-10-21,931446,中证东方红红利低波动指数,东证红利低波,CSI Dongfanghong Dividend Low Volatility Index,DFH Dividend Low Volatility,3291.57,3291.64,3245.55,3268.5,-21.56,-0.66,8640.66,818.76,100.0,7.99
2024-10-22,931446,中证东方红红利低波动指数,东证红利低波,CSI Dongfanghong Dividend Low Volatility Index,DFH Dividend Low Volatility,3265.15,3287.74,3264.43,3284.45,15.96,0.49,6219.0,597.55,100.0,8.01
2024-10-23,931446,中证东方红红利低波动指数,东证红利低波,CSI Dongfanghong Dividend Low Volatility Index,DFH Dividend Low Volatility,3286.78,3304.45,3282.45,3294.25,9.8,0.3,6344.47,633.22,100.0,8.03
2024-10-24,931446,中证东方红红利低波动指数,东证红利低波,CSI Dongfanghong Dividend Low Volatility Index,DFH Dividend Low Volatility,3285.37,3292.71,3269.63,3282.69,-11.56,-0.35,4752.69,432.13,100.0,8.0
2024-10-25,931446,中证东方红红利低波动指数,东证红利低波,CSI Dongfanghong Dividend Low Volatility Index,DFH Dividend Low Volatility,3281.24,3287.14,3258.79,3270.43,-12.26,-0.37,5387.24,505.98,100.0,7.95
2024-10-28,931446,中证东方红红利低波动指数,东证红利低波,CSI Dongfanghong Dividend Low Volatility Index,DFH Dividend Low Volatility,3265.37,3281.11,3241.17,3281.11,10.68,0.33,6839.19,574.44,100.0,7.92
2024-10-29,931446,中证东方红红利低波动指数,东证红利低波,CSI Dongfanghong Dividend Low Volatility Index,DFH Dividend Low Volatility,3282.3,3299.51,3245.06,3250.15,-30.96,-0.94,6433.88,566.06,100.0,7.88
2024-10-30,931446,中证东方红红利低波动指数,东证红利低波,CSI Dongfanghong Dividend Low Volatility Index,DFH Dividend Low Volatility,3243.21,3259.5,3203.34,3222.68,-27.48,-0.84,6154.94,562.72,100.0,7.8
2024-10-31,931446,中证东方红红利低波动指数,东证红利低波,CSI Dongfanghong Dividend Low Volatility Index,DFH Dividend Low Volatility,3222.42,3236.02,3195.21,3221.42,-1.26,-0.04,7250.33,740.01,100.0,7.78
2024-11-01,931446,中证东方红红利低波动指数,东证红利低波,CSI Dongfanghong Dividend Low Volatility Index,DFH Dividend Low Volatility,3217.26,3260.58,3212.08,3242.58,21.16,0.66,8097.93,723.11,100.0,7.78
2024-11-04,931446,中证东方红红利低波动指数,东证红利低波,CSI Dongfanghong Dividend Low Volatility Index,DFH Dividend Low Volatility,3247.28,3272.2,3216.98,3272.2,29.62,0.91,6128.58,577.15,100.0,7.8
2024-11-05,931446,中证东方红红利低波动指数,东证红利低波,CSI Dongfanghong Dividend Low Volatility Index,DFH Dividend Low Volatility,3266.52,3311.24,3258.88,3311.24,39.04,1.19,7819.73,775.04,100.0,7.88
2024-11-06,931446,中证东方红红利低波动指数,东证红利低波,CSI Dongfanghong Dividend Low Volatility Index,DFH Dividend Low Volatility,3310.61,3314.48,3279.38,3290.19,-21.04,-0.63,8310.87,859.47,100.0,7.82
2024-11-07,931446,中证东方红红利低波动指数,东证红利低波,CSI Dongfanghong Dividend Low Volatility Index,DFH Dividend Low Volatility,3276.5,3371.62,3274.74,3371.62,81.42,2.47,9422.05,958.79,100.0,7.99
2024-11-08,931446,中证东方红红利低波动指数,东证红利低波,CSI Dongfanghong Dividend Low Volatility Index,DFH Dividend Low Volatility,3386.96,3396.3,3315.76,3327.76,-43.86,-1.3,9415.26,1022.0,100.0,7.89
2024-11-11,931446,中证东方红红利低波动指数,东证红利低波,CSI Dongfanghong Dividend Low Volatility Index,DFH Dividend Low Volatility,3311.98,3322.72,3278.15,3302.42,-25.34,-0.76,8095.9,805.55,100.0,7.8
2024-11-12,931446,中证东方红红利低波动指数,东证红利低波,CSI Dongfanghong Dividend Low Volatility Index,DFH Dividend Low Volatility,3299.71,3325.27,3260.73,3273.73,-28.69,-0.87,7830.86,814.12,100.0,7.72
2024-11-13,931446,中证东方红红利低波动指数,东证红利低波,CSI Dongfanghong Dividend Low Volatility Index,DFH Dividend Low Volatility,3265.0,3298.94,3263.4,3292.8,19.07,0.58,7576.92,713.92,100.0,7.77
2024-11-14,931446,中证东方红红利低波动指数,东证红利低波,CSI Dongfanghong Dividend Low Volatility Index,DFH Dividend Low Volatility,3288.56,3308.05,3267.59,3270.34,-22.46,-0.68,7710.75,702.44,100.0,7.77
2024-11-15,931446,中证东方红红利低波动指数,东证红利低波,CSI Dongfanghong Dividend Low Volatility Index,DFH Dividend Low Volatility,3264.64,3302.78,3261.89,3266.27,-4.07,-0.12,8708.08,776.1,100.0,7.75
2024-11-18,931446,中证东方红红利低波动指数,东证红利低波,CSI Dongfanghong Dividend Low Volatility Index,DFH Dividend Low Volatility,3297.82,3382.06,3297.82,3327.95,61.68,1.89,14839.85,1146.67,100.0,7.9
2024-11-19,931446,中证东方红红利低波动指数,东证红利低波,CSI Dongfanghong Dividend Low Volatility Index,DFH Dividend Low Volatility,3321.37,3352.64,3288.78,3324.64,-3.31,-0.1,10960.06,828.3,100.0,7.84
2024-11-20,931446,中证东方红红利低波动指数,东证红利低波,CSI Dongfanghong Dividend Low Volatility Index,DFH Dividend Low Volatility,3315.62,3329.25,3307.21,3328.03,3.39,0.1,7242.22,596.29,100.0,7.84
2024-11-21,931446,中证东方红红利低波动指数,东证红利低波,CSI Dongfanghong Dividend Low Volatility Index,DFH Dividend Low Volatility,3322.1,3331.18,3309.59,3325.16,-2.87,-0.09,5846.64,512.24,100.0,7.85
2024-11-22,931446,中证东方红红利低波动指数,东证红利低波,CSI Dongfanghong Dividend Low Volatility Index,DFH Dividend Low Volatility,3323.6,3337.94,3239.87,3239.87,-85.29,-2.56,7608.49,682.54,100.0,7.68
2024-11-25,931446,中证东方红红利低波动指数,东证红利低波,CSI Dongfanghong Dividend Low Volatility Index,DFH Dividend Low Volatility,3246.67,3280.36,3234.85,3254.16,14.29,0.44,6848.6,625.01,100.0,7.69
2024-11-26,931446,中证东方红红利低波动指数,东证红利低波,CSI Dongfanghong Dividend Low Volatility Index,DFH Dividend Low Volatility,3248.46,3273.58,3240.39,3261.11,6.95,0.21,5941.93,499.82,100.0,7.73
2024-11-27,931446,中证东方红红利低波动指数,东证红利低波,CSI Dongfanghong Dividend Low Volatility Index,DFH Dividend Low Volatility,3254.41,3292.67,3220.95,3292.67,31.57,0.97,6362.24,542.71,100.0,7.8
2024-11-28,931446,中证东方红红利低波动指数,东证红利低波,CSI Dongfanghong Dividend Low Volatility Index,DFH Dividend Low Volatility,3286.52,3307.65,3275.2,3289.6,-3.08,-0.09,5525.16,460.16,100.0,7.78
2024-11-29,931446,中证东方红红利低波动指数,东证红利低波,CSI Dongfanghong Dividend Low Volatility Index,DFH Dividend Low Volatility,3289.2,3326.16,3289.2,3304.63,15.03,0.46,6605.79,602.15,100.0,7.77
2024-12-02,931446,中证东方红红利低波动指数,东证红利低波,CSI Dongfanghong Dividend Low Volatility Index,DFH Dividend Low Volatility,3310.31,3320.06,3293.27,3314.74,10.1,0.31,7334.66,638.2,100.0,7.8
2024-12-03,931446,中证东方红红利低波动指数,东证红利低波,CSI Dongfanghong Dividend Low Volatility Index,DFH Dividend Low Volatility,3312.48,3352.4,3303.0,3352.4,37.66,1.14,7457.38,656.33,100.0,7.9
2024-12-04,931446,中证东方红红利低波动指数,东证红利低波,CSI Dongfanghong Dividend Low Volatility Index,DFH Dividend Low Volatility,3344.55,3370.03,3329.17,3354.53,2.13,0.06,7105.74,632.28,100.0,7.96
2024-12-05,931446,中证东方红红利低波动指数,东证红利低波,CSI Dongfanghong Dividend Low Volatility Index,DFH Dividend Low Volatility,3347.36,3363.81,3342.09,3348.98,-5.54,-0.16,5354.97,464.87,100.0,7.93
2024-12-06,931446,中证东方红红利低波动指数,东证红利低波,CSI Dongfanghong Dividend Low Volatility Index,DFH Dividend Low Volatility,3349.46,3394.63,3349.46,3390.99,42.01,1.25,7513.57,641.62,100.0,8.0
2024-12-09,931446,中证东方红红利低波动指数,东证红利低波,CSI Dongfanghong Dividend Low Volatility Index,DFH Dividend Low Volatility,3389.83,3419.63,3384.38,3398.43,7.44,0.22,7398.68,585.01,100.0,8.04
2024-12-10,931446,中证东方红红利低波动指数,东证红利低波,CSI Dongfanghong Dividend Low Volatility Index,DFH Dividend Low Volatility,3455.91,3462.04,3398.51,3402.67,4.24,0.12,8994.5,855.96,100.0,8.08
2024-12-11,931446,中证东方红红利低波动指数,东证红利低波,CSI Dongfanghong Dividend Low Volatility Index,DFH Dividend Low Volatility,3398.03,3419.61,3392.87,3401.22,-1.45,-0.04,7050.27,572.06,100.0,8.02
2024-12-12,931446,中证东方红红利低波动指数,东证红利低波,CSI Dongfanghong Dividend Low Volatility Index,DFH Dividend Low Volatility,3399.4,3434.98,3392.2,3432.51,31.29,0.92,7373.35,628.31,100.0,8.1
2024-12-13,931446,中证东方红红利低波动指数,东证红利低波,CSI Dongfanghong Dividend Low Volatility Index,DFH Dividend Low Volatility,3420.09,3420.43,3378.8,3381.18,-51.33,-1.49,9724.63,884.05,100.0,7.98
2024-12-16,931446,中证东方红红利低波动指数,东证红利低波,CSI Dongfanghong Dividend Low Volatility Index,DFH Dividend Low Volatility,3378.02,3435.54,3377.59,3418.92,37.74,1.12,7687.14,671.44,100.0,8.07
2024-12-17,931446,中证东方红红利低波动指数,东证红利低波,CSI Dongfanghong Dividend Low Volatility Index,DFH Dividend Low Volatility,3417.07,3437.07,3391.13,3398.67,-20.25,-0.59,6613.01,571.5,100.0,8.06
2024-12-18,931446,中证东方红红利低波动指数,东证红利低波,CSI Dongfanghong Dividend Low Volatility Index,DFH Dividend Low Volatility,3406.22,3446.3,3406.02,3419.13,20.46,0.6,6745.63,569.17,100.0,8.11
2024-12-19,931446,中证东方红红利低波动指数,东证红利低波,CSI Dongfanghong Dividend Low Volatility Index,DFH Dividend Low Volatility,3401.66,3413.84,3375.0,3387.23,-31.91,-0.93,5825.14,486.78,100.0,8.04
2024-12-20,931446,中证东方红红利低波动指数,东证红利低波,CSI Dongfanghong Dividend Low Volatility Index,DFH Dividend Low Volatility,3385.87,3397.21,3371.54,3374.16,-13.07,-0.39,5314.8,455.37,100.0,8.0
2024-12-23,931446,中证东方红红利低波动指数,东证红利低波,CSI Dongfanghong Dividend Low Volatility Index,DFH Dividend Low Volatility,3377.15,3426.73,3376.83,3397.45,23.29,0.69,7883.13,674.19,100.0,8.15
2024-12-24,931446,中证东方红红利低波动指数,东证红利低波,CSI Dongfanghong Dividend Low Volatility Index,DFH Dividend Low Volatility,3395.41,3450.85,3395.41,3449.56,52.11,1.53,6460.58,587.04,100.0,8.26
2024-12-25,931446,中证东方红红利低波动指数,东证红利低波,CSI Dongfanghong Dividend Low Volatility Index,DFH Dividend Low Volatility,3450.48,3471.65,3440.84,3470.58,21.02,0.61,7126.44,597.69,100.0,8.36
2024-12-26,931446,中证东方红红利低波动指数,东证红利低波,CSI Dongfanghong Dividend Low Volatility Index,DFH Dividend Low Volatility,3466.11,3466.69,3438.67,3447.63,-22.96,-0.66,5779.99,488.06,100.0,8.31
2024-12-27,931446,中证东方红红利低波动指数,东证红利低波,CSI Dongfanghong Dividend Low Volatility Index,DFH Dividend Low Volatility,3444.23,3472.97,3418.79,3472.06,24.43,0.71,6490.26,576.45,100.0,8.33
2024-12-30,931446,中证东方红红利低波动指数,东证红利低波,CSI Dongfanghong Dividend Low Volatility Index,DFH Dividend Low Volatility,3466.34,3505.15,3466.34,3501.41,29.36,0.84,6521.29,585.37,100.0,8.41
2024-12-31,931446,中证东方红红利低波动指数,东证红利低波,CSI Dongfanghong Dividend Low Volatility Index,DFH Dividend Low Volatility,3498.97,3524.45,3472.67,3473.82,-27.59,-0.79,7346.98,657.58,100.0,8.35
2025-01-02,931446,中证东方红红利低波动指数,东证红利低波,CSI Dongfanghong Dividend Low Volatility Index,DFH Dividend Low Volatility,3475.23,3495.63,3367.42,3384.39,-89.43,-2.57,8811.69,772.82,100.0,8.15
2025-01-03,931446,中证东方红红利低波动指数,东证红利低波,CSI Dongfanghong Dividend Low Volatility Index,DFH Dividend Low Volatility,3390.21,3405.91,3343.28,3349.38,-35.01,-1.03,6845.05,582.6,100.0,8.08
2025-01-06,931446,中证东方红红利低波动指数,东证红利低波,CSI Dongfanghong Dividend Low Volatility Index,DFH Dividend Low Volatility,3348.86,3364.23,3323.13,3361.69,12.31,0.37,6346.05,529.92,100.0,8.11
2025-01-07,931446,中证东方红红利低波动指数,东证红利低波,CSI Dongfanghong Dividend Low Volatility Index,DFH Dividend Low Volatility,3356.52,3358.48,3322.54,3349.91,-11.78,-0.35,5166.7,433.96,100.0,8.1
2025-01-08,931446,中证东方红红利低波动指数,东证红利低波,CSI Dongfanghong Dividend Low Volatility Index,DFH Dividend Low Volatility,3343.02,3374.85,3323.22,3364.94,15.03,0.45,6397.18,567.45,100.0,8.15
2025-01-09,931446,中证东方红红利低波动指数,东证红利低波,CSI Dongfanghong Dividend Low Volatility Index,DFH Dividend Low Volatility,3356.11,3356.11,3315.28,3315.62,-49.32,-1.46,5052.8,435.89,100.0,8.04
2025-01-10,931446,中证东方红红利低波动指数,东证红利低波,CSI Dongfanghong Dividend Low Volatility Index,DFH Dividend Low Volatility,3313.66,3324.13,3275.65,3280.9,-34.72,-1.05,5075.46,440.25,100.0,7.97
2025-01-13,931446,中证东方红红利低波动指数,东证红利低波,CSI Dongfanghong Dividend Low Volatility Index,DFH Dividend Low Volatility,3264.69,3271.71,3223.48,3246.04,-34.86,-1.06,5527.27,471.06,100.0,7.89
2025-01-14,931446,中证东方红红利低波动指数,东证红利低波,CSI Dongfanghong Dividend Low Volatility Index,DFH Dividend Low Volatility,3246.35,3306.25,3244.19,3300.23,54.19,1.67,5642.38,491.63,100.0,7.98
2025-01-15,931446,中证东方红红利低波动指数,东证红利低波,CSI Dongfanghong Dividend Low Volatility Index,DFH Dividend Low Volatility,3294.81,3347.55,3293.48,3307.69,7.45,0.22,5205.81,452.39,100.0,7.99
2025-01-16,931446,中证东方红红利低波动指数,东证红利低波,CSI Dongfanghong Dividend Low Volatility Index,DFH Dividend Low Volatility,3319.7,3343.9,3313.12,3326.28,18.59,0.56,4947.91,426.84,100.0,8.05
2025-01-17,931446,中证东方红红利低波动指数,东证红利低波,CSI Dongfanghong Dividend Low Volatility Index,DFH Dividend Low Volatility,3320.27,3333.37,3293.76,3320.41,-5.87,-0.18,4440.58,379.93,100.0,8.0
2025-01-20,931446,中证东方红红利低波动指数,东证红利低波,CSI Dongfanghong Dividend Low Volatility Index,DFH Dividend Low Volatility,3331.55,3345.52,3312.44,3316.49,-3.92,-0.12,4732.55,431.28,100.0,7.95
2025-01-21,931446,中证东方红红利低波动指数,东证红利低波,CSI Dongfanghong Dividend Low Volatility Index,DFH Dividend Low Volatility,3326.55,3327.64,3295.47,3300.86,-15.63,-0.47,4259.75,368.38,100.0,7.92
2025-01-22,931446,中证东方红红利低波动指数,东证红利低波,CSI Dongfanghong Dividend Low Volatility Index,DFH Dividend Low Volatility,3295.28,3295.32,3253.77,3263.78,-37.08,-1.12,4980.36,436.17,100.0,7.8
2025-01-23,931446,中证东方红红利低波动指数,东证红利低波,CSI Dongfanghong Dividend Low Volatility Index,DFH Dividend Low Volatility,3282.41,3322.98,3282.41,3306.88,43.11,1.32,6979.09,587.21,100.0,7.92
2025-01-24,931446,中证东方红红利低波动指数,东证红利低波,CSI Dongfanghong Dividend Low Volatility Index,DFH Dividend Low Volatility,3298.56,3326.49,3282.75,3313.74,6.85,0.21,5352.22,474.54,100.0,7.93
2025-01-27,931446,中证东方红红利低波动指数,东证红利低波,CSI Dongfanghong Dividend Low Volatility Index,DFH Dividend Low Volatility,3318.42,3367.1,3318.28,3355.5,41.76,1.26,5725.12,486.74,100.0,8.05
2025-02-05,931446,中证东方红红利低波动指数,东证红利低波,CSI Dongfanghong Dividend Low Volatility Index,DFH Dividend Low Volatility,3362.5,3363.44,3284.9,3292.87,-62.62,-1.87,5739.57,486.02,100.0,7.9
2025-02-06,931446,中证东方红红利低波动指数,东证红利低波,CSI Dongfanghong Dividend Low Volatility Index,DFH Dividend Low Volatility,3291.97,3305.84,3276.75,3298.89,6.02,0.18,4964.62,404.79,100.0,7.92
2025-02-07,931446,中证东方红红利低波动指数,东证红利低波,CSI Dongfanghong Dividend Low Volatility Index,DFH Dividend Low Volatility,3296.79,3316.2,3282.11,3304.92,6.03,0.18,6643.8,557.27,100.0,7.93
2025-02-10,931446,中证东方红红利低波动指数,东证红利低波,CSI Dongfanghong Dividend Low Volatility Index,DFH Dividend Low Volatility,3305.23,3316.05,3301.08,3303.66,-1.26,-0.04,6321.82,530.39,100.0,7.92
2025-02-11,931446,中证东方红红利低波动指数,东证红利低波,CSI Dongfanghong Dividend Low Volatility Index,DFH Dividend Low Volatility,3307.88,3322.84,3307.56,3322.46,18.79,0.57,6130.18,508.58,100.0,7.99
2025-02-12,931446,中证东方红红利低波动指数,东证红利低波,CSI Dongfanghong Dividend Low Volatility Index,DFH Dividend Low Volatility,3320.25,3323.32,3301.27,3322.93,0.48,0.01,5163.96,447.34,100.0,8.02
2025-02-13,931446,中证东方红红利低波动指数,东证红利低波,CSI Dongfanghong Dividend Low Volatility Index,DFH Dividend Low Volatility,3319.81,3331.47,3312.68,3317.25,-5.68,-0.17,5374.69,477.21,100.0,8.03
2025-02-14,931446,中证东方红红利低波动指数,东证红利低波,CSI Dongfanghong Dividend Low Volatility Index,DFH Dividend Low Volatility,3315.16,3325.57,3300.76,3324.54,7.29,0.22,6356.81,526.21,100.0,8.06
2025-02-17,931446,中证东方红红利低波动指数,东证红利低波,CSI Dongfanghong Dividend Low Volatility Index,DFH Dividend Low Volatility,3324.87,3329.88,3302.71,3328.61,4.07,0.12,7658.03,642.57,100.0,8.06
2025-02-18,931446,中证东方红红利低波动指数,东证红利低波,CSI Dongfanghong Dividend Low Volatility Index,DFH Dividend Low Volatility,3324.02,3359.47,3323.37,3334.02,5.42,0.16,8274.86,682.79,100.0,8.1
2025-02-19,931446,中证东方红红利低波动指数,东证红利低波,CSI Dongfanghong Dividend Low Volatility Index,DFH Dividend Low Volatility,3330.52,3337.49,3320.25,3327.08,-6.95,-0.21,6454.21,557.5,100.0,8.07
2025-02-20,931446,中证东方红红利低波动指数,东证红利低波,CSI Dongfanghong Dividend Low Volatility Index,DFH Dividend Low Volatility,3324.38,3324.57,3309.32,3313.27,-13.8,-0.41,5251.37,452.54,100.0,8.05
2025-02-21,931446,中证东方红红利低波动指数,东证红利低波,CSI Dongfanghong Dividend Low Volatility Index,DFH Dividend Low Volatility,3315.72,3315.99,3283.09,3288.61,-24.66,-0.74,7728.15,675.34,100.0,7.98
2025-02-24,931446,中证东方红红利低波动指数,东证红利低波,CSI Dongfanghong Dividend Low Volatility Index,DFH Dividend Low Volatility,3285.19,3303.22,3277.97,3287.57,-1.04,-0.03,7722.58,676.28,100.0,7.95
2025-02-25,931446,中证东方红红利低波动指数,东证红利低波,CSI Dongfanghong Dividend Low Volatility Index,DFH Dividend Low Volatility,3281.04,3283.54,3253.68,3259.0,-28.57,-0.87,6218.78,546.85,100.0,7.88
2025-02-26,931446,中证东方红红利低波动指数,东证红利低波,CSI Dongfanghong Dividend Low Volatility Index,DFH Dividend Low Volatility,3259.25,3287.26,3259.08,3281.33,22.33,0.69,5836.59,497.68,100.0,7.92
2025-02-27,931446,中证东方红红利低波动指数,东证红利低波,CSI Dongfanghong Dividend Low Volatility Index,DFH Dividend Low Volatility,3282.24,3299.79,3273.33,3299.79,18.46,0.56,6296.82,564.06,100.0,7.97
2025-02-28,931446,中证东方红红利低波动指数,东证红利低波,CSI Dongfanghong Dividend Low Volatility Index,DFH Dividend Low Volatility,3294.1,3309.54,3277.44,3277.66,-22.13,-0.67,6602.15,591.0,100.0,7.91
2025-03-03,931446,中证东方红红利低波动指数,东证红利低波,CSI Dongfanghong Dividend Low Volatility Index,DFH Dividend Low Volatility,3281.81,3293.85,3267.39,3273.42,-4.24,-0.13,5887.37,497.9,100.0,7.89
2025-03-04,931446,中证东方红红利低波动指数,东证红利低波,CSI Dongfanghong Dividend Low Volatility Index,DFH Dividend Low Volatility,3269.26,3294.73,3267.87,3282.63,9.21,0.28,5147.53,457.55,100.0,7.88
2025-03-05,931446,中证东方红红利低波动指数,东证红利低波,CSI Dongfanghong Dividend Low Volatility Index,DFH Dividend Low Volatility,3285.22,3300.66,3276.44,3300.3,17.67,0.54,5952.01,501.98,100.0,7.97
2025-03-06,931446,中证东方红红利低波动指数,东证红利低波,CSI Dongfanghong Dividend Low Volatility Index,DFH Dividend Low Volatility,3300.61,3301.31,3273.17,3287.79,-12.51,-0.38,6630.76,585.05,100.0,7.95
2025-03-07,931446,中证东方红红利低波动指数,东证红利低波,CSI Dongfanghong Dividend Low Volatility Index,DFH Dividend Low Volatility,3283.81,3290.26,3272.04,3275.75,-12.04,-0.37,4996.93,448.18,100.0,7.94
2025-03-10,931446,中证东方红红利低波动指数,东证红利低波,CSI Dongfanghong Dividend Low Volatility Index,DFH Dividend Low Volatility,3273.76,3275.16,3251.01,3258.95,-16.8,-0.51,5014.71,443.59,100.0,7.89
2025-03-11,931446,中证东方红红利低波动指数,东证红利低波,CSI Dongfanghong Dividend Low Volatility Index,DFH Dividend Low Volatility,3245.25,3272.92,3241.42,3272.92,13.97,0.43,4598.41,416.36,100.0,7.92
2025-03-12,931446,中证东方红红利低波动指数,东证红利低波,CSI Dongfanghong Dividend Low Volatility Index,DFH Dividend Low Volatility,3273.45,3279.21,3261.92,3269.66,-3.26,-0.1,4755.82,408.43,100.0,7.88
2025-03-13,931446,中证东方红红利低波动指数,东证红利低波,CSI Dongfanghong Dividend Low Volatility Index,DFH Dividend Low Volatility,3270.78,3293.07,3269.79,3289.11,19.45,0.59,5324.6,482.74,100.0,7.93
2025-03-14,931446,中证东方红红利低波动指数,东证红利低波,CSI Dongfanghong Dividend Low Volatility Index,DFH Dividend Low Volatility,3288.33,3329.05,3288.33,3322.46,33.35,1.01,7681.09,748.89,100.0,8.02
2025-03-17,931446,中证东方红红利低波动指数,东证红利低波,CSI Dongfanghong Dividend Low Volatility Index,DFH Dividend Low Volatility,3327.93,3337.54,3324.6,3330.17,7.71,0.23,5937.32,544.79,100.0,8.05
2025-03-18,931446,中证东方红红利低波动指数,东证红利低波,CSI Dongfanghong Dividend Low Volatility Index,DFH Dividend Low Volatility,3335.57,3336.51,3318.95,3331.42,1.25,0.04,4646.31,425.08,100.0,8.04
2025-03-19,931446,中证东方红红利低波动指数,东证红利低波,CSI Dongfanghong Dividend Low Volatility Index,DFH Dividend Low Volatility,3328.98,3349.32,3322.94,3346.6,15.18,0.46,5759.38,507.98,100.0,8.09
2025-03-20,931446,中证东方红红利低波动指数,东证红利低波,CSI Dongfanghong Dividend Low Volatility Index,DFH Dividend Low Volatility,3346.19,3354.95,3331.07,3335.04,-11.56,-0.34,4748.46,459.39,100.0,8.05
2025-03-21,931446,中证东方红红利低波动指数,东证红利低波,CSI Dongfanghong Dividend Low Volatility Index,DFH Dividend Low Volatility,3332.39,3355.3,3314.06,3326.62,-8.42,-0.25,6165.12,557.18,100.0,7.99
2025-03-24,931446,中证东方红红利低波动指数,东证红利低波,CSI Dongfanghong Dividend Low Volatility Index,DFH Dividend Low Volatility,3328.9,3346.29,3325.99,3344.29,17.67,0.53,5716.05,504.16,100.0,8.04
2025-03-25,931446,中证东方红红利低波动指数,东证红利低波,CSI Dongfanghong Dividend Low Volatility Index,DFH Dividend Low Volatility,3343.55,3371.46,3340.77,3371.37,27.08,0.81,5245.24,446.08,100.0,8.1
2025-03-26,931446,中证东方红红利低波动指数,东证红利低波,CSI Dongfanghong Dividend Low Volatility Index,DFH Dividend Low Volatility,3365.69,3369.25,3351.61,3364.4,-6.96,-0.21,4620.69,433.69,100.0,8.06
2025-03-27,931446,中证东方红红利低波动指数,东证红利低波,CSI Dongfanghong Dividend Low Volatility Index,DFH Dividend Low Volatility,3362.15,3376.32,3360.18,3367.12,2.71,0.08,4473.61,395.4,100.0,8.09
2025-03-28,931446,中证东方红红利低波动指数,东证红利低波,CSI Dongfanghong Dividend Low Volatility Index,DFH Dividend Low Volatility,3367.24,3369.05,3351.55,3360.21,-6.91,-0.21,4657.88,379.56,100.0,8.05
2025-03-31,931446,中证东方红红利低波动指数,东证红利低波,CSI Dongfanghong Dividend Low Volatility Index,DFH Dividend Low Volatility,3359.2,3395.27,3354.45,3364.56,4.35,0.13,7227.53,593.19,100.0,8.08
2025-04-01,931446,中证东方红红利低波动指数,东证红利低波,CSI Dongfanghong Dividend Low Volatility Index,DFH Dividend Low Volatility,3363.81,3385.08,3356.38,3383.01,18.45,0.55,6168.5,483.06,100.0,8.06
2025-04-02,931446,中证东方红红利低波动指数,东证红利低波,CSI Dongfanghong Dividend Low Volatility Index,DFH Dividend Low Volatility,3380.79,3402.37,3380.79,3397.34,14.33,0.42,5171.38,400.37,100.0,8.08
2025-04-03,931446,中证东方红红利低波动指数,东证红利低波,CSI Dongfanghong Dividend Low Volatility Index,DFH Dividend Low Volatility,3376.05,3417.18,3376.05,3412.25,14.91,0.44,5599.72,478.74,100.0,8.12
2025-04-07,931446,中证东方红红利低波动指数,东证红利低波,CSI Dongfanghong Dividend Low Volatility Index,DFH Dividend Low Volatility,3314.99,3342.61,3152.76,3212.85,-199.4,-5.84,13646.74,1202.33,100.0,7.73
2025-04-08,931446,中证东方红红利低波动指数,东证红利低波,CSI Dongfanghong Dividend Low Volatility Index,DFH Dividend Low Volatility,3218.09,3299.86,3218.09,3299.86,87.01,2.71,10967.74,985.66,100.0,7.92
2025-04-09,931446,中证东方红红利低波动指数,东证红利低波,CSI Dongfanghong Dividend Low Volatility Index,DFH Dividend Low Volatility,3283.18,3313.09,3231.22,3313.09,13.24,0.4,9413.04,840.13,100.0,7.9
2025-04-10,931446,中证东方红红利低波动指数,东证红利低波,CSI Dongfanghong Dividend Low Volatility Index,DFH Dividend Low Volatility,3322.96,3335.91,3298.52,3324.52,11.43,0.34,7560.54,684.68,100.0,7.9
2025-04-11,931446,中证东方红红利低波动指数,东证红利低波,CSI Dongfanghong Dividend Low Volatility Index,DFH Dividend Low Volatility,3315.95,3320.01,3297.63,3310.85,-13.67,-0.41,5859.85,511.5,100.0,7.91
2025-04-14,931446,中证东方红红利低波动指数,东证红利低波,CSI Dongfanghong Dividend Low Volatility Index,DFH Dividend Low Volatility,3316.11,3335.34,3310.4,3331.03,20.18,0.61,5835.72,506.69,100.0,7.97
2025-04-15,931446,中证东方红红利低波动指数,东证红利低波,CSI Dongfanghong Dividend Low Volatility Index,DFH Dividend Low Volatility,3330.26,3351.54,3325.74,3350.66,19.64,0.59,5816.35,492.85,100.0,8.06
2025-04-16,931446,中证东方红红利低波动指数,东证红利低波,CSI Dongfanghong Dividend Low Volatility Index,DFH Dividend Low Volatility,3345.48,3379.87,3342.44,3379.38,28.71,0.86,6649.67,558.05,100.0,8.16
2025-04-17,931446,中证东方红红利低波动指数,东证红利低波,CSI Dongfanghong Dividend Low Volatility Index,DFH Dividend Low Volatility,3369.67,3378.07,3354.85,3374.77,-4.61,-0.14,4742.0,399.12,100.0,8.15
2025-04-18,931446,中证东方红红利低波动指数,东证红利低波,CSI Dongfanghong Dividend Low Volatility Index,DFH Dividend Low Volatility,3367.76,3385.61,3366.09,3380.83,6.06,0.18,4287.12,370.79,100.0,8.19
2025-04-21,931446,中证东方红红利低波动指数,东证红利低波,CSI Dongfanghong Dividend Low Volatility Index,DFH Dividend Low Volatility,3374.21,3396.53,3358.56,3359.15,-21.68,-0.64,4882.13,394.09,100.0,8.13
2025-04-22,931446,中证东方红红利低波动指数,东证红利低波,CSI Dongfanghong Dividend Low Volatility Index,DFH Dividend Low Volatility,3358.04,3391.33,3357.82,3384.45,25.3,0.75,4905.46,400.99,100.0,8.19
2025-04-23,931446,中证东方红红利低波动指数,东证红利低波,CSI Dongfanghong Dividend Low Volatility Index,DFH Dividend Low Volatility,3388.22,3389.71,3365.59,3367.28,-17.18,-0.51,4322.71,366.21,100.0,8.16
2025-04-24,931446,中证东方红红利低波动指数,东证红利低波,CSI Dongfanghong Dividend Low Volatility Index,DFH Dividend Low Volatility,3367.41,3395.06,3367.12,3387.07,19.79,0.59,4702.29,390.82,100.0,8.24
2025-04-25,931446,中证东方红红利低波动指数,东证红利低波,CSI Dongfanghong Dividend Low Volatility Index,DFH Dividend Low Volatility,3389.81,3396.68,3375.9,3389.5,2.43,0.07,4284.56,362.54,100.0,8.2
2025-04-28,931446,中证东方红红利低波动指数,东证红利低波,CSI Dongfanghong Dividend Low Volatility Index,DFH Dividend Low Volatility,3394.62,3415.77,3385.72,3407.69,18.2,0.54,5264.09,473.23,100.0,8.26
2025-04-29,931446,中证东方红红利低波动指数,东证红利低波,CSI Dongfanghong Dividend Low Volatility Index,DFH Dividend Low Volatility,3401.59,3413.47,3387.42,3392.58,-15.12,-0.44,4585.01,387.64,100.0,8.22
2025-04-30,931446,中证东方红红利低波动指数,东证红利低波,CSI Dongfanghong Dividend Low Volatility Index,DFH Dividend Low Volatility,3387.51,3388.38,3356.74,3358.39,-34.19,-1.01,7113.85,593.73,100.0,8.1
2025-05-06,931446,中证东方红红利低波动指数,东证红利低波,CSI Dongfanghong Dividend Low Volatility Index,DFH Dividend Low Volatility,3367.16,3367.92,3340.17,3356.06,-2.33,-0.07,6149.19,516.11,100.0,7.99
2025-05-07,931446,中证东方红红利低波动指数,东证红利低波,CSI Dongfanghong Dividend Low Volatility Index,DFH Dividend Low Volatility,3381.0,3390.62,3367.45,3388.64,32.58,0.97,6395.93,540.42,100.0,8.1
2025-05-08,931446,中证东方红红利低波动指数,东证红利低波,CSI Dongfanghong Dividend Low Volatility Index,DFH Dividend Low Volatility,3381.01,3410.83,3377.82,3406.84,18.2,0.54,4990.09,450.35,100.0,8.12
2025-05-09,931446,中证东方红红利低波动指数,东证红利低波,CSI Dongfanghong Dividend Low Volatility Index,DFH Dividend Low Volatility,3407.47,3439.32,3407.47,3435.61,28.76,0.84,5012.62,438.49,100.0,8.19
2025-05-12,931446,中证东方红红利低波动指数,东证红利低波,CSI Dongfanghong Dividend Low Volatility Index,DFH Dividend Low Volatility,3437.39,3450.4,3422.08,3442.65,7.05,0.21,5196.95,483.81,100.0,8.2
2025-05-13,931446,中证东方红红利低波动指数,东证红利低波,CSI Dongfanghong Dividend Low Volatility Index,DFH Dividend Low Volatility,3451.95,3466.93,3437.03,3466.66,24.01,0.7,5315.27,463.96,100.0,8.29
2025-05-14,931446,中证东方红红利低波动指数,东证红利低波,CSI Dongfanghong Dividend Low Volatility Index,DFH Dividend Low Volatility,3463.29,3493.04,3448.81,3490.75,24.1,0.69,6463.07,619.86,100.0,8.36
2025-05-15,931446,中证东方红红利低波动指数,东证红利低波,CSI Dongfanghong Dividend Low Volatility Index,DFH Dividend Low Volatility,3484.84,3505.57,3482.28,3482.77,-7.99,-0.23,5613.55,498.06,100.0,8.37
2025-05-16,931446,中证东方红红利低波动指数,东证红利低波,CSI Dongfanghong Dividend Low Volatility Index,DFH Dividend Low Volatility,3477.58,3482.92,3439.57,3451.78,-30.99,-0.89,5212.35,449.37,100.0,8.27
2025-05-19,931446,中证东方红红利低波动指数,东证红利低波,CSI Dongfanghong Dividend Low Volatility Index,DFH Dividend Low Volatility,3453.89,3479.69,3453.89,3470.84,19.06,0.55,4488.65,377.05,100.0,8.27
2025-05-20,931446,中证东方红红利低波动指数,东证红利低波,CSI Dongfanghong Dividend Low Volatility Index,DFH Dividend Low Volatility,3476.01,3488.85,3470.36,3478.82,7.98,0.23,4328.73,392.6,100.0,8.29
2025-05-21,931446,中证东方红红利低波动指数,东证红利低波,CSI Dongfanghong Dividend Low Volatility Index,DFH Dividend Low Volatility,3480.88,3505.21,3480.87,3498.22,19.4,0.56,4165.97,370.29,100.0,8.33
2025-05-22,931446,中证东方红红利低波动指数,东证红利低波,CSI Dongfanghong Dividend Low Volatility Index,DFH Dividend Low Volatility,3495.7,3514.35,3486.91,3512.01,13.79,0.39,4547.48,393.31,100.0,8.37
2025-05-23,931446,中证东方红红利低波动指数,东证红利低波,CSI Dongfanghong Dividend Low Volatility Index,DFH Dividend Low Volatility,3510.53,3527.6,3473.72,3473.72,-38.29,-1.09,4998.2,445.03,100.0,8.28
2025-05-26,931446,中证东方红红利低波动指数,东证红利低波,CSI Dongfanghong Dividend Low Volatility Index,DFH Dividend Low Volatility,3465.57,3479.49,3448.25,3455.07,-18.65,-0.54,4552.45,396.79,100.0,8.24
2025-05-27,931446,中证东方红红利低波动指数,东证红利低波,CSI Dongfanghong Dividend Low Volatility Index,DFH Dividend Low Volatility,3455.89,3470.75,3449.29,3457.56,2.49,0.07,4016.44,340.65,100.0,8.25
2025-05-28,931446,中证东方红红利低波动指数,东证红利低波,CSI Dongfanghong Dividend Low Volatility Index,DFH Dividend Low Volatility,3457.58,3471.53,3446.68,3468.79,11.23,0.32,3984.79,338.78,100.0,8.27
2025-05-29,931446,中证东方红红利低波动指数,东证红利低波,CSI Dongfanghong Dividend Low Volatility Index,DFH Dividend Low Volatility,3468.62,3477.68,3460.48,3468.49,-0.3,-0.01,4239.97,381.63,100.0,8.25
2025-05-30,931446,中证东方红红利低波动指数,东证红利低波,CSI Dongfanghong Dividend Low Volatility Index,DFH Dividend Low Volatility,3467.4,3493.53,3467.4,3485.12,16.64,0.48,5199.17,451.16,100.0,8.28
2025-06-03,931446,中证东方红红利低波动指数,东证红利低波,CSI Dongfanghong Dividend Low Volatility Index,DFH Dividend Low Volatility,3481.77,3518.14,3466.29,3514.8,29.68,0.85,6180.32,583.17,100.0,8.33
2025-06-04,931446,中证东方红红利低波动指数,东证红利低波,CSI Dongfanghong Dividend Low Volatility Index,DFH Dividend Low Volatility,3514.36,3522.65,3501.82,3519.31,4.51,0.13,4417.72,401.87,100.0,8.33
2025-06-05,931446,中证东方红红利低波动指数,东证红利低波,CSI Dongfanghong Dividend Low Volatility Index,DFH Dividend Low Volatility,3519.62,3530.32,3491.42,3495.29,-24.02,-0.68,4675.97,420.14,100.0,8.31
2025-06-06,931446,中证东方红红利低波动指数,东证红利低波,CSI Dongfanghong Dividend Low Volatility Index,DFH Dividend Low Volatility,3496.36,3510.2,3494.06,3500.23,4.94,0.14,4195.14,374.05,100.0,8.33
2025-06-09,931446,中证东方红红利低波动指数,东证红利低波,CSI Dongfanghong Dividend Low Volatility Index,DFH Dividend Low Volatility,3504.74,3511.2,3485.86,3508.94,8.71,0.25,5144.02,453.26,100.0,8.34
2025-06-10,931446,中证东方红红利低波动指数,东证红利低波,CSI Dongfanghong Dividend Low Volatility Index,DFH Dividend Low Volatility,3500.48,3528.01,3491.64,3507.55,-1.39,-0.04,6421.88,547.26,100.0,8.36
2025-06-11,931446,中证东方红红利低波动指数,东证红利低波,CSI Dongfanghong Dividend Low Volatility Index,DFH Dividend Low Volatility,3507.67,3521.8,3502.62,3514.56,7.01,0.2,4941.45,461.33,100.0,8.4
2025-06-12,931446,中证东方红红利低波动指数,东证红利低波,CSI Dongfanghong Dividend Low Volatility Index,DFH Dividend Low Volatility,3514.35,3522.05,3501.2,3519.22,4.66,0.13,4986.78,460.71,100.0,8.4
2025-06-13,931446,中证东方红红利低波动指数,东证红利低波,CSI Dongfanghong Dividend Low Volatility Index,DFH Dividend Low Volatility,3515.29,3521.84,3492.29,3495.62,-23.6,-0.67,7231.18,649.52,100.0,8.38
2025-06-16,931446,中证东方红红利低波动指数,东证红利低波,CSI Dongfanghong Dividend Low Volatility Index,DFH Dividend Low Volatility,3491.43,3506.96,3481.98,3505.58,9.96,0.28,5538.35,495.87,100.0,8.39
2025-06-17,931446,中证东方红红利低波动指数,东证红利低波,CSI Dongfanghong Dividend Low Volatility Index,DFH Dividend Low Volatility,3505.02,3515.31,3497.6,3508.6,3.02,0.09,4589.23,437.94,100.0,8.42
2025-06-18,931446,中证东方红红利低波动指数,东证红利低波,CSI Dongfanghong Dividend Low Volatility Index,DFH Dividend Low Volatility,3507.28,3516.61,3492.99,3512.56,3.96,0.11,5102.77,450.25,100.0,8.46
2025-06-19,931446,中证东方红红利低波动指数,东证红利低波,CSI Dongfanghong Dividend Low Volatility Index,DFH Dividend Low Volatility,3510.99,3514.83,3481.64,3496.02,-16.54,-0.47,4919.92,441.56,100.0,8.46
2025-06-20,931446,中证东方红红利低波动指数,东证红利低波,CSI Dongfanghong Dividend Low Volatility Index,DFH Dividend Low Volatility,3491.62,3518.76,3489.4,3513.72,17.7,0.51,5135.16,482.0,100.0,8.49
2025-06-23,931446,中证东方红红利低波动指数,东证红利低波,CSI Dongfanghong Dividend Low Volatility Index,DFH Dividend Low Volatility,3508.21,3531.0,3481.68,3523.13,9.41,0.27,6003.51,536.98,100.0,8.56
2025-06-24,931446,中证东方红红利低波动指数,东证红利低波,CSI Dongfanghong Dividend Low Volatility Index,DFH Dividend Low Volatility,3518.06,3537.78,3510.0,3532.02,8.89,0.25,6569.13,626.55,100.0,8.57
2025-06-25,931446,中证东方红红利低波动指数,东证红利低波,CSI Dongfanghong Dividend Low Volatility Index,DFH Dividend Low Volatility,3529.24,3562.4,3513.94,3558.98,26.96,0.76,6601.72,652.75,100.0,8.63
2025-06-26,931446,中证东方红红利低波动指数,东证红利低波,CSI Dongfanghong Dividend Low Volatility Index,DFH Dividend Low Volatility,3553.47,3572.31,3537.38,3564.88,5.9,0.16,5787.84,568.62,100.0,8.64
2025-06-27,931446,中证东方红红利低波动指数,东证红利低波,CSI Dongfanghong Dividend Low Volatility Index,DFH Dividend Low Volatility,3559.27,3575.62,3502.82,3509.21,-55.67,-1.56,8003.2,748.16,100.0,8.45
2025-06-30,931446,中证东方红红利低波动指数,东证红利低波,CSI Dongfanghong Dividend Low Volatility Index,DFH Dividend Low Volatility,3499.79,3507.19,3480.42,3492.36,-16.85,-0.48,5128.8,487.99,100.0,8.44
2025-07-01,931446,中证东方红红利低波动指数,东证红利低波,CSI Dongfanghong Dividend Low Volatility Index,DFH Dividend Low Volatility,3497.83,3529.65,3497.68,3526.44,34.08,0.97,4748.47,435.04,100.0,8.51
2025-07-02,931446,中证东方红红利低波动指数,东证红利低波,CSI Dongfanghong Dividend Low Volatility Index,DFH Dividend Low Volatility,3528.97,3552.88,3528.8,3544.07,17.63,0.5,4658.56,453.99,100.0,8.54
2025-07-03,931446,中证东方红红利低波动指数,东证红利低波,CSI Dongfanghong Dividend Low Volatility Index,DFH Dividend Low Volatility,3546.21,3553.66,3528.11,3541.46,-2.62,-0.07,4136.19,401.45,100.0,8.52
2025-07-04,931446,中证东方红红利低波动指数,东证红利低波,CSI Dongfanghong Dividend Low Volatility Index,DFH Dividend Low Volatility,3537.76,3584.99,3537.24,3570.51,29.05,0.82,5685.25,540.48,100.0,8.62
2025-07-07,931446,中证东方红红利低波动指数,东证红利低波,CSI Dongfanghong Dividend Low Volatility Index,DFH Dividend Low Volatility,3569.59,3586.23,3560.18,3585.22,14.72,0.41,4645.39,438.25,100.0,8.61
2025-07-08,931446,中证东方红红利低波动指数,东证红利低波,CSI Dongfanghong Dividend Low Volatility Index,DFH Dividend Low Volatility,3585.82,3594.35,3561.04,3575.91,-9.31,-0.26,4881.44,474.84,100.0,8.61
2025-07-09,931446,中证东方红红利低波动指数,东证红利低波,CSI Dongfanghong Dividend Low Volatility Index,DFH Dividend Low Volatility,3575.24,3607.28,3574.68,3595.09,19.18,0.54,5642.5,517.67,100.0,8.64
2025-07-10,931446,中证东方红红利低波动指数,东证红利低波,CSI Dongfanghong Dividend Low Volatility Index,DFH Dividend Low Volatility,3593.1,3632.5,3593.1,3618.19,23.1,0.64,7084.67,677.36,100.0,8.72
2025-07-11,931446,中证东方红红利低波动指数,东证红利低波,CSI Dongfanghong Dividend Low Volatility Index,DFH Dividend Low Volatility,3616.93,3631.65,3582.22,3582.22,-35.97,-0.99,9492.15,935.38,100.0,8.64
2025-07-14,931446,中证东方红红利低波动指数,东证红利低波,CSI Dongfanghong Dividend Low Volatility Index,DFH Dividend Low Volatility,3583.69,3628.28,3583.25,3605.18,22.96,0.64,7001.54,656.08,100.0,8.69
2025-07-15,931446,中证东方红红利低波动指数,东证红利低波,CSI Dongfanghong Dividend Low Volatility Index,DFH Dividend Low Volatility,3606.5,3612.96,3562.64,3570.15,-35.03,-0.97,5455.1,526.99,100.0,8.64
2025-07-16,931446,中证东方红红利低波动指数,东证红利低波,CSI Dongfanghong Dividend Low Volatility Index,DFH Dividend Low Volatility,3569.57,3573.02,3541.12,3557.35,-12.81,-0.36,4911.34,458.56,100.0,8.61
2025-07-17,931446,中证东方红红利低波动指数,东证红利低波,CSI Dongfanghong Dividend Low Volatility Index,DFH Dividend Low Volatility,3554.45,3564.01,3537.77,3544.37,-12.97,-0.36,4260.22,403.46,100.0,8.55
2025-07-18,931446,中证东方红红利低波动指数,东证红利低波,CSI Dongfanghong Dividend Low Volatility Index,DFH Dividend Low Volatility,3548.19,3560.51,3541.98,3559.29,14.91,0.42,4548.17,432.15,100.0,8.59
2025-07-21,931446,中证东方红红利低波动指数,东证红利低波,CSI Dongfanghong Dividend Low Volatility Index,DFH Dividend Low Volatility,3565.94,3573.59,3557.82,3568.87,9.59,0.27,5853.34,572.86,100.0,8.58
2025-07-22,931446,中证东方红红利低波动指数,东证红利低波,CSI Dongfanghong Dividend Low Volatility Index,DFH Dividend Low Volatility,3573.44,3581.12,3542.63,3580.38,11.5,0.32,7871.18,785.22,100.0,8.57
2025-07-23,931446,中证东方红红利低波动指数,东证红利低波,CSI Dongfanghong Dividend Low Volatility Index,DFH Dividend Low Volatility,3585.99,3613.74,3578.92,3581.06,0.69,0.02,8119.42,822.23,100.0,8.6
2025-07-24,931446,中证东方红红利低波动指数,东证红利低波,CSI Dongfanghong Dividend Low Volatility Index,DFH Dividend Low Volatility,3580.74,3581.41,3561.55,3572.08,-8.99,-0.25,7694.61,777.07,100.0,8.53
2025-07-25,931446,中证东方红红利低波动指数,东证红利低波,CSI Dongfanghong Dividend Low Volatility Index,DFH Dividend Low Volatility,3568.87,3579.41,3544.84,3547.37,-24.71,-0.69,6639.99,674.11,100.0,8.48
2025-07-28,931446,中证东方红红利低波动指数,东证红利低波,CSI Dongfanghong Dividend Low Volatility Index,DFH Dividend Low Volatility,3548.3,3563.86,3535.73,3540.18,-7.19,-0.2,6075.71,659.79,100.0,8.47
2025-07-29,931446,中证东方红红利低波动指数,东证红利低波,CSI Dongfanghong Dividend Low Volatility Index,DFH Dividend Low Volatility,3539.76,3546.07,3506.46,3515.62,-24.57,-0.69,6020.84,624.66,100.0,8.42
2025-07-30,931446,中证东方红红利低波动指数,东证红利低波,CSI Dongfanghong Dividend Low Volatility Index,DFH Dividend Low Volatility,3514.42,3549.25,3513.07,3529.39,13.77,0.39,6464.49,664.18,100.0,8.5
2025-07-31,931446,中证东方红红利低波动指数,东证红利低波,CSI Dongfanghong Dividend Low Volatility Index,DFH Dividend Low Volatility,3524.88,3525.16,3473.23,3480.77,-48.62,-1.38,7350.13,759.6,100.0,8.45
2025-08-01,931446,中证东方红红利低波动指数,东证红利低波,CSI Dongfanghong Dividend Low Volatility Index,DFH Dividend Low Volatility,3481.52,3496.92,3472.6,3481.48,0.71,0.02,5976.46,554.57,100.0,8.41
2025-08-04,931446,中证东方红红利低波动指数,东证红利低波,CSI Dongfanghong Dividend Low Volatility Index,DFH Dividend Low Volatility,3471.66,3500.06,3471.66,3494.44,12.96,0.37,5384.35,488.37,100.0,8.45
2025-08-05,931446,中证东方红红利低波动指数,东证红利低波,CSI Dongfanghong Dividend Low Volatility Index,DFH Dividend Low Volatility,3495.41,3532.23,3493.66,3531.26,36.82,1.05,5548.69,511.51,100.0,8.56
2025-08-06,931446,中证东方红红利低波动指数,东证红利低波,CSI Dongfanghong Dividend Low Volatility Index,DFH Dividend Low Volatility,3532.92,3539.01,3516.78,3528.01,-3.24,-0.09,4635.66,437.77,100.0,8.57
2025-08-07,931446,中证东方红红利低波动指数,东证红利低波,CSI Dongfanghong Dividend Low Volatility Index,DFH Dividend Low Volatility,3530.22,3539.88,3517.38,3537.71,9.69,0.27,4756.12,457.89,100.0,8.62
2025-08-08,931446,中证东方红红利低波动指数,东证红利低波,CSI Dongfanghong Dividend Low Volatility Index,DFH Dividend Low Volatility,3536.94,3551.56,3534.0,3540.62,2.91,0.08,4505.63,433.3,100.0,8.61
2025-08-11,931446,中证东方红红利低波动指数,东证红利低波,CSI Dongfanghong Dividend Low Volatility Index,DFH Dividend Low Volatility,3541.59,3544.29,3512.82,3521.44,-19.17,-0.54,5523.33,519.54,100.0,8.54
2025-08-12,931446,中证东方红红利低波动指数,东证红利低波,CSI Dongfanghong Dividend Low Volatility Index,DFH Dividend Low Volatility,3521.63,3547.12,3521.63,3535.85,14.41,0.41,5157.25,487.06,100.0,8.61
2025-08-13,931446,中证东方红红利低波动指数,东证红利低波,CSI Dongfanghong Dividend Low Volatility Index,DFH Dividend Low Volatility,3537.09,3540.79,3517.6,3521.38,-14.47,-0.41,6288.3,618.95,100.0,8.55
2025-08-14,931446,中证东方红红利低波动指数,东证红利低波,CSI Dongfanghong Dividend Low Volatility Index,DFH Dividend Low Volatility,3523.55,3543.58,3513.53,3513.61,-7.77,-0.22,5750.38,604.29,100.0,8.56
2025-08-15,931446,中证东方红红利低波动指数,东证红利低波,CSI Dongfanghong Dividend Low Volatility Index,DFH Dividend Low Volatility,3514.76,3515.62,3484.51,3508.42,-5.2,-0.15,8347.0,793.87,100.0,8.49
2025-08-18,931446,中证东方红红利低波动指数,东证红利低波,CSI Dongfanghong Dividend Low Volatility Index,DFH Dividend Low Volatility,3520.37,3541.32,3510.82,3525.54,17.12,0.49,7405.82,790.36,100.0,8.51
2025-08-19,931446,中证东方红红利低波动指数,东证红利低波,CSI Dongfanghong Dividend Low Volatility Index,DFH Dividend Low Volatility,3530.22,3535.98,3514.83,3523.46,-2.08,-0.06,6140.54,673.34,100.0,8.52
2025-08-20,931446,中证东方红红利低波动指数,东证红利低波,CSI Dongfanghong Dividend Low Volatility Index,DFH Dividend Low Volatility,3519.25,3545.88,3506.95,3544.32,20.86,0.59,6225.39,629.25,100.0,8.58
2025-08-21,931446,中证东方红红利低波动指数,东证红利低波,CSI Dongfanghong Dividend Low Volatility Index,DFH Dividend Low Volatility,3546.44,3565.84,3539.66,3561.28,16.96,0.48,6630.98,656.5,100.0,8.65
2025-08-22,931446,中证东方红红利低波动指数,东证红利低波,CSI Dongfanghong Dividend Low Volatility Index,DFH Dividend Low Volatility,3559.89,3559.89,3525.44,3555.39,-5.89,-0.16,6841.34,700.15,100.0,8.66
2025-08-25,931446,中证东方红红利低波动指数,东证红利低波,CSI Dongfanghong Dividend Low Volatility Index,DFH Dividend Low Volatility,3558.85,3586.68,3553.84,3586.65,31.26,0.88,8330.8,863.82,100.0,8.72
2025-08-26,931446,中证东方红红利低波动指数,东证红利低波,CSI Dongfanghong Dividend Low Volatility Index,DFH Dividend Low Volatility,3585.24,3587.86,3574.2,3576.27,-10.38,-0.29,5946.01,614.39,100.0,8.69
2025-08-27,931446,中证东方红红利低波动指数,东证红利低波,CSI Dongfanghong Dividend Low Volatility Index,DFH Dividend Low Volatility,3573.1,3574.83,3508.25,3508.25,-68.03,-1.9,8120.22,818.72,100.0,8.52
2025-08-28,931446,中证东方红红利低波动指数,东证红利低波,CSI Dongfanghong Dividend Low Volatility Index,DFH Dividend Low Volatility,3508.59,3520.78,3475.57,3513.7,5.45,0.15,7294.66,709.29,100.0,8.52
2025-08-29,931446,中证东方红红利低波动指数,东证红利低波,CSI Dongfanghong Dividend Low Volatility Index,DFH Dividend Low Volatility,3511.53,3555.71,3502.86,3502.86,-10.84,-0.31,10720.11,1107.79,100.0,8.5
2025-09-01,931446,中证东方红红利低波动指数,东证红利低波,CSI Dongfanghong Dividend Low Volatility Index,DFH Dividend Low Volatility,3508.51,3520.66,3488.96,3491.97,-10.89,-0.31,9679.56,969.99,100.0,8.79
2025-09-02,931446,中证东方红红利低波动指数,东证红利低波,CSI Dongfanghong Dividend Low Volatility Index,DFH Dividend Low Volatility,3496.55,3519.52,3490.05,3519.52,27.55,0.79,8972.24,904.32,100.0,8.95
2025-09-03,931446,中证东方红红利低波动指数,东证红利低波,CSI Dongfanghong Dividend Low Volatility Index,DFH Dividend Low Volatility,3524.28,3525.86,3468.92,3477.78,-41.73,-1.18,6649.67,680.42,100.0,8.86
2025-09-04,931446,中证东方红红利低波动指数,东证红利低波,CSI Dongfanghong Dividend Low Volatility Index,DFH Dividend Low Volatility,3476.7,3488.44,3442.51,3485.25,7.46,0.21,9331.74,878.08,100.0,8.95
2025-09-05,931446,中证东方红红利低波动指数,东证红利低波,CSI Dongfanghong Dividend Low Volatility Index,DFH Dividend Low Volatility,3480.16,3480.16,3451.38,3470.56,-14.68,-0.42,6435.79,610.31,100.0,8.85
2025-09-08,931446,中证东方红红利低波动指数,东证红利低波,CSI Dongfanghong Dividend Low Volatility Index,DFH Dividend Low Volatility,3466.37,3484.65,3463.71,3473.04,2.48,0.07,6760.08,655.77,100.0,8.82
2025-09-09,931446,中证东方红红利低波动指数,东证红利低波,CSI Dongfanghong Dividend Low Volatility Index,DFH Dividend Low Volatility,3472.86,3483.28,3463.22,3481.02,7.98,0.23,5158.42,523.17,100.0,8.85
2025-09-10,931446,中证东方红红利低波动指数,东证红利低波,CSI Dongfanghong Dividend Low Volatility Index,DFH Dividend Low Volatility,3478.69,3487.4,3468.78,3480.02,-0.99,-0.03,5025.36,464.02,100.0,8.84
2025-09-11,931446,中证东方红红利低波动指数,东证红利低波,CSI Dongfanghong Dividend Low Volatility Index,DFH Dividend Low Volatility,3477.79,3497.64,3462.23,3497.26,17.23,0.5,6532.54,630.69,100.0,8.88
2025-09-12,931446,中证东方红红利低波动指数,东证红利低波,CSI Dongfanghong Dividend Low Volatility Index,DFH Dividend Low Volatility,3495.19,3499.88,3463.49,3466.12,-31.14,-0.89,6924.53,700.39,100.0,8.8
2025-09-15,931446,中证东方红红利低波动指数,东证红利低波,CSI Dongfanghong Dividend Low Volatility Index,DFH Dividend Low Volatility,3466.57,3467.3,3441.73,3448.65,-17.47,-0.5,6716.92,620.13,100.0,8.76
2025-09-16,931446,中证东方红红利低波动指数,东证红利低波,CSI Dongfanghong Dividend Low Volatility Index,DFH Dividend Low Volatility,3448.08,3454.76,3427.71,3432.84,-15.81,-0.46,7826.89,689.05,100.0,8.68
2025-09-17,931446,中证东方红红利低波动指数,东证红利低波,CSI Dongfanghong Dividend Low Volatility Index,DFH Dividend Low Volatility,3430.42,3440.33,3418.35,3433.42,0.58,0.02,6455.21,611.96,100.0,8.66
2025-09-18,931446,中证东方红红利低波动指数,东证红利低波,CSI Dongfanghong Dividend Low Volatility Index,DFH Dividend Low Volatility,3433.08,3433.08,3362.94,3373.38,-60.03,-1.75,8432.57,806.16,100.0,8.48
2025-09-19,931446,中证东方红红利低波动指数,东证红利低波,CSI Dongfanghong Dividend Low Volatility Index,DFH Dividend Low Volatility,3369.46,3378.44,3352.64,3372.32,-1.07,-0.03,6640.9,587.16,100.0,8.44
2025-09-22,931446,中证东方红红利低波动指数,东证红利低波,CSI Dongfanghong Dividend Low Volatility Index,DFH Dividend Low Volatility,3373.77,3379.87,3345.19,3353.63,-18.69,-0.55,5301.38,497.08,100.0,8.37
2025-09-23,931446,中证东方红红利低波动指数,东证红利低波,CSI Dongfanghong Dividend Low Volatility Index,DFH Dividend Low Volatility,3350.03,3377.12,3336.55,3375.93,22.31,0.66,8162.9,711.54,100.0,8.48
2025-09-24,931446,中证东方红红利低波动指数,东证红利低波,CSI Dongfanghong Dividend Low Volatility Index,DFH Dividend Low Volatility,3371.82,3401.19,3369.84,3382.08,6.14,0.18,6150.81,546.93,100.0,8.46
2025-09-25,931446,中证东方红红利低波动指数,东证红利低波,CSI Dongfanghong Dividend Low Volatility Index,DFH Dividend Low Volatility,3379.13,3379.13,3346.85,3354.8,-27.28,-0.81,5570.28,532.67,100.0,8.42
2025-09-26,931446,中证东方红红利低波动指数,东证红利低波,CSI Dongfanghong Dividend Low Volatility Index,DFH Dividend Low Volatility,3349.19,3367.22,3332.47,3359.5,4.7,0.14,5128.67,508.46,100.0,8.44
2025-09-29,931446,中证东方红红利低波动指数,东证红利低波,CSI Dongfanghong Dividend Low Volatility Index,DFH Dividend Low Volatility,3359.27,3385.63,3337.72,3365.41,5.91,0.18,7338.53,723.04,100.0,8.41
2025-09-30,931446,中证东方红红利低波动指数,东证红利低波,CSI Dongfanghong Dividend Low Volatility Index,DFH Dividend Low Volatility,3363.88,3363.88,3340.24,3345.42,-19.99,-0.59,5942.14,586.22,100.0,8.37
2025-10-09,931446,中证东方红红利低波动指数,东证红利低波,CSI Dongfanghong Dividend Low Volatility Index,DFH Dividend Low Volatility,3344.6,3368.07,3336.83,3367.74,22.32,0.67,8021.24,764.56,100.0,8.43
2025-10-10,931446,中证东方红红利低波动指数,东证红利低波,CSI Dongfanghong Dividend Low Volatility Index,DFH Dividend Low Volatility,3361.5,3407.8,3359.5,3402.27,34.53,1.03,8789.83,783.51,100.0,8.48
2025-10-13,931446,中证东方红红利低波动指数,东证红利低波,CSI Dongfanghong Dividend Low Volatility Index,DFH Dividend Low Volatility,3365.61,3414.84,3357.12,3410.52,8.25,0.24,8802.86,808.76,100.0,8.48
2025-10-14,931446,中证东方红红利低波动指数,东证红利低波,CSI Dongfanghong Dividend Low Volatility Index,DFH Dividend Low Volatility,3408.48,3460.93,3401.0,3457.51,46.98,1.38,10428.39,982.71,100.0,8.66
2025-10-15,931446,中证东方红红利低波动指数,东证红利低波,CSI Dongfanghong Dividend Low Volatility Index,DFH Dividend Low Volatility,3453.5,3471.64,3444.94,3468.3,10.8,0.31,7495.48,717.07,100.0,8.7
2025-10-16,931446,中证东方红红利低波动指数,东证红利低波,CSI Dongfanghong Dividend Low Volatility Index,DFH Dividend Low Volatility,3464.42,3491.97,3463.29,3489.6,21.3,0.61,7804.99,723.2,100.0,8.83
2025-10-17,931446,中证东方红红利低波动指数,东证红利低波,CSI Dongfanghong Dividend Low Volatility Index,DFH Dividend Low Volatility,3486.31,3510.75,3469.23,3474.99,-14.62,-0.42,7371.12,684.15,100.0,8.8
2025-10-20,931446,中证东方红红利低波动指数,东证红利低波,CSI Dongfanghong Dividend Low Volatility Index,DFH Dividend Low Volatility,3481.21,3485.48,3442.74,3482.39,7.4,0.21,7104.36,632.34,100.0,8.84
2025-10-21,931446,中证东方红红利低波动指数,东证红利低波,CSI Dongfanghong Dividend Low Volatility Index,DFH Dividend Low Volatility,3482.0,3506.8,3480.79,3500.51,18.13,0.52,7157.17,668.25,100.0,8.89
2025-10-22,931446,中证东方红红利低波动指数,东证红利低波,CSI Dongfanghong Dividend Low Volatility Index,DFH Dividend Low Volatility,3496.96,3524.34,3496.96,3518.64,18.13,0.52,6838.62,587.22,100.0,8.99
2025-10-23,931446,中证东方红红利低波动指数,东证红利低波,CSI Dongfanghong Dividend Low Volatility Index,DFH Dividend Low Volatility,3518.04,3550.58,3517.34,3547.81,29.17,0.83,8273.89,697.73,100.0,9.06
2025-10-24,931446,中证东方红红利低波动指数,东证红利低波,CSI Dongfanghong Dividend Low Volatility Index,DFH Dividend Low Volatility,3540.24,3540.24,3514.48,3521.24,-26.57,-0.75,7415.14,641.65,100.0,9.03
2025-10-27,931446,中证东方红红利低波动指数,东证红利低波,CSI Dongfanghong Dividend Low Volatility Index,DFH Dividend Low Volatility,3521.61,3547.33,3500.89,3534.3,13.06,0.37,8450.5,786.27,100.0,9.1
2025-10-28,931446,中证东方红红利低波动指数,东证红利低波,CSI Dongfanghong Dividend Low Volatility Index,DFH Dividend Low Volatility,3535.79,3544.29,3515.28,3528.34,-5.95,-0.17,6825.48,592.66,100.0,9.11
2025-10-29,931446,中证东方红红利低波动指数,东证红利低波,CSI Dongfanghong Dividend Low Volatility Index,DFH Dividend Low Volatility,3526.47,3527.2,3491.33,3510.95,-17.39,-0.49,7463.29,708.71,100.0,9.02
2025-10-30,931446,中证东方红红利低波动指数,东证红利低波,CSI Dongfanghong Dividend Low Volatility Index,DFH Dividend Low Volatility,3508.34,3534.02,3502.79,3507.59,-3.36,-0.09,7135.86,700.95,100.0,9.02
2025-10-31,931446,中证东方红红利低波动指数,东证红利低波,CSI Dongfanghong Dividend Low Volatility Index,DFH Dividend Low Volatility,3512.76,3513.03,3482.67,3493.38,-14.21,-0.4,9015.02,793.62,100.0,8.95
2025-11-03,931446,中证东方红红利低波动指数,东证红利低波,CSI Dongfanghong Dividend Low Volatility Index,DFH Dividend Low Volatility,3497.05,3525.88,3491.59,3525.28,31.9,0.91,7068.5,637.26,100.0,9.06
2025-11-04,931446,中证东方红红利低波动指数,东证红利低波,CSI Dongfanghong Dividend Low Volatility Index,DFH Dividend Low Volatility,3525.82,3565.36,3522.27,3555.03,29.75,0.84,7816.67,727.48,100.0,9.18
2025-11-05,931446,中证东方红红利低波动指数,东证红利低波,CSI Dongfanghong Dividend Low Volatility Index,DFH Dividend Low Volatility,3547.35,3563.18,3531.86,3553.2,-1.83,-0.05,5985.59,552.78,100.0,9.17
2025-11-06,931446,中证东方红红利低波动指数,东证红利低波,CSI Dongfanghong Dividend Low Volatility Index,DFH Dividend Low Volatility,3551.38,3571.69,3541.06,3561.35,8.15,0.23,5766.65,566.93,100.0,9.17
2025-11-07,931446,中证东方红红利低波动指数,东证红利低波,CSI Dongfanghong Dividend Low Volatility Index,DFH Dividend Low Volatility,3560.0,3581.45,3558.75,3560.92,-0.43,-0.01,5160.86,479.29,100.0,9.16
2025-11-10,931446,中证东方红红利低波动指数,东证红利低波,CSI Dongfanghong Dividend Low Volatility Index,DFH Dividend Low Volatility,3560.54,3588.67,3550.18,3586.97,26.06,0.73,5611.69,557.51,100.0,9.23
2025-11-11,931446,中证东方红红利低波动指数,东证红利低波,CSI Dongfanghong Dividend Low Volatility Index,DFH Dividend Low Volatility,3585.67,3602.83,3577.89,3598.42,11.44,0.32,4860.99,476.22,100.0,9.25
2025-11-12,931446,中证东方红红利低波动指数,东证红利低波,CSI Dongfanghong Dividend Low Volatility Index,DFH Dividend Low Volatility,3608.47,3636.96,3608.47,3617.66,19.24,0.53,6714.49,717.33,100.0,9.34
2025-11-13,931446,中证东方红红利低波动指数,东证红利低波,CSI Dongfanghong Dividend Low Volatility Index,DFH Dividend Low Volatility,3619.84,3625.09,3584.55,3610.03,-7.63,-0.21,6231.64,623.47,100.0,9.33
2025-11-14,931446,中证东方红红利低波动指数,东证红利低波,CSI Dongfanghong Dividend Low Volatility Index,DFH Dividend Low Volatility,3606.63,3632.68,3601.28,3601.28,-8.74,-0.24,6121.16,581.64,100.0,9.32
2025-11-17,931446,中证东方红红利低波动指数,东证红利低波,CSI Dongfanghong Dividend Low Volatility Index,DFH Dividend Low Volatility,3598.41,3599.13,3556.54,3565.15,-36.14,-1.0,6257.49,563.79,100.0,9.22
2025-11-18,931446,中证东方红红利低波动指数,东证红利低波,CSI Dongfanghong Dividend Low Volatility Index,DFH Dividend Low Volatility,3562.74,3566.92,3532.21,3542.28,-22.87,-0.64,5166.91,482.54,100.0,9.19
2025-11-19,931446,中证东方红红利低波动指数,东证红利低波,CSI Dongfanghong Dividend Low Volatility Index,DFH Dividend Low Volatility,3543.13,3565.11,3542.11,3551.74,9.47,0.27,5781.34,523.88,100.0,9.3
2025-11-20,931446,中证东方红红利低波动指数,东证红利低波,CSI Dongfanghong Dividend Low Volatility Index,DFH Dividend Low Volatility,3552.37,3595.8,3548.68,3564.9,13.16,0.37,7566.64,634.15,100.0,9.34
2025-11-21,931446,中证东方红红利低波动指数,东证红利低波,CSI Dongfanghong Dividend Low Volatility Index,DFH Dividend Low Volatility,3557.01,3568.28,3502.78,3504.58,-60.33,-1.69,7989.22,734.71,100.0,9.25
2025-11-24,931446,中证东方红红利低波动指数,东证红利低波,CSI Dongfanghong Dividend Low Volatility Index,DFH Dividend Low Volatility,3511.8,3519.38,3482.87,3483.77,-20.81,-0.59,6728.76,610.13,100.0,9.16
2025-11-25,931446,中证东方红红利低波动指数,东证红利低波,CSI Dongfanghong Dividend Low Volatility Index,DFH Dividend Low Volatility,3489.7,3516.91,3478.86,3511.87,28.1,0.81,5815.1,534.4,100.0,9.24
2025-11-26,931446,中证东方红红利低波动指数,东证红利低波,CSI Dongfanghong Dividend Low Volatility Index,DFH Dividend Low Volatility,3515.08,3529.32,3495.18,3497.55,-14.32,-0.41,5320.2,478.28,100.0,9.16
2025-11-27,931446,中证东方红红利低波动指数,东证红利低波,CSI Dongfanghong Dividend Low Volatility Index,DFH Dividend Low Volatility,3496.85,3517.94,3482.12,3508.27,10.72,0.31,4896.3,465.39,100.0,9.22
2025-11-28,931446,中证东方红红利低波动指数,东证红利低波,CSI Dongfanghong Dividend Low Volatility Index,DFH Dividend Low Volatility,3505.58,3505.95,3487.2,3500.89,-7.38,-0.21,4947.72,433.14,100.0,9.15
2025-12-01,931446,中证东方红红利低波动指数,东证红利低波,CSI Dongfanghong Dividend Low Volatility Index,DFH Dividend Low Volatility,3503.56,3522.27,3495.11,3521.02,20.13,0.57,6272.64,564.66,100.0,9.18
2025-12-02,931446,中证东方红红利低波动指数,东证红利低波,CSI Dongfanghong Dividend Low Volatility Index,DFH Dividend Low Volatility,3519.02,3533.39,3514.38,3533.39,12.38,0.35,4834.07,450.47,100.0,9.21
2025-12-03,931446,中证东方红红利低波动指数,东证红利低波,CSI Dongfanghong Dividend Low Volatility Index,DFH Dividend Low Volatility,3529.5,3547.96,3522.02,3529.15,-4.25,-0.12,5388.92,465.04,100.0,9.16
2025-12-04,931446,中证东方红红利低波动指数,东证红利低波,CSI Dongfanghong Dividend Low Volatility Index,DFH Dividend Low Volatility,3527.79,3534.41,3512.32,3515.71,-13.44,-0.38,4344.73,376.47,100.0,9.13
2025-12-05,931446,中证东方红红利低波动指数,东证红利低波,CSI Dongfanghong Dividend Low Volatility Index,DFH Dividend Low Volatility,3514.2,3522.25,3489.3,3511.64,-4.07,-0.11,5396.86,534.37,100.0,9.11
2025-12-08,931446,中证东方红红利低波动指数,东证红利低波,CSI Dongfanghong Dividend Low Volatility Index,DFH Dividend Low Volatility,3515.92,3519.67,3496.42,3505.25,-6.38,-0.18,5499.85,561.57,100.0,9.11
2025-12-09,931446,中证东方红红利低波动指数,东证红利低波,CSI Dongfanghong Dividend Low Volatility Index,DFH Dividend Low Volatility,3502.53,3502.55,3485.31,3487.61,-17.64,-0.5,5155.61,481.75,100.0,9.11
2025-12-10,931446,中证东方红红利低波动指数,东证红利低波,CSI Dongfanghong Dividend Low Volatility Index,DFH Dividend Low Volatility,3483.8,3490.39,3462.47,3477.64,-9.97,-0.29,5547.97,510.48,100.0,9.0
2025-12-11,931446,中证东方红红利低波动指数,东证红利低波,CSI Dongfanghong Dividend Low Volatility Index,DFH Dividend Low Volatility,3476.92,3478.84,3448.39,3455.62,-22.02,-0.63,5275.48,499.82,100.0,9.01
2025-12-12,931446,中证东方红红利低波动指数,东证红利低波,CSI Dongfanghong Dividend Low Volatility Index,DFH Dividend Low Volatility,3453.97,3454.77,3433.17,3444.67,-10.95,-0.32,7807.08,753.54,100.0,8.96
2025-12-15,931446,中证东方红红利低波动指数,东证红利低波,CSI Dongfanghong Dividend Low Volatility Index,DFH Dividend Low Volatility,3437.82,3465.92,3432.97,3453.32,8.65,0.25,5751.86,577.14,100.0,8.7
2025-12-16,931446,中证东方红红利低波动指数,东证红利低波,CSI Dongfanghong Dividend Low Volatility Index,DFH Dividend Low Volatility,3451.73,3459.25,3429.68,3436.33,-17.0,-0.49,5069.3,485.94,100.0,8.65
2025-12-17,931446,中证东方红红利低波动指数,东证红利低波,CSI Dongfanghong Dividend Low Volatility Index,DFH Dividend Low Volatility,3432.47,3454.2,3418.53,3440.83,4.5,0.13,5310.68,519.67,100.0,8.69
2025-12-18,931446,中证东方红红利低波动指数,东证红利低波,CSI Dongfanghong Dividend Low Volatility Index,DFH Dividend Low Volatility,3438.37,3477.92,3433.44,3473.35,32.53,0.95,5044.05,467.54,100.0,8.68
2025-12-19,931446,中证东方红红利低波动指数,东证红利低波,CSI Dongfanghong Dividend Low Volatility Index,DFH Dividend Low Volatility,3469.61,3485.06,3458.74,3472.23,-1.12,-0.03,4897.9,463.39,100.0,8.64
2025-12-22,931446,中证东方红红利低波动指数,东证红利低波,CSI Dongfanghong Dividend Low Volatility Index,DFH Dividend Low Volatility,3471.32,3472.35,3451.2,3452.12,-20.12,-0.58,4564.94,458.93,100.0,8.62
2025-12-23,931446,中证东方红红利低波动指数,东证红利低波,CSI Dongfanghong Dividend Low Volatility Index,DFH Dividend Low Volatility,3452.88,3468.89,3449.69,3453.61,1.5,0.04,4541.32,438.69,100.0,8.66
2025-12-24,931446,中证东方红红利低波动指数,东证红利低波,CSI Dongfanghong Dividend Low Volatility Index,DFH Dividend Low Volatility,3452.35,3460.28,3439.68,3456.09,2.48,0.07,4130.85,393.58,100.0,8.63
2025-12-25,931446,中证东方红红利低波动指数,东证红利低波,CSI Dongfanghong Dividend Low Volatility Index,DFH Dividend Low Volatility,3456.49,3476.91,3454.6,3463.98,7.89,0.23,3853.45,385.61,100.0,8.63
2025-12-26,931446,中证东方红红利低波动指数,东证红利低波,CSI Dongfanghong Dividend Low Volatility Index,DFH Dividend Low Volatility,3461.99,3469.0,3452.35,3456.73,-7.26,-0.21,3903.94,392.24,100.0,8.59
2025-12-29,931446,中证东方红红利低波动指数,东证红利低波,CSI Dongfanghong Dividend Low Volatility Index,DFH Dividend Low Volatility,3456.31,3467.5,3448.41,3453.9,-2.82,-0.08,5370.37,513.72,100.0,8.65
2025-12-30,931446,中证东方红红利低波动指数,东证红利低波,CSI Dongfanghong Dividend Low Volatility Index,DFH Dividend Low Volatility,3450.33,3450.73,3432.94,3442.2,-11.71,-0.34,4980.51,496.19,100.0,8.63
2025-12-31,931446,中证东方红红利低波动指数,东证红利低波,CSI Dongfanghong Dividend Low Volatility Index,DFH Dividend Low Volatility,3443.05,3458.64,3441.08,3442.76,0.56,0.02,4418.21,423.67,100.0,8.66
2026-01-05,931446,中证东方红红利低波动指数,东证红利低波,CSI Dongfanghong Dividend Low Volatility Index,DFH Dividend Low Volatility,3448.19,3457.84,3435.25,3454.53,11.77,0.34,6296.6,656.03,100.0,8.64
2026-01-06,931446,中证东方红红利低波动指数,东证红利低波,CSI Dongfanghong Dividend Low Volatility Index,DFH Dividend Low Volatility,3454.75,3482.86,3448.34,3482.86,28.32,0.82,7393.33,783.62,100.0,8.7
2026-01-07,931446,中证东方红红利低波动指数,东证红利低波,CSI Dongfanghong Dividend Low Volatility Index,DFH Dividend Low Volatility,3479.77,3483.27,3464.89,3468.38,-14.48,-0.42,6286.01,650.62,100.0,8.64
2026-01-08,931446,中证东方红红利低波动指数,东证红利低波,CSI Dongfanghong Dividend Low Volatility Index,DFH Dividend Low Volatility,3464.73,3464.73,3440.63,3445.8,-22.58,-0.65,5853.67,683.69,100.0,8.57
2026-01-09,931446,中证东方红红利低波动指数,东证红利低波,CSI Dongfanghong Dividend Low Volatility Index,DFH Dividend Low Volatility,3449.75,3452.98,3438.43,3451.33,5.53,0.16,6072.4,685.79,100.0,8.57
2026-01-12,931446,中证东方红红利低波动指数,东证红利低波,CSI Dongfanghong Dividend Low Volatility Index,DFH Dividend Low Volatility,3444.04,3460.78,3435.87,3459.33,8.01,0.23,6869.34,723.13,100.0,8.58
2026-01-13,931446,中证东方红红利低波动指数,东证红利低波,CSI Dongfanghong Dividend Low Volatility Index,DFH Dividend Low Volatility,3461.41,3481.37,3455.67,3461.65,2.31,0.07,7303.13,741.05,100.0,8.62
2026-01-14,931446,中证东方红红利低波动指数,东证红利低波,CSI Dongfanghong Dividend Low Volatility Index,DFH Dividend Low Volatility,3459.4,3466.03,3421.73,3423.35,-38.29,-1.11,9157.43,945.96,100.0,8.49
2026-01-15,931446,中证东方红红利低波动指数,东证红利低波,CSI Dongfanghong Dividend Low Volatility Index,DFH Dividend Low Volatility,3419.92,3431.67,3406.08,3410.55,-12.8,-0.37,6038.5,628.82,100.0,8.43
2026-01-16,931446,中证东方红红利低波动指数,东证红利低波,CSI Dongfanghong Dividend Low Volatility Index,DFH Dividend Low Volatility,3416.4,3420.05,3376.91,3383.47,-27.08,-0.79,7513.1,789.73,100.0,8.33
2026-01-19,931446,中证东方红红利低波动指数,东证红利低波,CSI Dongfanghong Dividend Low Volatility Index,DFH Dividend Low Volatility,3378.26,3398.95,3375.3,3394.55,11.08,0.33,5910.62,573.93,100.0,8.3
2026-01-20,931446,中证东方红红利低波动指数,东证红利低波,CSI Dongfanghong Dividend Low Volatility Index,DFH Dividend Low Volatility,3395.99,3444.34,3393.25,3443.28,48.74,1.43,7102.67,673.17,100.0,8.37
2026-01-21,931446,中证东方红红利低波动指数,东证红利低波,CSI Dongfanghong Dividend Low Volatility Index,DFH Dividend Low Volatility,3439.62,3443.88,3409.49,3414.44,-28.84,-0.84,7307.53,710.94,100.0,8.23
2026-01-22,931446,中证东方红红利低波动指数,东证红利低波,CSI Dongfanghong Dividend Low Volatility Index,DFH Dividend Low Volatility,3416.5,3443.02,3414.05,3428.33,13.89,0.41,7485.31,758.23,100.0,8.19
2026-01-23,931446,中证东方红红利低波动指数,东证红利低波,CSI Dongfanghong Dividend Low Volatility Index,DFH Dividend Low Volatility,3430.69,3433.32,3408.61,3416.07,-12.25,-0.36,7590.83,803.34,100.0,8.12
2026-01-26,931446,中证东方红红利低波动指数,东证红利低波,CSI Dongfanghong Dividend Low Volatility Index,DFH Dividend Low Volatility,3414.83,3441.53,3404.99,3429.31,13.24,0.39,9600.61,1006.84,100.0,8.18
2026-01-27,931446,中证东方红红利低波动指数,东证红利低波,CSI Dongfanghong Dividend Low Volatility Index,DFH Dividend Low Volatility,3426.08,3432.64,3410.65,3412.31,-17.0,-0.5,8034.73,791.23,100.0,8.16
2026-01-28,931446,中证东方红红利低波动指数,东证红利低波,CSI Dongfanghong Dividend Low Volatility Index,DFH Dividend Low Volatility,3414.77,3455.95,3411.86,3430.12,17.81,0.52,10820.4,1069.65,100.0,8.14
2026-01-29,931446,中证东方红红利低波动指数,东证红利低波,CSI Dongfanghong Dividend Low Volatility Index,DFH Dividend Low Volatility,3435.61,3486.54,3425.13,3484.59,54.47,1.59,11669.4,1200.08,100.0,8.22
2026-01-30,931446,中证东方红红利低波动指数,东证红利低波,CSI Dongfanghong Dividend Low Volatility Index,DFH Dividend Low Volatility,3479.14,3499.09,3454.01,3468.38,-16.21,-0.46,9125.22,922.15,100.0,8.2
2026-02-02,931446,中证东方红红利低波动指数,东证红利低波,CSI Dongfanghong Dividend Low Volatility Index,DFH Dividend Low Volatility,3461.75,3483.39,3418.73,3421.42,-46.96,-1.35,9638.76,912.62,100.0,8.18
2026-02-03,931446,中证东方红红利低波动指数,东证红利低波,CSI Dongfanghong Dividend Low Volatility Index,DFH Dividend Low Volatility,3432.78,3435.23,3402.37,3422.96,1.54,0.04,7546.06,691.71,100.0,8.1
2026-02-04,931446,中证东方红红利低波动指数,东证红利低波,CSI Dongfanghong Dividend Low Volatility Index,DFH Dividend Low Volatility,3422.28,3476.79,3421.64,3474.4,51.45,1.5,7800.59,713.75,100.0,8.23
2026-02-05,931446,中证东方红红利低波动指数,东证红利低波,CSI Dongfanghong Dividend Low Volatility Index,DFH Dividend Low Volatility,3472.44,3502.56,3465.33,3494.05,19.65,0.56,7445.16,686.48,100.0,8.28
2026-02-06,931446,中证东方红红利低波动指数,东证红利低波,CSI Dongfanghong Dividend Low Volatility Index,DFH Dividend Low Volatility,3486.34,3509.86,3473.92,3485.87,-8.18,-0.23,6461.39,577.05,100.0,8.24
2026-02-09,931446,中证东方红红利低波动指数,东证红利低波,CSI Dongfanghong Dividend Low Volatility Index,DFH Dividend Low Volatility,3495.26,3513.78,3490.23,3510.41,24.54,0.7,5437.84,526.76,100.0,8.29
2026-02-10,931446,中证东方红红利低波动指数,东证红利低波,CSI Dongfanghong Dividend Low Volatility Index,DFH Dividend Low Volatility,3512.8,3521.81,3501.16,3518.18,7.77,0.22,5122.8,480.96,100.0,8.3
2026-02-11,931446,中证东方红红利低波动指数,东证红利低波,CSI Dongfanghong Dividend Low Volatility Index,DFH Dividend Low Volatility,3518.68,3532.35,3507.76,3527.54,9.36,0.27,4670.38,456.55,100.0,8.32
2026-02-12,931446,中证东方红红利低波动指数,东证红利低波,CSI Dongfanghong Dividend Low Volatility Index,DFH Dividend Low Volatility,3527.18,3527.59,3492.46,3494.07,-33.46,-0.95,5910.52,539.65,100.0,8.21
2026-02-13,931446,中证东方红红利低波动指数,东证红利低波,CSI Dongfanghong Dividend Low Volatility Index,DFH Dividend Low Volatility,3495.62,3497.23,3455.23,3457.16,-36.92,-1.06,5474.72,507.91,100.0,8.12
2026-02-24,931446,中证东方红红利低波动指数,东证红利低波,CSI Dongfanghong Dividend Low Volatility Index,DFH Dividend Low Volatility,3475.12,3486.99,3468.79,3475.63,18.47,0.53,5320.21,520.7,100.0,8.13
2026-02-25,931446,中证东方红红利低波动指数,东证红利低波,CSI Dongfanghong Dividend Low Volatility Index,DFH Dividend Low Volatility,3480.84,3509.01,3470.07,3474.36,-1.27,-0.04,7677.41,650.34,100.0,8.12
2026-02-26,931446,中证东方红红利低波动指数,东证红利低波,CSI Dongfanghong Dividend Low Volatility Index,DFH Dividend Low Volatility,3475.98,3493.04,3456.17,3467.26,-7.1,-0.2,5643.03,562.8,100.0,8.06
2026-02-27,931446,中证东方红红利低波动指数,东证红利低波,CSI Dongfanghong Dividend Low Volatility Index,DFH Dividend Low Volatility,3467.01,3491.06,3465.58,3482.0,14.74,0.43,5789.62,528.73,100.0,8.06
2026-03-02,931446,中证东方红红利低波动指数,东证红利低波,CSI Dongfanghong Dividend Low Volatility Index,DFH Dividend Low Volatility,3473.24,3508.7,3456.93,3504.79,22.79,0.65,9440.58,848.04,100.0,8.15
2026-03-03,931446,中证东方红红利低波动指数,东证红利低波,CSI Dongfanghong Dividend Low Volatility Index,DFH Dividend Low Volatility,3505.53,3546.71,3495.62,3512.31,7.52,0.21,12272.38,1083.67,100.0,8.3
2026-03-04,931446,中证东方红红利低波动指数,东证红利低波,CSI Dongfanghong Dividend Low Volatility Index,DFH Dividend Low Volatility,3494.36,3494.36,3449.33,3465.58,-46.74,-1.33,10818.06,952.06,100.0,8.2
2026-03-05,931446,中证东方红红利低波动指数,东证红利低波,CSI Dongfanghong Dividend Low Volatility Index,DFH Dividend Low Volatility,3474.96,3487.43,3458.89,3476.88,11.31,0.33,7231.53,646.42,100.0,8.23
2026-03-06,931446,中证东方红红利低波动指数,东证红利低波,CSI Dongfanghong Dividend Low Volatility Index,DFH Dividend Low Volatility,3467.98,3509.65,3466.0,3506.16,29.27,0.84,6037.4,533.03,100.0,8.25
2026-03-09,931446,中证东方红红利低波动指数,东证红利低波,CSI Dongfanghong Dividend Low Volatility Index,DFH Dividend Low Volatility,3503.18,3509.27,3482.5,3486.48,-19.68,-0.56,8524.91,820.07,100.0,8.23
2026-03-10,931446,中证东方红红利低波动指数,东证红利低波,CSI Dongfanghong Dividend Low Volatility Index,DFH Dividend Low Volatility,3482.64,3495.52,3471.17,3494.03,7.55,0.22,6317.96,562.07,100.0,8.2
2026-03-11,931446,中证东方红红利低波动指数,东证红利低波,CSI Dongfanghong Dividend Low Volatility Index,DFH Dividend Low Volatility,3494.0,3537.36,3472.35,3534.72,40.69,1.16,7064.6,610.75,100.0,8.28
2026-03-12,931446,中证东方红红利低波动指数,东证红利低波,CSI Dongfanghong Dividend Low Volatility Index,DFH Dividend Low Volatility,3533.48,3562.13,3522.23,3556.2,21.48,0.61,7525.39,652.13,100.0,8.32
2026-03-13,931446,中证东方红红利低波动指数,东证红利低波,CSI Dongfanghong Dividend Low Volatility Index,DFH Dividend Low Volatility,3552.97,3580.06,3541.43,3553.08,-3.12,-0.09,7737.3,680.58,100.0,8.31
2026-03-16,931446,中证东方红红利低波动指数,东证红利低波,CSI Dongfanghong Dividend Low Volatility Index,DFH Dividend Low Volatility,3553.13,3566.51,3534.09,3550.97,-2.11,-0.06,6520.27,602.19,100.0,8.32
2026-03-17,931446,中证东方红红利低波动指数,东证红利低波,CSI Dongfanghong Dividend Low Volatility Index,DFH Dividend Low Volatility,3548.31,3578.53,3546.87,3553.2,2.23,0.06,6867.89,632.21,100.0,8.39
2026-03-18,931446,中证东方红红利低波动指数,东证红利低波,CSI Dongfanghong Dividend Low Volatility Index,DFH Dividend Low Volatility,3552.86,3553.24,3518.32,3539.51,-13.7,-0.39,6493.28,551.74,100.0,8.36
2026-03-19,931446,中证东方红红利低波动指数,东证红利低波,CSI Dongfanghong Dividend Low Volatility Index,DFH Dividend Low Volatility,3527.73,3549.77,3507.16,3515.26,-24.24,-0.68,6716.82,613.67,100.0,8.38
2026-03-20,931446,中证东方红红利低波动指数,东证红利低波,CSI Dongfanghong Dividend Low Volatility Index,DFH Dividend Low Volatility,3515.77,3534.49,3494.2,3494.96,-20.3,-0.58,6631.64,584.4,100.0,8.33
2026-03-23,931446,中证东方红红利低波动指数,东证红利低波,CSI Dongfanghong Dividend Low Volatility Index,DFH Dividend Low Volatility,3469.01,3469.01,3349.46,3361.77,-133.19,-3.81,10491.04,905.74,100.0,8.1
2026-03-24,931446,中证东方红红利低波动指数,东证红利低波,CSI Dongfanghong Dividend Low Volatility Index,DFH Dividend Low Volatility,3391.11,3437.05,3381.1,3437.05,75.28,2.24,7037.76,595.91,100.0,8.21
2026-03-25,931446,中证东方红红利低波动指数,东证红利低波,CSI Dongfanghong Dividend Low Volatility Index,DFH Dividend Low Volatility,3440.12,3485.39,3418.86,3482.55,45.5,1.32,7000.27,587.57,100.0,8.26
2026-03-26,931446,中证东方红红利低波动指数,东证红利低波,CSI Dongfanghong Dividend Low Volatility Index,DFH Dividend Low Volatility,3476.64,3499.24,3474.63,3483.33,0.78,0.02,6173.32,542.72,100.0,8.26
2026-03-27,931446,中证东方红红利低波动指数,东证红利低波,CSI Dongfanghong Dividend Low Volatility Index,DFH Dividend Low Volatility,3466.1,3487.85,3448.45,3466.61,-16.72,-0.48,5665.99,482.29,100.0,8.23
2026-03-30,931446,中证东方红红利低波动指数,东证红利低波,CSI Dongfanghong Dividend Low Volatility Index,DFH Dividend Low Volatility,3445.64,3478.19,3440.52,3473.28,6.66,0.19,5950.93,516.46,100.0,8.27
2026-03-31,931446,中证东方红红利低波动指数,东证红利低波,CSI Dongfanghong Dividend Low Volatility Index,DFH Dividend Low Volatility,3473.26,3504.91,3472.1,3472.1,-1.17,-0.03,7682.09,631.06,100.0,8.33
2026-04-01,931446,中证东方红红利低波动指数,东证红利低波,CSI Dongfanghong Dividend Low Volatility Index,DFH Dividend Low Volatility,3489.2,3491.45,3466.61,3473.47,1.36,0.04,6361.73,551.36,100.0,8.34
2026-04-02,931446,中证东方红红利低波动指数,东证红利低波,CSI Dongfanghong Dividend Low Volatility Index,DFH Dividend Low Volatility,3472.43,3484.05,3460.25,3476.04,2.58,0.07,5496.89,468.56,100.0,8.4
2026-04-03,931446,中证东方红红利低波动指数,东证红利低波,CSI Dongfanghong Dividend Low Volatility Index,DFH Dividend Low Volatility,3476.06,3476.91,3422.93,3430.5,-45.55,-1.31,4855.8,401.97,100.0,8.3
2026-04-07,931446,中证东方红红利低波动指数,东证红利低波,CSI Dongfanghong Dividend Low Volatility Index,DFH Dividend Low Volatility,3430.14,3430.84,3401.02,3411.53,-18.96,-0.55,4637.93,409.63,100.0,8.23
2026-04-08,931446,中证东方红红利低波动指数,东证红利低波,CSI Dongfanghong Dividend Low Volatility Index,DFH Dividend Low Volatility,3429.97,3462.35,3424.09,3462.35,50.82,1.49,6346.72,592.73,100.0,8.26
2026-04-09,931446,中证东方红红利低波动指数,东证红利低波,CSI Dongfanghong Dividend Low Volatility Index,DFH Dividend Low Volatility,3449.93,3460.36,3426.72,3428.53,-33.82,-0.98,4528.32,419.26,100.0,8.2
2026-04-10,931446,中证东方红红利低波动指数,东证红利低波,CSI Dongfanghong Dividend Low Volatility Index,DFH Dividend Low Volatility,3438.2,3452.52,3432.84,3435.38,6.85,0.2,4823.95,458.11,100.0,8.2
2026-04-13,931446,中证东方红红利低波动指数,东证红利低波,CSI Dongfanghong Dividend Low Volatility Index,DFH Dividend Low Volatility,3429.63,3429.78,3410.72,3421.2,-14.18,-0.41,4442.35,428.94,100.0,8.21
2026-04-14,931446,中证东方红红利低波动指数,东证红利低波,CSI Dongfanghong Dividend Low Volatility Index,DFH Dividend Low Volatility,3425.32,3430.72,3411.36,3430.05,8.84,0.26,4374.71,422.27,100.0,8.26
2026-04-15,931446,中证东方红红利低波动指数,东证红利低波,CSI Dongfanghong Dividend Low Volatility Index,DFH Dividend Low Volatility,3432.6,3457.86,3429.57,3454.81,24.76,0.72,5080.19,485.04,100.0,8.33
2026-04-16,931446,中证东方红红利低波动指数,东证红利低波,CSI Dongfanghong Dividend Low Volatility Index,DFH Dividend Low Volatility,3456.83,3467.56,3444.29,3455.38,0.58,0.02,4993.07,461.78,100.0,8.32
2026-04-17,931446,中证东方红红利低波动指数,东证红利低波,CSI Dongfanghong Dividend Low Volatility Index,DFH Dividend Low Volatility,3450.67,3453.84,3437.65,3440.34,-15.04,-0.43,4692.61,433.3,100.0,8.28
2026-04-20,931446,中证东方红红利低波动指数,东证红利低波,CSI Dongfanghong Dividend Low Volatility Index,DFH Dividend Low Volatility,3438.7,3452.1,3430.91,3449.46,9.12,0.27,5360.96,501.45,100.0,8.36
2026-04-21,931446,中证东方红红利低波动指数,东证红利低波,CSI Dongfanghong Dividend Low Volatility Index,DFH Dividend Low Volatility,3449.17,3474.53,3448.89,3469.63,20.16,0.58,5169.65,489.26,100.0,8.39
2026-04-22,931446,中证东方红红利低波动指数,东证红利低波,CSI Dongfanghong Dividend Low Volatility Index,DFH Dividend Low Volatility,3466.66,3480.8,3464.19,3470.05,0.42,0.01,4829.49,462.08,100.0,8.33
2026-04-23,931446,中证东方红红利低波动指数,东证红利低波,CSI Dongfanghong Dividend Low Volatility Index,DFH Dividend Low Volatility,3474.27,3496.96,3471.31,3494.05,24.0,0.69,5856.45,556.46,100.0,8.35
2026-04-24,931446,中证东方红红利低波动指数,东证红利低波,CSI Dongfanghong Dividend Low Volatility Index,DFH Dividend Low Volatility,3487.72,3490.37,3465.06,3475.81,-18.24,-0.52,4967.0,474.19,100.0,8.33
2026-04-27,931446,中证东方红红利低波动指数,东证红利低波,CSI Dongfanghong Dividend Low Volatility Index,DFH Dividend Low Volatility,3467.46,3480.24,3449.38,3450.48,-25.34,-0.73,5148.55,512.57,100.0,8.26
2026-04-28,931446,中证东方红红利低波动指数,东证红利低波,CSI Dongfanghong Dividend Low Volatility Index,DFH Dividend Low Volatility,3445.64,3473.89,3445.64,3473.32,22.85,0.66,5739.99,556.43,100.0,8.32
2026-04-29,931446,中证东方红红利低波动指数,东证红利低波,CSI Dongfanghong Dividend Low Volatility Index,DFH Dividend Low Volatility,3473.8,3492.0,3460.78,3481.42,8.09,0.23,7044.83,794.87,100.0,8.31
2026-04-30,931446,中证东方红红利低波动指数,东证红利低波,CSI Dongfanghong Dividend Low Volatility Index,DFH Dividend Low Volatility,3477.7,3488.34,3450.55,3460.18,-21.23,-0.61,7706.98,786.43,100.0,8.29
2026-05-06,931446,中证东方红红利低波动指数,东证红利低波,CSI Dongfanghong Dividend Low Volatility Index,DFH Dividend Low Volatility,3460.03,3460.03,3435.09,3454.53,-5.66,-0.16,7339.51,728.34,100.0,8.22
2026-05-07,931446,中证东方红红利低波动指数,东证红利低波,CSI Dongfanghong Dividend Low Volatility Index,DFH Dividend Low Volatility,3454.37,3461.43,3442.74,3445.7,-8.83,-0.26,5851.16,602.09,100.0,8.19
2026-05-08,931446,中证东方红红利低波动指数,东证红利低波,CSI Dongfanghong Dividend Low Volatility Index,DFH Dividend Low Volatility,3444.15,3464.1,3435.39,3444.99,-0.7,-0.02,5318.37,500.69,100.0,8.2
2026-05-11,931446,中证东方红红利低波动指数,东证红利低波,CSI Dongfanghong Dividend Low Volatility Index,DFH Dividend Low Volatility,3441.1,3450.96,3421.67,3445.98,0.99,0.03,6856.84,662.51,100.0,8.2
2026-05-12,931446,中证东方红红利低波动指数,东证红利低波,CSI Dongfanghong Dividend Low Volatility Index,DFH Dividend Low Volatility,3445.42,3462.67,3441.2,3446.21,0.23,0.01,6371.0,600.18,100.0,8.19
2026-05-13,931446,中证东方红红利低波动指数,东证红利低波,CSI Dongfanghong Dividend Low Volatility Index,DFH Dividend Low Volatility,3444.56,3452.37,3433.55,3445.01,-1.21,-0.03,5827.2,583.8,100.0,8.12
2026-05-14,931446,中证东方红红利低波动指数,东证红利低波,CSI Dongfanghong Dividend Low Volatility Index,DFH Dividend Low Volatility,3445.91,3453.2,3428.38,3428.38,-16.63,-0.48,6369.38,607.73,100.0,8.13
2026-05-15,931446,中证东方红红利低波动指数,东证红利低波,CSI Dongfanghong Dividend Low Volatility Index,DFH Dividend Low Volatility,3426.95,3428.06,3382.71,3395.44,-32.94,-0.96,6578.71,627.69,100.0,8.08
2026-05-18,931446,中证东方红红利低波动指数,东证红利低波,CSI Dongfanghong Dividend Low Volatility Index,DFH Dividend Low Volatility,3390.15,3392.73,3361.66,3374.49,-20.95,-0.62,5595.05,542.63,100.0,8.03
2026-05-19,931446,中证东方红红利低波动指数,东证红利低波,CSI Dongfanghong Dividend Low Volatility Index,DFH Dividend Low Volatility,3372.75,3410.16,3372.3,3408.21,33.72,1.0,5749.69,576.4,100.0,8.08
2026-05-20,931446,中证东方红红利低波动指数,东证红利低波,CSI Dongfanghong Dividend Low Volatility Index,DFH Dividend Low Volatility,3402.86,3402.86,3376.83,3380.91,-27.3,-0.8,5256.6,496.82,100.0,7.98
2026-05-21,931446,中证东方红红利低波动指数,东证红利低波,CSI Dongfanghong Dividend Low Volatility Index,DFH Dividend Low Volatility,3380.67,3401.47,3360.99,3360.99,-19.92,-0.59,6313.12,613.84,100.0,7.97
2026-05-22,931446,中证东方红红利低波动指数,东证红利低波,CSI Dongfanghong Dividend Low Volatility Index,DFH Dividend Low Volatility,3365.2,3365.8,3340.77,3354.03,-6.97,-0.21,5363.79,503.63,100.0,7.96
2026-05-25,931446,中证东方红红利低波动指数,东证红利低波,CSI Dongfanghong Dividend Low Volatility Index,DFH Dividend Low Volatility,3351.55,3366.69,3344.3,3358.71,4.68,0.14,4622.99,466.07,100.0,7.97
2026-05-26,931446,中证东方红红利低波动指数,东证红利低波,CSI Dongfanghong Dividend Low Volatility Index,DFH Dividend Low Volatility,3351.58,3367.24,3345.2,3361.13,2.42,0.07,5482.28,544.31,100.0,7.98
2026-05-27,931446,中证东方红红利低波动指数,东证红利低波,CSI Dongfanghong Dividend Low Volatility Index,DFH Dividend Low Volatility,3354.84,3367.06,3321.8,3336.57,-24.56,-0.73,5808.57,561.07,100.0,7.94
2026-05-28,931446,中证东方红红利低波动指数,东证红利低波,CSI Dongfanghong Dividend Low Volatility Index,DFH Dividend Low Volatility,3330.79,3348.93,3311.01,3315.71,-20.85,-0.62,5291.92,530.72,100.0,7.87
2026-05-29,931446,中证东方红红利低波动指数,东证红利低波,CSI Dongfanghong Dividend Low Volatility Index,DFH Dividend Low Volatility,3313.25,3381.21,3310.82,3372.0,56.29,1.7,7764.51,767.68,100.0,8.0
2026-06-01,931446,中证东方红红利低波动指数,东证红利低波,CSI Dongfanghong Dividend Low Volatility Index,DFH Dividend Low Volatility,3369.67,3411.3,3349.66,3411.05,39.05,1.16,7395.99,692.29,100.0,8.11
2026-06-02,931446,中证东方红红利低波动指数,东证红利低波,CSI Dongfanghong Dividend Low Volatility Index,DFH Dividend Low Volatility,3404.6,3438.34,3396.7,3405.81,-5.25,-0.15,6868.99,663.0,100.0,8.12
