日期,指数代码,指数中文全称,指数中文简称,指数英文全称,指数英文简称,开盘,最高,最低,收盘,涨跌,涨跌幅,成交量,成交金额,样本数量,滚动市盈率
2020-04-24,931446,中证东方红红利低波动指数,东证红利低波,CSI Dongfanghong Dividend Low Volatility Index,DFH Dividend Low Volatility,1960.73,1961.45,1943.24,1947.19,-12.94,-0.66,2461.18,305.43,100.0,7.96
2020-04-27,931446,中证东方红红利低波动指数,东证红利低波,CSI Dongfanghong Dividend Low Volatility Index,DFH Dividend Low Volatility,1950.16,1969.77,1948.16,1957.88,10.69,0.55,3119.01,342.14,100.0,8.02
2020-04-28,931446,中证东方红红利低波动指数,东证红利低波,CSI Dongfanghong Dividend Low Volatility Index,DFH Dividend Low Volatility,1959.74,1960.17,1913.52,1945.49,-12.39,-0.63,3307.0,400.99,100.0,8.04
2020-04-29,931446,中证东方红红利低波动指数,东证红利低波,CSI Dongfanghong Dividend Low Volatility Index,DFH Dividend Low Volatility,1945.41,1966.29,1945.21,1966.29,20.8,1.07,3197.85,436.05,100.0,8.14
2020-04-30,931446,中证东方红红利低波动指数,东证红利低波,CSI Dongfanghong Dividend Low Volatility Index,DFH Dividend Low Volatility,1965.77,1984.62,1965.72,1982.09,15.8,0.8,3845.99,441.08,100.0,8.18
2020-05-06,931446,中证东方红红利低波动指数,东证红利低波,CSI Dongfanghong Dividend Low Volatility Index,DFH Dividend Low Volatility,1961.66,1987.31,1960.58,1986.31,4.22,0.21,4141.21,487.55,100.0,8.4
2020-05-07,931446,中证东方红红利低波动指数,东证红利低波,CSI Dongfanghong Dividend Low Volatility Index,DFH Dividend Low Volatility,1981.57,1986.0,1974.78,1984.02,-2.29,-0.11,2960.39,358.92,100.0,8.39
2020-05-08,931446,中证东方红红利低波动指数,东证红利低波,CSI Dongfanghong Dividend Low Volatility Index,DFH Dividend Low Volatility,1991.32,2004.83,1988.42,2001.63,17.62,0.89,3146.47,400.21,100.0,8.45
2020-05-11,931446,中证东方红红利低波动指数,东证红利低波,CSI Dongfanghong Dividend Low Volatility Index,DFH Dividend Low Volatility,2005.61,2012.5,1993.8,1999.87,-1.76,-0.09,3129.81,402.3,100.0,8.46
2020-05-12,931446,中证东方红红利低波动指数,东证红利低波,CSI Dongfanghong Dividend Low Volatility Index,DFH Dividend Low Volatility,2000.48,2001.27,1983.61,1991.86,-8.01,-0.4,2510.47,315.86,100.0,8.43
2020-05-13,931446,中证东方红红利低波动指数,东证红利低波,CSI Dongfanghong Dividend Low Volatility Index,DFH Dividend Low Volatility,1988.18,2002.3,1979.5,2001.18,9.32,0.47,2490.38,307.35,100.0,8.44
2020-05-14,931446,中证东方红红利低波动指数,东证红利低波,CSI Dongfanghong Dividend Low Volatility Index,DFH Dividend Low Volatility,1995.26,1995.26,1977.71,1978.46,-22.72,-1.14,2508.11,313.22,100.0,8.36
2020-05-15,931446,中证东方红红利低波动指数,东证红利低波,CSI Dongfanghong Dividend Low Volatility Index,DFH Dividend Low Volatility,1984.72,1987.34,1971.69,1974.92,-3.54,-0.18,2623.18,312.07,100.0,8.34
2020-05-18,931446,中证东方红红利低波动指数,东证红利低波,CSI Dongfanghong Dividend Low Volatility Index,DFH Dividend Low Volatility,1979.2,1990.05,1968.82,1980.87,5.95,0.3,3024.1,351.9,100.0,8.36
2020-05-19,931446,中证东方红红利低波动指数,东证红利低波,CSI Dongfanghong Dividend Low Volatility Index,DFH Dividend Low Volatility,1993.21,1997.41,1987.76,1992.66,11.79,0.6,2636.74,319.58,100.0,8.42
2020-05-20,931446,中证东方红红利低波动指数,东证红利低波,CSI Dongfanghong Dividend Low Volatility Index,DFH Dividend Low Volatility,1991.12,1991.12,1979.76,1982.63,-10.03,-0.5,2568.62,303.65,100.0,8.41
2020-05-21,931446,中证东方红红利低波动指数,东证红利低波,CSI Dongfanghong Dividend Low Volatility Index,DFH Dividend Low Volatility,1987.18,1988.49,1969.19,1971.26,-11.37,-0.57,2511.16,297.58,100.0,8.37
2020-05-22,931446,中证东方红红利低波动指数,东证红利低波,CSI Dongfanghong Dividend Low Volatility Index,DFH Dividend Low Volatility,1970.79,1970.79,1935.14,1936.83,-34.43,-1.75,2974.45,374.66,100.0,8.21
2020-05-25,931446,中证东方红红利低波动指数,东证红利低波,CSI Dongfanghong Dividend Low Volatility Index,DFH Dividend Low Volatility,1939.4,1946.43,1930.87,1946.37,9.54,0.49,2165.63,284.56,100.0,8.25
2020-05-26,931446,中证东方红红利低波动指数,东证红利低波,CSI Dongfanghong Dividend Low Volatility Index,DFH Dividend Low Volatility,1952.31,1965.24,1949.86,1964.12,17.75,0.91,2222.92,270.59,100.0,8.29
2020-05-27,931446,中证东方红红利低波动指数,东证红利低波,CSI Dongfanghong Dividend Low Volatility Index,DFH Dividend Low Volatility,1965.19,1973.45,1958.94,1967.15,3.03,0.15,2509.86,285.7,100.0,8.3
2020-05-28,931446,中证东方红红利低波动指数,东证红利低波,CSI Dongfanghong Dividend Low Volatility Index,DFH Dividend Low Volatility,1968.82,1980.18,1954.43,1969.92,2.77,0.14,2642.11,318.98,100.0,8.36
2020-05-29,931446,中证东方红红利低波动指数,东证红利低波,CSI Dongfanghong Dividend Low Volatility Index,DFH Dividend Low Volatility,1965.23,1970.39,1959.87,1967.72,-2.19,-0.11,2896.5,310.74,100.0,8.33
2020-06-01,931446,中证东方红红利低波动指数,东证红利低波,CSI Dongfanghong Dividend Low Volatility Index,DFH Dividend Low Volatility,1974.88,2003.85,1974.88,2003.13,35.4,1.8,3300.88,432.93,100.0,8.47
2020-06-02,931446,中证东方红红利低波动指数,东证红利低波,CSI Dongfanghong Dividend Low Volatility Index,DFH Dividend Low Volatility,2002.14,2005.34,1995.34,2005.32,2.19,0.11,3408.59,430.98,100.0,8.51
2020-06-03,931446,中证东方红红利低波动指数,东证红利低波,CSI Dongfanghong Dividend Low Volatility Index,DFH Dividend Low Volatility,2008.85,2015.79,2000.63,2002.59,-2.73,-0.14,3596.1,466.07,100.0,8.52
2020-06-04,931446,中证东方红红利低波动指数,东证红利低波,CSI Dongfanghong Dividend Low Volatility Index,DFH Dividend Low Volatility,2008.54,2008.82,1994.98,2002.2,-0.39,-0.02,2606.09,325.37,100.0,8.5
2020-06-05,931446,中证东方红红利低波动指数,东证红利低波,CSI Dongfanghong Dividend Low Volatility Index,DFH Dividend Low Volatility,2002.67,2003.01,1987.0,1997.52,-4.68,-0.23,2366.29,320.21,100.0,8.51
2020-06-08,931446,中证东方红红利低波动指数,东证红利低波,CSI Dongfanghong Dividend Low Volatility Index,DFH Dividend Low Volatility,2005.32,2011.62,2003.75,2006.58,9.06,0.45,3729.48,499.26,100.0,8.57
2020-06-09,931446,中证东方红红利低波动指数,东证红利低波,CSI Dongfanghong Dividend Low Volatility Index,DFH Dividend Low Volatility,2008.39,2020.36,2004.56,2020.36,13.78,0.69,3065.49,393.12,100.0,8.61
2020-06-10,931446,中证东方红红利低波动指数,东证红利低波,CSI Dongfanghong Dividend Low Volatility Index,DFH Dividend Low Volatility,2018.74,2018.81,2007.65,2013.04,-7.32,-0.36,2774.05,345.75,100.0,8.56
2020-06-11,931446,中证东方红红利低波动指数,东证红利低波,CSI Dongfanghong Dividend Low Volatility Index,DFH Dividend Low Volatility,2012.84,2014.06,1989.04,1993.46,-19.58,-0.97,3366.47,430.43,100.0,8.43
2020-06-12,931446,中证东方红红利低波动指数,东证红利低波,CSI Dongfanghong Dividend Low Volatility Index,DFH Dividend Low Volatility,1964.44,1994.89,1961.66,1990.5,-2.97,-0.15,3670.94,411.99,100.0,8.42
2020-06-15,931446,中证东方红红利低波动指数,东证红利低波,CSI Dongfanghong Dividend Low Volatility Index,DFH Dividend Low Volatility,1980.49,1991.86,1973.68,1973.68,-16.81,-0.84,3717.66,514.57,100.0,9.23
2020-06-16,931446,中证东方红红利低波动指数,东证红利低波,CSI Dongfanghong Dividend Low Volatility Index,DFH Dividend Low Volatility,1985.64,1994.73,1981.83,1993.94,20.25,1.03,2974.78,413.59,100.0,9.33
2020-06-17,931446,中证东方红红利低波动指数,东证红利低波,CSI Dongfanghong Dividend Low Volatility Index,DFH Dividend Low Volatility,1994.11,1999.73,1989.0,1998.46,4.52,0.23,2797.29,392.17,100.0,9.32
2020-06-18,931446,中证东方红红利低波动指数,东证红利低波,CSI Dongfanghong Dividend Low Volatility Index,DFH Dividend Low Volatility,1997.15,2009.93,1991.81,2008.3,9.84,0.49,4329.75,503.89,100.0,9.34
2020-06-19,931446,中证东方红红利低波动指数,东证红利低波,CSI Dongfanghong Dividend Low Volatility Index,DFH Dividend Low Volatility,2006.16,2021.22,2004.79,2016.85,8.55,0.43,4698.98,678.95,100.0,9.43
2020-06-22,931446,中证东方红红利低波动指数,东证红利低波,CSI Dongfanghong Dividend Low Volatility Index,DFH Dividend Low Volatility,2013.46,2019.88,2005.62,2008.09,-8.76,-0.43,4775.98,623.53,100.0,9.4
2020-06-23,931446,中证东方红红利低波动指数,东证红利低波,CSI Dongfanghong Dividend Low Volatility Index,DFH Dividend Low Volatility,2006.36,2008.83,1999.52,2005.3,-2.8,-0.14,3575.01,535.18,100.0,9.41
2020-06-24,931446,中证东方红红利低波动指数,东证红利低波,CSI Dongfanghong Dividend Low Volatility Index,DFH Dividend Low Volatility,2003.83,2011.56,2002.83,2009.02,3.72,0.19,3638.03,511.04,100.0,9.46
2020-06-29,931446,中证东方红红利低波动指数,东证红利低波,CSI Dongfanghong Dividend Low Volatility Index,DFH Dividend Low Volatility,2006.75,2009.5,1993.0,1998.13,-10.89,-0.54,4141.64,562.66,100.0,9.42
2020-06-30,931446,中证东方红红利低波动指数,东证红利低波,CSI Dongfanghong Dividend Low Volatility Index,DFH Dividend Low Volatility,2002.78,2013.4,2002.41,2008.04,9.9,0.5,3698.05,505.67,100.0,9.41
2020-07-01,931446,中证东方红红利低波动指数,东证红利低波,CSI Dongfanghong Dividend Low Volatility Index,DFH Dividend Low Volatility,2011.18,2043.9,2009.09,2043.53,35.49,1.77,5585.86,775.89,100.0,9.61
2020-07-02,931446,中证东方红红利低波动指数,东证红利低波,CSI Dongfanghong Dividend Low Volatility Index,DFH Dividend Low Volatility,2038.2,2087.55,2037.32,2086.75,43.22,2.11,8218.43,1136.62,100.0,9.86
2020-07-03,931446,中证东方红红利低波动指数,东证红利低波,CSI Dongfanghong Dividend Low Volatility Index,DFH Dividend Low Volatility,2095.5,2126.97,2095.39,2126.9,40.15,1.92,9402.16,1312.18,100.0,10.07
2020-07-06,931446,中证东方红红利低波动指数,东证红利低波,CSI Dongfanghong Dividend Low Volatility Index,DFH Dividend Low Volatility,2153.03,2254.67,2153.03,2252.07,125.18,5.88,14817.41,1932.47,100.0,10.73
2020-07-07,931446,中证东方红红利低波动指数,东证红利低波,CSI Dongfanghong Dividend Low Volatility Index,DFH Dividend Low Volatility,2285.81,2304.09,2245.78,2245.78,-6.3,-0.28,14184.89,1922.01,100.0,10.78
2020-07-08,931446,中证东方红红利低波动指数,东证红利低波,CSI Dongfanghong Dividend Low Volatility Index,DFH Dividend Low Volatility,2241.09,2284.13,2228.15,2272.23,26.45,1.18,11716.88,1600.03,100.0,10.88
2020-07-09,931446,中证东方红红利低波动指数,东证红利低波,CSI Dongfanghong Dividend Low Volatility Index,DFH Dividend Low Volatility,2270.54,2295.48,2259.6,2295.48,23.25,1.02,10932.86,1476.85,100.0,10.92
2020-07-10,931446,中证东方红红利低波动指数,东证红利低波,CSI Dongfanghong Dividend Low Volatility Index,DFH Dividend Low Volatility,2277.37,2279.8,2236.51,2242.95,-52.53,-2.29,10146.71,1337.43,100.0,10.6
2020-07-13,931446,中证东方红红利低波动指数,东证红利低波,CSI Dongfanghong Dividend Low Volatility Index,DFH Dividend Low Volatility,2237.7,2294.99,2236.39,2286.05,43.1,1.92,10595.83,1463.28,100.0,10.74
2020-07-14,931446,中证东方红红利低波动指数,东证红利低波,CSI Dongfanghong Dividend Low Volatility Index,DFH Dividend Low Volatility,2281.65,2293.88,2239.93,2270.34,-15.71,-0.69,9032.58,1238.64,100.0,10.63
2020-07-15,931446,中证东方红红利低波动指数,东证红利低波,CSI Dongfanghong Dividend Low Volatility Index,DFH Dividend Low Volatility,2270.31,2275.8,2220.69,2229.88,-40.45,-1.78,8253.19,1186.49,100.0,10.5
2020-07-16,931446,中证东方红红利低波动指数,东证红利低波,CSI Dongfanghong Dividend Low Volatility Index,DFH Dividend Low Volatility,2227.86,2240.86,2154.52,2154.53,-75.35,-3.38,9144.65,1454.56,100.0,10.08
2020-07-17,931446,中证东方红红利低波动指数,东证红利低波,CSI Dongfanghong Dividend Low Volatility Index,DFH Dividend Low Volatility,2156.9,2178.73,2137.74,2157.32,2.79,0.13,6536.62,1017.01,100.0,10.13
2020-07-20,931446,中证东方红红利低波动指数,东证红利低波,CSI Dongfanghong Dividend Low Volatility Index,DFH Dividend Low Volatility,2170.4,2232.89,2170.31,2232.88,75.55,3.5,8339.71,1250.22,100.0,10.39
2020-07-21,931446,中证东方红红利低波动指数,东证红利低波,CSI Dongfanghong Dividend Low Volatility Index,DFH Dividend Low Volatility,2243.14,2245.07,2217.83,2228.66,-4.22,-0.19,6589.74,956.72,100.0,10.39
2020-07-22,931446,中证东方红红利低波动指数,东证红利低波,CSI Dongfanghong Dividend Low Volatility Index,DFH Dividend Low Volatility,2228.6,2260.94,2218.37,2229.98,1.32,0.06,7152.55,1005.51,100.0,10.39
2020-07-23,931446,中证东方红红利低波动指数,东证红利低波,CSI Dongfanghong Dividend Low Volatility Index,DFH Dividend Low Volatility,2211.75,2224.9,2168.35,2208.81,-21.17,-0.95,7176.13,963.67,100.0,10.3
2020-07-24,931446,中证东方红红利低波动指数,东证红利低波,CSI Dongfanghong Dividend Low Volatility Index,DFH Dividend Low Volatility,2201.19,2205.2,2122.17,2128.74,-80.07,-3.62,7604.19,1125.09,100.0,9.96
2020-07-27,931446,中证东方红红利低波动指数,东证红利低波,CSI Dongfanghong Dividend Low Volatility Index,DFH Dividend Low Volatility,2138.37,2146.39,2119.48,2136.16,7.42,0.35,5184.94,722.54,100.0,9.98
2020-07-28,931446,中证东方红红利低波动指数,东证红利低波,CSI Dongfanghong Dividend Low Volatility Index,DFH Dividend Low Volatility,2149.77,2158.43,2133.26,2143.31,7.15,0.33,4578.53,707.95,100.0,10.07
2020-07-29,931446,中证东方红红利低波动指数,东证红利低波,CSI Dongfanghong Dividend Low Volatility Index,DFH Dividend Low Volatility,2138.72,2181.74,2127.68,2181.53,38.22,1.78,5763.92,854.05,100.0,10.23
2020-07-30,931446,中证东方红红利低波动指数,东证红利低波,CSI Dongfanghong Dividend Low Volatility Index,DFH Dividend Low Volatility,2183.47,2191.72,2175.5,2179.02,-2.5,-0.11,4995.56,756.86,100.0,10.17
2020-07-31,931446,中证东方红红利低波动指数,东证红利低波,CSI Dongfanghong Dividend Low Volatility Index,DFH Dividend Low Volatility,2174.82,2202.66,2155.9,2179.99,0.97,0.04,5652.19,814.44,100.0,10.18
2020-08-03,931446,中证东方红红利低波动指数,东证红利低波,CSI Dongfanghong Dividend Low Volatility Index,DFH Dividend Low Volatility,2191.69,2215.49,2191.69,2215.29,35.3,1.62,6201.9,880.55,100.0,10.27
2020-08-04,931446,中证东方红红利低波动指数,东证红利低波,CSI Dongfanghong Dividend Low Volatility Index,DFH Dividend Low Volatility,2220.02,2239.56,2208.71,2229.68,14.39,0.65,7656.61,1058.06,100.0,10.38
2020-08-05,931446,中证东方红红利低波动指数,东证红利低波,CSI Dongfanghong Dividend Low Volatility Index,DFH Dividend Low Volatility,2221.69,2222.89,2196.42,2215.98,-13.71,-0.61,5561.87,766.48,100.0,10.3
2020-08-06,931446,中证东方红红利低波动指数,东证红利低波,CSI Dongfanghong Dividend Low Volatility Index,DFH Dividend Low Volatility,2217.4,2226.7,2190.44,2219.26,3.28,0.15,6583.05,933.2,100.0,10.32
2020-08-07,931446,中证东方红红利低波动指数,东证红利低波,CSI Dongfanghong Dividend Low Volatility Index,DFH Dividend Low Volatility,2213.74,2216.34,2175.7,2198.71,-20.55,-0.93,6302.07,927.72,100.0,10.22
2020-08-10,931446,中证东方红红利低波动指数,东证红利低波,CSI Dongfanghong Dividend Low Volatility Index,DFH Dividend Low Volatility,2193.91,2226.2,2185.14,2217.14,18.44,0.84,6246.38,914.8,100.0,10.32
2020-08-11,931446,中证东方红红利低波动指数,东证红利低波,CSI Dongfanghong Dividend Low Volatility Index,DFH Dividend Low Volatility,2219.65,2235.82,2195.3,2197.54,-19.6,-0.88,6429.67,948.1,100.0,10.27
2020-08-12,931446,中证东方红红利低波动指数,东证红利低波,CSI Dongfanghong Dividend Low Volatility Index,DFH Dividend Low Volatility,2192.18,2201.01,2158.07,2190.54,-7.0,-0.32,6129.07,808.25,100.0,10.24
2020-08-13,931446,中证东方红红利低波动指数,东证红利低波,CSI Dongfanghong Dividend Low Volatility Index,DFH Dividend Low Volatility,2196.6,2203.33,2189.81,2194.61,4.07,0.19,4099.8,557.35,100.0,10.23
2020-08-14,931446,中证东方红红利低波动指数,东证红利低波,CSI Dongfanghong Dividend Low Volatility Index,DFH Dividend Low Volatility,2192.66,2218.09,2181.49,2217.04,22.43,1.02,4380.79,652.9,100.0,10.41
2020-08-17,931446,中证东方红红利低波动指数,东证红利低波,CSI Dongfanghong Dividend Low Volatility Index,DFH Dividend Low Volatility,2226.34,2281.92,2226.34,2271.94,54.91,2.48,9247.76,1292.56,100.0,10.69
2020-08-18,931446,中证东方红红利低波动指数,东证红利低波,CSI Dongfanghong Dividend Low Volatility Index,DFH Dividend Low Volatility,2278.26,2278.92,2262.85,2273.67,1.72,0.08,5832.98,837.89,100.0,10.69
2020-08-19,931446,中证东方红红利低波动指数,东证红利低波,CSI Dongfanghong Dividend Low Volatility Index,DFH Dividend Low Volatility,2272.76,2282.53,2256.28,2257.81,-15.86,-0.7,5824.75,805.87,100.0,10.57
2020-08-20,931446,中证东方红红利低波动指数,东证红利低波,CSI Dongfanghong Dividend Low Volatility Index,DFH Dividend Low Volatility,2245.46,2248.36,2223.64,2229.39,-28.41,-1.26,4945.12,657.35,100.0,10.43
2020-08-21,931446,中证东方红红利低波动指数,东证红利低波,CSI Dongfanghong Dividend Low Volatility Index,DFH Dividend Low Volatility,2238.05,2250.12,2228.32,2242.58,13.19,0.59,3958.58,556.56,100.0,10.49
2020-08-24,931446,中证东方红红利低波动指数,东证红利低波,CSI Dongfanghong Dividend Low Volatility Index,DFH Dividend Low Volatility,2247.89,2258.3,2240.36,2248.31,5.73,0.26,4398.95,648.29,100.0,10.5
2020-08-25,931446,中证东方红红利低波动指数,东证红利低波,CSI Dongfanghong Dividend Low Volatility Index,DFH Dividend Low Volatility,2251.53,2261.53,2230.12,2236.2,-12.11,-0.54,4034.47,649.38,100.0,10.53
2020-08-26,931446,中证东方红红利低波动指数,东证红利低波,CSI Dongfanghong Dividend Low Volatility Index,DFH Dividend Low Volatility,2234.11,2243.95,2206.1,2211.07,-25.13,-1.12,4424.14,666.26,100.0,10.45
2020-08-27,931446,中证东方红红利低波动指数,东证红利低波,CSI Dongfanghong Dividend Low Volatility Index,DFH Dividend Low Volatility,2216.39,2225.06,2207.94,2223.11,12.04,0.54,3843.78,572.59,100.0,10.47
2020-08-28,931446,中证东方红红利低波动指数,东证红利低波,CSI Dongfanghong Dividend Low Volatility Index,DFH Dividend Low Volatility,2220.67,2266.69,2215.72,2264.83,41.72,1.88,5405.62,908.58,100.0,10.69
2020-08-31,931446,中证东方红红利低波动指数,东证红利低波,CSI Dongfanghong Dividend Low Volatility Index,DFH Dividend Low Volatility,2271.61,2287.84,2254.48,2255.86,-8.97,-0.4,7395.78,1108.1,100.0,10.65
2020-09-01,931446,中证东方红红利低波动指数,东证红利低波,CSI Dongfanghong Dividend Low Volatility Index,DFH Dividend Low Volatility,2253.03,2262.19,2244.9,2262.19,6.33,0.28,4665.43,717.73,100.0,11.31
2020-09-02,931446,中证东方红红利低波动指数,东证红利低波,CSI Dongfanghong Dividend Low Volatility Index,DFH Dividend Low Volatility,2266.62,2267.39,2239.83,2255.76,-6.43,-0.28,5182.12,735.14,100.0,11.26
2020-09-03,931446,中证东方红红利低波动指数,东证红利低波,CSI Dongfanghong Dividend Low Volatility Index,DFH Dividend Low Volatility,2255.98,2271.64,2244.58,2251.17,-4.59,-0.2,4535.57,748.4,100.0,11.23
2020-09-04,931446,中证东方红红利低波动指数,东证红利低波,CSI Dongfanghong Dividend Low Volatility Index,DFH Dividend Low Volatility,2223.26,2235.76,2217.9,2231.52,-19.66,-0.87,3934.29,647.77,100.0,11.12
2020-09-07,931446,中证东方红红利低波动指数,东证红利低波,CSI Dongfanghong Dividend Low Volatility Index,DFH Dividend Low Volatility,2229.26,2243.16,2198.17,2201.23,-30.28,-1.36,4697.58,724.02,100.0,10.97
2020-09-08,931446,中证东方红红利低波动指数,东证红利低波,CSI Dongfanghong Dividend Low Volatility Index,DFH Dividend Low Volatility,2205.55,2229.76,2203.17,2227.69,26.46,1.2,4443.6,727.6,100.0,11.08
2020-09-09,931446,中证东方红红利低波动指数,东证红利低波,CSI Dongfanghong Dividend Low Volatility Index,DFH Dividend Low Volatility,2208.13,2219.25,2186.81,2190.98,-36.71,-1.65,4373.22,610.42,100.0,10.94
2020-09-10,931446,中证东方红红利低波动指数,东证红利低波,CSI Dongfanghong Dividend Low Volatility Index,DFH Dividend Low Volatility,2206.33,2209.77,2171.2,2174.83,-16.15,-0.74,4351.03,604.66,100.0,10.96
2020-09-11,931446,中证东方红红利低波动指数,东证红利低波,CSI Dongfanghong Dividend Low Volatility Index,DFH Dividend Low Volatility,2172.91,2183.38,2161.63,2181.03,6.2,0.29,3509.82,525.65,100.0,11.01
2020-09-14,931446,中证东方红红利低波动指数,东证红利低波,CSI Dongfanghong Dividend Low Volatility Index,DFH Dividend Low Volatility,2185.99,2191.96,2175.82,2186.37,5.34,0.24,3180.05,534.6,100.0,11.08
2020-09-15,931446,中证东方红红利低波动指数,东证红利低波,CSI Dongfanghong Dividend Low Volatility Index,DFH Dividend Low Volatility,2185.11,2193.94,2177.44,2192.67,6.29,0.29,2983.95,509.78,100.0,11.11
2020-09-16,931446,中证东方红红利低波动指数,东证红利低波,CSI Dongfanghong Dividend Low Volatility Index,DFH Dividend Low Volatility,2191.5,2204.57,2186.4,2195.03,2.37,0.11,3097.4,483.55,100.0,11.06
2020-09-17,931446,中证东方红红利低波动指数,东证红利低波,CSI Dongfanghong Dividend Low Volatility Index,DFH Dividend Low Volatility,2192.89,2204.42,2182.8,2194.07,-0.96,-0.04,3070.61,614.38,100.0,10.98
2020-09-18,931446,中证东方红红利低波动指数,东证红利低波,CSI Dongfanghong Dividend Low Volatility Index,DFH Dividend Low Volatility,2196.08,2238.88,2195.15,2237.87,43.8,2.0,5596.0,897.61,100.0,11.25
2020-09-21,931446,中证东方红红利低波动指数,东证红利低波,CSI Dongfanghong Dividend Low Volatility Index,DFH Dividend Low Volatility,2242.7,2243.21,2219.59,2223.33,-14.54,-0.65,3947.92,602.09,100.0,11.13
2020-09-22,931446,中证东方红红利低波动指数,东证红利低波,CSI Dongfanghong Dividend Low Volatility Index,DFH Dividend Low Volatility,2206.18,2223.9,2189.47,2194.12,-29.21,-1.31,3732.3,533.35,100.0,11.02
2020-09-23,931446,中证东方红红利低波动指数,东证红利低波,CSI Dongfanghong Dividend Low Volatility Index,DFH Dividend Low Volatility,2197.93,2199.97,2188.0,2191.26,-2.86,-0.13,2882.39,459.32,100.0,10.97
2020-09-24,931446,中证东方红红利低波动指数,东证红利低波,CSI Dongfanghong Dividend Low Volatility Index,DFH Dividend Low Volatility,2181.84,2182.09,2151.01,2151.9,-39.35,-1.8,3710.73,525.98,100.0,10.83
2020-09-25,931446,中证东方红红利低波动指数,东证红利低波,CSI Dongfanghong Dividend Low Volatility Index,DFH Dividend Low Volatility,2156.99,2160.56,2140.95,2150.2,-1.7,-0.08,2708.79,390.65,100.0,10.83
2020-09-28,931446,中证东方红红利低波动指数,东证红利低波,CSI Dongfanghong Dividend Low Volatility Index,DFH Dividend Low Volatility,2155.01,2163.9,2147.26,2153.44,3.24,0.15,2778.34,394.64,100.0,10.9
2020-09-29,931446,中证东方红红利低波动指数,东证红利低波,CSI Dongfanghong Dividend Low Volatility Index,DFH Dividend Low Volatility,2161.04,2169.41,2151.6,2152.83,-0.62,-0.03,2688.49,409.07,100.0,10.85
2020-09-30,931446,中证东方红红利低波动指数,东证红利低波,CSI Dongfanghong Dividend Low Volatility Index,DFH Dividend Low Volatility,2156.59,2160.71,2133.63,2142.79,-10.04,-0.47,3070.04,469.18,100.0,10.84
2020-10-09,931446,中证东方红红利低波动指数,东证红利低波,CSI Dongfanghong Dividend Low Volatility Index,DFH Dividend Low Volatility,2167.5,2183.3,2167.35,2176.07,33.28,1.55,3421.12,549.73,100.0,10.96
2020-10-12,931446,中证东方红红利低波动指数,东证红利低波,CSI Dongfanghong Dividend Low Volatility Index,DFH Dividend Low Volatility,2184.82,2228.83,2184.29,2228.18,52.11,2.39,5352.26,834.09,100.0,11.26
2020-10-13,931446,中证东方红红利低波动指数,东证红利低波,CSI Dongfanghong Dividend Low Volatility Index,DFH Dividend Low Volatility,2223.88,2232.39,2216.09,2231.23,3.04,0.14,3561.09,549.27,100.0,11.26
2020-10-14,931446,中证东方红红利低波动指数,东证红利低波,CSI Dongfanghong Dividend Low Volatility Index,DFH Dividend Low Volatility,2228.13,2228.13,2216.2,2222.91,-8.32,-0.37,3298.11,515.22,100.0,11.22
2020-10-15,931446,中证东方红红利低波动指数,东证红利低波,CSI Dongfanghong Dividend Low Volatility Index,DFH Dividend Low Volatility,2225.65,2238.03,2220.71,2227.49,4.58,0.21,3666.22,543.48,100.0,11.26
2020-10-16,931446,中证东方红红利低波动指数,东证红利低波,CSI Dongfanghong Dividend Low Volatility Index,DFH Dividend Low Volatility,2227.52,2245.97,2227.52,2238.8,11.31,0.51,5358.94,648.59,100.0,11.31
2020-10-19,931446,中证东方红红利低波动指数,东证红利低波,CSI Dongfanghong Dividend Low Volatility Index,DFH Dividend Low Volatility,2246.99,2268.62,2223.73,2227.15,-11.65,-0.52,5524.62,722.41,100.0,11.29
2020-10-20,931446,中证东方红红利低波动指数,东证红利低波,CSI Dongfanghong Dividend Low Volatility Index,DFH Dividend Low Volatility,2224.51,2234.71,2217.26,2234.05,6.91,0.31,3684.07,532.01,100.0,11.32
2020-10-21,931446,中证东方红红利低波动指数,东证红利低波,CSI Dongfanghong Dividend Low Volatility Index,DFH Dividend Low Volatility,2234.93,2247.83,2226.94,2245.63,11.58,0.52,3975.76,543.23,100.0,11.44
2020-10-22,931446,中证东方红红利低波动指数,东证红利低波,CSI Dongfanghong Dividend Low Volatility Index,DFH Dividend Low Volatility,2239.68,2241.97,2224.68,2239.99,-5.64,-0.25,3544.75,560.32,100.0,11.42
2020-10-23,931446,中证东方红红利低波动指数,东证红利低波,CSI Dongfanghong Dividend Low Volatility Index,DFH Dividend Low Volatility,2236.54,2255.02,2231.0,2232.94,-7.05,-0.31,4265.04,609.76,100.0,11.35
2020-10-26,931446,中证东方红红利低波动指数,东证红利低波,CSI Dongfanghong Dividend Low Volatility Index,DFH Dividend Low Volatility,2229.27,2229.27,2209.9,2222.37,-10.57,-0.47,4276.58,656.38,100.0,11.21
2020-10-27,931446,中证东方红红利低波动指数,东证红利低波,CSI Dongfanghong Dividend Low Volatility Index,DFH Dividend Low Volatility,2216.51,2220.41,2205.47,2215.02,-7.34,-0.33,3397.89,529.09,100.0,11.19
2020-10-28,931446,中证东方红红利低波动指数,东证红利低波,CSI Dongfanghong Dividend Low Volatility Index,DFH Dividend Low Volatility,2213.1,2221.9,2199.61,2215.55,0.53,0.02,3833.86,634.93,100.0,11.22
2020-10-29,931446,中证东方红红利低波动指数,东证红利低波,CSI Dongfanghong Dividend Low Volatility Index,DFH Dividend Low Volatility,2192.68,2232.16,2190.52,2220.58,5.03,0.23,4282.24,769.57,100.0,11.28
2020-10-30,931446,中证东方红红利低波动指数,东证红利低波,CSI Dongfanghong Dividend Low Volatility Index,DFH Dividend Low Volatility,2224.19,2228.4,2187.37,2189.91,-30.67,-1.38,4786.45,767.0,100.0,11.13
2020-11-02,931446,中证东方红红利低波动指数,东证红利低波,CSI Dongfanghong Dividend Low Volatility Index,DFH Dividend Low Volatility,2193.77,2207.86,2193.77,2202.62,12.71,0.58,4766.0,756.62,100.0,10.93
2020-11-03,931446,中证东方红红利低波动指数,东证红利低波,CSI Dongfanghong Dividend Low Volatility Index,DFH Dividend Low Volatility,2212.14,2230.84,2210.63,2225.46,22.84,1.04,4673.89,701.74,100.0,11.06
2020-11-04,931446,中证东方红红利低波动指数,东证红利低波,CSI Dongfanghong Dividend Low Volatility Index,DFH Dividend Low Volatility,2228.55,2247.8,2221.85,2246.15,20.68,0.93,4001.6,652.64,100.0,11.13
2020-11-05,931446,中证东方红红利低波动指数,东证红利低波,CSI Dongfanghong Dividend Low Volatility Index,DFH Dividend Low Volatility,2261.55,2278.95,2259.51,2278.92,32.77,1.46,4649.55,751.29,100.0,11.24
2020-11-06,931446,中证东方红红利低波动指数,东证红利低波,CSI Dongfanghong Dividend Low Volatility Index,DFH Dividend Low Volatility,2281.3,2281.56,2264.97,2279.35,0.44,0.02,4889.54,734.48,100.0,11.23
2020-11-09,931446,中证东方红红利低波动指数,东证红利低波,CSI Dongfanghong Dividend Low Volatility Index,DFH Dividend Low Volatility,2287.84,2308.24,2287.84,2306.31,26.96,1.18,6185.99,928.7,100.0,11.4
2020-11-10,931446,中证东方红红利低波动指数,东证红利低波,CSI Dongfanghong Dividend Low Volatility Index,DFH Dividend Low Volatility,2311.13,2311.13,2281.52,2290.85,-15.46,-0.67,5635.89,831.56,100.0,11.39
2020-11-11,931446,中证东方红红利低波动指数,东证红利低波,CSI Dongfanghong Dividend Low Volatility Index,DFH Dividend Low Volatility,2288.51,2309.81,2285.69,2294.51,3.65,0.16,5618.71,770.72,100.0,11.4
2020-11-12,931446,中证东方红红利低波动指数,东证红利低波,CSI Dongfanghong Dividend Low Volatility Index,DFH Dividend Low Volatility,2293.85,2298.19,2282.7,2291.78,-2.73,-0.12,3863.7,573.32,100.0,11.34
2020-11-13,931446,中证东方红红利低波动指数,东证红利低波,CSI Dongfanghong Dividend Low Volatility Index,DFH Dividend Low Volatility,2284.73,2284.73,2252.01,2263.52,-28.26,-1.23,4586.82,656.56,100.0,11.18
2020-11-16,931446,中证东方红红利低波动指数,东证红利低波,CSI Dongfanghong Dividend Low Volatility Index,DFH Dividend Low Volatility,2270.99,2296.13,2270.81,2296.13,32.62,1.44,4775.25,699.41,100.0,11.3
2020-11-17,931446,中证东方红红利低波动指数,东证红利低波,CSI Dongfanghong Dividend Low Volatility Index,DFH Dividend Low Volatility,2296.05,2303.7,2289.81,2299.7,3.57,0.15,4814.13,729.13,100.0,11.32
2020-11-18,931446,中证东方红红利低波动指数,东证红利低波,CSI Dongfanghong Dividend Low Volatility Index,DFH Dividend Low Volatility,2295.73,2316.21,2293.76,2309.45,9.75,0.42,5700.86,822.76,100.0,11.38
2020-11-19,931446,中证东方红红利低波动指数,东证红利低波,CSI Dongfanghong Dividend Low Volatility Index,DFH Dividend Low Volatility,2306.6,2322.14,2301.54,2318.43,8.98,0.39,4537.72,674.45,100.0,11.46
2020-11-20,931446,中证东方红红利低波动指数,东证红利低波,CSI Dongfanghong Dividend Low Volatility Index,DFH Dividend Low Volatility,2315.47,2333.67,2312.82,2333.03,14.6,0.63,4232.6,623.09,100.0,11.46
2020-11-23,931446,中证东方红红利低波动指数,东证红利低波,CSI Dongfanghong Dividend Low Volatility Index,DFH Dividend Low Volatility,2332.32,2366.34,2329.31,2356.45,23.41,1.0,7058.5,1020.01,100.0,11.64
2020-11-24,931446,中证东方红红利低波动指数,东证红利低波,CSI Dongfanghong Dividend Low Volatility Index,DFH Dividend Low Volatility,2354.06,2357.68,2340.59,2346.55,-9.89,-0.42,4833.68,707.39,100.0,11.56
2020-11-25,931446,中证东方红红利低波动指数,东证红利低波,CSI Dongfanghong Dividend Low Volatility Index,DFH Dividend Low Volatility,2355.51,2363.04,2318.04,2318.08,-28.47,-1.21,5486.59,820.95,100.0,11.44
2020-11-26,931446,中证东方红红利低波动指数,东证红利低波,CSI Dongfanghong Dividend Low Volatility Index,DFH Dividend Low Volatility,2316.73,2327.6,2309.4,2326.21,8.13,0.35,4675.66,734.17,100.0,11.5
2020-11-27,931446,中证东方红红利低波动指数,东证红利低波,CSI Dongfanghong Dividend Low Volatility Index,DFH Dividend Low Volatility,2333.3,2352.59,2322.63,2352.59,26.38,1.13,6847.27,795.64,100.0,11.7
2020-11-30,931446,中证东方红红利低波动指数,东证红利低波,CSI Dongfanghong Dividend Low Volatility Index,DFH Dividend Low Volatility,2360.01,2388.44,2337.1,2337.1,-15.49,-0.66,10888.78,1332.4,100.0,11.57
2020-12-01,931446,中证东方红红利低波动指数,东证红利低波,CSI Dongfanghong Dividend Low Volatility Index,DFH Dividend Low Volatility,2337.19,2375.9,2333.54,2371.48,34.38,1.47,6955.66,924.97,100.0,11.8
2020-12-02,931446,中证东方红红利低波动指数,东证红利低波,CSI Dongfanghong Dividend Low Volatility Index,DFH Dividend Low Volatility,2373.18,2387.07,2360.91,2373.67,2.19,0.09,6125.21,808.0,100.0,11.79
2020-12-03,931446,中证东方红红利低波动指数,东证红利低波,CSI Dongfanghong Dividend Low Volatility Index,DFH Dividend Low Volatility,2374.87,2374.87,2348.7,2357.73,-15.94,-0.67,6314.75,753.44,100.0,11.73
2020-12-04,931446,中证东方红红利低波动指数,东证红利低波,CSI Dongfanghong Dividend Low Volatility Index,DFH Dividend Low Volatility,2355.91,2355.91,2333.17,2349.22,-8.51,-0.36,5377.65,793.83,100.0,11.71
2020-12-07,931446,中证东方红红利低波动指数,东证红利低波,CSI Dongfanghong Dividend Low Volatility Index,DFH Dividend Low Volatility,2348.44,2349.34,2317.13,2317.32,-31.89,-1.36,5063.42,794.32,100.0,11.58
2020-12-08,931446,中证东方红红利低波动指数,东证红利低波,CSI Dongfanghong Dividend Low Volatility Index,DFH Dividend Low Volatility,2319.82,2325.6,2307.14,2311.23,-6.1,-0.26,4497.71,727.57,100.0,11.57
2020-12-09,931446,中证东方红红利低波动指数,东证红利低波,CSI Dongfanghong Dividend Low Volatility Index,DFH Dividend Low Volatility,2314.3,2317.89,2283.37,2283.54,-27.69,-1.2,4277.07,646.19,100.0,11.48
2020-12-10,931446,中证东方红红利低波动指数,东证红利低波,CSI Dongfanghong Dividend Low Volatility Index,DFH Dividend Low Volatility,2281.38,2286.46,2270.95,2277.21,-6.33,-0.28,4223.78,611.16,100.0,11.44
2020-12-11,931446,中证东方红红利低波动指数,东证红利低波,CSI Dongfanghong Dividend Low Volatility Index,DFH Dividend Low Volatility,2283.98,2284.58,2237.27,2260.07,-17.14,-0.75,5389.01,753.55,100.0,11.35
2020-12-14,931446,中证东方红红利低波动指数,东证红利低波,CSI Dongfanghong Dividend Low Volatility Index,DFH Dividend Low Volatility,2256.77,2259.73,2247.24,2258.26,-1.81,-0.08,3739.87,425.83,100.0,8.62
2020-12-15,931446,中证东方红红利低波动指数,东证红利低波,CSI Dongfanghong Dividend Low Volatility Index,DFH Dividend Low Volatility,2257.6,2257.6,2240.15,2252.36,-5.9,-0.26,3852.99,437.25,100.0,8.58
2020-12-16,931446,中证东方红红利低波动指数,东证红利低波,CSI Dongfanghong Dividend Low Volatility Index,DFH Dividend Low Volatility,2253.44,2260.94,2245.18,2251.29,-1.07,-0.05,3248.77,383.25,100.0,8.6
2020-12-17,931446,中证东方红红利低波动指数,东证红利低波,CSI Dongfanghong Dividend Low Volatility Index,DFH Dividend Low Volatility,2251.71,2273.02,2240.55,2271.79,20.5,0.91,3937.29,448.35,100.0,8.67
2020-12-18,931446,中证东方红红利低波动指数,东证红利低波,CSI Dongfanghong Dividend Low Volatility Index,DFH Dividend Low Volatility,2272.68,2285.56,2266.03,2272.11,0.32,0.01,4154.01,438.84,100.0,8.64
2020-12-21,931446,中证东方红红利低波动指数,东证红利低波,CSI Dongfanghong Dividend Low Volatility Index,DFH Dividend Low Volatility,2271.14,2280.64,2257.4,2274.02,1.91,0.08,3956.63,453.84,100.0,8.62
2020-12-22,931446,中证东方红红利低波动指数,东证红利低波,CSI Dongfanghong Dividend Low Volatility Index,DFH Dividend Low Volatility,2267.31,2267.31,2228.64,2231.84,-42.18,-1.86,4804.75,548.4,100.0,8.46
2020-12-23,931446,中证东方红红利低波动指数,东证红利低波,CSI Dongfanghong Dividend Low Volatility Index,DFH Dividend Low Volatility,2232.8,2245.6,2228.41,2240.04,8.21,0.37,4156.7,470.44,100.0,8.51
2020-12-24,931446,中证东方红红利低波动指数,东证红利低波,CSI Dongfanghong Dividend Low Volatility Index,DFH Dividend Low Volatility,2241.06,2243.97,2216.92,2220.86,-19.19,-0.86,3112.54,354.74,100.0,8.5
2020-12-25,931446,中证东方红红利低波动指数,东证红利低波,CSI Dongfanghong Dividend Low Volatility Index,DFH Dividend Low Volatility,2219.24,2247.43,2216.82,2239.44,18.59,0.84,3616.27,407.27,100.0,8.54
2020-12-28,931446,中证东方红红利低波动指数,东证红利低波,CSI Dongfanghong Dividend Low Volatility Index,DFH Dividend Low Volatility,2239.25,2246.07,2230.54,2237.81,-1.64,-0.07,4424.07,512.69,100.0,8.59
2020-12-29,931446,中证东方红红利低波动指数,东证红利低波,CSI Dongfanghong Dividend Low Volatility Index,DFH Dividend Low Volatility,2239.83,2242.3,2222.52,2223.59,-14.22,-0.63,4045.94,439.77,100.0,8.55
2020-12-30,931446,中证东方红红利低波动指数,东证红利低波,CSI Dongfanghong Dividend Low Volatility Index,DFH Dividend Low Volatility,2222.14,2235.61,2220.57,2229.47,5.89,0.26,3848.09,446.69,100.0,8.58
2020-12-31,931446,中证东方红红利低波动指数,东证红利低波,CSI Dongfanghong Dividend Low Volatility Index,DFH Dividend Low Volatility,2230.64,2248.32,2229.55,2246.08,16.6,0.74,4523.83,526.68,100.0,8.67
2021-01-04,931446,中证东方红红利低波动指数,东证红利低波,CSI Dongfanghong Dividend Low Volatility Index,DFH Dividend Low Volatility,2245.33,2254.78,2230.96,2250.48,4.4,0.2,5800.05,699.54,100.0,8.65
2021-01-05,931446,中证东方红红利低波动指数,东证红利低波,CSI Dongfanghong Dividend Low Volatility Index,DFH Dividend Low Volatility,2246.58,2253.02,2230.74,2252.67,2.19,0.1,6321.72,758.79,100.0,8.64
2021-01-06,931446,中证东方红红利低波动指数,东证红利低波,CSI Dongfanghong Dividend Low Volatility Index,DFH Dividend Low Volatility,2250.95,2266.7,2247.4,2266.59,13.93,0.62,5903.17,675.76,100.0,8.74
2021-01-07,931446,中证东方红红利低波动指数,东证红利低波,CSI Dongfanghong Dividend Low Volatility Index,DFH Dividend Low Volatility,2267.03,2268.85,2242.04,2261.53,-5.06,-0.22,6702.13,741.75,100.0,8.83
2021-01-08,931446,中证东方红红利低波动指数,东证红利低波,CSI Dongfanghong Dividend Low Volatility Index,DFH Dividend Low Volatility,2260.37,2278.21,2255.22,2273.71,12.18,0.54,5992.69,729.57,100.0,8.87
2021-01-11,931446,中证东方红红利低波动指数,东证红利低波,CSI Dongfanghong Dividend Low Volatility Index,DFH Dividend Low Volatility,2274.61,2277.25,2241.96,2247.28,-26.43,-1.16,6773.83,796.87,100.0,8.82
2021-01-12,931446,中证东方红红利低波动指数,东证红利低波,CSI Dongfanghong Dividend Low Volatility Index,DFH Dividend Low Volatility,2243.34,2271.4,2242.53,2271.4,24.12,1.07,5974.36,719.7,100.0,8.96
2021-01-13,931446,中证东方红红利低波动指数,东证红利低波,CSI Dongfanghong Dividend Low Volatility Index,DFH Dividend Low Volatility,2269.62,2301.11,2262.11,2293.23,21.83,0.96,8293.96,877.54,100.0,9.01
2021-01-14,931446,中证东方红红利低波动指数,东证红利低波,CSI Dongfanghong Dividend Low Volatility Index,DFH Dividend Low Volatility,2288.85,2318.52,2284.25,2298.65,5.41,0.24,8286.26,853.25,100.0,8.99
2021-01-15,931446,中证东方红红利低波动指数,东证红利低波,CSI Dongfanghong Dividend Low Volatility Index,DFH Dividend Low Volatility,2303.96,2321.0,2292.47,2300.0,1.36,0.06,8786.59,989.36,100.0,9.06
2021-01-18,931446,中证东方红红利低波动指数,东证红利低波,CSI Dongfanghong Dividend Low Volatility Index,DFH Dividend Low Volatility,2296.22,2311.99,2293.44,2306.88,6.88,0.3,6382.69,766.49,100.0,9.1
2021-01-19,931446,中证东方红红利低波动指数,东证红利低波,CSI Dongfanghong Dividend Low Volatility Index,DFH Dividend Low Volatility,2306.84,2318.9,2292.79,2306.51,-0.37,-0.02,6466.79,723.53,100.0,9.06
2021-01-20,931446,中证东方红红利低波动指数,东证红利低波,CSI Dongfanghong Dividend Low Volatility Index,DFH Dividend Low Volatility,2304.97,2311.91,2288.48,2294.88,-11.63,-0.5,5496.26,653.67,100.0,9.01
2021-01-21,931446,中证东方红红利低波动指数,东证红利低波,CSI Dongfanghong Dividend Low Volatility Index,DFH Dividend Low Volatility,2296.28,2309.37,2288.14,2299.39,4.51,0.2,5406.23,687.01,100.0,9.04
2021-01-22,931446,中证东方红红利低波动指数,东证红利低波,CSI Dongfanghong Dividend Low Volatility Index,DFH Dividend Low Volatility,2298.42,2298.42,2267.04,2271.55,-27.84,-1.21,5527.42,704.06,100.0,8.93
2021-01-25,931446,中证东方红红利低波动指数,东证红利低波,CSI Dongfanghong Dividend Low Volatility Index,DFH Dividend Low Volatility,2266.53,2266.53,2250.87,2259.69,-11.86,-0.52,5305.06,720.41,100.0,8.95
2021-01-26,931446,中证东方红红利低波动指数,东证红利低波,CSI Dongfanghong Dividend Low Volatility Index,DFH Dividend Low Volatility,2254.29,2262.6,2243.34,2246.22,-13.47,-0.6,4369.89,568.6,100.0,8.86
2021-01-27,931446,中证东方红红利低波动指数,东证红利低波,CSI Dongfanghong Dividend Low Volatility Index,DFH Dividend Low Volatility,2246.2,2271.06,2246.2,2261.04,14.82,0.66,4822.46,575.26,100.0,8.93
2021-01-28,931446,中证东方红红利低波动指数,东证红利低波,CSI Dongfanghong Dividend Low Volatility Index,DFH Dividend Low Volatility,2247.41,2247.41,2227.83,2233.12,-27.92,-1.23,4548.36,576.23,100.0,8.81
2021-01-29,931446,中证东方红红利低波动指数,东证红利低波,CSI Dongfanghong Dividend Low Volatility Index,DFH Dividend Low Volatility,2237.59,2242.32,2208.78,2223.26,-9.86,-0.44,5093.7,632.27,100.0,8.78
2021-02-01,931446,中证东方红红利低波动指数,东证红利低波,CSI Dongfanghong Dividend Low Volatility Index,DFH Dividend Low Volatility,2220.29,2246.81,2213.85,2245.63,22.37,1.0,4738.82,558.18,100.0,8.87
2021-02-02,931446,中证东方红红利低波动指数,东证红利低波,CSI Dongfanghong Dividend Low Volatility Index,DFH Dividend Low Volatility,2246.55,2255.87,2240.78,2246.49,0.86,0.04,4825.81,618.87,100.0,8.87
2021-02-03,931446,中证东方红红利低波动指数,东证红利低波,CSI Dongfanghong Dividend Low Volatility Index,DFH Dividend Low Volatility,2244.03,2249.98,2230.01,2241.53,-4.96,-0.22,4977.09,673.86,100.0,8.85
2021-02-04,931446,中证东方红红利低波动指数,东证红利低波,CSI Dongfanghong Dividend Low Volatility Index,DFH Dividend Low Volatility,2234.74,2238.54,2210.01,2227.37,-14.17,-0.63,5239.41,672.73,100.0,8.86
2021-02-05,931446,中证东方红红利低波动指数,东证红利低波,CSI Dongfanghong Dividend Low Volatility Index,DFH Dividend Low Volatility,2228.27,2256.04,2227.03,2246.26,18.9,0.85,6765.69,738.65,100.0,8.98
2021-02-08,931446,中证东方红红利低波动指数,东证红利低波,CSI Dongfanghong Dividend Low Volatility Index,DFH Dividend Low Volatility,2248.03,2268.17,2237.86,2265.09,18.83,0.84,5334.63,645.16,100.0,9.03
2021-02-09,931446,中证东方红红利低波动指数,东证红利低波,CSI Dongfanghong Dividend Low Volatility Index,DFH Dividend Low Volatility,2264.14,2289.85,2257.83,2289.27,24.18,1.07,5114.1,671.52,100.0,9.09
2021-02-10,931446,中证东方红红利低波动指数,东证红利低波,CSI Dongfanghong Dividend Low Volatility Index,DFH Dividend Low Volatility,2291.38,2303.09,2285.34,2298.56,9.29,0.4,5974.31,709.63,100.0,9.17
2021-02-18,931446,中证东方红红利低波动指数,东证红利低波,CSI Dongfanghong Dividend Low Volatility Index,DFH Dividend Low Volatility,2329.53,2338.96,2321.78,2332.06,33.49,1.46,7365.13,903.71,100.0,9.24
2021-02-19,931446,中证东方红红利低波动指数,东证红利低波,CSI Dongfanghong Dividend Low Volatility Index,DFH Dividend Low Volatility,2328.45,2373.45,2325.75,2373.11,41.05,1.76,6724.53,797.67,100.0,9.32
2021-02-22,931446,中证东方红红利低波动指数,东证红利低波,CSI Dongfanghong Dividend Low Volatility Index,DFH Dividend Low Volatility,2379.0,2415.4,2376.43,2382.12,9.01,0.38,9615.59,1009.56,100.0,9.28
2021-02-23,931446,中证东方红红利低波动指数,东证红利低波,CSI Dongfanghong Dividend Low Volatility Index,DFH Dividend Low Volatility,2376.46,2397.23,2371.54,2376.36,-5.76,-0.24,7655.14,789.03,100.0,9.3
2021-02-24,931446,中证东方红红利低波动指数,东证红利低波,CSI Dongfanghong Dividend Low Volatility Index,DFH Dividend Low Volatility,2378.67,2383.26,2333.42,2349.45,-26.91,-1.13,6893.63,797.42,100.0,9.18
2021-02-25,931446,中证东方红红利低波动指数,东证红利低波,CSI Dongfanghong Dividend Low Volatility Index,DFH Dividend Low Volatility,2366.7,2384.31,2356.78,2372.18,22.74,0.97,7385.78,809.13,100.0,9.33
2021-02-26,931446,中证东方红红利低波动指数,东证红利低波,CSI Dongfanghong Dividend Low Volatility Index,DFH Dividend Low Volatility,2342.36,2354.89,2325.52,2328.14,-44.05,-1.86,6939.06,783.7,100.0,9.11
2021-03-01,931446,中证东方红红利低波动指数,东证红利低波,CSI Dongfanghong Dividend Low Volatility Index,DFH Dividend Low Volatility,2338.48,2350.0,2333.02,2348.97,20.83,0.89,5276.32,584.9,100.0,9.14
2021-03-02,931446,中证东方红红利低波动指数,东证红利低波,CSI Dongfanghong Dividend Low Volatility Index,DFH Dividend Low Volatility,2354.8,2358.5,2322.75,2336.33,-12.64,-0.54,5891.11,654.86,100.0,9.06
2021-03-03,931446,中证东方红红利低波动指数,东证红利低波,CSI Dongfanghong Dividend Low Volatility Index,DFH Dividend Low Volatility,2335.25,2390.89,2334.45,2390.07,53.74,2.3,7200.94,772.74,100.0,9.31
2021-03-04,931446,中证东方红红利低波动指数,东证红利低波,CSI Dongfanghong Dividend Low Volatility Index,DFH Dividend Low Volatility,2378.52,2394.69,2370.0,2378.02,-12.05,-0.5,7121.37,731.85,100.0,9.23
2021-03-05,931446,中证东方红红利低波动指数,东证红利低波,CSI Dongfanghong Dividend Low Volatility Index,DFH Dividend Low Volatility,2362.5,2383.82,2356.2,2375.51,-2.51,-0.1,6325.0,643.17,100.0,9.21
2021-03-08,931446,中证东方红红利低波动指数,东证红利低波,CSI Dongfanghong Dividend Low Volatility Index,DFH Dividend Low Volatility,2389.09,2408.4,2364.29,2366.01,-9.5,-0.4,6827.63,709.58,100.0,9.11
2021-03-09,931446,中证东方红红利低波动指数,东证红利低波,CSI Dongfanghong Dividend Low Volatility Index,DFH Dividend Low Volatility,2366.69,2381.8,2327.0,2349.92,-16.09,-0.68,7535.96,771.63,100.0,9.0
2021-03-10,931446,中证东方红红利低波动指数,东证红利低波,CSI Dongfanghong Dividend Low Volatility Index,DFH Dividend Low Volatility,2354.06,2364.12,2331.51,2333.01,-16.91,-0.72,5375.65,554.75,100.0,8.97
2021-03-11,931446,中证东方红红利低波动指数,东证红利低波,CSI Dongfanghong Dividend Low Volatility Index,DFH Dividend Low Volatility,2339.87,2381.76,2339.87,2381.31,48.29,2.07,6237.19,644.05,100.0,9.16
2021-03-12,931446,中证东方红红利低波动指数,东证红利低波,CSI Dongfanghong Dividend Low Volatility Index,DFH Dividend Low Volatility,2383.27,2412.26,2370.62,2407.4,26.1,1.09,7240.29,684.6,100.0,9.25
2021-03-15,931446,中证东方红红利低波动指数,东证红利低波,CSI Dongfanghong Dividend Low Volatility Index,DFH Dividend Low Volatility,2401.5,2429.49,2400.68,2420.04,12.63,0.52,7068.15,684.32,100.0,9.27
2021-03-16,931446,中证东方红红利低波动指数,东证红利低波,CSI Dongfanghong Dividend Low Volatility Index,DFH Dividend Low Volatility,2418.74,2440.18,2414.57,2439.7,19.66,0.81,5355.65,545.07,100.0,9.34
2021-03-17,931446,中证东方红红利低波动指数,东证红利低波,CSI Dongfanghong Dividend Low Volatility Index,DFH Dividend Low Volatility,2431.99,2432.1,2401.35,2412.08,-27.62,-1.13,4862.09,530.01,100.0,9.23
2021-03-18,931446,中证东方红红利低波动指数,东证红利低波,CSI Dongfanghong Dividend Low Volatility Index,DFH Dividend Low Volatility,2411.14,2428.47,2407.84,2417.89,5.82,0.24,4350.22,470.61,100.0,9.23
2021-03-19,931446,中证东方红红利低波动指数,东证红利低波,CSI Dongfanghong Dividend Low Volatility Index,DFH Dividend Low Volatility,2401.02,2414.48,2381.35,2392.28,-25.61,-1.06,5937.48,588.16,100.0,9.04
2021-03-22,931446,中证东方红红利低波动指数,东证红利低波,CSI Dongfanghong Dividend Low Volatility Index,DFH Dividend Low Volatility,2392.0,2432.16,2392.0,2431.02,38.74,1.62,5574.37,535.61,100.0,9.17
2021-03-23,931446,中证东方红红利低波动指数,东证红利低波,CSI Dongfanghong Dividend Low Volatility Index,DFH Dividend Low Volatility,2433.79,2433.86,2400.39,2412.13,-18.89,-0.78,5160.55,500.2,100.0,9.11
2021-03-24,931446,中证东方红红利低波动指数,东证红利低波,CSI Dongfanghong Dividend Low Volatility Index,DFH Dividend Low Volatility,2403.6,2418.19,2388.31,2396.6,-15.52,-0.64,4951.36,494.8,100.0,9.03
2021-03-25,931446,中证东方红红利低波动指数,东证红利低波,CSI Dongfanghong Dividend Low Volatility Index,DFH Dividend Low Volatility,2399.16,2401.29,2376.83,2380.77,-15.83,-0.66,4325.89,426.58,100.0,8.98
2021-03-26,931446,中证东方红红利低波动指数,东证红利低波,CSI Dongfanghong Dividend Low Volatility Index,DFH Dividend Low Volatility,2389.02,2414.88,2389.02,2409.86,29.08,1.22,4783.11,487.09,100.0,9.05
2021-03-29,931446,中证东方红红利低波动指数,东证红利低波,CSI Dongfanghong Dividend Low Volatility Index,DFH Dividend Low Volatility,2417.67,2434.56,2410.63,2433.55,23.7,0.98,5756.88,591.39,100.0,9.12
2021-03-30,931446,中证东方红红利低波动指数,东证红利低波,CSI Dongfanghong Dividend Low Volatility Index,DFH Dividend Low Volatility,2429.37,2434.88,2410.99,2432.83,-0.72,-0.03,4933.05,532.19,100.0,9.16
2021-03-31,931446,中证东方红红利低波动指数,东证红利低波,CSI Dongfanghong Dividend Low Volatility Index,DFH Dividend Low Volatility,2427.33,2445.58,2422.87,2443.27,10.44,0.43,6134.78,553.22,100.0,9.17
2021-04-01,931446,中证东方红红利低波动指数,东证红利低波,CSI Dongfanghong Dividend Low Volatility Index,DFH Dividend Low Volatility,2440.19,2445.2,2431.07,2442.24,-1.04,-0.04,4618.77,415.0,100.0,9.18
2021-04-02,931446,中证东方红红利低波动指数,东证红利低波,CSI Dongfanghong Dividend Low Volatility Index,DFH Dividend Low Volatility,2441.97,2442.1,2418.07,2420.29,-21.94,-0.9,4406.78,433.59,100.0,9.11
2021-04-06,931446,中证东方红红利低波动指数,东证红利低波,CSI Dongfanghong Dividend Low Volatility Index,DFH Dividend Low Volatility,2421.36,2423.95,2414.43,2419.66,-0.63,-0.03,3312.29,353.03,100.0,9.09
2021-04-07,931446,中证东方红红利低波动指数,东证红利低波,CSI Dongfanghong Dividend Low Volatility Index,DFH Dividend Low Volatility,2418.2,2430.6,2412.83,2430.6,10.94,0.45,4624.24,473.61,100.0,9.08
2021-04-08,931446,中证东方红红利低波动指数,东证红利低波,CSI Dongfanghong Dividend Low Volatility Index,DFH Dividend Low Volatility,2427.02,2427.02,2411.79,2417.85,-12.75,-0.52,4067.77,392.13,100.0,9.06
2021-04-09,931446,中证东方红红利低波动指数,东证红利低波,CSI Dongfanghong Dividend Low Volatility Index,DFH Dividend Low Volatility,2416.05,2422.19,2410.08,2417.08,-0.77,-0.03,3802.1,403.29,100.0,9.02
2021-04-12,931446,中证东方红红利低波动指数,东证红利低波,CSI Dongfanghong Dividend Low Volatility Index,DFH Dividend Low Volatility,2414.25,2425.69,2408.61,2414.84,-2.24,-0.09,4491.89,437.8,100.0,9.02
2021-04-13,931446,中证东方红红利低波动指数,东证红利低波,CSI Dongfanghong Dividend Low Volatility Index,DFH Dividend Low Volatility,2407.28,2410.72,2384.5,2389.32,-25.51,-1.06,3968.91,390.62,100.0,8.97
2021-04-14,931446,中证东方红红利低波动指数,东证红利低波,CSI Dongfanghong Dividend Low Volatility Index,DFH Dividend Low Volatility,2388.65,2399.37,2384.95,2394.91,5.59,0.23,3653.67,368.72,100.0,8.95
2021-04-15,931446,中证东方红红利低波动指数,东证红利低波,CSI Dongfanghong Dividend Low Volatility Index,DFH Dividend Low Volatility,2395.83,2396.12,2378.71,2388.95,-5.96,-0.25,3810.47,436.74,100.0,8.89
2021-04-16,931446,中证东方红红利低波动指数,东证红利低波,CSI Dongfanghong Dividend Low Volatility Index,DFH Dividend Low Volatility,2392.09,2412.1,2389.89,2411.95,23.0,0.96,3412.11,350.24,100.0,8.93
2021-04-19,931446,中证东方红红利低波动指数,东证红利低波,CSI Dongfanghong Dividend Low Volatility Index,DFH Dividend Low Volatility,2411.34,2424.47,2406.6,2421.4,9.45,0.39,4438.3,504.48,100.0,9.02
2021-04-20,931446,中证东方红红利低波动指数,东证红利低波,CSI Dongfanghong Dividend Low Volatility Index,DFH Dividend Low Volatility,2416.07,2423.53,2413.04,2415.0,-6.4,-0.26,3732.73,401.63,100.0,8.99
2021-04-21,931446,中证东方红红利低波动指数,东证红利低波,CSI Dongfanghong Dividend Low Volatility Index,DFH Dividend Low Volatility,2408.86,2414.54,2400.6,2410.65,-4.35,-0.18,3809.45,408.94,100.0,8.99
2021-04-22,931446,中证东方红红利低波动指数,东证红利低波,CSI Dongfanghong Dividend Low Volatility Index,DFH Dividend Low Volatility,2414.97,2420.6,2403.16,2407.0,-3.65,-0.15,3925.05,387.63,100.0,8.94
2021-04-23,931446,中证东方红红利低波动指数,东证红利低波,CSI Dongfanghong Dividend Low Volatility Index,DFH Dividend Low Volatility,2406.68,2409.86,2395.59,2405.35,-1.65,-0.07,3683.39,433.94,100.0,8.95
2021-04-26,931446,中证东方红红利低波动指数,东证红利低波,CSI Dongfanghong Dividend Low Volatility Index,DFH Dividend Low Volatility,2407.89,2418.56,2388.76,2390.65,-14.7,-0.61,4200.51,523.1,100.0,8.85
2021-04-27,931446,中证东方红红利低波动指数,东证红利低波,CSI Dongfanghong Dividend Low Volatility Index,DFH Dividend Low Volatility,2388.92,2390.41,2372.35,2383.55,-7.1,-0.3,3455.62,371.73,100.0,8.84
2021-04-28,931446,中证东方红红利低波动指数,东证红利低波,CSI Dongfanghong Dividend Low Volatility Index,DFH Dividend Low Volatility,2381.46,2392.55,2374.49,2392.26,8.72,0.37,3533.65,397.36,100.0,8.83
2021-04-29,931446,中证东方红红利低波动指数,东证红利低波,CSI Dongfanghong Dividend Low Volatility Index,DFH Dividend Low Volatility,2394.83,2411.05,2389.4,2409.47,17.2,0.72,4813.41,553.46,100.0,8.95
2021-04-30,931446,中证东方红红利低波动指数,东证红利低波,CSI Dongfanghong Dividend Low Volatility Index,DFH Dividend Low Volatility,2403.23,2403.23,2373.8,2384.54,-24.93,-1.03,5893.54,607.45,100.0,8.82
2021-05-06,931446,中证东方红红利低波动指数,东证红利低波,CSI Dongfanghong Dividend Low Volatility Index,DFH Dividend Low Volatility,2386.78,2406.38,2386.66,2398.06,13.53,0.57,5041.12,556.52,100.0,7.93
2021-05-07,931446,中证东方红红利低波动指数,东证红利低波,CSI Dongfanghong Dividend Low Volatility Index,DFH Dividend Low Volatility,2400.62,2420.01,2394.98,2402.08,4.02,0.17,5431.64,541.92,100.0,7.95
2021-05-10,931446,中证东方红红利低波动指数,东证红利低波,CSI Dongfanghong Dividend Low Volatility Index,DFH Dividend Low Volatility,2406.08,2412.88,2392.29,2412.42,10.34,0.43,5116.85,518.05,100.0,7.97
2021-05-11,931446,中证东方红红利低波动指数,东证红利低波,CSI Dongfanghong Dividend Low Volatility Index,DFH Dividend Low Volatility,2400.26,2420.21,2388.45,2417.93,5.51,0.23,4584.76,452.91,100.0,7.98
2021-05-12,931446,中证东方红红利低波动指数,东证红利低波,CSI Dongfanghong Dividend Low Volatility Index,DFH Dividend Low Volatility,2411.07,2432.64,2410.05,2430.72,12.79,0.53,4121.97,417.47,100.0,8.0
2021-05-13,931446,中证东方红红利低波动指数,东证红利低波,CSI Dongfanghong Dividend Low Volatility Index,DFH Dividend Low Volatility,2415.79,2429.7,2410.08,2414.96,-15.77,-0.65,4161.46,423.13,100.0,7.94
2021-05-14,931446,中证东方红红利低波动指数,东证红利低波,CSI Dongfanghong Dividend Low Volatility Index,DFH Dividend Low Volatility,2420.49,2432.91,2415.41,2432.46,17.51,0.72,4517.1,507.6,100.0,8.04
2021-05-17,931446,中证东方红红利低波动指数,东证红利低波,CSI Dongfanghong Dividend Low Volatility Index,DFH Dividend Low Volatility,2430.02,2448.73,2429.12,2436.47,4.0,0.16,4564.79,504.91,100.0,8.06
2021-05-18,931446,中证东方红红利低波动指数,东证红利低波,CSI Dongfanghong Dividend Low Volatility Index,DFH Dividend Low Volatility,2436.65,2443.06,2429.78,2442.52,6.05,0.25,3200.15,349.88,100.0,8.06
2021-05-19,931446,中证东方红红利低波动指数,东证红利低波,CSI Dongfanghong Dividend Low Volatility Index,DFH Dividend Low Volatility,2439.59,2439.59,2421.27,2427.76,-14.76,-0.6,3750.41,409.98,100.0,7.98
2021-05-20,931446,中证东方红红利低波动指数,东证红利低波,CSI Dongfanghong Dividend Low Volatility Index,DFH Dividend Low Volatility,2419.67,2426.4,2407.51,2419.63,-8.13,-0.33,4335.41,493.95,100.0,8.01
2021-05-21,931446,中证东方红红利低波动指数,东证红利低波,CSI Dongfanghong Dividend Low Volatility Index,DFH Dividend Low Volatility,2418.46,2426.51,2415.9,2418.08,-1.56,-0.06,3588.86,408.16,100.0,7.95
2021-05-24,931446,中证东方红红利低波动指数,东证红利低波,CSI Dongfanghong Dividend Low Volatility Index,DFH Dividend Low Volatility,2417.57,2429.99,2409.97,2414.91,-3.16,-0.13,3522.18,384.16,100.0,7.95
2021-05-25,931446,中证东方红红利低波动指数,东证红利低波,CSI Dongfanghong Dividend Low Volatility Index,DFH Dividend Low Volatility,2416.03,2446.21,2407.27,2444.46,29.54,1.22,5564.12,683.78,100.0,8.13
2021-05-26,931446,中证东方红红利低波动指数,东证红利低波,CSI Dongfanghong Dividend Low Volatility Index,DFH Dividend Low Volatility,2446.43,2468.97,2442.6,2463.03,18.57,0.76,4910.94,584.99,100.0,8.16
2021-05-27,931446,中证东方红红利低波动指数,东证红利低波,CSI Dongfanghong Dividend Low Volatility Index,DFH Dividend Low Volatility,2462.1,2470.01,2458.71,2467.73,4.7,0.19,4423.19,514.15,100.0,8.15
2021-05-28,931446,中证东方红红利低波动指数,东证红利低波,CSI Dongfanghong Dividend Low Volatility Index,DFH Dividend Low Volatility,2473.0,2479.5,2458.32,2466.17,-1.56,-0.06,4337.89,471.92,100.0,8.16
2021-05-31,931446,中证东方红红利低波动指数,东证红利低波,CSI Dongfanghong Dividend Low Volatility Index,DFH Dividend Low Volatility,2470.37,2478.63,2453.85,2478.03,11.86,0.48,4766.32,530.88,100.0,8.12
2021-06-01,931446,中证东方红红利低波动指数,东证红利低波,CSI Dongfanghong Dividend Low Volatility Index,DFH Dividend Low Volatility,2475.42,2475.6,2453.56,2470.06,-7.97,-0.32,4654.7,526.69,100.0,8.08
2021-06-02,931446,中证东方红红利低波动指数,东证红利低波,CSI Dongfanghong Dividend Low Volatility Index,DFH Dividend Low Volatility,2469.77,2473.71,2459.95,2469.73,-0.34,-0.01,4653.31,479.82,100.0,8.08
2021-06-03,931446,中证东方红红利低波动指数,东证红利低波,CSI Dongfanghong Dividend Low Volatility Index,DFH Dividend Low Volatility,2471.1,2492.96,2466.73,2475.41,5.69,0.23,4844.38,491.08,100.0,8.06
2021-06-04,931446,中证东方红红利低波动指数,东证红利低波,CSI Dongfanghong Dividend Low Volatility Index,DFH Dividend Low Volatility,2464.37,2480.52,2457.46,2466.94,-8.47,-0.34,4451.18,470.79,100.0,8.06
2021-06-07,931446,中证东方红红利低波动指数,东证红利低波,CSI Dongfanghong Dividend Low Volatility Index,DFH Dividend Low Volatility,2461.91,2462.06,2444.72,2450.22,-16.72,-0.68,4114.34,451.5,100.0,8.02
2021-06-08,931446,中证东方红红利低波动指数,东证红利低波,CSI Dongfanghong Dividend Low Volatility Index,DFH Dividend Low Volatility,2450.92,2456.86,2439.47,2445.28,-4.94,-0.2,4097.0,446.83,100.0,8.01
2021-06-09,931446,中证东方红红利低波动指数,东证红利低波,CSI Dongfanghong Dividend Low Volatility Index,DFH Dividend Low Volatility,2440.97,2450.7,2437.47,2443.16,-2.12,-0.09,3967.6,445.09,100.0,8.02
2021-06-10,931446,中证东方红红利低波动指数,东证红利低波,CSI Dongfanghong Dividend Low Volatility Index,DFH Dividend Low Volatility,2439.2,2449.43,2435.51,2436.63,-6.53,-0.27,4176.04,459.55,100.0,8.0
2021-06-11,931446,中证东方红红利低波动指数,东证红利低波,CSI Dongfanghong Dividend Low Volatility Index,DFH Dividend Low Volatility,2442.22,2446.38,2432.41,2434.75,-1.88,-0.08,5093.23,565.75,100.0,7.97
2021-06-15,931446,中证东方红红利低波动指数,东证红利低波,CSI Dongfanghong Dividend Low Volatility Index,DFH Dividend Low Volatility,2440.55,2441.46,2409.65,2417.81,-16.94,-0.69,4687.07,417.52,100.0,7.37
2021-06-16,931446,中证东方红红利低波动指数,东证红利低波,CSI Dongfanghong Dividend Low Volatility Index,DFH Dividend Low Volatility,2419.29,2425.01,2407.17,2413.02,-4.79,-0.2,4050.11,326.63,100.0,7.4
2021-06-17,931446,中证东方红红利低波动指数,东证红利低波,CSI Dongfanghong Dividend Low Volatility Index,DFH Dividend Low Volatility,2408.79,2417.19,2401.87,2404.19,-8.83,-0.37,3546.34,277.77,100.0,7.32
2021-06-18,931446,中证东方红红利低波动指数,东证红利低波,CSI Dongfanghong Dividend Low Volatility Index,DFH Dividend Low Volatility,2401.05,2403.58,2393.23,2399.58,-4.61,-0.19,3643.87,333.31,100.0,7.27
2021-06-21,931446,中证东方红红利低波动指数,东证红利低波,CSI Dongfanghong Dividend Low Volatility Index,DFH Dividend Low Volatility,2399.92,2405.27,2394.48,2400.11,0.53,0.02,3863.67,337.91,100.0,7.21
2021-06-22,931446,中证东方红红利低波动指数,东证红利低波,CSI Dongfanghong Dividend Low Volatility Index,DFH Dividend Low Volatility,2410.6,2433.31,2410.6,2432.28,32.17,1.34,4133.0,359.84,100.0,7.31
2021-06-23,931446,中证东方红红利低波动指数,东证红利低波,CSI Dongfanghong Dividend Low Volatility Index,DFH Dividend Low Volatility,2435.35,2437.47,2422.95,2434.29,2.01,0.08,3825.71,331.04,100.0,7.32
2021-06-24,931446,中证东方红红利低波动指数,东证红利低波,CSI Dongfanghong Dividend Low Volatility Index,DFH Dividend Low Volatility,2439.9,2453.57,2432.24,2444.89,10.6,0.43,3554.17,288.26,100.0,7.34
2021-06-25,931446,中证东方红红利低波动指数,东证红利低波,CSI Dongfanghong Dividend Low Volatility Index,DFH Dividend Low Volatility,2436.95,2451.06,2432.21,2448.54,3.65,0.15,3679.8,317.06,100.0,7.41
2021-06-28,931446,中证东方红红利低波动指数,东证红利低波,CSI Dongfanghong Dividend Low Volatility Index,DFH Dividend Low Volatility,2443.39,2449.42,2436.4,2439.14,-9.4,-0.38,3626.04,322.13,100.0,7.33
2021-06-29,931446,中证东方红红利低波动指数,东证红利低波,CSI Dongfanghong Dividend Low Volatility Index,DFH Dividend Low Volatility,2433.1,2433.1,2415.91,2417.86,-21.28,-0.87,3712.99,318.6,100.0,7.25
2021-06-30,931446,中证东方红红利低波动指数,东证红利低波,CSI Dongfanghong Dividend Low Volatility Index,DFH Dividend Low Volatility,2412.19,2418.4,2404.88,2413.04,-4.82,-0.2,3524.47,297.87,100.0,7.27
2021-07-01,931446,中证东方红红利低波动指数,东证红利低波,CSI Dongfanghong Dividend Low Volatility Index,DFH Dividend Low Volatility,2414.36,2428.92,2408.69,2413.34,0.3,0.01,3828.59,352.9,100.0,7.32
2021-07-02,931446,中证东方红红利低波动指数,东证红利低波,CSI Dongfanghong Dividend Low Volatility Index,DFH Dividend Low Volatility,2415.86,2416.5,2402.43,2404.3,-9.04,-0.37,4581.48,415.22,100.0,7.22
2021-07-05,931446,中证东方红红利低波动指数,东证红利低波,CSI Dongfanghong Dividend Low Volatility Index,DFH Dividend Low Volatility,2404.02,2411.26,2392.39,2402.31,-1.99,-0.08,3964.43,326.16,100.0,7.21
2021-07-06,931446,中证东方红红利低波动指数,东证红利低波,CSI Dongfanghong Dividend Low Volatility Index,DFH Dividend Low Volatility,2396.58,2401.84,2388.87,2401.66,-0.64,-0.03,3856.36,314.76,100.0,7.21
2021-07-07,931446,中证东方红红利低波动指数,东证红利低波,CSI Dongfanghong Dividend Low Volatility Index,DFH Dividend Low Volatility,2390.63,2391.6,2379.88,2388.06,-13.61,-0.57,3314.06,267.16,100.0,7.17
2021-07-08,931446,中证东方红红利低波动指数,东证红利低波,CSI Dongfanghong Dividend Low Volatility Index,DFH Dividend Low Volatility,2387.17,2388.08,2357.2,2358.09,-29.97,-1.25,4266.89,394.22,100.0,7.05
2021-07-09,931446,中证东方红红利低波动指数,东证红利低波,CSI Dongfanghong Dividend Low Volatility Index,DFH Dividend Low Volatility,2351.36,2368.87,2349.13,2367.74,9.65,0.41,3940.08,333.93,100.0,7.03
2021-07-12,931446,中证东方红红利低波动指数,东证红利低波,CSI Dongfanghong Dividend Low Volatility Index,DFH Dividend Low Volatility,2378.26,2378.37,2356.88,2357.96,-9.78,-0.41,4898.46,393.9,100.0,6.98
2021-07-13,931446,中证东方红红利低波动指数,东证红利低波,CSI Dongfanghong Dividend Low Volatility Index,DFH Dividend Low Volatility,2355.69,2372.77,2347.74,2371.48,13.51,0.57,4451.09,328.86,100.0,6.99
2021-07-14,931446,中证东方红红利低波动指数,东证红利低波,CSI Dongfanghong Dividend Low Volatility Index,DFH Dividend Low Volatility,2373.73,2373.96,2354.33,2356.37,-15.11,-0.64,4829.25,400.43,100.0,6.9
2021-07-15,931446,中证东方红红利低波动指数,东证红利低波,CSI Dongfanghong Dividend Low Volatility Index,DFH Dividend Low Volatility,2350.8,2358.5,2338.43,2356.37,0.0,0.0,4022.28,357.88,100.0,6.97
2021-07-16,931446,中证东方红红利低波动指数,东证红利低波,CSI Dongfanghong Dividend Low Volatility Index,DFH Dividend Low Volatility,2348.91,2362.17,2346.27,2349.65,-6.72,-0.29,3563.18,282.72,100.0,6.94
2021-07-19,931446,中证东方红红利低波动指数,东证红利低波,CSI Dongfanghong Dividend Low Volatility Index,DFH Dividend Low Volatility,2349.92,2349.92,2334.36,2343.54,-6.11,-0.26,3905.74,303.73,100.0,6.92
2021-07-20,931446,中证东方红红利低波动指数,东证红利低波,CSI Dongfanghong Dividend Low Volatility Index,DFH Dividend Low Volatility,2331.8,2335.74,2320.93,2334.48,-9.07,-0.39,3537.29,260.0,100.0,6.88
2021-07-21,931446,中证东方红红利低波动指数,东证红利低波,CSI Dongfanghong Dividend Low Volatility Index,DFH Dividend Low Volatility,2336.98,2340.19,2319.56,2323.71,-10.77,-0.46,3894.76,297.1,100.0,6.83
2021-07-22,931446,中证东方红红利低波动指数,东证红利低波,CSI Dongfanghong Dividend Low Volatility Index,DFH Dividend Low Volatility,2323.79,2341.58,2321.85,2335.74,12.03,0.52,4269.74,317.57,100.0,6.87
2021-07-23,931446,中证东方红红利低波动指数,东证红利低波,CSI Dongfanghong Dividend Low Volatility Index,DFH Dividend Low Volatility,2331.18,2334.34,2317.83,2320.88,-14.86,-0.64,4800.23,335.81,100.0,6.85
2021-07-26,931446,中证东方红红利低波动指数,东证红利低波,CSI Dongfanghong Dividend Low Volatility Index,DFH Dividend Low Volatility,2322.35,2322.6,2267.8,2277.87,-43.0,-1.85,5813.64,434.72,100.0,6.72
2021-07-27,931446,中证东方红红利低波动指数,东证红利低波,CSI Dongfanghong Dividend Low Volatility Index,DFH Dividend Low Volatility,2275.7,2282.94,2235.72,2235.98,-41.9,-1.84,5676.57,405.49,100.0,6.61
2021-07-28,931446,中证东方红红利低波动指数,东证红利低波,CSI Dongfanghong Dividend Low Volatility Index,DFH Dividend Low Volatility,2227.13,2234.62,2205.53,2217.32,-18.65,-0.83,5020.27,360.72,100.0,6.63
2021-07-29,931446,中证东方红红利低波动指数,东证红利低波,CSI Dongfanghong Dividend Low Volatility Index,DFH Dividend Low Volatility,2226.38,2231.87,2214.19,2218.3,0.98,0.04,3951.99,294.54,100.0,6.6
2021-07-30,931446,中证东方红红利低波动指数,东证红利低波,CSI Dongfanghong Dividend Low Volatility Index,DFH Dividend Low Volatility,2216.46,2230.12,2205.2,2228.57,10.27,0.46,4388.5,308.89,100.0,6.58
2021-08-02,931446,中证东方红红利低波动指数,东证红利低波,CSI Dongfanghong Dividend Low Volatility Index,DFH Dividend Low Volatility,2223.13,2256.9,2206.48,2253.37,24.8,1.11,5493.62,408.5,100.0,6.64
2021-08-03,931446,中证东方红红利低波动指数,东证红利低波,CSI Dongfanghong Dividend Low Volatility Index,DFH Dividend Low Volatility,2249.72,2264.76,2245.54,2255.89,2.52,0.11,5075.79,354.81,100.0,6.62
2021-08-04,931446,中证东方红红利低波动指数,东证红利低波,CSI Dongfanghong Dividend Low Volatility Index,DFH Dividend Low Volatility,2256.83,2260.38,2247.9,2259.27,3.38,0.15,3851.29,286.21,100.0,6.6
2021-08-05,931446,中证东方红红利低波动指数,东证红利低波,CSI Dongfanghong Dividend Low Volatility Index,DFH Dividend Low Volatility,2259.84,2270.34,2250.97,2255.19,-4.08,-0.18,3791.23,283.76,100.0,6.59
2021-08-06,931446,中证东方红红利低波动指数,东证红利低波,CSI Dongfanghong Dividend Low Volatility Index,DFH Dividend Low Volatility,2254.39,2265.4,2246.65,2264.28,9.09,0.4,3597.54,270.45,100.0,6.6
2021-08-09,931446,中证东方红红利低波动指数,东证红利低波,CSI Dongfanghong Dividend Low Volatility Index,DFH Dividend Low Volatility,2262.49,2294.48,2261.06,2291.02,26.74,1.18,4419.67,363.98,100.0,6.68
2021-08-10,931446,中证东方红红利低波动指数,东证红利低波,CSI Dongfanghong Dividend Low Volatility Index,DFH Dividend Low Volatility,2287.89,2306.75,2281.45,2306.75,15.73,0.69,4032.44,334.23,100.0,6.73
2021-08-11,931446,中证东方红红利低波动指数,东证红利低波,CSI Dongfanghong Dividend Low Volatility Index,DFH Dividend Low Volatility,2306.69,2329.3,2306.69,2326.53,19.79,0.86,5214.87,393.99,100.0,6.79
2021-08-12,931446,中证东方红红利低波动指数,东证红利低波,CSI Dongfanghong Dividend Low Volatility Index,DFH Dividend Low Volatility,2326.21,2328.24,2316.93,2321.56,-4.97,-0.21,3749.41,291.07,100.0,6.77
2021-08-13,931446,中证东方红红利低波动指数,东证红利低波,CSI Dongfanghong Dividend Low Volatility Index,DFH Dividend Low Volatility,2319.39,2327.18,2314.86,2322.36,0.8,0.03,3403.42,260.77,100.0,6.75
2021-08-16,931446,中证东方红红利低波动指数,东证红利低波,CSI Dongfanghong Dividend Low Volatility Index,DFH Dividend Low Volatility,2329.11,2353.2,2329.11,2346.15,23.79,1.02,4222.36,322.53,100.0,6.78
2021-08-17,931446,中证东方红红利低波动指数,东证红利低波,CSI Dongfanghong Dividend Low Volatility Index,DFH Dividend Low Volatility,2347.86,2363.08,2317.17,2321.1,-25.05,-1.07,5414.68,388.72,100.0,6.72
2021-08-18,931446,中证东方红红利低波动指数,东证红利低波,CSI Dongfanghong Dividend Low Volatility Index,DFH Dividend Low Volatility,2318.63,2353.08,2318.63,2352.19,31.09,1.34,5905.01,478.64,100.0,6.85
2021-08-19,931446,中证东方红红利低波动指数,东证红利低波,CSI Dongfanghong Dividend Low Volatility Index,DFH Dividend Low Volatility,2346.11,2346.11,2315.01,2322.2,-29.99,-1.27,4959.69,403.8,100.0,6.75
2021-08-20,931446,中证东方红红利低波动指数,东证红利低波,CSI Dongfanghong Dividend Low Volatility Index,DFH Dividend Low Volatility,2315.82,2317.9,2296.47,2314.54,-7.66,-0.33,4690.39,357.35,100.0,6.72
2021-08-23,931446,中证东方红红利低波动指数,东证红利低波,CSI Dongfanghong Dividend Low Volatility Index,DFH Dividend Low Volatility,2318.19,2337.79,2318.19,2333.04,18.51,0.8,4439.46,329.7,100.0,6.75
2021-08-24,931446,中证东方红红利低波动指数,东证红利低波,CSI Dongfanghong Dividend Low Volatility Index,DFH Dividend Low Volatility,2335.86,2350.98,2334.72,2348.25,15.2,0.65,5007.26,406.26,100.0,6.78
2021-08-25,931446,中证东方红红利低波动指数,东证红利低波,CSI Dongfanghong Dividend Low Volatility Index,DFH Dividend Low Volatility,2347.93,2373.57,2342.25,2372.56,24.32,1.03,4997.53,374.7,100.0,6.79
2021-08-26,931446,中证东方红红利低波动指数,东证红利低波,CSI Dongfanghong Dividend Low Volatility Index,DFH Dividend Low Volatility,2371.54,2380.12,2362.79,2365.31,-7.25,-0.31,5591.47,424.37,100.0,6.74
2021-08-27,931446,中证东方红红利低波动指数,东证红利低波,CSI Dongfanghong Dividend Low Volatility Index,DFH Dividend Low Volatility,2361.72,2374.03,2357.24,2372.39,7.08,0.3,4863.52,379.69,100.0,6.8
2021-08-30,931446,中证东方红红利低波动指数,东证红利低波,CSI Dongfanghong Dividend Low Volatility Index,DFH Dividend Low Volatility,2375.52,2383.05,2367.02,2381.86,9.47,0.4,5775.44,465.9,100.0,6.77
2021-08-31,931446,中证东方红红利低波动指数,东证红利低波,CSI Dongfanghong Dividend Low Volatility Index,DFH Dividend Low Volatility,2378.89,2420.61,2376.65,2420.61,38.75,1.63,7132.44,556.26,100.0,6.86
2021-09-01,931446,中证东方红红利低波动指数,东证红利低波,CSI Dongfanghong Dividend Low Volatility Index,DFH Dividend Low Volatility,2424.01,2444.28,2411.89,2436.45,15.84,0.65,10027.25,751.44,100.0,6.53
2021-09-02,931446,中证东方红红利低波动指数,东证红利低波,CSI Dongfanghong Dividend Low Volatility Index,DFH Dividend Low Volatility,2432.81,2492.91,2429.05,2492.32,55.87,2.29,8038.48,588.79,100.0,6.6
2021-09-03,931446,中证东方红红利低波动指数,东证红利低波,CSI Dongfanghong Dividend Low Volatility Index,DFH Dividend Low Volatility,2506.25,2530.48,2496.07,2502.99,10.67,0.43,8951.44,642.44,100.0,6.63
2021-09-06,931446,中证东方红红利低波动指数,东证红利低波,CSI Dongfanghong Dividend Low Volatility Index,DFH Dividend Low Volatility,2516.01,2547.05,2515.86,2540.46,37.48,1.5,8856.17,635.01,100.0,6.66
2021-09-07,931446,中证东方红红利低波动指数,东证红利低波,CSI Dongfanghong Dividend Low Volatility Index,DFH Dividend Low Volatility,2547.54,2583.4,2539.06,2581.98,41.52,1.63,9699.82,720.42,100.0,6.77
2021-09-08,931446,中证东方红红利低波动指数,东证红利低波,CSI Dongfanghong Dividend Low Volatility Index,DFH Dividend Low Volatility,2587.89,2639.07,2586.47,2634.22,52.24,2.02,9556.44,717.92,100.0,6.82
2021-09-09,931446,中证东方红红利低波动指数,东证红利低波,CSI Dongfanghong Dividend Low Volatility Index,DFH Dividend Low Volatility,2636.27,2681.04,2619.59,2672.93,38.71,1.47,10783.48,790.18,100.0,6.88
2021-09-10,931446,中证东方红红利低波动指数,东证红利低波,CSI Dongfanghong Dividend Low Volatility Index,DFH Dividend Low Volatility,2667.79,2695.71,2639.6,2639.96,-32.97,-1.23,11255.23,882.66,100.0,6.87
2021-09-13,931446,中证东方红红利低波动指数,东证红利低波,CSI Dongfanghong Dividend Low Volatility Index,DFH Dividend Low Volatility,2642.75,2684.75,2642.66,2683.37,43.41,1.64,8929.16,680.77,100.0,6.94
2021-09-14,931446,中证东方红红利低波动指数,东证红利低波,CSI Dongfanghong Dividend Low Volatility Index,DFH Dividend Low Volatility,2682.26,2682.32,2609.89,2615.15,-68.22,-2.54,10090.17,748.81,100.0,6.81
2021-09-15,931446,中证东方红红利低波动指数,东证红利低波,CSI Dongfanghong Dividend Low Volatility Index,DFH Dividend Low Volatility,2606.07,2642.42,2603.81,2621.51,6.36,0.24,7349.43,537.95,100.0,6.8
2021-09-16,931446,中证东方红红利低波动指数,东证红利低波,CSI Dongfanghong Dividend Low Volatility Index,DFH Dividend Low Volatility,2632.17,2657.87,2588.01,2588.01,-33.5,-1.28,7941.58,581.24,100.0,6.75
2021-09-17,931446,中证东方红红利低波动指数,东证红利低波,CSI Dongfanghong Dividend Low Volatility Index,DFH Dividend Low Volatility,2582.67,2620.63,2552.0,2586.44,-1.56,-0.06,7758.15,583.94,100.0,6.73
2021-09-22,931446,中证东方红红利低波动指数,东证红利低波,CSI Dongfanghong Dividend Low Volatility Index,DFH Dividend Low Volatility,2565.44,2654.1,2563.26,2653.17,66.73,2.58,8518.18,661.2,100.0,6.8
2021-09-23,931446,中证东方红红利低波动指数,东证红利低波,CSI Dongfanghong Dividend Low Volatility Index,DFH Dividend Low Volatility,2692.06,2725.3,2675.19,2697.42,44.25,1.67,9362.92,749.94,100.0,6.82
2021-09-24,931446,中证东方红红利低波动指数,东证红利低波,CSI Dongfanghong Dividend Low Volatility Index,DFH Dividend Low Volatility,2701.59,2703.18,2639.42,2642.66,-54.76,-2.03,8237.43,646.32,100.0,6.74
2021-09-27,931446,中证东方红红利低波动指数,东证红利低波,CSI Dongfanghong Dividend Low Volatility Index,DFH Dividend Low Volatility,2657.37,2664.99,2551.59,2567.74,-74.92,-2.83,8969.74,677.2,100.0,6.71
2021-09-28,931446,中证东方红红利低波动指数,东证红利低波,CSI Dongfanghong Dividend Low Volatility Index,DFH Dividend Low Volatility,2558.29,2630.96,2557.57,2627.36,59.62,2.32,8394.7,635.8,100.0,6.84
2021-09-29,931446,中证东方红红利低波动指数,东证红利低波,CSI Dongfanghong Dividend Low Volatility Index,DFH Dividend Low Volatility,2605.89,2623.83,2554.25,2564.01,-63.35,-2.41,8679.09,644.1,100.0,6.76
2021-09-30,931446,中证东方红红利低波动指数,东证红利低波,CSI Dongfanghong Dividend Low Volatility Index,DFH Dividend Low Volatility,2564.31,2591.49,2535.41,2584.98,20.97,0.82,7061.5,520.94,100.0,6.73
2021-10-08,931446,中证东方红红利低波动指数,东证红利低波,CSI Dongfanghong Dividend Low Volatility Index,DFH Dividend Low Volatility,2617.25,2622.74,2568.84,2587.92,2.95,0.11,7600.88,627.13,100.0,6.8
2021-10-11,931446,中证东方红红利低波动指数,东证红利低波,CSI Dongfanghong Dividend Low Volatility Index,DFH Dividend Low Volatility,2601.14,2604.6,2554.17,2570.65,-17.28,-0.67,7523.58,605.43,100.0,6.84
2021-10-12,931446,中证东方红红利低波动指数,东证红利低波,CSI Dongfanghong Dividend Low Volatility Index,DFH Dividend Low Volatility,2557.19,2573.13,2498.94,2525.09,-45.55,-1.77,7055.46,528.6,100.0,6.77
2021-10-13,931446,中证东方红红利低波动指数,东证红利低波,CSI Dongfanghong Dividend Low Volatility Index,DFH Dividend Low Volatility,2516.1,2516.18,2450.31,2475.31,-49.79,-1.97,5471.24,395.88,100.0,6.68
2021-10-14,931446,中证东方红红利低波动指数,东证红利低波,CSI Dongfanghong Dividend Low Volatility Index,DFH Dividend Low Volatility,2464.75,2480.04,2445.26,2465.23,-10.07,-0.41,4420.41,312.63,100.0,6.65
2021-10-15,931446,中证东方红红利低波动指数,东证红利低波,CSI Dongfanghong Dividend Low Volatility Index,DFH Dividend Low Volatility,2465.46,2476.36,2444.37,2466.86,1.62,0.06,5343.64,387.68,100.0,6.7
2021-10-18,931446,中证东方红红利低波动指数,东证红利低波,CSI Dongfanghong Dividend Low Volatility Index,DFH Dividend Low Volatility,2468.3,2502.44,2468.3,2499.77,32.91,1.33,5245.13,404.11,100.0,6.73
2021-10-19,931446,中证东方红红利低波动指数,东证红利低波,CSI Dongfanghong Dividend Low Volatility Index,DFH Dividend Low Volatility,2495.66,2516.84,2487.91,2509.29,9.52,0.38,5139.66,400.73,100.0,6.76
2021-10-20,931446,中证东方红红利低波动指数,东证红利低波,CSI Dongfanghong Dividend Low Volatility Index,DFH Dividend Low Volatility,2487.6,2512.58,2484.29,2505.31,-3.98,-0.16,5062.31,383.54,100.0,6.72
2021-10-21,931446,中证东方红红利低波动指数,东证红利低波,CSI Dongfanghong Dividend Low Volatility Index,DFH Dividend Low Volatility,2506.23,2526.76,2497.02,2511.89,6.58,0.26,5651.1,504.41,100.0,6.8
2021-10-22,931446,中证东方红红利低波动指数,东证红利低波,CSI Dongfanghong Dividend Low Volatility Index,DFH Dividend Low Volatility,2510.18,2516.36,2475.12,2477.04,-34.86,-1.39,5297.24,425.77,100.0,6.74
2021-10-25,931446,中证东方红红利低波动指数,东证红利低波,CSI Dongfanghong Dividend Low Volatility Index,DFH Dividend Low Volatility,2471.17,2495.18,2452.32,2486.55,9.51,0.38,5076.59,415.13,100.0,6.78
2021-10-26,931446,中证东方红红利低波动指数,东证红利低波,CSI Dongfanghong Dividend Low Volatility Index,DFH Dividend Low Volatility,2485.63,2501.84,2463.11,2467.15,-19.4,-0.78,5368.25,440.55,100.0,6.76
2021-10-27,931446,中证东方红红利低波动指数,东证红利低波,CSI Dongfanghong Dividend Low Volatility Index,DFH Dividend Low Volatility,2457.79,2464.21,2439.99,2453.97,-13.18,-0.53,5350.44,417.36,100.0,6.71
2021-10-28,931446,中证东方红红利低波动指数,东证红利低波,CSI Dongfanghong Dividend Low Volatility Index,DFH Dividend Low Volatility,2444.04,2444.79,2407.39,2414.74,-39.23,-1.6,5698.09,443.95,100.0,6.62
2021-10-29,931446,中证东方红红利低波动指数,东证红利低波,CSI Dongfanghong Dividend Low Volatility Index,DFH Dividend Low Volatility,2412.01,2418.86,2383.78,2416.86,2.11,0.09,5256.4,447.43,100.0,6.61
2021-11-01,931446,中证东方红红利低波动指数,东证红利低波,CSI Dongfanghong Dividend Low Volatility Index,DFH Dividend Low Volatility,2409.15,2437.95,2395.79,2429.21,12.35,0.51,5799.17,428.36,100.0,6.68
2021-11-02,931446,中证东方红红利低波动指数,东证红利低波,CSI Dongfanghong Dividend Low Volatility Index,DFH Dividend Low Volatility,2427.29,2427.29,2350.91,2368.67,-60.54,-2.49,6606.81,513.08,100.0,6.55
2021-11-03,931446,中证东方红红利低波动指数,东证红利低波,CSI Dongfanghong Dividend Low Volatility Index,DFH Dividend Low Volatility,2367.46,2394.08,2364.94,2387.67,19.0,0.8,4184.9,317.06,100.0,6.56
2021-11-04,931446,中证东方红红利低波动指数,东证红利低波,CSI Dongfanghong Dividend Low Volatility Index,DFH Dividend Low Volatility,2387.96,2406.39,2375.13,2405.49,17.82,0.75,4315.8,327.18,100.0,6.55
2021-11-05,931446,中证东方红红利低波动指数,东证红利低波,CSI Dongfanghong Dividend Low Volatility Index,DFH Dividend Low Volatility,2398.36,2398.36,2363.91,2364.75,-40.75,-1.69,4723.47,370.59,100.0,6.49
2021-11-08,931446,中证东方红红利低波动指数,东证红利低波,CSI Dongfanghong Dividend Low Volatility Index,DFH Dividend Low Volatility,2365.71,2372.92,2355.93,2361.68,-3.07,-0.13,3795.76,318.77,100.0,6.49
2021-11-09,931446,中证东方红红利低波动指数,东证红利低波,CSI Dongfanghong Dividend Low Volatility Index,DFH Dividend Low Volatility,2368.95,2374.84,2355.93,2362.51,0.83,0.03,3741.09,300.66,100.0,6.47
2021-11-10,931446,中证东方红红利低波动指数,东证红利低波,CSI Dongfanghong Dividend Low Volatility Index,DFH Dividend Low Volatility,2356.91,2357.28,2324.98,2355.62,-6.88,-0.29,4253.58,336.1,100.0,6.43
2021-11-11,931446,中证东方红红利低波动指数,东证红利低波,CSI Dongfanghong Dividend Low Volatility Index,DFH Dividend Low Volatility,2351.17,2376.81,2349.74,2373.05,17.43,0.74,4675.49,391.81,100.0,6.52
2021-11-12,931446,中证东方红红利低波动指数,东证红利低波,CSI Dongfanghong Dividend Low Volatility Index,DFH Dividend Low Volatility,2371.91,2380.47,2367.16,2375.46,2.41,0.1,3722.94,283.34,100.0,6.5
2021-11-15,931446,中证东方红红利低波动指数,东证红利低波,CSI Dongfanghong Dividend Low Volatility Index,DFH Dividend Low Volatility,2377.73,2380.31,2364.99,2378.35,2.89,0.12,3718.46,281.01,100.0,6.51
2021-11-16,931446,中证东方红红利低波动指数,东证红利低波,CSI Dongfanghong Dividend Low Volatility Index,DFH Dividend Low Volatility,2377.7,2383.92,2361.77,2363.21,-15.14,-0.64,3706.42,274.3,100.0,6.47
2021-11-17,931446,中证东方红红利低波动指数,东证红利低波,CSI Dongfanghong Dividend Low Volatility Index,DFH Dividend Low Volatility,2362.18,2374.44,2356.52,2373.38,10.18,0.43,3230.93,236.82,100.0,6.47
2021-11-18,931446,中证东方红红利低波动指数,东证红利低波,CSI Dongfanghong Dividend Low Volatility Index,DFH Dividend Low Volatility,2374.9,2382.45,2369.07,2370.89,-2.49,-0.1,3569.38,261.66,100.0,6.44
2021-11-19,931446,中证东方红红利低波动指数,东证红利低波,CSI Dongfanghong Dividend Low Volatility Index,DFH Dividend Low Volatility,2370.61,2398.53,2362.8,2396.67,25.78,1.09,4211.42,305.25,100.0,6.5
2021-11-22,931446,中证东方红红利低波动指数,东证红利低波,CSI Dongfanghong Dividend Low Volatility Index,DFH Dividend Low Volatility,2396.96,2403.95,2385.54,2393.73,-2.94,-0.12,4047.48,295.93,100.0,6.47
2021-11-23,931446,中证东方红红利低波动指数,东证红利低波,CSI Dongfanghong Dividend Low Volatility Index,DFH Dividend Low Volatility,2392.47,2405.4,2387.06,2399.4,5.67,0.24,4167.22,312.38,100.0,6.49
2021-11-24,931446,中证东方红红利低波动指数,东证红利低波,CSI Dongfanghong Dividend Low Volatility Index,DFH Dividend Low Volatility,2400.29,2413.92,2389.39,2412.51,13.11,0.55,4088.34,299.42,100.0,6.51
2021-11-25,931446,中证东方红红利低波动指数,东证红利低波,CSI Dongfanghong Dividend Low Volatility Index,DFH Dividend Low Volatility,2416.73,2424.12,2412.19,2413.39,0.88,0.04,4050.11,299.42,100.0,6.49
2021-11-26,931446,中证东方红红利低波动指数,东证红利低波,CSI Dongfanghong Dividend Low Volatility Index,DFH Dividend Low Volatility,2406.55,2406.71,2393.95,2396.7,-16.69,-0.69,3783.31,314.02,100.0,6.42
2021-11-29,931446,中证东方红红利低波动指数,东证红利低波,CSI Dongfanghong Dividend Low Volatility Index,DFH Dividend Low Volatility,2371.4,2398.33,2367.43,2398.33,1.63,0.07,4698.17,344.93,100.0,6.4
2021-11-30,931446,中证东方红红利低波动指数,东证红利低波,CSI Dongfanghong Dividend Low Volatility Index,DFH Dividend Low Volatility,2399.51,2415.09,2389.0,2396.35,-1.98,-0.08,4034.92,300.8,100.0,6.38
2021-12-01,931446,中证东方红红利低波动指数,东证红利低波,CSI Dongfanghong Dividend Low Volatility Index,DFH Dividend Low Volatility,2393.26,2428.24,2392.5,2428.24,31.88,1.33,3791.39,279.13,100.0,6.46
2021-12-02,931446,中证东方红红利低波动指数,东证红利低波,CSI Dongfanghong Dividend Low Volatility Index,DFH Dividend Low Volatility,2425.16,2440.96,2422.63,2429.82,1.59,0.06,4578.48,341.99,100.0,6.5
2021-12-03,931446,中证东方红红利低波动指数,东证红利低波,CSI Dongfanghong Dividend Low Volatility Index,DFH Dividend Low Volatility,2430.85,2465.82,2421.89,2464.6,34.78,1.43,5159.88,380.88,100.0,6.56
2021-12-06,931446,中证东方红红利低波动指数,东证红利低波,CSI Dongfanghong Dividend Low Volatility Index,DFH Dividend Low Volatility,2472.42,2487.49,2454.56,2455.08,-9.52,-0.39,5689.18,431.07,100.0,6.55
2021-12-07,931446,中证东方红红利低波动指数,东证红利低波,CSI Dongfanghong Dividend Low Volatility Index,DFH Dividend Low Volatility,2468.24,2484.29,2447.35,2482.29,27.21,1.11,5830.89,459.58,100.0,6.61
2021-12-08,931446,中证东方红红利低波动指数,东证红利低波,CSI Dongfanghong Dividend Low Volatility Index,DFH Dividend Low Volatility,2486.67,2491.61,2466.4,2490.56,8.27,0.33,4770.47,373.91,100.0,6.61
2021-12-09,931446,中证东方红红利低波动指数,东证红利低波,CSI Dongfanghong Dividend Low Volatility Index,DFH Dividend Low Volatility,2489.17,2516.35,2485.28,2510.34,19.78,0.79,5629.86,470.85,100.0,6.67
2021-12-10,931446,中证东方红红利低波动指数,东证红利低波,CSI Dongfanghong Dividend Low Volatility Index,DFH Dividend Low Volatility,2500.61,2516.07,2488.27,2488.27,-22.07,-0.88,5689.0,418.42,100.0,6.64
2021-12-13,931446,中证东方红红利低波动指数,东证红利低波,CSI Dongfanghong Dividend Low Volatility Index,DFH Dividend Low Volatility,2499.61,2508.14,2484.76,2487.49,-0.79,-0.03,5017.47,438.02,100.0,6.66
2021-12-14,931446,中证东方红红利低波动指数,东证红利低波,CSI Dongfanghong Dividend Low Volatility Index,DFH Dividend Low Volatility,2481.65,2481.65,2463.55,2467.16,-20.32,-0.82,4010.74,344.85,100.0,6.6
2021-12-15,931446,中证东方红红利低波动指数,东证红利低波,CSI Dongfanghong Dividend Low Volatility Index,DFH Dividend Low Volatility,2465.08,2487.55,2462.59,2480.97,13.81,0.56,3558.35,273.48,100.0,6.6
2021-12-16,931446,中证东方红红利低波动指数,东证红利低波,CSI Dongfanghong Dividend Low Volatility Index,DFH Dividend Low Volatility,2485.42,2508.02,2483.12,2507.88,26.9,1.08,3928.89,313.32,100.0,6.68
2021-12-17,931446,中证东方红红利低波动指数,东证红利低波,CSI Dongfanghong Dividend Low Volatility Index,DFH Dividend Low Volatility,2508.91,2519.48,2505.75,2507.75,-0.13,-0.01,4140.26,322.88,100.0,6.65
2021-12-20,931446,中证东方红红利低波动指数,东证红利低波,CSI Dongfanghong Dividend Low Volatility Index,DFH Dividend Low Volatility,2504.72,2515.44,2499.08,2503.44,-4.31,-0.17,4424.44,321.29,100.0,6.62
2021-12-21,931446,中证东方红红利低波动指数,东证红利低波,CSI Dongfanghong Dividend Low Volatility Index,DFH Dividend Low Volatility,2499.88,2537.93,2499.56,2533.76,30.32,1.21,4449.6,311.69,100.0,6.67
2021-12-22,931446,中证东方红红利低波动指数,东证红利低波,CSI Dongfanghong Dividend Low Volatility Index,DFH Dividend Low Volatility,2538.94,2539.3,2519.72,2525.04,-8.72,-0.34,3662.2,275.05,100.0,6.64
2021-12-23,931446,中证东方红红利低波动指数,东证红利低波,CSI Dongfanghong Dividend Low Volatility Index,DFH Dividend Low Volatility,2524.94,2537.63,2518.17,2535.77,10.73,0.43,3795.44,300.18,100.0,6.68
2021-12-24,931446,中证东方红红利低波动指数,东证红利低波,CSI Dongfanghong Dividend Low Volatility Index,DFH Dividend Low Volatility,2535.75,2535.98,2520.97,2521.46,-14.31,-0.56,3610.44,284.56,100.0,6.65
2021-12-27,931446,中证东方红红利低波动指数,东证红利低波,CSI Dongfanghong Dividend Low Volatility Index,DFH Dividend Low Volatility,2521.56,2543.24,2521.56,2538.34,16.88,0.67,3693.08,315.9,100.0,6.67
2021-12-28,931446,中证东方红红利低波动指数,东证红利低波,CSI Dongfanghong Dividend Low Volatility Index,DFH Dividend Low Volatility,2542.75,2543.4,2519.03,2528.04,-10.3,-0.4,3716.42,316.63,100.0,6.67
2021-12-29,931446,中证东方红红利低波动指数,东证红利低波,CSI Dongfanghong Dividend Low Volatility Index,DFH Dividend Low Volatility,2528.16,2529.66,2518.43,2522.73,-5.31,-0.21,3216.32,300.28,100.0,6.62
2021-12-30,931446,中证东方红红利低波动指数,东证红利低波,CSI Dongfanghong Dividend Low Volatility Index,DFH Dividend Low Volatility,2523.26,2536.48,2523.18,2535.03,12.29,0.49,3368.63,301.32,100.0,6.64
2021-12-31,931446,中证东方红红利低波动指数,东证红利低波,CSI Dongfanghong Dividend Low Volatility Index,DFH Dividend Low Volatility,2536.98,2565.78,2536.98,2561.87,26.84,1.06,3642.89,315.42,100.0,6.67
2022-01-04,931446,中证东方红红利低波动指数,东证红利低波,CSI Dongfanghong Dividend Low Volatility Index,DFH Dividend Low Volatility,2576.82,2600.21,2573.46,2596.33,34.46,1.34,5063.98,420.81,100.0,6.69
2022-01-05,931446,中证东方红红利低波动指数,东证红利低波,CSI Dongfanghong Dividend Low Volatility Index,DFH Dividend Low Volatility,2593.13,2593.24,2574.49,2585.68,-10.64,-0.41,6215.24,536.11,100.0,6.73
2022-01-06,931446,中证东方红红利低波动指数,东证红利低波,CSI Dongfanghong Dividend Low Volatility Index,DFH Dividend Low Volatility,2578.68,2601.77,2578.05,2599.94,14.26,0.55,5204.9,429.21,100.0,6.71
2022-01-07,931446,中证东方红红利低波动指数,东证红利低波,CSI Dongfanghong Dividend Low Volatility Index,DFH Dividend Low Volatility,2600.09,2640.77,2600.09,2619.76,19.81,0.76,6720.94,536.62,100.0,6.81
2022-01-10,931446,中证东方红红利低波动指数,东证红利低波,CSI Dongfanghong Dividend Low Volatility Index,DFH Dividend Low Volatility,2618.42,2634.46,2614.83,2634.46,14.7,0.56,5505.55,448.12,100.0,6.84
2022-01-11,931446,中证东方红红利低波动指数,东证红利低波,CSI Dongfanghong Dividend Low Volatility Index,DFH Dividend Low Volatility,2633.14,2662.23,2632.25,2649.02,14.57,0.55,5286.59,459.02,100.0,6.85
2022-01-12,931446,中证东方红红利低波动指数,东证红利低波,CSI Dongfanghong Dividend Low Volatility Index,DFH Dividend Low Volatility,2649.88,2650.34,2621.81,2639.24,-9.78,-0.37,4942.51,401.02,100.0,6.84
2022-01-13,931446,中证东方红红利低波动指数,东证红利低波,CSI Dongfanghong Dividend Low Volatility Index,DFH Dividend Low Volatility,2636.06,2653.81,2626.93,2628.52,-10.72,-0.41,5115.21,403.39,100.0,6.85
2022-01-14,931446,中证东方红红利低波动指数,东证红利低波,CSI Dongfanghong Dividend Low Volatility Index,DFH Dividend Low Volatility,2621.33,2621.33,2587.55,2588.97,-39.55,-1.5,5385.52,436.63,100.0,6.72
2022-01-17,931446,中证东方红红利低波动指数,东证红利低波,CSI Dongfanghong Dividend Low Volatility Index,DFH Dividend Low Volatility,2586.67,2603.64,2585.87,2591.6,2.62,0.1,3595.71,307.35,100.0,6.72
2022-01-18,931446,中证东方红红利低波动指数,东证红利低波,CSI Dongfanghong Dividend Low Volatility Index,DFH Dividend Low Volatility,2593.67,2621.66,2582.53,2614.58,22.98,0.89,5758.76,460.27,100.0,6.83
2022-01-19,931446,中证东方红红利低波动指数,东证红利低波,CSI Dongfanghong Dividend Low Volatility Index,DFH Dividend Low Volatility,2610.71,2635.28,2610.63,2630.52,15.94,0.61,5052.22,416.22,100.0,6.86
2022-01-20,931446,中证东方红红利低波动指数,东证红利低波,CSI Dongfanghong Dividend Low Volatility Index,DFH Dividend Low Volatility,2628.31,2643.77,2619.2,2626.04,-4.48,-0.17,6024.09,576.09,100.0,6.93
2022-01-21,931446,中证东方红红利低波动指数,东证红利低波,CSI Dongfanghong Dividend Low Volatility Index,DFH Dividend Low Volatility,2619.42,2621.19,2590.99,2593.55,-32.48,-1.24,4419.78,408.84,100.0,6.87
2022-01-24,931446,中证东方红红利低波动指数,东证红利低波,CSI Dongfanghong Dividend Low Volatility Index,DFH Dividend Low Volatility,2587.6,2601.94,2567.93,2588.32,-5.24,-0.2,4050.52,337.56,100.0,6.88
2022-01-25,931446,中证东方红红利低波动指数,东证红利低波,CSI Dongfanghong Dividend Low Volatility Index,DFH Dividend Low Volatility,2578.63,2579.88,2512.05,2512.05,-76.27,-2.95,4397.03,363.85,100.0,6.74
2022-01-26,931446,中证东方红红利低波动指数,东证红利低波,CSI Dongfanghong Dividend Low Volatility Index,DFH Dividend Low Volatility,2517.9,2535.58,2509.55,2531.33,19.29,0.77,3566.55,290.72,100.0,6.78
2022-01-27,931446,中证东方红红利低波动指数,东证红利低波,CSI Dongfanghong Dividend Low Volatility Index,DFH Dividend Low Volatility,2528.07,2532.14,2502.6,2502.98,-28.35,-1.12,3907.99,326.05,100.0,6.74
2022-01-28,931446,中证东方红红利低波动指数,东证红利低波,CSI Dongfanghong Dividend Low Volatility Index,DFH Dividend Low Volatility,2513.2,2517.61,2487.13,2491.13,-11.85,-0.47,4347.49,351.92,100.0,6.65
2022-02-07,931446,中证东方红红利低波动指数,东证红利低波,CSI Dongfanghong Dividend Low Volatility Index,DFH Dividend Low Volatility,2518.9,2567.59,2518.9,2565.25,74.12,2.97,5425.0,444.3,100.0,6.87
2022-02-08,931446,中证东方红红利低波动指数,东证红利低波,CSI Dongfanghong Dividend Low Volatility Index,DFH Dividend Low Volatility,2566.59,2626.76,2564.65,2626.36,61.11,2.38,6421.05,482.08,100.0,6.99
2022-02-09,931446,中证东方红红利低波动指数,东证红利低波,CSI Dongfanghong Dividend Low Volatility Index,DFH Dividend Low Volatility,2625.16,2640.14,2620.51,2636.53,10.17,0.39,5138.71,421.12,100.0,6.98
2022-02-10,931446,中证东方红红利低波动指数,东证红利低波,CSI Dongfanghong Dividend Low Volatility Index,DFH Dividend Low Volatility,2636.48,2659.03,2627.45,2658.33,21.8,0.83,4741.51,392.86,100.0,7.05
2022-02-11,931446,中证东方红红利低波动指数,东证红利低波,CSI Dongfanghong Dividend Low Volatility Index,DFH Dividend Low Volatility,2652.96,2673.85,2645.37,2647.56,-10.77,-0.4,5617.09,515.25,100.0,7.11
2022-02-14,931446,中证东方红红利低波动指数,东证红利低波,CSI Dongfanghong Dividend Low Volatility Index,DFH Dividend Low Volatility,2643.66,2645.55,2602.5,2609.32,-38.24,-1.44,5092.71,423.41,100.0,6.98
2022-02-15,931446,中证东方红红利低波动指数,东证红利低波,CSI Dongfanghong Dividend Low Volatility Index,DFH Dividend Low Volatility,2607.38,2612.23,2584.26,2599.2,-10.11,-0.39,4136.36,350.85,100.0,6.91
2022-02-16,931446,中证东方红红利低波动指数,东证红利低波,CSI Dongfanghong Dividend Low Volatility Index,DFH Dividend Low Volatility,2603.91,2626.09,2603.91,2619.9,20.69,0.8,3462.14,289.66,100.0,6.95
2022-02-17,931446,中证东方红红利低波动指数,东证红利低波,CSI Dongfanghong Dividend Low Volatility Index,DFH Dividend Low Volatility,2620.13,2620.83,2602.14,2606.07,-13.83,-0.53,3570.76,303.7,100.0,6.96
2022-02-18,931446,中证东方红红利低波动指数,东证红利低波,CSI Dongfanghong Dividend Low Volatility Index,DFH Dividend Low Volatility,2596.69,2649.51,2595.03,2649.47,43.4,1.67,4092.0,319.5,100.0,7.02
2022-02-21,931446,中证东方红红利低波动指数,东证红利低波,CSI Dongfanghong Dividend Low Volatility Index,DFH Dividend Low Volatility,2649.11,2659.8,2630.91,2657.21,7.74,0.29,3709.5,289.63,100.0,7.0
2022-02-22,931446,中证东方红红利低波动指数,东证红利低波,CSI Dongfanghong Dividend Low Volatility Index,DFH Dividend Low Volatility,2645.14,2648.3,2619.09,2632.34,-24.87,-0.94,4201.37,349.46,100.0,6.97
2022-02-23,931446,中证东方红红利低波动指数,东证红利低波,CSI Dongfanghong Dividend Low Volatility Index,DFH Dividend Low Volatility,2632.75,2637.33,2612.72,2617.95,-14.39,-0.55,4147.25,329.5,100.0,6.92
2022-02-24,931446,中证东方红红利低波动指数,东证红利低波,CSI Dongfanghong Dividend Low Volatility Index,DFH Dividend Low Volatility,2613.58,2619.43,2561.54,2577.45,-40.5,-1.55,6414.5,496.4,100.0,6.85
2022-02-25,931446,中证东方红红利低波动指数,东证红利低波,CSI Dongfanghong Dividend Low Volatility Index,DFH Dividend Low Volatility,2583.94,2599.49,2573.58,2581.17,3.72,0.14,5418.23,407.73,100.0,6.81
2022-02-28,931446,中证东方红红利低波动指数,东证红利低波,CSI Dongfanghong Dividend Low Volatility Index,DFH Dividend Low Volatility,2580.59,2581.57,2556.54,2576.86,-4.31,-0.17,4537.77,347.7,100.0,6.82
2022-03-01,931446,中证东方红红利低波动指数,东证红利低波,CSI Dongfanghong Dividend Low Volatility Index,DFH Dividend Low Volatility,2580.16,2598.33,2573.79,2596.12,19.26,0.75,4047.13,320.57,100.0,6.87
2022-03-02,931446,中证东方红红利低波动指数,东证红利低波,CSI Dongfanghong Dividend Low Volatility Index,DFH Dividend Low Volatility,2591.39,2614.07,2589.47,2611.58,15.46,0.6,4238.22,309.31,100.0,6.88
2022-03-03,931446,中证东方红红利低波动指数,东证红利低波,CSI Dongfanghong Dividend Low Volatility Index,DFH Dividend Low Volatility,2620.34,2658.5,2620.3,2657.25,45.67,1.75,6005.57,411.19,100.0,6.97
2022-03-04,931446,中证东方红红利低波动指数,东证红利低波,CSI Dongfanghong Dividend Low Volatility Index,DFH Dividend Low Volatility,2650.43,2651.92,2622.77,2638.17,-19.08,-0.72,5533.69,412.59,100.0,6.91
2022-03-07,931446,中证东方红红利低波动指数,东证红利低波,CSI Dongfanghong Dividend Low Volatility Index,DFH Dividend Low Volatility,2633.3,2644.61,2608.49,2616.58,-21.59,-0.82,5945.19,477.78,100.0,6.83
2022-03-08,931446,中证东方红红利低波动指数,东证红利低波,CSI Dongfanghong Dividend Low Volatility Index,DFH Dividend Low Volatility,2616.65,2618.38,2543.6,2543.6,-72.98,-2.79,5912.96,484.87,100.0,6.69
2022-03-09,931446,中证东方红红利低波动指数,东证红利低波,CSI Dongfanghong Dividend Low Volatility Index,DFH Dividend Low Volatility,2549.36,2569.01,2450.62,2519.87,-23.73,-0.93,7080.52,546.38,100.0,6.62
2022-03-10,931446,中证东方红红利低波动指数,东证红利低波,CSI Dongfanghong Dividend Low Volatility Index,DFH Dividend Low Volatility,2554.74,2580.75,2532.03,2561.7,41.83,1.66,5069.36,411.01,100.0,6.63
2022-03-11,931446,中证东方红红利低波动指数,东证红利低波,CSI Dongfanghong Dividend Low Volatility Index,DFH Dividend Low Volatility,2541.3,2574.21,2509.33,2569.65,7.95,0.31,5631.35,450.65,100.0,6.65
2022-03-14,931446,中证东方红红利低波动指数,东证红利低波,CSI Dongfanghong Dividend Low Volatility Index,DFH Dividend Low Volatility,2547.95,2580.32,2518.51,2518.51,-51.14,-1.99,4750.25,400.91,100.0,6.53
2022-03-15,931446,中证东方红红利低波动指数,东证红利低波,CSI Dongfanghong Dividend Low Volatility Index,DFH Dividend Low Volatility,2503.54,2503.64,2386.03,2386.03,-132.48,-5.26,7692.75,596.53,100.0,6.23
2022-03-16,931446,中证东方红红利低波动指数,东证红利低波,CSI Dongfanghong Dividend Low Volatility Index,DFH Dividend Low Volatility,2412.55,2453.71,2345.68,2444.07,58.04,2.43,6483.86,521.97,100.0,6.4
2022-03-17,931446,中证东方红红利低波动指数,东证红利低波,CSI Dongfanghong Dividend Low Volatility Index,DFH Dividend Low Volatility,2465.03,2498.89,2461.15,2465.31,21.24,0.87,5718.44,497.02,100.0,6.43
2022-03-18,931446,中证东方红红利低波动指数,东证红利低波,CSI Dongfanghong Dividend Low Volatility Index,DFH Dividend Low Volatility,2459.78,2524.51,2455.93,2519.45,54.15,2.2,5802.51,500.0,100.0,6.56
2022-03-21,931446,中证东方红红利低波动指数,东证红利低波,CSI Dongfanghong Dividend Low Volatility Index,DFH Dividend Low Volatility,2525.35,2532.34,2500.7,2518.28,-1.18,-0.05,4265.5,382.39,100.0,6.51
2022-03-22,931446,中证东方红红利低波动指数,东证红利低波,CSI Dongfanghong Dividend Low Volatility Index,DFH Dividend Low Volatility,2518.32,2558.62,2513.01,2547.14,28.86,1.15,5059.27,427.51,100.0,6.61
2022-03-23,931446,中证东方红红利低波动指数,东证红利低波,CSI Dongfanghong Dividend Low Volatility Index,DFH Dividend Low Volatility,2545.58,2551.4,2520.47,2539.81,-7.33,-0.29,4555.21,407.58,100.0,6.59
2022-03-24,931446,中证东方红红利低波动指数,东证红利低波,CSI Dongfanghong Dividend Low Volatility Index,DFH Dividend Low Volatility,2527.93,2550.59,2524.37,2537.52,-2.29,-0.09,3799.25,337.31,100.0,6.6
2022-03-25,931446,中证东方红红利低波动指数,东证红利低波,CSI Dongfanghong Dividend Low Volatility Index,DFH Dividend Low Volatility,2535.07,2556.0,2526.52,2529.9,-7.62,-0.3,4247.19,380.89,100.0,6.59
2022-03-28,931446,中证东方红红利低波动指数,东证红利低波,CSI Dongfanghong Dividend Low Volatility Index,DFH Dividend Low Volatility,2521.52,2558.65,2503.18,2552.32,22.42,0.89,5009.77,390.85,100.0,6.68
2022-03-29,931446,中证东方红红利低波动指数,东证红利低波,CSI Dongfanghong Dividend Low Volatility Index,DFH Dividend Low Volatility,2548.5,2558.71,2536.16,2550.91,-1.41,-0.06,4038.71,334.66,100.0,6.71
2022-03-30,931446,中证东方红红利低波动指数,东证红利低波,CSI Dongfanghong Dividend Low Volatility Index,DFH Dividend Low Volatility,2552.29,2587.47,2546.53,2587.47,36.56,1.43,5063.95,410.77,100.0,6.76
2022-03-31,931446,中证东方红红利低波动指数,东证红利低波,CSI Dongfanghong Dividend Low Volatility Index,DFH Dividend Low Volatility,2579.28,2624.47,2576.15,2606.24,18.78,0.73,5995.12,482.26,100.0,6.82
2022-04-01,931446,中证东方红红利低波动指数,东证红利低波,CSI Dongfanghong Dividend Low Volatility Index,DFH Dividend Low Volatility,2589.1,2627.19,2586.81,2625.46,19.22,0.74,5492.48,430.19,100.0,6.87
2022-04-06,931446,中证东方红红利低波动指数,东证红利低波,CSI Dongfanghong Dividend Low Volatility Index,DFH Dividend Low Volatility,2621.07,2671.83,2620.9,2670.1,44.64,1.7,7021.63,528.9,100.0,6.95
2022-04-07,931446,中证东方红红利低波动指数,东证红利低波,CSI Dongfanghong Dividend Low Volatility Index,DFH Dividend Low Volatility,2658.05,2670.13,2622.36,2622.77,-47.34,-1.77,5807.58,441.17,100.0,6.89
2022-04-08,931446,中证东方红红利低波动指数,东证红利低波,CSI Dongfanghong Dividend Low Volatility Index,DFH Dividend Low Volatility,2628.89,2647.24,2604.68,2646.85,24.08,0.92,5648.88,430.8,100.0,6.95
2022-04-11,931446,中证东方红红利低波动指数,东证红利低波,CSI Dongfanghong Dividend Low Volatility Index,DFH Dividend Low Volatility,2647.13,2647.13,2603.24,2610.78,-36.07,-1.36,5671.94,442.94,100.0,6.87
2022-04-12,931446,中证东方红红利低波动指数,东证红利低波,CSI Dongfanghong Dividend Low Volatility Index,DFH Dividend Low Volatility,2615.35,2645.87,2598.65,2630.79,20.01,0.77,5824.39,443.85,100.0,6.89
2022-04-13,931446,中证东方红红利低波动指数,东证红利低波,CSI Dongfanghong Dividend Low Volatility Index,DFH Dividend Low Volatility,2618.92,2637.27,2606.86,2606.86,-23.92,-0.91,4947.22,375.77,100.0,6.88
2022-04-14,931446,中证东方红红利低波动指数,东证红利低波,CSI Dongfanghong Dividend Low Volatility Index,DFH Dividend Low Volatility,2611.82,2641.68,2609.55,2628.58,21.71,0.83,4501.05,367.03,100.0,6.9
2022-04-15,931446,中证东方红红利低波动指数,东证红利低波,CSI Dongfanghong Dividend Low Volatility Index,DFH Dividend Low Volatility,2621.16,2645.07,2612.36,2618.28,-10.3,-0.39,4726.28,385.15,100.0,6.91
2022-04-18,931446,中证东方红红利低波动指数,东证红利低波,CSI Dongfanghong Dividend Low Volatility Index,DFH Dividend Low Volatility,2607.61,2616.43,2590.47,2596.85,-21.42,-0.82,4858.22,478.1,100.0,6.78
2022-04-19,931446,中证东方红红利低波动指数,东证红利低波,CSI Dongfanghong Dividend Low Volatility Index,DFH Dividend Low Volatility,2592.17,2625.65,2586.13,2622.34,25.49,0.98,4536.42,445.46,100.0,6.82
2022-04-20,931446,中证东方红红利低波动指数,东证红利低波,CSI Dongfanghong Dividend Low Volatility Index,DFH Dividend Low Volatility,2620.21,2628.33,2566.19,2569.46,-52.89,-2.02,4548.82,402.34,100.0,6.73
2022-04-21,931446,中证东方红红利低波动指数,东证红利低波,CSI Dongfanghong Dividend Low Volatility Index,DFH Dividend Low Volatility,2563.97,2579.85,2513.66,2520.52,-48.94,-1.9,5331.75,448.9,100.0,6.67
2022-04-22,931446,中证东方红红利低波动指数,东证红利低波,CSI Dongfanghong Dividend Low Volatility Index,DFH Dividend Low Volatility,2509.19,2561.46,2502.89,2552.82,32.3,1.28,5002.89,418.69,100.0,6.77
2022-04-25,931446,中证东方红红利低波动指数,东证红利低波,CSI Dongfanghong Dividend Low Volatility Index,DFH Dividend Low Volatility,2527.15,2540.07,2460.89,2460.89,-91.92,-3.6,6968.53,573.18,100.0,6.54
2022-04-26,931446,中证东方红红利低波动指数,东证红利低波,CSI Dongfanghong Dividend Low Volatility Index,DFH Dividend Low Volatility,2462.74,2499.6,2439.2,2443.03,-17.86,-0.73,6204.27,483.69,100.0,6.52
2022-04-27,931446,中证东方红红利低波动指数,东证红利低波,CSI Dongfanghong Dividend Low Volatility Index,DFH Dividend Low Volatility,2432.08,2483.29,2416.9,2482.57,39.54,1.62,6700.61,526.32,100.0,6.52
2022-04-28,931446,中证东方红红利低波动指数,东证红利低波,CSI Dongfanghong Dividend Low Volatility Index,DFH Dividend Low Volatility,2476.86,2521.22,2473.54,2521.22,38.65,1.56,6464.3,517.76,100.0,6.64
2022-04-29,931446,中证东方红红利低波动指数,东证红利低波,CSI Dongfanghong Dividend Low Volatility Index,DFH Dividend Low Volatility,2524.38,2564.67,2507.85,2559.91,38.69,1.53,6918.67,571.06,100.0,6.68
2022-05-05,931446,中证东方红红利低波动指数,东证红利低波,CSI Dongfanghong Dividend Low Volatility Index,DFH Dividend Low Volatility,2555.9,2569.07,2547.54,2566.6,6.69,0.26,6257.58,500.84,100.0,6.43
2022-05-06,931446,中证东方红红利低波动指数,东证红利低波,CSI Dongfanghong Dividend Low Volatility Index,DFH Dividend Low Volatility,2520.76,2533.75,2498.19,2504.5,-62.1,-2.42,5018.34,399.13,100.0,6.31
2022-05-09,931446,中证东方红红利低波动指数,东证红利低波,CSI Dongfanghong Dividend Low Volatility Index,DFH Dividend Low Volatility,2503.74,2533.18,2501.99,2532.51,28.01,1.12,4019.02,328.22,100.0,6.29
2022-05-10,931446,中证东方红红利低波动指数,东证红利低波,CSI Dongfanghong Dividend Low Volatility Index,DFH Dividend Low Volatility,2509.53,2570.91,2501.72,2570.83,38.32,1.51,5453.49,422.12,100.0,6.31
2022-05-11,931446,中证东方红红利低波动指数,东证红利低波,CSI Dongfanghong Dividend Low Volatility Index,DFH Dividend Low Volatility,2580.15,2590.74,2561.91,2564.67,-6.16,-0.24,5626.0,489.04,100.0,6.29
2022-05-12,931446,中证东方红红利低波动指数,东证红利低波,CSI Dongfanghong Dividend Low Volatility Index,DFH Dividend Low Volatility,2560.68,2587.67,2544.27,2565.92,1.25,0.05,4552.64,405.44,100.0,6.25
2022-05-13,931446,中证东方红红利低波动指数,东证红利低波,CSI Dongfanghong Dividend Low Volatility Index,DFH Dividend Low Volatility,2571.95,2594.4,2566.52,2592.97,27.05,1.05,4572.58,417.73,100.0,6.34
2022-05-16,931446,中证东方红红利低波动指数,东证红利低波,CSI Dongfanghong Dividend Low Volatility Index,DFH Dividend Low Volatility,2604.94,2608.06,2575.3,2589.04,-3.93,-0.15,4348.1,381.87,100.0,6.3
2022-05-17,931446,中证东方红红利低波动指数,东证红利低波,CSI Dongfanghong Dividend Low Volatility Index,DFH Dividend Low Volatility,2585.56,2585.56,2547.75,2564.23,-24.81,-0.96,4416.87,384.97,100.0,6.33
2022-05-18,931446,中证东方红红利低波动指数,东证红利低波,CSI Dongfanghong Dividend Low Volatility Index,DFH Dividend Low Volatility,2560.69,2572.15,2552.52,2557.23,-7.0,-0.27,3819.52,339.98,100.0,6.29
2022-05-19,931446,中证东方红红利低波动指数,东证红利低波,CSI Dongfanghong Dividend Low Volatility Index,DFH Dividend Low Volatility,2529.2,2571.02,2526.18,2570.55,13.32,0.52,3962.29,335.67,100.0,6.28
2022-05-20,931446,中证东方红红利低波动指数,东证红利低波,CSI Dongfanghong Dividend Low Volatility Index,DFH Dividend Low Volatility,2573.54,2595.8,2573.54,2593.81,23.26,0.9,4586.92,426.99,100.0,6.37
2022-05-23,931446,中证东方红红利低波动指数,东证红利低波,CSI Dongfanghong Dividend Low Volatility Index,DFH Dividend Low Volatility,2595.08,2595.33,2577.19,2585.87,-7.95,-0.31,3848.44,327.9,100.0,6.34
2022-05-24,931446,中证东方红红利低波动指数,东证红利低波,CSI Dongfanghong Dividend Low Volatility Index,DFH Dividend Low Volatility,2588.65,2589.11,2523.4,2523.4,-62.47,-2.42,4587.97,373.4,100.0,6.29
2022-05-25,931446,中证东方红红利低波动指数,东证红利低波,CSI Dongfanghong Dividend Low Volatility Index,DFH Dividend Low Volatility,2524.1,2576.8,2524.1,2576.21,52.81,2.09,4051.2,315.68,100.0,6.34
2022-05-26,931446,中证东方红红利低波动指数,东证红利低波,CSI Dongfanghong Dividend Low Volatility Index,DFH Dividend Low Volatility,2580.32,2605.94,2575.04,2600.17,23.96,0.93,4501.63,370.5,100.0,6.37
2022-05-27,931446,中证东方红红利低波动指数,东证红利低波,CSI Dongfanghong Dividend Low Volatility Index,DFH Dividend Low Volatility,2602.0,2621.67,2595.6,2614.81,14.65,0.56,4518.35,381.26,100.0,6.42
2022-05-30,931446,中证东方红红利低波动指数,东证红利低波,CSI Dongfanghong Dividend Low Volatility Index,DFH Dividend Low Volatility,2623.76,2626.39,2599.67,2611.46,-3.36,-0.13,4544.3,362.75,100.0,6.39
2022-05-31,931446,中证东方红红利低波动指数,东证红利低波,CSI Dongfanghong Dividend Low Volatility Index,DFH Dividend Low Volatility,2609.13,2609.73,2592.55,2606.36,-5.1,-0.19,4990.07,400.58,100.0,6.42
2022-06-01,931446,中证东方红红利低波动指数,东证红利低波,CSI Dongfanghong Dividend Low Volatility Index,DFH Dividend Low Volatility,2598.58,2608.43,2577.94,2597.45,-8.91,-0.34,4186.38,334.55,100.0,6.4
2022-06-02,931446,中证东方红红利低波动指数,东证红利低波,CSI Dongfanghong Dividend Low Volatility Index,DFH Dividend Low Volatility,2593.0,2593.0,2574.83,2583.41,-14.04,-0.54,3674.19,305.61,100.0,6.36
2022-06-06,931446,中证东方红红利低波动指数,东证红利低波,CSI Dongfanghong Dividend Low Volatility Index,DFH Dividend Low Volatility,2579.62,2585.96,2561.86,2584.98,1.57,0.06,5569.03,433.29,100.0,6.36
2022-06-07,931446,中证东方红红利低波动指数,东证红利低波,CSI Dongfanghong Dividend Low Volatility Index,DFH Dividend Low Volatility,2582.27,2599.14,2575.27,2592.47,7.49,0.29,4903.86,399.91,100.0,6.38
2022-06-08,931446,中证东方红红利低波动指数,东证红利低波,CSI Dongfanghong Dividend Low Volatility Index,DFH Dividend Low Volatility,2588.74,2597.14,2565.66,2597.14,4.67,0.18,4986.74,390.44,100.0,6.42
2022-06-09,931446,中证东方红红利低波动指数,东证红利低波,CSI Dongfanghong Dividend Low Volatility Index,DFH Dividend Low Volatility,2591.68,2619.28,2589.65,2603.22,6.07,0.23,5733.69,458.65,100.0,6.46
2022-06-10,931446,中证东方红红利低波动指数,东证红利低波,CSI Dongfanghong Dividend Low Volatility Index,DFH Dividend Low Volatility,2584.11,2614.99,2579.36,2612.76,9.54,0.37,5963.15,454.14,100.0,6.49
2022-06-13,931446,中证东方红红利低波动指数,东证红利低波,CSI Dongfanghong Dividend Low Volatility Index,DFH Dividend Low Volatility,2597.41,2599.92,2556.3,2573.71,-39.06,-1.49,5604.41,438.72,100.0,6.42
2022-06-14,931446,中证东方红红利低波动指数,东证红利低波,CSI Dongfanghong Dividend Low Volatility Index,DFH Dividend Low Volatility,2559.45,2608.05,2549.02,2607.54,33.84,1.31,5513.91,415.85,100.0,6.54
2022-06-15,931446,中证东方红红利低波动指数,东证红利低波,CSI Dongfanghong Dividend Low Volatility Index,DFH Dividend Low Volatility,2605.39,2659.85,2604.41,2624.27,16.72,0.64,8360.43,701.87,100.0,6.59
2022-06-16,931446,中证东方红红利低波动指数,东证红利低波,CSI Dongfanghong Dividend Low Volatility Index,DFH Dividend Low Volatility,2622.06,2627.82,2589.49,2592.52,-31.74,-1.21,5405.75,434.66,100.0,6.48
2022-06-17,931446,中证东方红红利低波动指数,东证红利低波,CSI Dongfanghong Dividend Low Volatility Index,DFH Dividend Low Volatility,2580.81,2587.3,2558.15,2584.12,-8.41,-0.32,4541.28,367.68,100.0,6.49
2022-06-20,931446,中证东方红红利低波动指数,东证红利低波,CSI Dongfanghong Dividend Low Volatility Index,DFH Dividend Low Volatility,2580.85,2580.92,2566.34,2573.9,-10.22,-0.4,4609.52,386.48,100.0,6.4
2022-06-21,931446,中证东方红红利低波动指数,东证红利低波,CSI Dongfanghong Dividend Low Volatility Index,DFH Dividend Low Volatility,2574.1,2587.64,2562.98,2579.08,5.18,0.2,4303.37,352.43,100.0,6.44
2022-06-22,931446,中证东方红红利低波动指数,东证红利低波,CSI Dongfanghong Dividend Low Volatility Index,DFH Dividend Low Volatility,2580.12,2580.57,2547.46,2547.89,-31.19,-1.21,3923.13,321.8,100.0,6.36
2022-06-23,931446,中证东方红红利低波动指数,东证红利低波,CSI Dongfanghong Dividend Low Volatility Index,DFH Dividend Low Volatility,2550.06,2567.19,2539.99,2567.19,19.3,0.76,4120.45,344.51,100.0,6.43
2022-06-24,931446,中证东方红红利低波动指数,东证红利低波,CSI Dongfanghong Dividend Low Volatility Index,DFH Dividend Low Volatility,2566.18,2568.19,2550.24,2560.03,-7.16,-0.28,4218.16,398.47,100.0,6.41
2022-06-27,931446,中证东方红红利低波动指数,东证红利低波,CSI Dongfanghong Dividend Low Volatility Index,DFH Dividend Low Volatility,2565.15,2580.66,2564.39,2569.31,9.28,0.36,4613.47,419.87,100.0,6.45
2022-06-28,931446,中证东方红红利低波动指数,东证红利低波,CSI Dongfanghong Dividend Low Volatility Index,DFH Dividend Low Volatility,2568.64,2584.01,2563.92,2583.2,13.89,0.54,4204.59,342.27,100.0,6.47
2022-06-29,931446,中证东方红红利低波动指数,东证红利低波,CSI Dongfanghong Dividend Low Volatility Index,DFH Dividend Low Volatility,2574.86,2588.89,2571.83,2573.18,-10.02,-0.39,5104.04,408.86,100.0,6.46
2022-06-30,931446,中证东方红红利低波动指数,东证红利低波,CSI Dongfanghong Dividend Low Volatility Index,DFH Dividend Low Volatility,2570.95,2583.66,2565.67,2576.32,3.13,0.12,4626.91,394.01,100.0,6.47
2022-07-01,931446,中证东方红红利低波动指数,东证红利低波,CSI Dongfanghong Dividend Low Volatility Index,DFH Dividend Low Volatility,2578.2,2587.33,2569.83,2576.04,-0.28,-0.01,3791.82,334.28,100.0,6.47
2022-07-04,931446,中证东方红红利低波动指数,东证红利低波,CSI Dongfanghong Dividend Low Volatility Index,DFH Dividend Low Volatility,2575.44,2581.94,2568.59,2581.0,4.96,0.19,4047.86,350.07,100.0,6.48
2022-07-05,931446,中证东方红红利低波动指数,东证红利低波,CSI Dongfanghong Dividend Low Volatility Index,DFH Dividend Low Volatility,2584.13,2591.4,2566.01,2581.69,0.69,0.03,4178.3,347.32,100.0,6.5
2022-07-06,931446,中证东方红红利低波动指数,东证红利低波,CSI Dongfanghong Dividend Low Volatility Index,DFH Dividend Low Volatility,2576.1,2576.1,2536.47,2546.4,-35.29,-1.37,4673.29,367.97,100.0,6.4
2022-07-07,931446,中证东方红红利低波动指数,东证红利低波,CSI Dongfanghong Dividend Low Volatility Index,DFH Dividend Low Volatility,2542.1,2549.65,2535.99,2538.5,-7.9,-0.31,3402.63,282.92,100.0,6.39
2022-07-08,931446,中证东方红红利低波动指数,东证红利低波,CSI Dongfanghong Dividend Low Volatility Index,DFH Dividend Low Volatility,2542.42,2548.14,2536.89,2541.82,3.32,0.13,3575.02,309.25,100.0,6.42
2022-07-11,931446,中证东方红红利低波动指数,东证红利低波,CSI Dongfanghong Dividend Low Volatility Index,DFH Dividend Low Volatility,2539.18,2544.31,2532.73,2539.63,-2.19,-0.09,4525.99,364.15,100.0,6.38
2022-07-12,931446,中证东方红红利低波动指数,东证红利低波,CSI Dongfanghong Dividend Low Volatility Index,DFH Dividend Low Volatility,2535.43,2557.61,2534.58,2545.13,5.49,0.22,5044.95,402.65,100.0,6.35
2022-07-13,931446,中证东方红红利低波动指数,东证红利低波,CSI Dongfanghong Dividend Low Volatility Index,DFH Dividend Low Volatility,2545.19,2550.64,2537.25,2545.04,-0.09,0.0,5255.75,424.67,100.0,6.29
2022-07-14,931446,中证东方红红利低波动指数,东证红利低波,CSI Dongfanghong Dividend Low Volatility Index,DFH Dividend Low Volatility,2539.65,2539.85,2508.42,2513.28,-31.76,-1.25,5461.72,476.36,100.0,6.2
2022-07-15,931446,中证东方红红利低波动指数,东证红利低波,CSI Dongfanghong Dividend Low Volatility Index,DFH Dividend Low Volatility,2494.68,2494.98,2451.02,2451.02,-62.26,-2.48,5022.46,404.37,100.0,6.04
2022-07-18,931446,中证东方红红利低波动指数,东证红利低波,CSI Dongfanghong Dividend Low Volatility Index,DFH Dividend Low Volatility,2451.51,2492.03,2451.51,2492.01,40.99,1.67,3855.24,303.12,100.0,6.14
2022-07-19,931446,中证东方红红利低波动指数,东证红利低波,CSI Dongfanghong Dividend Low Volatility Index,DFH Dividend Low Volatility,2495.14,2503.93,2487.24,2500.62,8.61,0.34,3208.08,243.62,100.0,6.16
2022-07-20,931446,中证东方红红利低波动指数,东证红利低波,CSI Dongfanghong Dividend Low Volatility Index,DFH Dividend Low Volatility,2507.63,2511.67,2504.04,2510.77,10.15,0.4,2955.26,230.85,100.0,6.18
2022-07-21,931446,中证东方红红利低波动指数,东证红利低波,CSI Dongfanghong Dividend Low Volatility Index,DFH Dividend Low Volatility,2505.29,2505.95,2481.76,2481.76,-29.0,-1.15,3406.55,263.88,100.0,6.08
2022-07-22,931446,中证东方红红利低波动指数,东证红利低波,CSI Dongfanghong Dividend Low Volatility Index,DFH Dividend Low Volatility,2483.5,2502.28,2474.04,2488.24,6.48,0.26,3047.38,223.24,100.0,6.11
2022-07-25,931446,中证东方红红利低波动指数,东证红利低波,CSI Dongfanghong Dividend Low Volatility Index,DFH Dividend Low Volatility,2489.22,2497.06,2479.07,2484.09,-4.15,-0.17,2466.65,189.86,100.0,6.12
2022-07-26,931446,中证东方红红利低波动指数,东证红利低波,CSI Dongfanghong Dividend Low Volatility Index,DFH Dividend Low Volatility,2485.12,2503.51,2479.75,2501.56,17.47,0.7,2749.28,209.9,100.0,6.15
2022-07-27,931446,中证东方红红利低波动指数,东证红利低波,CSI Dongfanghong Dividend Low Volatility Index,DFH Dividend Low Volatility,2499.14,2500.34,2490.18,2493.44,-8.11,-0.32,2333.15,188.07,100.0,6.11
2022-07-28,931446,中证东方红红利低波动指数,东证红利低波,CSI Dongfanghong Dividend Low Volatility Index,DFH Dividend Low Volatility,2496.99,2501.43,2488.37,2490.33,-3.11,-0.12,2706.18,215.11,100.0,6.1
2022-07-29,931446,中证东方红红利低波动指数,东证红利低波,CSI Dongfanghong Dividend Low Volatility Index,DFH Dividend Low Volatility,2491.95,2497.07,2469.22,2471.79,-18.54,-0.74,3098.13,251.1,100.0,6.06
2022-08-01,931446,中证东方红红利低波动指数,东证红利低波,CSI Dongfanghong Dividend Low Volatility Index,DFH Dividend Low Volatility,2468.38,2468.38,2450.85,2461.71,-10.08,-0.41,2848.87,226.06,100.0,6.04
2022-08-02,931446,中证东方红红利低波动指数,东证红利低波,CSI Dongfanghong Dividend Low Volatility Index,DFH Dividend Low Volatility,2447.55,2447.55,2376.94,2399.36,-62.35,-2.53,4639.14,334.84,100.0,5.94
2022-08-03,931446,中证东方红红利低波动指数,东证红利低波,CSI Dongfanghong Dividend Low Volatility Index,DFH Dividend Low Volatility,2397.73,2419.66,2375.8,2375.8,-23.56,-0.98,3232.39,248.82,100.0,5.89
2022-08-04,931446,中证东方红红利低波动指数,东证红利低波,CSI Dongfanghong Dividend Low Volatility Index,DFH Dividend Low Volatility,2386.7,2393.77,2373.87,2392.64,16.84,0.71,2790.79,197.71,100.0,5.95
2022-08-05,931446,中证东方红红利低波动指数,东证红利低波,CSI Dongfanghong Dividend Low Volatility Index,DFH Dividend Low Volatility,2390.63,2410.55,2378.81,2408.84,16.2,0.68,2592.02,197.97,100.0,5.98
2022-08-08,931446,中证东方红红利低波动指数,东证红利低波,CSI Dongfanghong Dividend Low Volatility Index,DFH Dividend Low Volatility,2406.8,2417.11,2404.12,2413.09,4.25,0.18,2322.84,178.32,100.0,5.97
2022-08-09,931446,中证东方红红利低波动指数,东证红利低波,CSI Dongfanghong Dividend Low Volatility Index,DFH Dividend Low Volatility,2413.16,2415.23,2404.54,2411.71,-1.37,-0.06,2276.56,167.07,100.0,5.97
2022-08-10,931446,中证东方红红利低波动指数,东证红利低波,CSI Dongfanghong Dividend Low Volatility Index,DFH Dividend Low Volatility,2410.71,2412.18,2394.35,2401.53,-10.18,-0.42,2142.9,170.65,100.0,5.94
2022-08-11,931446,中证东方红红利低波动指数,东证红利低波,CSI Dongfanghong Dividend Low Volatility Index,DFH Dividend Low Volatility,2408.68,2435.4,2408.68,2434.84,33.3,1.39,2971.67,237.1,100.0,6.02
2022-08-12,931446,中证东方红红利低波动指数,东证红利低波,CSI Dongfanghong Dividend Low Volatility Index,DFH Dividend Low Volatility,2433.43,2447.61,2428.36,2444.64,9.81,0.4,2709.32,189.89,100.0,6.04
2022-08-15,931446,中证东方红红利低波动指数,东证红利低波,CSI Dongfanghong Dividend Low Volatility Index,DFH Dividend Low Volatility,2440.5,2445.74,2429.84,2434.22,-10.43,-0.43,2667.92,201.19,100.0,6.01
2022-08-16,931446,中证东方红红利低波动指数,东证红利低波,CSI Dongfanghong Dividend Low Volatility Index,DFH Dividend Low Volatility,2434.95,2446.4,2430.83,2438.78,4.56,0.19,2305.54,171.24,100.0,6.0
2022-08-17,931446,中证东方红红利低波动指数,东证红利低波,CSI Dongfanghong Dividend Low Volatility Index,DFH Dividend Low Volatility,2442.63,2452.55,2433.22,2451.68,12.9,0.53,2698.58,205.47,100.0,6.03
2022-08-18,931446,中证东方红红利低波动指数,东证红利低波,CSI Dongfanghong Dividend Low Volatility Index,DFH Dividend Low Volatility,2448.27,2448.37,2428.51,2429.99,-21.69,-0.88,2284.48,177.71,100.0,5.98
2022-08-19,931446,中证东方红红利低波动指数,东证红利低波,CSI Dongfanghong Dividend Low Volatility Index,DFH Dividend Low Volatility,2429.69,2448.88,2429.0,2438.94,8.95,0.37,2778.9,208.13,100.0,6.01
2022-08-22,931446,中证东方红红利低波动指数,东证红利低波,CSI Dongfanghong Dividend Low Volatility Index,DFH Dividend Low Volatility,2437.02,2456.1,2437.02,2451.33,12.39,0.51,2724.7,210.8,100.0,6.03
2022-08-23,931446,中证东方红红利低波动指数,东证红利低波,CSI Dongfanghong Dividend Low Volatility Index,DFH Dividend Low Volatility,2452.56,2461.83,2442.49,2456.6,5.27,0.21,2861.07,215.7,100.0,6.01
2022-08-24,931446,中证东方红红利低波动指数,东证红利低波,CSI Dongfanghong Dividend Low Volatility Index,DFH Dividend Low Volatility,2455.54,2464.42,2432.98,2433.74,-22.86,-0.93,3383.84,280.47,100.0,6.0
2022-08-25,931446,中证东方红红利低波动指数,东证红利低波,CSI Dongfanghong Dividend Low Volatility Index,DFH Dividend Low Volatility,2441.92,2468.84,2437.3,2467.79,34.05,1.4,3475.53,294.0,100.0,6.09
2022-08-26,931446,中证东方红红利低波动指数,东证红利低波,CSI Dongfanghong Dividend Low Volatility Index,DFH Dividend Low Volatility,2469.87,2479.33,2458.22,2467.19,-0.6,-0.02,3144.15,261.92,100.0,6.07
2022-08-29,931446,中证东方红红利低波动指数,东证红利低波,CSI Dongfanghong Dividend Low Volatility Index,DFH Dividend Low Volatility,2452.89,2476.08,2445.09,2474.92,7.73,0.31,3429.06,267.92,100.0,6.07
2022-08-30,931446,中证东方红红利低波动指数,东证红利低波,CSI Dongfanghong Dividend Low Volatility Index,DFH Dividend Low Volatility,2473.81,2488.5,2469.34,2482.13,7.21,0.29,3280.43,242.81,100.0,6.07
2022-08-31,931446,中证东方红红利低波动指数,东证红利低波,CSI Dongfanghong Dividend Low Volatility Index,DFH Dividend Low Volatility,2479.17,2490.83,2468.28,2472.96,-9.17,-0.37,4686.11,415.21,100.0,6.1
2022-09-01,931446,中证东方红红利低波动指数,东证红利低波,CSI Dongfanghong Dividend Low Volatility Index,DFH Dividend Low Volatility,2472.03,2496.8,2468.38,2479.53,6.58,0.27,3507.67,314.03,100.0,5.96
2022-09-02,931446,中证东方红红利低波动指数,东证红利低波,CSI Dongfanghong Dividend Low Volatility Index,DFH Dividend Low Volatility,2483.41,2489.19,2477.49,2484.5,4.96,0.2,2994.55,250.44,100.0,5.95
2022-09-05,931446,中证东方红红利低波动指数,东证红利低波,CSI Dongfanghong Dividend Low Volatility Index,DFH Dividend Low Volatility,2485.01,2513.51,2484.19,2512.88,28.39,1.14,3433.9,265.92,100.0,6.01
2022-09-06,931446,中证东方红红利低波动指数,东证红利低波,CSI Dongfanghong Dividend Low Volatility Index,DFH Dividend Low Volatility,2515.01,2531.47,2512.48,2529.54,16.66,0.66,3598.67,281.3,100.0,6.03
2022-09-07,931446,中证东方红红利低波动指数,东证红利低波,CSI Dongfanghong Dividend Low Volatility Index,DFH Dividend Low Volatility,2526.79,2526.79,2512.0,2520.17,-9.37,-0.37,2844.57,226.85,100.0,6.01
2022-09-08,931446,中证东方红红利低波动指数,东证红利低波,CSI Dongfanghong Dividend Low Volatility Index,DFH Dividend Low Volatility,2520.85,2528.14,2511.27,2521.47,1.3,0.05,2823.95,213.82,100.0,6.01
2022-09-09,931446,中证东方红红利低波动指数,东证红利低波,CSI Dongfanghong Dividend Low Volatility Index,DFH Dividend Low Volatility,2524.06,2547.8,2522.86,2542.53,21.06,0.83,3878.45,342.71,100.0,6.07
2022-09-13,931446,中证东方红红利低波动指数,东证红利低波,CSI Dongfanghong Dividend Low Volatility Index,DFH Dividend Low Volatility,2545.96,2549.85,2532.36,2535.47,-7.06,-0.28,3677.65,319.36,100.0,6.08
2022-09-14,931446,中证东方红红利低波动指数,东证红利低波,CSI Dongfanghong Dividend Low Volatility Index,DFH Dividend Low Volatility,2514.25,2527.13,2510.68,2515.33,-20.14,-0.79,2938.19,217.81,100.0,6.04
2022-09-15,931446,中证东方红红利低波动指数,东证红利低波,CSI Dongfanghong Dividend Low Volatility Index,DFH Dividend Low Volatility,2525.22,2537.36,2496.99,2514.99,-0.34,-0.01,4396.17,355.12,100.0,6.08
2022-09-16,931446,中证东方红红利低波动指数,东证红利低波,CSI Dongfanghong Dividend Low Volatility Index,DFH Dividend Low Volatility,2512.12,2512.12,2450.72,2450.72,-64.28,-2.55,4698.75,348.63,100.0,5.94
2022-09-19,931446,中证东方红红利低波动指数,东证红利低波,CSI Dongfanghong Dividend Low Volatility Index,DFH Dividend Low Volatility,2450.98,2452.02,2432.63,2443.1,-7.61,-0.31,3214.02,227.09,100.0,5.95
2022-09-20,931446,中证东方红红利低波动指数,东证红利低波,CSI Dongfanghong Dividend Low Volatility Index,DFH Dividend Low Volatility,2450.27,2457.82,2437.32,2441.13,-1.97,-0.08,2710.27,199.74,100.0,5.9
2022-09-21,931446,中证东方红红利低波动指数,东证红利低波,CSI Dongfanghong Dividend Low Volatility Index,DFH Dividend Low Volatility,2438.0,2468.12,2422.96,2461.21,20.08,0.82,2759.75,195.09,100.0,5.93
2022-09-22,931446,中证东方红红利低波动指数,东证红利低波,CSI Dongfanghong Dividend Low Volatility Index,DFH Dividend Low Volatility,2452.37,2458.11,2444.35,2451.89,-9.32,-0.38,2773.78,203.19,100.0,5.93
2022-09-23,931446,中证东方红红利低波动指数,东证红利低波,CSI Dongfanghong Dividend Low Volatility Index,DFH Dividend Low Volatility,2450.31,2471.22,2439.8,2449.12,-2.77,-0.11,3503.59,231.37,100.0,5.96
2022-09-26,931446,中证东方红红利低波动指数,东证红利低波,CSI Dongfanghong Dividend Low Volatility Index,DFH Dividend Low Volatility,2436.19,2441.92,2393.62,2393.62,-55.5,-2.26,3761.64,248.09,100.0,5.83
2022-09-27,931446,中证东方红红利低波动指数,东证红利低波,CSI Dongfanghong Dividend Low Volatility Index,DFH Dividend Low Volatility,2397.6,2419.4,2382.92,2418.51,24.88,1.04,2815.51,210.49,100.0,5.84
2022-09-28,931446,中证东方红红利低波动指数,东证红利低波,CSI Dongfanghong Dividend Low Volatility Index,DFH Dividend Low Volatility,2415.98,2419.03,2397.78,2397.78,-20.73,-0.86,2758.06,209.72,100.0,5.82
2022-09-29,931446,中证东方红红利低波动指数,东证红利低波,CSI Dongfanghong Dividend Low Volatility Index,DFH Dividend Low Volatility,2411.47,2419.92,2369.14,2377.84,-19.94,-0.83,2947.23,223.75,100.0,5.79
2022-09-30,931446,中证东方红红利低波动指数,东证红利低波,CSI Dongfanghong Dividend Low Volatility Index,DFH Dividend Low Volatility,2378.57,2403.34,2378.57,2388.73,10.89,0.46,2626.09,190.73,100.0,5.83
2022-10-10,931446,中证东方红红利低波动指数,东证红利低波,CSI Dongfanghong Dividend Low Volatility Index,DFH Dividend Low Volatility,2391.94,2417.85,2385.59,2387.99,-0.74,-0.03,3939.37,282.23,100.0,5.83
2022-10-11,931446,中证东方红红利低波动指数,东证红利低波,CSI Dongfanghong Dividend Low Volatility Index,DFH Dividend Low Volatility,2389.05,2396.37,2370.5,2392.03,4.04,0.17,2872.15,195.48,100.0,5.82
2022-10-12,931446,中证东方红红利低波动指数,东证红利低波,CSI Dongfanghong Dividend Low Volatility Index,DFH Dividend Low Volatility,2391.36,2420.25,2374.84,2420.25,28.22,1.18,3098.68,235.7,100.0,5.86
2022-10-13,931446,中证东方红红利低波动指数,东证红利低波,CSI Dongfanghong Dividend Low Volatility Index,DFH Dividend Low Volatility,2413.6,2420.1,2396.32,2411.27,-8.98,-0.37,3074.85,246.93,100.0,5.8
2022-10-14,931446,中证东方红红利低波动指数,东证红利低波,CSI Dongfanghong Dividend Low Volatility Index,DFH Dividend Low Volatility,2418.08,2447.17,2417.75,2438.65,27.37,1.14,3442.66,267.64,100.0,5.84
2022-10-17,931446,中证东方红红利低波动指数,东证红利低波,CSI Dongfanghong Dividend Low Volatility Index,DFH Dividend Low Volatility,2432.96,2445.65,2422.82,2439.1,0.46,0.02,2800.57,208.89,100.0,5.84
2022-10-18,931446,中证东方红红利低波动指数,东证红利低波,CSI Dongfanghong Dividend Low Volatility Index,DFH Dividend Low Volatility,2445.46,2449.17,2435.12,2440.04,0.94,0.04,2579.64,207.2,100.0,5.83
2022-10-19,931446,中证东方红红利低波动指数,东证红利低波,CSI Dongfanghong Dividend Low Volatility Index,DFH Dividend Low Volatility,2435.48,2441.45,2423.13,2423.13,-16.91,-0.69,2460.12,197.01,100.0,5.78
2022-10-20,931446,中证东方红红利低波动指数,东证红利低波,CSI Dongfanghong Dividend Low Volatility Index,DFH Dividend Low Volatility,2417.64,2429.93,2410.33,2411.72,-11.41,-0.47,2802.58,234.39,100.0,5.76
2022-10-21,931446,中证东方红红利低波动指数,东证红利低波,CSI Dongfanghong Dividend Low Volatility Index,DFH Dividend Low Volatility,2416.98,2431.57,2410.78,2418.12,6.4,0.27,3206.88,246.31,100.0,5.77
2022-10-24,931446,中证东方红红利低波动指数,东证红利低波,CSI Dongfanghong Dividend Low Volatility Index,DFH Dividend Low Volatility,2420.98,2433.09,2366.27,2373.83,-44.3,-1.83,4495.31,356.64,100.0,5.67
2022-10-25,931446,中证东方红红利低波动指数,东证红利低波,CSI Dongfanghong Dividend Low Volatility Index,DFH Dividend Low Volatility,2372.8,2381.78,2350.41,2366.49,-7.34,-0.31,3310.32,250.79,100.0,5.66
2022-10-26,931446,中证东方红红利低波动指数,东证红利低波,CSI Dongfanghong Dividend Low Volatility Index,DFH Dividend Low Volatility,2368.06,2391.56,2362.89,2367.82,1.33,0.06,3923.57,268.44,100.0,5.62
2022-10-27,931446,中证东方红红利低波动指数,东证红利低波,CSI Dongfanghong Dividend Low Volatility Index,DFH Dividend Low Volatility,2370.43,2389.57,2369.63,2380.55,12.74,0.54,3540.93,262.42,100.0,5.61
2022-10-28,931446,中证东方红红利低波动指数,东证红利低波,CSI Dongfanghong Dividend Low Volatility Index,DFH Dividend Low Volatility,2374.73,2375.13,2330.6,2334.66,-45.89,-1.93,3896.54,314.65,100.0,5.56
2022-10-31,931446,中证东方红红利低波动指数,东证红利低波,CSI Dongfanghong Dividend Low Volatility Index,DFH Dividend Low Volatility,2323.45,2331.1,2301.06,2312.09,-22.57,-0.97,4955.22,370.38,100.0,5.44
2022-11-01,931446,中证东方红红利低波动指数,东证红利低波,CSI Dongfanghong Dividend Low Volatility Index,DFH Dividend Low Volatility,2313.21,2339.5,2309.96,2339.41,27.32,1.18,5154.28,356.83,100.0,5.44
2022-11-02,931446,中证东方红红利低波动指数,东证红利低波,CSI Dongfanghong Dividend Low Volatility Index,DFH Dividend Low Volatility,2332.14,2353.15,2328.67,2347.22,7.81,0.33,4238.91,308.7,100.0,5.45
2022-11-03,931446,中证东方红红利低波动指数,东证红利低波,CSI Dongfanghong Dividend Low Volatility Index,DFH Dividend Low Volatility,2334.6,2340.76,2327.81,2336.96,-10.26,-0.44,3655.18,243.21,100.0,5.42
2022-11-04,931446,中证东方红红利低波动指数,东证红利低波,CSI Dongfanghong Dividend Low Volatility Index,DFH Dividend Low Volatility,2336.51,2372.87,2336.37,2366.61,29.65,1.27,4324.2,316.02,100.0,5.51
2022-11-07,931446,中证东方红红利低波动指数,东证红利低波,CSI Dongfanghong Dividend Low Volatility Index,DFH Dividend Low Volatility,2362.45,2376.14,2357.67,2373.49,6.89,0.29,3448.15,251.6,100.0,5.53
2022-11-08,931446,中证东方红红利低波动指数,东证红利低波,CSI Dongfanghong Dividend Low Volatility Index,DFH Dividend Low Volatility,2373.18,2374.67,2364.68,2374.67,1.18,0.05,2838.76,204.88,100.0,5.52
2022-11-09,931446,中证东方红红利低波动指数,东证红利低波,CSI Dongfanghong Dividend Low Volatility Index,DFH Dividend Low Volatility,2374.14,2387.35,2373.08,2376.01,1.34,0.06,2369.38,176.85,100.0,5.52
2022-11-10,931446,中证东方红红利低波动指数,东证红利低波,CSI Dongfanghong Dividend Low Volatility Index,DFH Dividend Low Volatility,2368.12,2386.37,2357.11,2381.46,5.45,0.23,2805.64,199.14,100.0,5.52
2022-11-11,931446,中证东方红红利低波动指数,东证红利低波,CSI Dongfanghong Dividend Low Volatility Index,DFH Dividend Low Volatility,2407.72,2436.36,2401.22,2417.96,36.5,1.53,5300.75,438.86,100.0,5.63
2022-11-14,931446,中证东方红红利低波动指数,东证红利低波,CSI Dongfanghong Dividend Low Volatility Index,DFH Dividend Low Volatility,2430.34,2449.44,2429.22,2432.81,14.85,0.61,5009.51,459.55,100.0,5.67
2022-11-15,931446,中证东方红红利低波动指数,东证红利低波,CSI Dongfanghong Dividend Low Volatility Index,DFH Dividend Low Volatility,2431.11,2450.08,2425.3,2449.81,16.99,0.7,3859.07,328.94,100.0,5.7
2022-11-16,931446,中证东方红红利低波动指数,东证红利低波,CSI Dongfanghong Dividend Low Volatility Index,DFH Dividend Low Volatility,2446.77,2451.83,2439.74,2441.33,-8.48,-0.35,3125.36,252.26,100.0,5.69
2022-11-17,931446,中证东方红红利低波动指数,东证红利低波,CSI Dongfanghong Dividend Low Volatility Index,DFH Dividend Low Volatility,2436.58,2451.88,2433.59,2449.28,7.95,0.32,3130.11,254.79,100.0,5.68
2022-11-18,931446,中证东方红红利低波动指数,东证红利低波,CSI Dongfanghong Dividend Low Volatility Index,DFH Dividend Low Volatility,2452.48,2459.98,2443.39,2443.39,-5.88,-0.24,3562.2,255.17,100.0,5.65
2022-11-21,931446,中证东方红红利低波动指数,东证红利低波,CSI Dongfanghong Dividend Low Volatility Index,DFH Dividend Low Volatility,2436.47,2438.65,2420.78,2436.66,-6.73,-0.27,2896.45,228.94,100.0,5.63
2022-11-22,931446,中证东方红红利低波动指数,东证红利低波,CSI Dongfanghong Dividend Low Volatility Index,DFH Dividend Low Volatility,2438.65,2476.35,2438.65,2461.41,24.75,1.01,5706.86,378.67,100.0,5.73
2022-11-23,931446,中证东方红红利低波动指数,东证红利低波,CSI Dongfanghong Dividend Low Volatility Index,DFH Dividend Low Volatility,2461.76,2483.02,2460.83,2470.84,9.43,0.38,6728.78,423.57,100.0,5.77
2022-11-24,931446,中证东方红红利低波动指数,东证红利低波,CSI Dongfanghong Dividend Low Volatility Index,DFH Dividend Low Volatility,2475.81,2484.65,2470.4,2476.66,5.82,0.24,4002.87,258.29,100.0,5.75
2022-11-25,931446,中证东方红红利低波动指数,东证红利低波,CSI Dongfanghong Dividend Low Volatility Index,DFH Dividend Low Volatility,2475.05,2513.09,2472.95,2508.97,32.32,1.3,6689.26,429.83,100.0,5.86
2022-11-28,931446,中证东方红红利低波动指数,东证红利低波,CSI Dongfanghong Dividend Low Volatility Index,DFH Dividend Low Volatility,2488.34,2502.26,2469.6,2501.2,-7.77,-0.31,5675.29,379.62,100.0,5.8
2022-11-29,931446,中证东方红红利低波动指数,东证红利低波,CSI Dongfanghong Dividend Low Volatility Index,DFH Dividend Low Volatility,2513.18,2561.66,2513.18,2555.83,54.62,2.18,7682.17,611.47,100.0,5.94
2022-11-30,931446,中证东方红红利低波动指数,东证红利低波,CSI Dongfanghong Dividend Low Volatility Index,DFH Dividend Low Volatility,2550.48,2568.75,2547.26,2555.39,-0.44,-0.02,6417.45,472.52,100.0,5.95
2022-12-01,931446,中证东方红红利低波动指数,东证红利低波,CSI Dongfanghong Dividend Low Volatility Index,DFH Dividend Low Volatility,2573.49,2578.57,2542.82,2543.28,-12.1,-0.47,6277.64,475.57,100.0,5.92
2022-12-02,931446,中证东方红红利低波动指数,东证红利低波,CSI Dongfanghong Dividend Low Volatility Index,DFH Dividend Low Volatility,2544.74,2547.66,2528.77,2541.18,-2.1,-0.08,4579.04,347.72,100.0,5.9
2022-12-05,931446,中证东方红红利低波动指数,东证红利低波,CSI Dongfanghong Dividend Low Volatility Index,DFH Dividend Low Volatility,2559.5,2611.71,2559.5,2606.57,65.39,2.57,8146.62,623.73,100.0,6.06
2022-12-06,931446,中证东方红红利低波动指数,东证红利低波,CSI Dongfanghong Dividend Low Volatility Index,DFH Dividend Low Volatility,2603.79,2613.45,2584.39,2591.5,-15.07,-0.58,7011.28,522.75,100.0,6.05
2022-12-07,931446,中证东方红红利低波动指数,东证红利低波,CSI Dongfanghong Dividend Low Volatility Index,DFH Dividend Low Volatility,2587.88,2606.86,2572.2,2589.47,-2.03,-0.08,6277.23,476.95,100.0,6.0
2022-12-08,931446,中证东方红红利低波动指数,东证红利低波,CSI Dongfanghong Dividend Low Volatility Index,DFH Dividend Low Volatility,2587.95,2598.28,2578.88,2591.98,2.51,0.1,5053.98,368.08,100.0,6.0
2022-12-09,931446,中证东方红红利低波动指数,东证红利低波,CSI Dongfanghong Dividend Low Volatility Index,DFH Dividend Low Volatility,2593.51,2600.45,2573.23,2575.53,-16.46,-0.63,5790.66,473.55,100.0,6.02
2022-12-12,931446,中证东方红红利低波动指数,东证红利低波,CSI Dongfanghong Dividend Low Volatility Index,DFH Dividend Low Volatility,2575.54,2582.38,2548.83,2550.52,-25.0,-0.97,5108.52,361.28,100.0,5.89
2022-12-13,931446,中证东方红红利低波动指数,东证红利低波,CSI Dongfanghong Dividend Low Volatility Index,DFH Dividend Low Volatility,2550.7,2570.0,2550.7,2564.14,13.62,0.53,4003.9,274.18,100.0,5.92
2022-12-14,931446,中证东方红红利低波动指数,东证红利低波,CSI Dongfanghong Dividend Low Volatility Index,DFH Dividend Low Volatility,2563.21,2563.78,2546.09,2552.14,-12.0,-0.47,3789.0,265.72,100.0,5.92
2022-12-15,931446,中证东方红红利低波动指数,东证红利低波,CSI Dongfanghong Dividend Low Volatility Index,DFH Dividend Low Volatility,2551.26,2558.04,2527.91,2530.05,-22.09,-0.86,3290.79,230.98,100.0,5.87
2022-12-16,931446,中证东方红红利低波动指数,东证红利低波,CSI Dongfanghong Dividend Low Volatility Index,DFH Dividend Low Volatility,2523.26,2552.33,2523.14,2547.56,17.51,0.69,3739.05,255.29,100.0,5.92
2022-12-19,931446,中证东方红红利低波动指数,东证红利低波,CSI Dongfanghong Dividend Low Volatility Index,DFH Dividend Low Volatility,2546.6,2550.3,2486.87,2494.25,-53.3,-2.09,4194.91,285.99,100.0,5.82
2022-12-20,931446,中证东方红红利低波动指数,东证红利低波,CSI Dongfanghong Dividend Low Volatility Index,DFH Dividend Low Volatility,2491.69,2499.4,2467.68,2473.23,-21.02,-0.84,3318.6,240.87,100.0,5.76
2022-12-21,931446,中证东方红红利低波动指数,东证红利低波,CSI Dongfanghong Dividend Low Volatility Index,DFH Dividend Low Volatility,2478.0,2491.96,2472.73,2475.9,2.67,0.11,2407.27,170.16,100.0,5.77
2022-12-22,931446,中证东方红红利低波动指数,东证红利低波,CSI Dongfanghong Dividend Low Volatility Index,DFH Dividend Low Volatility,2489.47,2496.19,2454.64,2462.52,-13.38,-0.54,2881.6,197.23,100.0,5.78
2022-12-23,931446,中证东方红红利低波动指数,东证红利低波,CSI Dongfanghong Dividend Low Volatility Index,DFH Dividend Low Volatility,2455.44,2472.59,2444.9,2453.71,-8.81,-0.36,2575.29,170.66,100.0,5.77
2022-12-26,931446,中证东方红红利低波动指数,东证红利低波,CSI Dongfanghong Dividend Low Volatility Index,DFH Dividend Low Volatility,2454.64,2459.09,2447.3,2450.01,-3.69,-0.15,2599.45,178.21,100.0,5.75
2022-12-27,931446,中证东方红红利低波动指数,东证红利低波,CSI Dongfanghong Dividend Low Volatility Index,DFH Dividend Low Volatility,2460.07,2481.49,2460.07,2476.74,26.73,1.09,2985.76,196.33,100.0,5.82
2022-12-28,931446,中证东方红红利低波动指数,东证红利低波,CSI Dongfanghong Dividend Low Volatility Index,DFH Dividend Low Volatility,2472.83,2491.24,2464.76,2480.81,4.07,0.16,3154.45,215.63,100.0,5.85
2022-12-29,931446,中证东方红红利低波动指数,东证红利低波,CSI Dongfanghong Dividend Low Volatility Index,DFH Dividend Low Volatility,2475.99,2475.99,2455.44,2467.25,-13.56,-0.55,3059.54,211.94,100.0,5.8
2022-12-30,931446,中证东方红红利低波动指数,东证红利低波,CSI Dongfanghong Dividend Low Volatility Index,DFH Dividend Low Volatility,2474.9,2496.55,2472.08,2491.41,24.16,0.98,3222.55,222.3,100.0,5.85
2023-01-03,931446,中证东方红红利低波动指数,东证红利低波,CSI Dongfanghong Dividend Low Volatility Index,DFH Dividend Low Volatility,2492.24,2508.69,2482.73,2506.21,14.8,0.59,4200.22,294.81,100.0,5.87
2023-01-04,931446,中证东方红红利低波动指数,东证红利低波,CSI Dongfanghong Dividend Low Volatility Index,DFH Dividend Low Volatility,2507.54,2530.61,2502.54,2527.24,21.03,0.84,4363.87,317.19,100.0,5.93
2023-01-05,931446,中证东方红红利低波动指数,东证红利低波,CSI Dongfanghong Dividend Low Volatility Index,DFH Dividend Low Volatility,2532.3,2536.89,2523.23,2527.12,-0.13,-0.01,3877.54,289.56,100.0,5.92
2023-01-06,931446,中证东方红红利低波动指数,东证红利低波,CSI Dongfanghong Dividend Low Volatility Index,DFH Dividend Low Volatility,2527.69,2530.85,2513.57,2519.02,-8.1,-0.32,3286.87,249.53,100.0,5.92
2023-01-09,931446,中证东方红红利低波动指数,东证红利低波,CSI Dongfanghong Dividend Low Volatility Index,DFH Dividend Low Volatility,2526.02,2530.8,2518.41,2519.52,0.51,0.02,3062.15,250.49,100.0,5.93
2023-01-10,931446,中证东方红红利低波动指数,东证红利低波,CSI Dongfanghong Dividend Low Volatility Index,DFH Dividend Low Volatility,2519.34,2519.34,2500.77,2502.16,-17.36,-0.69,3023.72,250.45,100.0,5.88
2023-01-11,931446,中证东方红红利低波动指数,东证红利低波,CSI Dongfanghong Dividend Low Volatility Index,DFH Dividend Low Volatility,2502.95,2513.78,2500.41,2503.39,1.23,0.05,2956.09,258.64,100.0,5.92
2023-01-12,931446,中证东方红红利低波动指数,东证红利低波,CSI Dongfanghong Dividend Low Volatility Index,DFH Dividend Low Volatility,2506.02,2506.02,2490.24,2500.95,-2.43,-0.1,2961.78,214.9,100.0,5.93
2023-01-13,931446,中证东方红红利低波动指数,东证红利低波,CSI Dongfanghong Dividend Low Volatility Index,DFH Dividend Low Volatility,2503.47,2527.83,2503.12,2527.83,26.88,1.07,3237.61,249.62,100.0,5.99
2023-01-16,931446,中证东方红红利低波动指数,东证红利低波,CSI Dongfanghong Dividend Low Volatility Index,DFH Dividend Low Volatility,2533.84,2553.66,2529.73,2539.91,12.09,0.48,5025.42,392.15,100.0,6.0
2023-01-17,931446,中证东方红红利低波动指数,东证红利低波,CSI Dongfanghong Dividend Low Volatility Index,DFH Dividend Low Volatility,2542.85,2542.98,2527.19,2534.05,-5.87,-0.23,3431.72,258.58,100.0,5.99
2023-01-18,931446,中证东方红红利低波动指数,东证红利低波,CSI Dongfanghong Dividend Low Volatility Index,DFH Dividend Low Volatility,2536.53,2548.81,2534.27,2541.4,7.36,0.29,3586.62,248.43,100.0,5.99
2023-01-19,931446,中证东方红红利低波动指数,东证红利低波,CSI Dongfanghong Dividend Low Volatility Index,DFH Dividend Low Volatility,2539.5,2551.07,2530.67,2551.07,9.67,0.38,3519.69,257.97,100.0,6.0
2023-01-20,931446,中证东方红红利低波动指数,东证红利低波,CSI Dongfanghong Dividend Low Volatility Index,DFH Dividend Low Volatility,2554.62,2571.15,2551.04,2571.15,20.09,0.79,4646.86,324.13,100.0,6.05
2023-01-30,931446,中证东方红红利低波动指数,东证红利低波,CSI Dongfanghong Dividend Low Volatility Index,DFH Dividend Low Volatility,2594.52,2596.66,2571.63,2573.13,1.97,0.08,5038.9,400.44,100.0,6.05
2023-01-31,931446,中证东方红红利低波动指数,东证红利低波,CSI Dongfanghong Dividend Low Volatility Index,DFH Dividend Low Volatility,2572.43,2583.52,2568.2,2574.51,1.39,0.05,3954.95,304.18,100.0,6.02
2023-02-01,931446,中证东方红红利低波动指数,东证红利低波,CSI Dongfanghong Dividend Low Volatility Index,DFH Dividend Low Volatility,2579.31,2589.17,2570.02,2588.73,14.21,0.55,4612.41,345.3,100.0,6.03
2023-02-02,931446,中证东方红红利低波动指数,东证红利低波,CSI Dongfanghong Dividend Low Volatility Index,DFH Dividend Low Volatility,2593.44,2593.44,2573.76,2578.13,-10.59,-0.41,4529.43,338.49,100.0,6.01
2023-02-03,931446,中证东方红红利低波动指数,东证红利低波,CSI Dongfanghong Dividend Low Volatility Index,DFH Dividend Low Volatility,2573.59,2573.59,2550.19,2560.66,-17.47,-0.68,3916.54,299.08,100.0,5.97
2023-02-06,931446,中证东方红红利低波动指数,东证红利低波,CSI Dongfanghong Dividend Low Volatility Index,DFH Dividend Low Volatility,2552.17,2557.62,2542.48,2550.87,-9.8,-0.38,3907.21,301.57,100.0,5.93
2023-02-07,931446,中证东方红红利低波动指数,东证红利低波,CSI Dongfanghong Dividend Low Volatility Index,DFH Dividend Low Volatility,2553.89,2563.27,2549.71,2562.95,12.09,0.47,3180.18,230.44,100.0,5.95
2023-02-08,931446,中证东方红红利低波动指数,东证红利低波,CSI Dongfanghong Dividend Low Volatility Index,DFH Dividend Low Volatility,2566.51,2566.51,2548.23,2549.22,-13.73,-0.53,3002.81,206.57,100.0,5.94
2023-02-09,931446,中证东方红红利低波动指数,东证红利低波,CSI Dongfanghong Dividend Low Volatility Index,DFH Dividend Low Volatility,2549.45,2567.44,2547.82,2567.44,18.22,0.71,2948.22,221.87,100.0,5.96
2023-02-10,931446,中证东方红红利低波动指数,东证红利低波,CSI Dongfanghong Dividend Low Volatility Index,DFH Dividend Low Volatility,2565.68,2573.46,2558.51,2572.29,4.84,0.19,2861.03,199.43,100.0,5.96
2023-02-13,931446,中证东方红红利低波动指数,东证红利低波,CSI Dongfanghong Dividend Low Volatility Index,DFH Dividend Low Volatility,2572.88,2576.92,2561.69,2575.56,3.28,0.13,3920.48,289.32,100.0,5.94
2023-02-14,931446,中证东方红红利低波动指数,东证红利低波,CSI Dongfanghong Dividend Low Volatility Index,DFH Dividend Low Volatility,2579.5,2584.07,2573.19,2579.99,4.42,0.17,2913.76,214.16,100.0,5.95
2023-02-15,931446,中证东方红红利低波动指数,东证红利低波,CSI Dongfanghong Dividend Low Volatility Index,DFH Dividend Low Volatility,2581.14,2581.14,2564.73,2568.93,-11.06,-0.43,3279.84,248.7,100.0,5.92
2023-02-16,931446,中证东方红红利低波动指数,东证红利低波,CSI Dongfanghong Dividend Low Volatility Index,DFH Dividend Low Volatility,2570.98,2595.86,2544.03,2554.03,-14.89,-0.58,5066.2,360.11,100.0,5.91
2023-02-17,931446,中证东方红红利低波动指数,东证红利低波,CSI Dongfanghong Dividend Low Volatility Index,DFH Dividend Low Volatility,2553.44,2567.86,2548.17,2548.48,-5.55,-0.22,3633.56,260.56,100.0,5.88
2023-02-20,931446,中证东方红红利低波动指数,东证红利低波,CSI Dongfanghong Dividend Low Volatility Index,DFH Dividend Low Volatility,2557.04,2597.77,2554.93,2597.55,49.07,1.92,5180.55,386.73,100.0,6.0
2023-02-21,931446,中证东方红红利低波动指数,东证红利低波,CSI Dongfanghong Dividend Low Volatility Index,DFH Dividend Low Volatility,2601.26,2615.03,2597.27,2614.68,17.13,0.66,4341.59,308.12,100.0,6.03
2023-02-22,931446,中证东方红红利低波动指数,东证红利低波,CSI Dongfanghong Dividend Low Volatility Index,DFH Dividend Low Volatility,2611.21,2619.34,2605.62,2612.1,-2.58,-0.1,3143.32,250.28,100.0,5.99
2023-02-23,931446,中证东方红红利低波动指数,东证红利低波,CSI Dongfanghong Dividend Low Volatility Index,DFH Dividend Low Volatility,2616.89,2630.01,2609.54,2617.73,5.63,0.22,3413.14,249.22,100.0,6.0
2023-02-24,931446,中证东方红红利低波动指数,东证红利低波,CSI Dongfanghong Dividend Low Volatility Index,DFH Dividend Low Volatility,2619.38,2620.04,2599.92,2610.36,-7.37,-0.28,3031.11,229.6,100.0,5.96
2023-02-27,931446,中证东方红红利低波动指数,东证红利低波,CSI Dongfanghong Dividend Low Volatility Index,DFH Dividend Low Volatility,2606.71,2614.7,2598.13,2600.16,-10.2,-0.39,2691.98,206.89,100.0,5.94
2023-02-28,931446,中证东方红红利低波动指数,东证红利低波,CSI Dongfanghong Dividend Low Volatility Index,DFH Dividend Low Volatility,2604.07,2619.34,2597.57,2618.23,18.07,0.69,3390.82,241.94,100.0,5.98
2023-03-01,931446,中证东方红红利低波动指数,东证红利低波,CSI Dongfanghong Dividend Low Volatility Index,DFH Dividend Low Volatility,2621.06,2640.48,2617.16,2638.01,19.78,0.76,5540.66,400.43,100.0,6.04
2023-03-02,931446,中证东方红红利低波动指数,东证红利低波,CSI Dongfanghong Dividend Low Volatility Index,DFH Dividend Low Volatility,2636.29,2657.01,2633.58,2653.61,15.6,0.59,5776.47,384.37,100.0,6.09
2023-03-03,931446,中证东方红红利低波动指数,东证红利低波,CSI Dongfanghong Dividend Low Volatility Index,DFH Dividend Low Volatility,2657.05,2681.52,2652.28,2679.97,26.36,0.99,7098.12,449.16,100.0,6.16
2023-03-06,931446,中证东方红红利低波动指数,东证红利低波,CSI Dongfanghong Dividend Low Volatility Index,DFH Dividend Low Volatility,2686.28,2691.43,2675.41,2678.65,-1.32,-0.05,6557.03,469.8,100.0,6.13
2023-03-07,931446,中证东方红红利低波动指数,东证红利低波,CSI Dongfanghong Dividend Low Volatility Index,DFH Dividend Low Volatility,2679.36,2717.21,2668.72,2670.05,-8.61,-0.32,9284.29,620.23,100.0,6.16
2023-03-08,931446,中证东方红红利低波动指数,东证红利低波,CSI Dongfanghong Dividend Low Volatility Index,DFH Dividend Low Volatility,2660.44,2671.47,2651.07,2670.87,0.83,0.03,4920.63,347.69,100.0,6.14
2023-03-09,931446,中证东方红红利低波动指数,东证红利低波,CSI Dongfanghong Dividend Low Volatility Index,DFH Dividend Low Volatility,2673.6,2680.6,2660.03,2665.47,-5.4,-0.2,4943.76,337.87,100.0,6.11
2023-03-10,931446,中证东方红红利低波动指数,东证红利低波,CSI Dongfanghong Dividend Low Volatility Index,DFH Dividend Low Volatility,2654.45,2656.2,2621.93,2623.1,-42.37,-1.59,4927.39,346.79,100.0,6.02
2023-03-13,931446,中证东方红红利低波动指数,东证红利低波,CSI Dongfanghong Dividend Low Volatility Index,DFH Dividend Low Volatility,2623.12,2662.38,2623.12,2662.38,39.28,1.5,6024.85,419.86,100.0,6.13
2023-03-14,931446,中证东方红红利低波动指数,东证红利低波,CSI Dongfanghong Dividend Low Volatility Index,DFH Dividend Low Volatility,2656.56,2669.02,2632.32,2642.26,-20.12,-0.76,6159.17,439.95,100.0,6.1
2023-03-15,931446,中证东方红红利低波动指数,东证红利低波,CSI Dongfanghong Dividend Low Volatility Index,DFH Dividend Low Volatility,2654.98,2684.52,2648.5,2680.32,38.07,1.44,6364.24,437.84,100.0,6.17
2023-03-16,931446,中证东方红红利低波动指数,东证红利低波,CSI Dongfanghong Dividend Low Volatility Index,DFH Dividend Low Volatility,2669.56,2693.15,2663.06,2675.02,-5.31,-0.2,7300.21,486.53,100.0,6.16
2023-03-17,931446,中证东方红红利低波动指数,东证红利低波,CSI Dongfanghong Dividend Low Volatility Index,DFH Dividend Low Volatility,2685.83,2717.14,2685.51,2699.79,24.77,0.93,7735.37,562.22,100.0,6.23
2023-03-20,931446,中证东方红红利低波动指数,东证红利低波,CSI Dongfanghong Dividend Low Volatility Index,DFH Dividend Low Volatility,2703.68,2730.71,2687.05,2689.48,-10.31,-0.38,8686.87,598.62,100.0,6.2
2023-03-21,931446,中证东方红红利低波动指数,东证红利低波,CSI Dongfanghong Dividend Low Volatility Index,DFH Dividend Low Volatility,2693.53,2704.52,2680.51,2687.75,-1.73,-0.06,6041.16,401.41,100.0,6.16
2023-03-22,931446,中证东方红红利低波动指数,东证红利低波,CSI Dongfanghong Dividend Low Volatility Index,DFH Dividend Low Volatility,2693.36,2710.37,2686.12,2704.06,16.31,0.61,4899.61,346.05,100.0,6.2
2023-03-23,931446,中证东方红红利低波动指数,东证红利低波,CSI Dongfanghong Dividend Low Volatility Index,DFH Dividend Low Volatility,2700.31,2710.62,2691.28,2710.39,6.33,0.23,5044.85,367.59,100.0,6.24
2023-03-24,931446,中证东方红红利低波动指数,东证红利低波,CSI Dongfanghong Dividend Low Volatility Index,DFH Dividend Low Volatility,2709.94,2709.94,2681.35,2682.47,-27.93,-1.03,5430.66,381.12,100.0,6.15
2023-03-27,931446,中证东方红红利低波动指数,东证红利低波,CSI Dongfanghong Dividend Low Volatility Index,DFH Dividend Low Volatility,2677.04,2677.04,2639.4,2653.86,-28.6,-1.07,5585.11,383.2,100.0,6.08
2023-03-28,931446,中证东方红红利低波动指数,东证红利低波,CSI Dongfanghong Dividend Low Volatility Index,DFH Dividend Low Volatility,2662.44,2680.65,2654.14,2668.86,15.0,0.56,4776.85,343.35,100.0,6.12
2023-03-29,931446,中证东方红红利低波动指数,东证红利低波,CSI Dongfanghong Dividend Low Volatility Index,DFH Dividend Low Volatility,2670.85,2672.23,2646.13,2653.51,-15.35,-0.57,4818.35,347.76,100.0,6.09
2023-03-30,931446,中证东方红红利低波动指数,东证红利低波,CSI Dongfanghong Dividend Low Volatility Index,DFH Dividend Low Volatility,2653.91,2668.3,2634.59,2659.7,6.19,0.23,5298.71,383.4,100.0,6.17
2023-03-31,931446,中证东方红红利低波动指数,东证红利低波,CSI Dongfanghong Dividend Low Volatility Index,DFH Dividend Low Volatility,2661.47,2676.04,2658.23,2669.39,9.69,0.36,4304.11,318.54,100.0,6.16
2023-04-03,931446,中证东方红红利低波动指数,东证红利低波,CSI Dongfanghong Dividend Low Volatility Index,DFH Dividend Low Volatility,2670.88,2692.44,2670.45,2688.25,18.86,0.71,5281.19,364.52,100.0,6.17
2023-04-04,931446,中证东方红红利低波动指数,东证红利低波,CSI Dongfanghong Dividend Low Volatility Index,DFH Dividend Low Volatility,2689.86,2720.34,2686.85,2720.34,32.09,1.19,7009.58,491.38,100.0,6.28
2023-04-06,931446,中证东方红红利低波动指数,东证红利低波,CSI Dongfanghong Dividend Low Volatility Index,DFH Dividend Low Volatility,2718.54,2718.54,2703.78,2706.39,-13.95,-0.51,5034.68,368.07,100.0,6.27
2023-04-07,931446,中证东方红红利低波动指数,东证红利低波,CSI Dongfanghong Dividend Low Volatility Index,DFH Dividend Low Volatility,2707.83,2707.88,2696.07,2704.07,-2.32,-0.08,3771.63,280.59,100.0,6.25
2023-04-10,931446,中证东方红红利低波动指数,东证红利低波,CSI Dongfanghong Dividend Low Volatility Index,DFH Dividend Low Volatility,2704.93,2708.26,2697.01,2702.82,-1.24,-0.05,4910.84,358.33,100.0,6.3
2023-04-11,931446,中证东方红红利低波动指数,东证红利低波,CSI Dongfanghong Dividend Low Volatility Index,DFH Dividend Low Volatility,2701.55,2724.73,2694.81,2724.35,21.52,0.8,4764.75,359.79,100.0,6.33
2023-04-12,931446,中证东方红红利低波动指数,东证红利低波,CSI Dongfanghong Dividend Low Volatility Index,DFH Dividend Low Volatility,2726.25,2763.08,2723.02,2763.02,38.67,1.42,6403.61,440.29,100.0,6.41
2023-04-13,931446,中证东方红红利低波动指数,东证红利低波,CSI Dongfanghong Dividend Low Volatility Index,DFH Dividend Low Volatility,2758.01,2778.26,2753.63,2762.11,-0.91,-0.03,5712.82,426.72,100.0,6.41
2023-04-14,931446,中证东方红红利低波动指数,东证红利低波,CSI Dongfanghong Dividend Low Volatility Index,DFH Dividend Low Volatility,2766.62,2774.68,2748.98,2765.18,3.07,0.11,5277.01,413.92,100.0,6.45
2023-04-17,931446,中证东方红红利低波动指数,东证红利低波,CSI Dongfanghong Dividend Low Volatility Index,DFH Dividend Low Volatility,2762.77,2803.71,2758.38,2803.71,38.53,1.39,7670.53,594.64,100.0,6.61
2023-04-18,931446,中证东方红红利低波动指数,东证红利低波,CSI Dongfanghong Dividend Low Volatility Index,DFH Dividend Low Volatility,2800.75,2821.12,2795.41,2818.34,14.63,0.52,6878.94,554.61,100.0,6.65
2023-04-19,931446,中证东方红红利低波动指数,东证红利低波,CSI Dongfanghong Dividend Low Volatility Index,DFH Dividend Low Volatility,2815.59,2833.12,2810.33,2815.59,-2.75,-0.1,6211.26,451.41,100.0,6.62
2023-04-20,931446,中证东方红红利低波动指数,东证红利低波,CSI Dongfanghong Dividend Low Volatility Index,DFH Dividend Low Volatility,2813.52,2836.46,2799.08,2835.42,19.83,0.7,6178.71,462.09,100.0,6.64
2023-04-21,931446,中证东方红红利低波动指数,东证红利低波,CSI Dongfanghong Dividend Low Volatility Index,DFH Dividend Low Volatility,2835.23,2859.62,2804.34,2804.39,-31.03,-1.09,6531.73,504.12,100.0,6.56
2023-04-24,931446,中证东方红红利低波动指数,东证红利低波,CSI Dongfanghong Dividend Low Volatility Index,DFH Dividend Low Volatility,2810.14,2841.95,2799.27,2818.61,14.22,0.51,6236.67,473.39,100.0,6.56
2023-04-25,931446,中证东方红红利低波动指数,东证红利低波,CSI Dongfanghong Dividend Low Volatility Index,DFH Dividend Low Volatility,2822.42,2848.11,2807.29,2845.22,26.61,0.94,6974.61,506.73,100.0,6.65
2023-04-26,931446,中证东方红红利低波动指数,东证红利低波,CSI Dongfanghong Dividend Low Volatility Index,DFH Dividend Low Volatility,2833.15,2860.27,2797.86,2844.2,-1.03,-0.04,6497.76,466.87,100.0,6.61
2023-04-27,931446,中证东方红红利低波动指数,东证红利低波,CSI Dongfanghong Dividend Low Volatility Index,DFH Dividend Low Volatility,2841.58,2884.16,2836.11,2872.98,28.78,1.01,6152.63,602.59,100.0,6.67
2023-04-28,931446,中证东方红红利低波动指数,东证红利低波,CSI Dongfanghong Dividend Low Volatility Index,DFH Dividend Low Volatility,2878.23,2927.3,2876.32,2926.55,53.57,1.86,7507.38,678.25,100.0,6.78
2023-05-04,931446,中证东方红红利低波动指数,东证红利低波,CSI Dongfanghong Dividend Low Volatility Index,DFH Dividend Low Volatility,2924.1,3035.83,2923.46,3033.0,106.45,3.64,12091.59,918.34,100.0,6.92
2023-05-05,931446,中证东方红红利低波动指数,东证红利低波,CSI Dongfanghong Dividend Low Volatility Index,DFH Dividend Low Volatility,3046.66,3081.15,3025.08,3046.25,13.25,0.44,10956.3,817.95,100.0,6.97
2023-05-08,931446,中证东方红红利低波动指数,东证红利低波,CSI Dongfanghong Dividend Low Volatility Index,DFH Dividend Low Volatility,3049.22,3141.7,3047.9,3127.59,81.33,2.67,15581.05,1151.18,100.0,7.3
2023-05-09,931446,中证东方红红利低波动指数,东证红利低波,CSI Dongfanghong Dividend Low Volatility Index,DFH Dividend Low Volatility,3134.34,3153.77,3078.73,3081.86,-45.73,-1.46,15560.55,1140.03,100.0,7.2
2023-05-10,931446,中证东方红红利低波动指数,东证红利低波,CSI Dongfanghong Dividend Low Volatility Index,DFH Dividend Low Volatility,3069.61,3078.98,2999.38,3015.79,-66.07,-2.14,12405.99,861.32,100.0,6.98
2023-05-11,931446,中证东方红红利低波动指数,东证红利低波,CSI Dongfanghong Dividend Low Volatility Index,DFH Dividend Low Volatility,3018.06,3035.22,2992.02,2999.22,-16.57,-0.55,7888.33,563.51,100.0,6.92
2023-05-12,931446,中证东方红红利低波动指数,东证红利低波,CSI Dongfanghong Dividend Low Volatility Index,DFH Dividend Low Volatility,2989.5,3018.03,2971.65,2973.82,-25.4,-0.85,7481.95,552.35,100.0,6.85
2023-05-15,931446,中证东方红红利低波动指数,东证红利低波,CSI Dongfanghong Dividend Low Volatility Index,DFH Dividend Low Volatility,2971.55,2972.73,2897.65,2968.42,-5.39,-0.18,9218.6,642.66,100.0,6.9
2023-05-16,931446,中证东方红红利低波动指数,东证红利低波,CSI Dongfanghong Dividend Low Volatility Index,DFH Dividend Low Volatility,2968.57,2981.33,2933.44,2941.18,-27.24,-0.92,6666.47,475.33,100.0,6.88
2023-05-17,931446,中证东方红红利低波动指数,东证红利低波,CSI Dongfanghong Dividend Low Volatility Index,DFH Dividend Low Volatility,2933.24,2952.63,2912.94,2937.54,-3.64,-0.12,5307.18,383.12,100.0,6.84
2023-05-18,931446,中证东方红红利低波动指数,东证红利低波,CSI Dongfanghong Dividend Low Volatility Index,DFH Dividend Low Volatility,2943.07,2983.57,2939.61,2962.06,24.52,0.83,6567.12,460.12,100.0,6.94
2023-05-19,931446,中证东方红红利低波动指数,东证红利低波,CSI Dongfanghong Dividend Low Volatility Index,DFH Dividend Low Volatility,2954.7,2954.7,2910.76,2914.08,-47.98,-1.62,5522.22,393.46,100.0,6.83
2023-05-22,931446,中证东方红红利低波动指数,东证红利低波,CSI Dongfanghong Dividend Low Volatility Index,DFH Dividend Low Volatility,2905.92,2924.53,2892.93,2906.5,-7.58,-0.26,4622.25,342.5,100.0,6.83
2023-05-23,931446,中证东方红红利低波动指数,东证红利低波,CSI Dongfanghong Dividend Low Volatility Index,DFH Dividend Low Volatility,2905.36,2912.79,2859.67,2859.67,-46.83,-1.61,5462.11,386.64,100.0,6.7
2023-05-24,931446,中证东方红红利低波动指数,东证红利低波,CSI Dongfanghong Dividend Low Volatility Index,DFH Dividend Low Volatility,2853.93,2853.93,2812.83,2818.12,-41.55,-1.45,6724.25,452.19,100.0,6.55
2023-05-25,931446,中证东方红红利低波动指数,东证红利低波,CSI Dongfanghong Dividend Low Volatility Index,DFH Dividend Low Volatility,2808.38,2822.24,2780.49,2809.01,-9.11,-0.32,5473.76,384.47,100.0,6.54
2023-05-26,931446,中证东方红红利低波动指数,东证红利低波,CSI Dongfanghong Dividend Low Volatility Index,DFH Dividend Low Volatility,2806.82,2847.86,2800.52,2840.72,31.71,1.13,4199.44,293.79,100.0,6.57
2023-05-29,931446,中证东方红红利低波动指数,东证红利低波,CSI Dongfanghong Dividend Low Volatility Index,DFH Dividend Low Volatility,2843.19,2884.16,2842.49,2868.9,28.18,0.99,5368.11,385.7,100.0,6.69
2023-05-30,931446,中证东方红红利低波动指数,东证红利低波,CSI Dongfanghong Dividend Low Volatility Index,DFH Dividend Low Volatility,2862.2,2889.19,2849.51,2878.66,9.76,0.34,5644.53,411.19,100.0,6.68
2023-05-31,931446,中证东方红红利低波动指数,东证红利低波,CSI Dongfanghong Dividend Low Volatility Index,DFH Dividend Low Volatility,2869.21,2881.03,2858.12,2866.62,-12.04,-0.42,4795.72,378.08,100.0,6.63
2023-06-01,931446,中证东方红红利低波动指数,东证红利低波,CSI Dongfanghong Dividend Low Volatility Index,DFH Dividend Low Volatility,2861.1,2894.53,2850.47,2870.11,3.49,0.12,5144.17,385.39,100.0,6.63
2023-06-02,931446,中证东方红红利低波动指数,东证红利低波,CSI Dongfanghong Dividend Low Volatility Index,DFH Dividend Low Volatility,2874.41,2889.47,2861.83,2867.17,-2.94,-0.1,4415.29,350.44,100.0,6.66
2023-06-05,931446,中证东方红红利低波动指数,东证红利低波,CSI Dongfanghong Dividend Low Volatility Index,DFH Dividend Low Volatility,2865.0,2900.72,2863.08,2890.43,23.26,0.81,4365.19,312.96,100.0,6.72
2023-06-06,931446,中证东方红红利低波动指数,东证红利低波,CSI Dongfanghong Dividend Low Volatility Index,DFH Dividend Low Volatility,2885.12,2917.52,2864.12,2870.73,-19.7,-0.68,5027.79,376.62,100.0,6.71
2023-06-07,931446,中证东方红红利低波动指数,东证红利低波,CSI Dongfanghong Dividend Low Volatility Index,DFH Dividend Low Volatility,2869.41,2901.95,2868.03,2898.17,27.44,0.95,3985.79,287.21,100.0,6.75
2023-06-08,931446,中证东方红红利低波动指数,东证红利低波,CSI Dongfanghong Dividend Low Volatility Index,DFH Dividend Low Volatility,2895.05,2926.96,2876.61,2920.61,22.45,0.77,5249.18,374.22,100.0,6.86
2023-06-09,931446,中证东方红红利低波动指数,东证红利低波,CSI Dongfanghong Dividend Low Volatility Index,DFH Dividend Low Volatility,2918.63,2934.83,2908.13,2922.14,1.53,0.05,4849.44,355.56,100.0,6.86
2023-06-12,931446,中证东方红红利低波动指数,东证红利低波,CSI Dongfanghong Dividend Low Volatility Index,DFH Dividend Low Volatility,2915.76,2915.93,2891.85,2895.49,-26.65,-0.91,5094.09,402.61,100.0,6.85
2023-06-13,931446,中证东方红红利低波动指数,东证红利低波,CSI Dongfanghong Dividend Low Volatility Index,DFH Dividend Low Volatility,2892.34,2901.42,2877.55,2884.85,-10.64,-0.37,3937.2,313.32,100.0,6.83
2023-06-14,931446,中证东方红红利低波动指数,东证红利低波,CSI Dongfanghong Dividend Low Volatility Index,DFH Dividend Low Volatility,2885.15,2897.36,2863.82,2864.66,-20.19,-0.7,4537.84,361.38,100.0,6.76
2023-06-15,931446,中证东方红红利低波动指数,东证红利低波,CSI Dongfanghong Dividend Low Volatility Index,DFH Dividend Low Volatility,2866.76,2873.84,2849.75,2864.53,-0.13,0.0,3902.62,327.34,100.0,6.78
2023-06-16,931446,中证东方红红利低波动指数,东证红利低波,CSI Dongfanghong Dividend Low Volatility Index,DFH Dividend Low Volatility,2865.97,2875.93,2858.82,2859.68,-4.85,-0.17,4394.42,372.07,100.0,6.78
2023-06-19,931446,中证东方红红利低波动指数,东证红利低波,CSI Dongfanghong Dividend Low Volatility Index,DFH Dividend Low Volatility,2858.32,2858.32,2825.18,2825.95,-33.73,-1.18,4835.65,372.79,100.0,6.69
2023-06-20,931446,中证东方红红利低波动指数,东证红利低波,CSI Dongfanghong Dividend Low Volatility Index,DFH Dividend Low Volatility,2824.1,2826.23,2805.63,2805.94,-20.01,-0.71,3811.79,305.76,100.0,6.63
2023-06-21,931446,中证东方红红利低波动指数,东证红利低波,CSI Dongfanghong Dividend Low Volatility Index,DFH Dividend Low Volatility,2795.26,2811.55,2781.02,2781.02,-24.92,-0.89,4139.63,312.27,100.0,6.63
2023-06-26,931446,中证东方红红利低波动指数,东证红利低波,CSI Dongfanghong Dividend Low Volatility Index,DFH Dividend Low Volatility,2771.27,2771.27,2733.01,2737.09,-43.93,-1.58,4661.36,352.63,100.0,6.53
2023-06-27,931446,中证东方红红利低波动指数,东证红利低波,CSI Dongfanghong Dividend Low Volatility Index,DFH Dividend Low Volatility,2739.09,2792.64,2737.13,2785.79,48.7,1.78,4273.98,323.24,100.0,6.64
2023-06-28,931446,中证东方红红利低波动指数,东证红利低波,CSI Dongfanghong Dividend Low Volatility Index,DFH Dividend Low Volatility,2780.02,2793.42,2764.07,2792.04,6.25,0.22,3669.26,283.08,100.0,6.64
2023-06-29,931446,中证东方红红利低波动指数,东证红利低波,CSI Dongfanghong Dividend Low Volatility Index,DFH Dividend Low Volatility,2786.93,2797.16,2778.74,2787.89,-4.15,-0.15,3265.31,247.71,100.0,6.6
2023-06-30,931446,中证东方红红利低波动指数,东证红利低波,CSI Dongfanghong Dividend Low Volatility Index,DFH Dividend Low Volatility,2786.52,2807.47,2784.93,2797.2,9.3,0.33,3255.53,248.7,100.0,6.63
2023-07-03,931446,中证东方红红利低波动指数,东证红利低波,CSI Dongfanghong Dividend Low Volatility Index,DFH Dividend Low Volatility,2801.05,2830.7,2801.05,2826.92,29.72,1.06,4225.31,350.2,100.0,6.76
2023-07-04,931446,中证东方红红利低波动指数,东证红利低波,CSI Dongfanghong Dividend Low Volatility Index,DFH Dividend Low Volatility,2824.87,2826.07,2800.57,2809.53,-17.39,-0.62,3421.81,259.02,100.0,6.71
2023-07-05,931446,中证东方红红利低波动指数,东证红利低波,CSI Dongfanghong Dividend Low Volatility Index,DFH Dividend Low Volatility,2801.62,2811.6,2793.95,2799.52,-10.01,-0.36,2754.56,220.22,100.0,6.67
2023-07-06,931446,中证东方红红利低波动指数,东证红利低波,CSI Dongfanghong Dividend Low Volatility Index,DFH Dividend Low Volatility,2791.06,2802.1,2777.6,2781.34,-18.18,-0.65,3054.16,237.27,100.0,6.63
2023-07-07,931446,中证东方红红利低波动指数,东证红利低波,CSI Dongfanghong Dividend Low Volatility Index,DFH Dividend Low Volatility,2774.97,2798.71,2773.08,2790.76,9.42,0.34,2998.83,234.98,100.0,6.63
2023-07-10,931446,中证东方红红利低波动指数,东证红利低波,CSI Dongfanghong Dividend Low Volatility Index,DFH Dividend Low Volatility,2798.84,2805.48,2785.91,2795.75,5.0,0.18,2690.0,217.64,100.0,6.62
2023-07-11,931446,中证东方红红利低波动指数,东证红利低波,CSI Dongfanghong Dividend Low Volatility Index,DFH Dividend Low Volatility,2798.14,2805.53,2785.48,2802.22,6.47,0.23,2659.65,210.73,100.0,6.66
2023-07-12,931446,中证东方红红利低波动指数,东证红利低波,CSI Dongfanghong Dividend Low Volatility Index,DFH Dividend Low Volatility,2801.48,2806.99,2780.73,2782.14,-20.09,-0.72,3208.69,257.91,100.0,6.65
2023-07-13,931446,中证东方红红利低波动指数,东证红利低波,CSI Dongfanghong Dividend Low Volatility Index,DFH Dividend Low Volatility,2785.42,2816.23,2785.26,2814.12,31.98,1.15,3826.33,319.92,100.0,6.75
2023-07-14,931446,中证东方红红利低波动指数,东证红利低波,CSI Dongfanghong Dividend Low Volatility Index,DFH Dividend Low Volatility,2811.57,2822.56,2806.57,2811.12,-3.0,-0.11,4062.7,301.81,100.0,6.76
2023-07-17,931446,中证东方红红利低波动指数,东证红利低波,CSI Dongfanghong Dividend Low Volatility Index,DFH Dividend Low Volatility,2798.78,2799.21,2782.25,2797.84,-13.27,-0.47,3681.3,261.06,100.0,6.65
2023-07-18,931446,中证东方红红利低波动指数,东证红利低波,CSI Dongfanghong Dividend Low Volatility Index,DFH Dividend Low Volatility,2797.14,2797.32,2781.15,2789.68,-8.17,-0.29,3307.78,235.61,100.0,6.59
2023-07-19,931446,中证东方红红利低波动指数,东证红利低波,CSI Dongfanghong Dividend Low Volatility Index,DFH Dividend Low Volatility,2786.33,2803.59,2785.76,2803.51,13.83,0.5,2968.39,224.68,100.0,6.61
2023-07-20,931446,中证东方红红利低波动指数,东证红利低波,CSI Dongfanghong Dividend Low Volatility Index,DFH Dividend Low Volatility,2803.68,2809.25,2779.58,2782.61,-20.9,-0.75,3186.94,238.61,100.0,6.57
2023-07-21,931446,中证东方红红利低波动指数,东证红利低波,CSI Dongfanghong Dividend Low Volatility Index,DFH Dividend Low Volatility,2776.93,2791.29,2774.46,2784.42,1.81,0.06,2883.18,226.28,100.0,6.55
2023-07-24,931446,中证东方红红利低波动指数,东证红利低波,CSI Dongfanghong Dividend Low Volatility Index,DFH Dividend Low Volatility,2778.26,2795.04,2771.69,2788.03,3.61,0.13,2777.68,202.32,100.0,6.54
2023-07-25,931446,中证东方红红利低波动指数,东证红利低波,CSI Dongfanghong Dividend Low Volatility Index,DFH Dividend Low Volatility,2807.7,2828.88,2807.62,2827.25,39.22,1.41,4946.26,497.29,100.0,6.67
2023-07-26,931446,中证东方红红利低波动指数,东证红利低波,CSI Dongfanghong Dividend Low Volatility Index,DFH Dividend Low Volatility,2825.4,2831.73,2814.3,2825.37,-1.88,-0.07,3273.03,284.24,100.0,6.65
2023-07-27,931446,中证东方红红利低波动指数,东证红利低波,CSI Dongfanghong Dividend Low Volatility Index,DFH Dividend Low Volatility,2826.69,2847.58,2824.42,2829.93,4.56,0.16,3797.19,320.13,100.0,6.67
2023-07-28,931446,中证东方红红利低波动指数,东证红利低波,CSI Dongfanghong Dividend Low Volatility Index,DFH Dividend Low Volatility,2825.03,2884.9,2822.77,2881.67,51.74,1.83,6046.29,589.24,100.0,6.81
2023-07-31,931446,中证东方红红利低波动指数,东证红利低波,CSI Dongfanghong Dividend Low Volatility Index,DFH Dividend Low Volatility,2889.33,2918.95,2889.33,2907.67,26.0,0.9,6895.26,658.52,100.0,6.84
2023-08-01,931446,中证东方红红利低波动指数,东证红利低波,CSI Dongfanghong Dividend Low Volatility Index,DFH Dividend Low Volatility,2904.51,2919.3,2899.02,2910.11,2.43,0.08,4911.92,432.38,100.0,6.86
2023-08-02,931446,中证东方红红利低波动指数,东证红利低波,CSI Dongfanghong Dividend Low Volatility Index,DFH Dividend Low Volatility,2900.51,2905.81,2874.67,2881.95,-28.16,-0.97,5216.16,426.14,100.0,6.71
2023-08-03,931446,中证东方红红利低波动指数,东证红利低波,CSI Dongfanghong Dividend Low Volatility Index,DFH Dividend Low Volatility,2882.34,2900.53,2866.52,2896.29,14.34,0.5,4386.24,380.73,100.0,6.76
2023-08-04,931446,中证东方红红利低波动指数,东证红利低波,CSI Dongfanghong Dividend Low Volatility Index,DFH Dividend Low Volatility,2907.41,2921.0,2894.93,2896.69,0.4,0.01,6092.07,569.08,100.0,6.78
2023-08-07,931446,中证东方红红利低波动指数,东证红利低波,CSI Dongfanghong Dividend Low Volatility Index,DFH Dividend Low Volatility,2889.26,2889.26,2865.55,2874.16,-22.53,-0.78,4258.14,351.94,100.0,6.75
2023-08-08,931446,中证东方红红利低波动指数,东证红利低波,CSI Dongfanghong Dividend Low Volatility Index,DFH Dividend Low Volatility,2871.83,2885.65,2861.57,2874.07,-0.09,0.0,3481.31,330.84,100.0,6.75
2023-08-09,931446,中证东方红红利低波动指数,东证红利低波,CSI Dongfanghong Dividend Low Volatility Index,DFH Dividend Low Volatility,2868.76,2870.93,2857.21,2860.14,-13.93,-0.48,3061.92,269.52,100.0,6.74
2023-08-10,931446,中证东方红红利低波动指数,东证红利低波,CSI Dongfanghong Dividend Low Volatility Index,DFH Dividend Low Volatility,2858.45,2868.62,2848.71,2864.37,4.23,0.15,3196.48,278.78,100.0,6.76
2023-08-11,931446,中证东方红红利低波动指数,东证红利低波,CSI Dongfanghong Dividend Low Volatility Index,DFH Dividend Low Volatility,2865.2,2866.68,2814.83,2814.83,-49.54,-1.73,4412.26,390.72,100.0,6.62
2023-08-14,931446,中证东方红红利低波动指数,东证红利低波,CSI Dongfanghong Dividend Low Volatility Index,DFH Dividend Low Volatility,2796.93,2816.35,2781.23,2810.21,-4.62,-0.16,4216.85,358.84,100.0,6.58
2023-08-15,931446,中证东方红红利低波动指数,东证红利低波,CSI Dongfanghong Dividend Low Volatility Index,DFH Dividend Low Volatility,2811.8,2835.43,2805.71,2831.76,21.55,0.77,3931.37,311.05,100.0,6.65
2023-08-16,931446,中证东方红红利低波动指数,东证红利低波,CSI Dongfanghong Dividend Low Volatility Index,DFH Dividend Low Volatility,2824.24,2839.63,2808.74,2823.79,-7.97,-0.28,3357.96,276.61,100.0,6.61
2023-08-17,931446,中证东方红红利低波动指数,东证红利低波,CSI Dongfanghong Dividend Low Volatility Index,DFH Dividend Low Volatility,2815.87,2825.06,2799.11,2822.04,-1.74,-0.06,3614.93,295.66,100.0,6.59
2023-08-18,931446,中证东方红红利低波动指数,东证红利低波,CSI Dongfanghong Dividend Low Volatility Index,DFH Dividend Low Volatility,2819.18,2847.05,2813.24,2813.24,-8.81,-0.31,3954.05,321.55,100.0,6.58
2023-08-21,931446,中证东方红红利低波动指数,东证红利低波,CSI Dongfanghong Dividend Low Volatility Index,DFH Dividend Low Volatility,2815.0,2822.87,2786.04,2786.04,-27.19,-0.97,3964.13,339.23,100.0,6.49
2023-08-22,931446,中证东方红红利低波动指数,东证红利低波,CSI Dongfanghong Dividend Low Volatility Index,DFH Dividend Low Volatility,2793.52,2813.98,2784.16,2809.71,23.67,0.85,4683.54,360.9,100.0,6.59
2023-08-23,931446,中证东方红红利低波动指数,东证红利低波,CSI Dongfanghong Dividend Low Volatility Index,DFH Dividend Low Volatility,2808.13,2827.23,2799.06,2801.03,-8.69,-0.31,3892.13,301.93,100.0,6.57
2023-08-24,931446,中证东方红红利低波动指数,东证红利低波,CSI Dongfanghong Dividend Low Volatility Index,DFH Dividend Low Volatility,2803.24,2811.83,2778.29,2779.21,-21.82,-0.78,4877.65,370.78,100.0,6.51
2023-08-25,931446,中证东方红红利低波动指数,东证红利低波,CSI Dongfanghong Dividend Low Volatility Index,DFH Dividend Low Volatility,2775.29,2810.77,2772.12,2788.58,9.37,0.34,4251.14,321.58,100.0,6.56
2023-08-28,931446,中证东方红红利低波动指数,东证红利低波,CSI Dongfanghong Dividend Low Volatility Index,DFH Dividend Low Volatility,2910.34,2911.28,2817.1,2823.49,34.91,1.25,7495.08,695.26,100.0,6.64
2023-08-29,931446,中证东方红红利低波动指数,东证红利低波,CSI Dongfanghong Dividend Low Volatility Index,DFH Dividend Low Volatility,2819.25,2828.42,2794.77,2814.62,-8.87,-0.31,6085.32,482.91,100.0,6.59
2023-08-30,931446,中证东方红红利低波动指数,东证红利低波,CSI Dongfanghong Dividend Low Volatility Index,DFH Dividend Low Volatility,2814.59,2816.63,2778.32,2779.0,-35.61,-1.26,5139.75,414.36,100.0,6.54
2023-08-31,931446,中证东方红红利低波动指数,东证红利低波,CSI Dongfanghong Dividend Low Volatility Index,DFH Dividend Low Volatility,2781.66,2793.49,2758.92,2762.1,-16.9,-0.61,4476.4,366.18,100.0,6.53
2023-09-01,931446,中证东方红红利低波动指数,东证红利低波,CSI Dongfanghong Dividend Low Volatility Index,DFH Dividend Low Volatility,2768.29,2787.13,2768.29,2779.22,17.12,0.62,4036.64,351.86,100.0,6.55
2023-09-04,931446,中证东方红红利低波动指数,东证红利低波,CSI Dongfanghong Dividend Low Volatility Index,DFH Dividend Low Volatility,2787.87,2823.49,2787.87,2817.96,38.74,1.39,5445.95,471.51,100.0,6.66
2023-09-05,931446,中证东方红红利低波动指数,东证红利低波,CSI Dongfanghong Dividend Low Volatility Index,DFH Dividend Low Volatility,2813.31,2813.31,2786.08,2788.86,-29.1,-1.03,3751.9,317.13,100.0,6.62
2023-09-06,931446,中证东方红红利低波动指数,东证红利低波,CSI Dongfanghong Dividend Low Volatility Index,DFH Dividend Low Volatility,2785.31,2794.09,2777.41,2788.76,-0.09,0.0,3122.03,271.65,100.0,6.63
2023-09-07,931446,中证东方红红利低波动指数,东证红利低波,CSI Dongfanghong Dividend Low Volatility Index,DFH Dividend Low Volatility,2786.32,2799.71,2776.78,2778.28,-10.48,-0.37,3575.37,280.07,100.0,6.63
2023-09-08,931446,中证东方红红利低波动指数,东证红利低波,CSI Dongfanghong Dividend Low Volatility Index,DFH Dividend Low Volatility,2775.32,2776.88,2762.72,2771.05,-7.23,-0.26,2687.81,215.21,100.0,6.59
2023-09-11,931446,中证东方红红利低波动指数,东证红利低波,CSI Dongfanghong Dividend Low Volatility Index,DFH Dividend Low Volatility,2776.17,2805.22,2775.32,2799.27,28.21,1.02,4041.21,343.48,100.0,6.62
2023-09-12,931446,中证东方红红利低波动指数,东证红利低波,CSI Dongfanghong Dividend Low Volatility Index,DFH Dividend Low Volatility,2797.04,2803.02,2793.38,2796.84,-2.43,-0.09,2911.59,242.49,100.0,6.62
2023-09-13,931446,中证东方红红利低波动指数,东证红利低波,CSI Dongfanghong Dividend Low Volatility Index,DFH Dividend Low Volatility,2799.62,2808.21,2785.47,2795.79,-1.05,-0.04,3237.36,265.47,100.0,6.64
2023-09-14,931446,中证东方红红利低波动指数,东证红利低波,CSI Dongfanghong Dividend Low Volatility Index,DFH Dividend Low Volatility,2798.33,2820.81,2794.56,2819.17,23.38,0.84,4772.35,356.23,100.0,6.71
2023-09-15,931446,中证东方红红利低波动指数,东证红利低波,CSI Dongfanghong Dividend Low Volatility Index,DFH Dividend Low Volatility,2824.15,2838.65,2803.3,2811.84,-7.33,-0.26,4852.49,383.04,100.0,6.65
2023-09-18,931446,中证东方红红利低波动指数,东证红利低波,CSI Dongfanghong Dividend Low Volatility Index,DFH Dividend Low Volatility,2809.34,2814.77,2788.8,2812.92,1.08,0.04,3643.75,275.56,100.0,6.64
2023-09-19,931446,中证东方红红利低波动指数,东证红利低波,CSI Dongfanghong Dividend Low Volatility Index,DFH Dividend Low Volatility,2809.92,2829.34,2807.41,2826.3,13.39,0.47,3853.45,277.58,100.0,6.69
2023-09-20,931446,中证东方红红利低波动指数,东证红利低波,CSI Dongfanghong Dividend Low Volatility Index,DFH Dividend Low Volatility,2825.33,2836.56,2813.26,2829.32,3.02,0.11,3605.25,262.05,100.0,6.69
2023-09-21,931446,中证东方红红利低波动指数,东证红利低波,CSI Dongfanghong Dividend Low Volatility Index,DFH Dividend Low Volatility,2828.8,2835.65,2810.88,2811.19,-18.13,-0.64,3492.14,260.77,100.0,6.64
2023-09-22,931446,中证东方红红利低波动指数,东证红利低波,CSI Dongfanghong Dividend Low Volatility Index,DFH Dividend Low Volatility,2811.51,2836.08,2805.15,2833.86,22.68,0.81,4413.39,364.22,100.0,6.73
2023-09-25,931446,中证东方红红利低波动指数,东证红利低波,CSI Dongfanghong Dividend Low Volatility Index,DFH Dividend Low Volatility,2833.17,2842.58,2824.4,2831.11,-2.75,-0.1,3838.99,301.39,100.0,6.7
2023-09-26,931446,中证东方红红利低波动指数,东证红利低波,CSI Dongfanghong Dividend Low Volatility Index,DFH Dividend Low Volatility,2831.23,2836.12,2823.66,2823.66,-7.45,-0.26,3143.9,237.66,100.0,6.67
2023-09-27,931446,中证东方红红利低波动指数,东证红利低波,CSI Dongfanghong Dividend Low Volatility Index,DFH Dividend Low Volatility,2826.54,2832.36,2817.57,2818.37,-5.29,-0.19,3380.42,258.77,100.0,6.64
2023-09-28,931446,中证东方红红利低波动指数,东证红利低波,CSI Dongfanghong Dividend Low Volatility Index,DFH Dividend Low Volatility,2823.4,2827.99,2817.41,2819.0,0.63,0.02,3102.09,253.65,100.0,6.65
2023-10-09,931446,中证东方红红利低波动指数,东证红利低波,CSI Dongfanghong Dividend Low Volatility Index,DFH Dividend Low Volatility,2809.62,2809.62,2783.35,2803.39,-15.61,-0.55,3964.24,301.23,100.0,6.63
2023-10-10,931446,中证东方红红利低波动指数,东证红利低波,CSI Dongfanghong Dividend Low Volatility Index,DFH Dividend Low Volatility,2808.37,2815.67,2775.17,2776.18,-27.2,-0.97,4124.31,307.77,100.0,6.58
2023-10-11,931446,中证东方红红利低波动指数,东证红利低波,CSI Dongfanghong Dividend Low Volatility Index,DFH Dividend Low Volatility,2783.76,2790.21,2767.88,2770.96,-5.22,-0.19,3963.43,292.65,100.0,6.57
2023-10-12,931446,中证东方红红利低波动指数,东证红利低波,CSI Dongfanghong Dividend Low Volatility Index,DFH Dividend Low Volatility,2791.57,2803.45,2787.75,2798.25,27.29,0.98,5314.12,362.87,100.0,6.65
2023-10-13,931446,中证东方红红利低波动指数,东证红利低波,CSI Dongfanghong Dividend Low Volatility Index,DFH Dividend Low Volatility,2786.8,2800.92,2779.44,2792.38,-5.87,-0.21,4292.74,286.94,100.0,6.66
2023-10-16,931446,中证东方红红利低波动指数,东证红利低波,CSI Dongfanghong Dividend Low Volatility Index,DFH Dividend Low Volatility,2795.38,2802.62,2785.42,2798.65,6.27,0.22,3650.01,268.07,100.0,6.67
2023-10-17,931446,中证东方红红利低波动指数,东证红利低波,CSI Dongfanghong Dividend Low Volatility Index,DFH Dividend Low Volatility,2799.35,2808.54,2793.31,2807.63,8.98,0.32,3256.58,254.46,100.0,6.71
2023-10-18,931446,中证东方红红利低波动指数,东证红利低波,CSI Dongfanghong Dividend Low Volatility Index,DFH Dividend Low Volatility,2803.54,2805.24,2780.27,2781.08,-26.55,-0.95,3608.42,267.02,100.0,6.69
2023-10-19,931446,中证东方红红利低波动指数,东证红利低波,CSI Dongfanghong Dividend Low Volatility Index,DFH Dividend Low Volatility,2774.09,2774.09,2731.58,2731.58,-49.5,-1.78,4777.86,360.76,100.0,6.55
2023-10-20,931446,中证东方红红利低波动指数,东证红利低波,CSI Dongfanghong Dividend Low Volatility Index,DFH Dividend Low Volatility,2725.52,2738.65,2717.23,2720.87,-10.71,-0.39,3734.44,278.15,100.0,6.52
2023-10-23,931446,中证东方红红利低波动指数,东证红利低波,CSI Dongfanghong Dividend Low Volatility Index,DFH Dividend Low Volatility,2713.85,2718.99,2673.56,2684.6,-36.27,-1.33,3669.59,266.0,100.0,6.47
2023-10-24,931446,中证东方红红利低波动指数,东证红利低波,CSI Dongfanghong Dividend Low Volatility Index,DFH Dividend Low Volatility,2691.05,2705.26,2680.93,2701.49,16.89,0.63,4454.11,317.8,100.0,6.47
2023-10-25,931446,中证东方红红利低波动指数,东证红利低波,CSI Dongfanghong Dividend Low Volatility Index,DFH Dividend Low Volatility,2719.44,2723.4,2705.64,2712.9,11.4,0.42,4884.03,353.58,100.0,6.41
2023-10-26,931446,中证东方红红利低波动指数,东证红利低波,CSI Dongfanghong Dividend Low Volatility Index,DFH Dividend Low Volatility,2704.4,2739.21,2700.18,2736.35,23.46,0.86,3991.45,281.97,100.0,6.48
2023-10-27,931446,中证东方红红利低波动指数,东证红利低波,CSI Dongfanghong Dividend Low Volatility Index,DFH Dividend Low Volatility,2739.34,2763.95,2737.53,2754.77,18.42,0.67,4557.66,354.31,100.0,6.5
2023-10-30,931446,中证东方红红利低波动指数,东证红利低波,CSI Dongfanghong Dividend Low Volatility Index,DFH Dividend Low Volatility,2748.01,2749.7,2716.2,2721.76,-33.01,-1.2,5900.05,429.92,100.0,6.39
2023-10-31,931446,中证东方红红利低波动指数,东证红利低波,CSI Dongfanghong Dividend Low Volatility Index,DFH Dividend Low Volatility,2719.9,2727.48,2711.13,2724.13,2.37,0.09,4489.48,361.62,100.0,6.41
2023-11-01,931446,中证东方红红利低波动指数,东证红利低波,CSI Dongfanghong Dividend Low Volatility Index,DFH Dividend Low Volatility,2725.9,2727.19,2711.32,2722.87,-1.26,-0.05,3875.05,292.79,100.0,6.42
2023-11-02,931446,中证东方红红利低波动指数,东证红利低波,CSI Dongfanghong Dividend Low Volatility Index,DFH Dividend Low Volatility,2722.56,2741.76,2722.5,2728.5,5.63,0.21,3682.59,267.53,100.0,6.46
2023-11-03,931446,中证东方红红利低波动指数,东证红利低波,CSI Dongfanghong Dividend Low Volatility Index,DFH Dividend Low Volatility,2729.93,2737.08,2719.05,2720.22,-8.29,-0.3,3717.71,282.1,100.0,6.44
2023-11-06,931446,中证东方红红利低波动指数,东证红利低波,CSI Dongfanghong Dividend Low Volatility Index,DFH Dividend Low Volatility,2727.37,2731.26,2716.08,2725.48,5.26,0.19,5333.33,422.28,100.0,6.4
2023-11-07,931446,中证东方红红利低波动指数,东证红利低波,CSI Dongfanghong Dividend Low Volatility Index,DFH Dividend Low Volatility,2722.0,2727.74,2711.02,2720.58,-4.9,-0.18,3699.43,295.49,100.0,6.4
2023-11-08,931446,中证东方红红利低波动指数,东证红利低波,CSI Dongfanghong Dividend Low Volatility Index,DFH Dividend Low Volatility,2717.7,2726.09,2707.15,2717.32,-3.25,-0.12,3572.11,290.43,100.0,6.38
2023-11-09,931446,中证东方红红利低波动指数,东证红利低波,CSI Dongfanghong Dividend Low Volatility Index,DFH Dividend Low Volatility,2714.67,2726.31,2713.71,2720.16,2.84,0.1,3772.28,324.22,100.0,6.42
2023-11-10,931446,中证东方红红利低波动指数,东证红利低波,CSI Dongfanghong Dividend Low Volatility Index,DFH Dividend Low Volatility,2715.28,2717.05,2698.07,2708.11,-12.05,-0.44,3662.48,297.27,100.0,6.4
2023-11-13,931446,中证东方红红利低波动指数,东证红利低波,CSI Dongfanghong Dividend Low Volatility Index,DFH Dividend Low Volatility,2711.14,2713.88,2692.36,2708.97,0.86,0.03,3355.34,271.09,100.0,6.39
2023-11-14,931446,中证东方红红利低波动指数,东证红利低波,CSI Dongfanghong Dividend Low Volatility Index,DFH Dividend Low Volatility,2707.88,2716.39,2703.58,2710.81,1.84,0.07,3333.94,274.49,100.0,6.4
2023-11-15,931446,中证东方红红利低波动指数,东证红利低波,CSI Dongfanghong Dividend Low Volatility Index,DFH Dividend Low Volatility,2723.54,2726.03,2717.25,2724.05,13.24,0.49,3236.91,277.33,100.0,6.43
2023-11-16,931446,中证东方红红利低波动指数,东证红利低波,CSI Dongfanghong Dividend Low Volatility Index,DFH Dividend Low Volatility,2722.61,2731.29,2717.48,2720.61,-3.45,-0.13,2943.5,228.32,100.0,6.42
2023-11-17,931446,中证东方红红利低波动指数,东证红利低波,CSI Dongfanghong Dividend Low Volatility Index,DFH Dividend Low Volatility,2717.07,2718.81,2705.53,2716.56,-4.05,-0.15,3015.12,240.28,100.0,6.39
2023-11-20,931446,中证东方红红利低波动指数,东证红利低波,CSI Dongfanghong Dividend Low Volatility Index,DFH Dividend Low Volatility,2719.05,2726.23,2709.09,2724.78,8.22,0.3,3045.91,237.78,100.0,6.42
2023-11-21,931446,中证东方红红利低波动指数,东证红利低波,CSI Dongfanghong Dividend Low Volatility Index,DFH Dividend Low Volatility,2727.96,2746.93,2727.04,2732.56,7.78,0.29,3702.52,286.41,100.0,6.43
2023-11-22,931446,中证东方红红利低波动指数,东证红利低波,CSI Dongfanghong Dividend Low Volatility Index,DFH Dividend Low Volatility,2728.12,2743.14,2726.32,2726.32,-6.24,-0.23,3063.47,220.64,100.0,6.42
2023-11-23,931446,中证东方红红利低波动指数,东证红利低波,CSI Dongfanghong Dividend Low Volatility Index,DFH Dividend Low Volatility,2726.6,2742.17,2722.22,2740.41,14.09,0.52,2806.74,215.18,100.0,6.43
2023-11-24,931446,中证东方红红利低波动指数,东证红利低波,CSI Dongfanghong Dividend Low Volatility Index,DFH Dividend Low Volatility,2740.23,2748.43,2736.03,2742.62,2.21,0.08,3022.0,234.74,100.0,6.42
2023-11-27,931446,中证东方红红利低波动指数,东证红利低波,CSI Dongfanghong Dividend Low Volatility Index,DFH Dividend Low Volatility,2741.64,2741.66,2715.56,2728.28,-14.34,-0.52,3914.13,310.94,100.0,6.39
2023-11-28,931446,中证东方红红利低波动指数,东证红利低波,CSI Dongfanghong Dividend Low Volatility Index,DFH Dividend Low Volatility,2726.02,2727.53,2714.64,2725.35,-2.93,-0.11,3082.11,238.66,100.0,6.38
2023-11-29,931446,中证东方红红利低波动指数,东证红利低波,CSI Dongfanghong Dividend Low Volatility Index,DFH Dividend Low Volatility,2725.51,2725.66,2700.46,2703.53,-21.82,-0.8,3657.5,286.42,100.0,6.34
2023-11-30,931446,中证东方红红利低波动指数,东证红利低波,CSI Dongfanghong Dividend Low Volatility Index,DFH Dividend Low Volatility,2702.37,2716.05,2701.22,2714.17,10.64,0.39,3850.97,290.31,100.0,6.39
2023-12-01,931446,中证东方红红利低波动指数,东证红利低波,CSI Dongfanghong Dividend Low Volatility Index,DFH Dividend Low Volatility,2714.43,2730.45,2711.47,2727.26,13.09,0.48,3987.07,309.28,100.0,6.39
2023-12-04,931446,中证东方红红利低波动指数,东证红利低波,CSI Dongfanghong Dividend Low Volatility Index,DFH Dividend Low Volatility,2730.19,2739.24,2727.2,2730.85,3.59,0.13,3122.71,241.17,100.0,6.39
2023-12-05,931446,中证东方红红利低波动指数,东证红利低波,CSI Dongfanghong Dividend Low Volatility Index,DFH Dividend Low Volatility,2728.2,2728.2,2696.38,2696.88,-33.97,-1.24,3498.45,272.92,100.0,6.3
2023-12-06,931446,中证东方红红利低波动指数,东证红利低波,CSI Dongfanghong Dividend Low Volatility Index,DFH Dividend Low Volatility,2694.68,2699.22,2672.1,2689.05,-7.83,-0.29,4237.06,297.82,100.0,6.24
2023-12-07,931446,中证东方红红利低波动指数,东证红利低波,CSI Dongfanghong Dividend Low Volatility Index,DFH Dividend Low Volatility,2687.76,2700.72,2676.5,2693.34,4.29,0.16,3698.61,272.78,100.0,6.25
2023-12-08,931446,中证东方红红利低波动指数,东证红利低波,CSI Dongfanghong Dividend Low Volatility Index,DFH Dividend Low Volatility,2692.55,2705.32,2685.3,2687.46,-5.87,-0.22,4776.04,329.04,100.0,6.26
2023-12-11,931446,中证东方红红利低波动指数,东证红利低波,CSI Dongfanghong Dividend Low Volatility Index,DFH Dividend Low Volatility,2680.69,2715.85,2653.26,2713.51,26.05,0.97,5045.9,355.05,100.0,6.12
2023-12-12,931446,中证东方红红利低波动指数,东证红利低波,CSI Dongfanghong Dividend Low Volatility Index,DFH Dividend Low Volatility,2709.84,2734.52,2703.32,2734.17,20.66,0.76,3871.62,268.45,100.0,6.18
2023-12-13,931446,中证东方红红利低波动指数,东证红利低波,CSI Dongfanghong Dividend Low Volatility Index,DFH Dividend Low Volatility,2730.09,2738.94,2720.09,2720.38,-13.79,-0.5,3319.67,248.08,100.0,6.13
2023-12-14,931446,中证东方红红利低波动指数,东证红利低波,CSI Dongfanghong Dividend Low Volatility Index,DFH Dividend Low Volatility,2725.18,2731.34,2715.88,2716.83,-3.55,-0.13,2801.51,209.83,100.0,6.11
2023-12-15,931446,中证东方红红利低波动指数,东证红利低波,CSI Dongfanghong Dividend Low Volatility Index,DFH Dividend Low Volatility,2720.9,2724.63,2695.38,2697.52,-19.31,-0.71,3429.09,264.1,100.0,6.07
2023-12-18,931446,中证东方红红利低波动指数,东证红利低波,CSI Dongfanghong Dividend Low Volatility Index,DFH Dividend Low Volatility,2694.49,2712.04,2686.55,2693.85,-3.67,-0.14,3478.81,239.73,100.0,6.1
2023-12-19,931446,中证东方红红利低波动指数,东证红利低波,CSI Dongfanghong Dividend Low Volatility Index,DFH Dividend Low Volatility,2694.09,2694.19,2674.71,2686.79,-7.06,-0.26,2873.28,201.36,100.0,6.1
2023-12-20,931446,中证东方红红利低波动指数,东证红利低波,CSI Dongfanghong Dividend Low Volatility Index,DFH Dividend Low Volatility,2688.47,2702.66,2674.6,2674.67,-12.12,-0.45,3277.71,262.03,100.0,6.09
2023-12-21,931446,中证东方红红利低波动指数,东证红利低波,CSI Dongfanghong Dividend Low Volatility Index,DFH Dividend Low Volatility,2669.74,2682.65,2652.0,2680.97,6.31,0.24,3729.83,283.43,100.0,6.09
2023-12-22,931446,中证东方红红利低波动指数,东证红利低波,CSI Dongfanghong Dividend Low Volatility Index,DFH Dividend Low Volatility,2681.73,2692.71,2671.07,2676.92,-4.06,-0.15,3638.04,272.13,100.0,6.12
2023-12-25,931446,中证东方红红利低波动指数,东证红利低波,CSI Dongfanghong Dividend Low Volatility Index,DFH Dividend Low Volatility,2674.16,2675.78,2661.48,2673.14,-3.77,-0.14,2521.19,186.52,100.0,6.14
2023-12-26,931446,中证东方红红利低波动指数,东证红利低波,CSI Dongfanghong Dividend Low Volatility Index,DFH Dividend Low Volatility,2672.87,2682.68,2664.86,2667.98,-5.17,-0.19,2636.7,197.52,100.0,6.14
2023-12-27,931446,中证东方红红利低波动指数,东证红利低波,CSI Dongfanghong Dividend Low Volatility Index,DFH Dividend Low Volatility,2667.35,2686.39,2657.12,2684.69,16.71,0.63,3420.91,236.84,100.0,6.19
2023-12-28,931446,中证东方红红利低波动指数,东证红利低波,CSI Dongfanghong Dividend Low Volatility Index,DFH Dividend Low Volatility,2683.83,2692.93,2678.17,2687.51,2.81,0.1,5158.97,376.95,100.0,6.18
2023-12-29,931446,中证东方红红利低波动指数,东证红利低波,CSI Dongfanghong Dividend Low Volatility Index,DFH Dividend Low Volatility,2684.27,2698.71,2683.01,2698.64,11.13,0.41,3628.77,269.36,100.0,6.2
2024-01-02,931446,中证东方红红利低波动指数,东证红利低波,CSI Dongfanghong Dividend Low Volatility Index,DFH Dividend Low Volatility,2696.15,2724.89,2694.0,2714.8,16.16,0.6,4241.83,308.36,100.0,6.21
2024-01-03,931446,中证东方红红利低波动指数,东证红利低波,CSI Dongfanghong Dividend Low Volatility Index,DFH Dividend Low Volatility,2712.1,2741.27,2711.23,2740.06,25.26,0.93,4027.83,286.5,100.0,6.27
2024-01-04,931446,中证东方红红利低波动指数,东证红利低波,CSI Dongfanghong Dividend Low Volatility Index,DFH Dividend Low Volatility,2739.25,2751.55,2731.05,2749.51,9.45,0.34,4128.69,302.55,100.0,6.31
2024-01-05,931446,中证东方红红利低波动指数,东证红利低波,CSI Dongfanghong Dividend Low Volatility Index,DFH Dividend Low Volatility,2748.56,2792.26,2740.07,2759.57,10.06,0.37,5635.8,420.46,100.0,6.32
2024-01-08,931446,中证东方红红利低波动指数,东证红利低波,CSI Dongfanghong Dividend Low Volatility Index,DFH Dividend Low Volatility,2756.4,2760.51,2733.84,2733.95,-25.61,-0.93,4497.24,336.37,100.0,6.29
2024-01-09,931446,中证东方红红利低波动指数,东证红利低波,CSI Dongfanghong Dividend Low Volatility Index,DFH Dividend Low Volatility,2731.41,2756.67,2716.18,2753.41,19.45,0.71,4082.67,297.93,100.0,6.3
2024-01-10,931446,中证东方红红利低波动指数,东证红利低波,CSI Dongfanghong Dividend Low Volatility Index,DFH Dividend Low Volatility,2749.52,2754.93,2737.92,2740.24,-13.17,-0.48,3289.85,249.78,100.0,6.26
2024-01-11,931446,中证东方红红利低波动指数,东证红利低波,CSI Dongfanghong Dividend Low Volatility Index,DFH Dividend Low Volatility,2737.47,2745.33,2727.07,2728.64,-11.59,-0.42,4029.97,291.25,100.0,6.21
2024-01-12,931446,中证东方红红利低波动指数,东证红利低波,CSI Dongfanghong Dividend Low Volatility Index,DFH Dividend Low Volatility,2725.54,2761.34,2725.02,2744.93,16.29,0.6,3478.35,248.91,100.0,6.24
2024-01-15,931446,中证东方红红利低波动指数,东证红利低波,CSI Dongfanghong Dividend Low Volatility Index,DFH Dividend Low Volatility,2741.85,2767.05,2738.92,2762.64,17.71,0.65,3209.79,237.15,100.0,6.28
2024-01-16,931446,中证东方红红利低波动指数,东证红利低波,CSI Dongfanghong Dividend Low Volatility Index,DFH Dividend Low Volatility,2759.36,2776.86,2751.36,2776.38,13.74,0.5,4228.88,313.6,100.0,6.33
2024-01-17,931446,中证东方红红利低波动指数,东证红利低波,CSI Dongfanghong Dividend Low Volatility Index,DFH Dividend Low Volatility,2771.67,2785.71,2746.85,2746.85,-29.53,-1.06,4521.2,347.71,100.0,6.26
2024-01-18,931446,中证东方红红利低波动指数,东证红利低波,CSI Dongfanghong Dividend Low Volatility Index,DFH Dividend Low Volatility,2738.97,2738.97,2660.48,2728.57,-18.28,-0.66,7290.64,518.08,100.0,6.26
2024-01-19,931446,中证东方红红利低波动指数,东证红利低波,CSI Dongfanghong Dividend Low Volatility Index,DFH Dividend Low Volatility,2720.69,2731.86,2706.16,2717.95,-10.62,-0.39,4455.47,343.62,100.0,6.25
2024-01-22,931446,中证东方红红利低波动指数,东证红利低波,CSI Dongfanghong Dividend Low Volatility Index,DFH Dividend Low Volatility,2713.71,2720.12,2633.12,2647.84,-70.11,-2.58,6152.72,471.39,100.0,6.2
2024-01-23,931446,中证东方红红利低波动指数,东证红利低波,CSI Dongfanghong Dividend Low Volatility Index,DFH Dividend Low Volatility,2642.38,2673.69,2616.7,2662.89,15.05,0.57,4591.0,336.13,100.0,6.21
2024-01-24,931446,中证东方红红利低波动指数,东证红利低波,CSI Dongfanghong Dividend Low Volatility Index,DFH Dividend Low Volatility,2669.86,2728.97,2660.38,2728.68,65.79,2.47,6008.2,427.6,100.0,6.36
2024-01-25,931446,中证东方红红利低波动指数,东证红利低波,CSI Dongfanghong Dividend Low Volatility Index,DFH Dividend Low Volatility,2732.12,2794.58,2730.16,2794.58,65.9,2.41,7800.62,557.95,100.0,6.54
2024-01-26,931446,中证东方红红利低波动指数,东证红利低波,CSI Dongfanghong Dividend Low Volatility Index,DFH Dividend Low Volatility,2795.04,2838.97,2793.32,2832.68,38.1,1.36,7723.86,550.77,100.0,6.65
2024-01-29,931446,中证东方红红利低波动指数,东证红利低波,CSI Dongfanghong Dividend Low Volatility Index,DFH Dividend Low Volatility,2839.25,2879.23,2837.74,2846.44,13.76,0.49,8298.44,601.65,100.0,6.7
2024-01-30,931446,中证东方红红利低波动指数,东证红利低波,CSI Dongfanghong Dividend Low Volatility Index,DFH Dividend Low Volatility,2833.03,2861.73,2811.99,2813.97,-32.48,-1.14,6207.28,462.37,100.0,6.66
2024-01-31,931446,中证东方红红利低波动指数,东证红利低波,CSI Dongfanghong Dividend Low Volatility Index,DFH Dividend Low Volatility,2802.79,2833.51,2788.37,2805.03,-8.93,-0.32,6186.94,469.37,100.0,6.68
2024-02-01,931446,中证东方红红利低波动指数,东证红利低波,CSI Dongfanghong Dividend Low Volatility Index,DFH Dividend Low Volatility,2790.63,2804.77,2765.45,2775.26,-29.78,-1.06,5922.12,437.3,100.0,6.6
2024-02-02,931446,中证东方红红利低波动指数,东证红利低波,CSI Dongfanghong Dividend Low Volatility Index,DFH Dividend Low Volatility,2775.29,2811.88,2715.75,2769.13,-6.13,-0.22,7408.48,547.42,100.0,6.63
2024-02-05,931446,中证东方红红利低波动指数,东证红利低波,CSI Dongfanghong Dividend Low Volatility Index,DFH Dividend Low Volatility,2759.03,2789.68,2705.41,2760.49,-8.64,-0.31,9126.84,668.15,100.0,6.73
2024-02-06,931446,中证东方红红利低波动指数,东证红利低波,CSI Dongfanghong Dividend Low Volatility Index,DFH Dividend Low Volatility,2745.34,2836.63,2740.32,2821.67,61.19,2.22,8702.08,651.22,100.0,6.78
2024-02-07,931446,中证东方红红利低波动指数,东证红利低波,CSI Dongfanghong Dividend Low Volatility Index,DFH Dividend Low Volatility,2819.84,2848.03,2797.43,2847.61,25.93,0.92,10268.48,743.91,100.0,6.78
2024-02-08,931446,中证东方红红利低波动指数,东证红利低波,CSI Dongfanghong Dividend Low Volatility Index,DFH Dividend Low Volatility,2843.8,2856.37,2830.38,2849.86,2.25,0.08,8520.98,610.93,100.0,6.74
2024-02-19,931446,中证东方红红利低波动指数,东证红利低波,CSI Dongfanghong Dividend Low Volatility Index,DFH Dividend Low Volatility,2859.89,2903.18,2838.57,2902.98,53.12,1.86,7860.88,573.19,100.0,6.92
2024-02-20,931446,中证东方红红利低波动指数,东证红利低波,CSI Dongfanghong Dividend Low Volatility Index,DFH Dividend Low Volatility,2894.87,2933.95,2883.72,2930.83,27.85,0.96,5494.76,425.59,100.0,6.97
2024-02-21,931446,中证东方红红利低波动指数,东证红利低波,CSI Dongfanghong Dividend Low Volatility Index,DFH Dividend Low Volatility,2920.95,2983.96,2912.75,2947.9,17.07,0.58,7203.76,596.71,100.0,7.04
2024-02-22,931446,中证东方红红利低波动指数,东证红利低波,CSI Dongfanghong Dividend Low Volatility Index,DFH Dividend Low Volatility,2940.0,2968.15,2933.2,2968.15,20.25,0.69,4998.42,403.39,100.0,7.12
2024-02-23,931446,中证东方红红利低波动指数,东证红利低波,CSI Dongfanghong Dividend Low Volatility Index,DFH Dividend Low Volatility,2967.76,2996.33,2961.65,2975.04,6.89,0.23,5606.63,439.55,100.0,7.13
2024-02-26,931446,中证东方红红利低波动指数,东证红利低波,CSI Dongfanghong Dividend Low Volatility Index,DFH Dividend Low Volatility,2972.35,2972.35,2909.01,2915.61,-59.42,-2.0,6279.25,490.27,100.0,6.96
2024-02-27,931446,中证东方红红利低波动指数,东证红利低波,CSI Dongfanghong Dividend Low Volatility Index,DFH Dividend Low Volatility,2907.86,2931.58,2903.27,2928.22,12.6,0.43,4709.53,369.01,100.0,6.97
2024-02-28,931446,中证东方红红利低波动指数,东证红利低波,CSI Dongfanghong Dividend Low Volatility Index,DFH Dividend Low Volatility,2924.22,2945.23,2908.05,2908.05,-20.17,-0.69,6236.79,489.66,100.0,6.96
2024-02-29,931446,中证东方红红利低波动指数,东证红利低波,CSI Dongfanghong Dividend Low Volatility Index,DFH Dividend Low Volatility,2900.23,2940.14,2898.64,2940.14,32.09,1.1,5038.79,396.9,100.0,6.99
2024-03-01,931446,中证东方红红利低波动指数,东证红利低波,CSI Dongfanghong Dividend Low Volatility Index,DFH Dividend Low Volatility,2936.53,2944.13,2924.62,2935.47,-4.67,-0.16,4753.0,370.92,100.0,6.99
2024-03-04,931446,中证东方红红利低波动指数,东证红利低波,CSI Dongfanghong Dividend Low Volatility Index,DFH Dividend Low Volatility,2931.19,2938.53,2914.59,2936.58,1.11,0.04,5174.29,425.87,100.0,7.02
2024-03-05,931446,中证东方红红利低波动指数,东证红利低波,CSI Dongfanghong Dividend Low Volatility Index,DFH Dividend Low Volatility,2929.47,2972.01,2926.85,2967.74,31.15,1.06,5776.44,475.25,100.0,7.12
2024-03-06,931446,中证东方红红利低波动指数,东证红利低波,CSI Dongfanghong Dividend Low Volatility Index,DFH Dividend Low Volatility,2964.71,2977.49,2953.5,2956.47,-11.27,-0.38,4578.8,364.23,100.0,7.06
2024-03-07,931446,中证东方红红利低波动指数,东证红利低波,CSI Dongfanghong Dividend Low Volatility Index,DFH Dividend Low Volatility,2955.07,2988.49,2955.07,2967.71,11.24,0.38,4509.85,372.53,100.0,7.1
2024-03-08,931446,中证东方红红利低波动指数,东证红利低波,CSI Dongfanghong Dividend Low Volatility Index,DFH Dividend Low Volatility,2964.88,2990.21,2960.45,2988.66,20.95,0.7,3940.2,316.0,100.0,7.11
2024-03-11,931446,中证东方红红利低波动指数,东证红利低波,CSI Dongfanghong Dividend Low Volatility Index,DFH Dividend Low Volatility,2987.46,2996.95,2958.87,2980.32,-8.34,-0.28,4603.73,381.72,100.0,7.06
2024-03-12,931446,中证东方红红利低波动指数,东证红利低波,CSI Dongfanghong Dividend Low Volatility Index,DFH Dividend Low Volatility,2976.37,2976.42,2924.47,2929.52,-50.8,-1.7,6120.1,522.31,100.0,6.91
2024-03-13,931446,中证东方红红利低波动指数,东证红利低波,CSI Dongfanghong Dividend Low Volatility Index,DFH Dividend Low Volatility,2926.8,2926.8,2896.92,2915.59,-13.93,-0.47,4373.53,374.46,100.0,6.87
2024-03-14,931446,中证东方红红利低波动指数,东证红利低波,CSI Dongfanghong Dividend Low Volatility Index,DFH Dividend Low Volatility,2912.12,2937.17,2911.08,2926.05,10.46,0.36,4243.11,340.75,100.0,6.9
2024-03-15,931446,中证东方红红利低波动指数,东证红利低波,CSI Dongfanghong Dividend Low Volatility Index,DFH Dividend Low Volatility,2927.3,2941.95,2923.49,2941.4,15.35,0.52,4439.61,354.94,100.0,6.91
2024-03-18,931446,中证东方红红利低波动指数,东证红利低波,CSI Dongfanghong Dividend Low Volatility Index,DFH Dividend Low Volatility,2939.18,2953.99,2934.83,2951.44,10.05,0.34,4473.54,365.62,100.0,6.91
2024-03-19,931446,中证东方红红利低波动指数,东证红利低波,CSI Dongfanghong Dividend Low Volatility Index,DFH Dividend Low Volatility,2948.21,2952.03,2924.83,2926.37,-25.07,-0.85,4004.94,322.75,100.0,6.87
2024-03-20,931446,中证东方红红利低波动指数,东证红利低波,CSI Dongfanghong Dividend Low Volatility Index,DFH Dividend Low Volatility,2923.74,2952.16,2915.49,2948.45,22.08,0.75,3890.25,313.89,100.0,6.94
2024-03-21,931446,中证东方红红利低波动指数,东证红利低波,CSI Dongfanghong Dividend Low Volatility Index,DFH Dividend Low Volatility,2951.61,2963.09,2943.73,2955.31,6.86,0.23,3689.05,299.52,100.0,6.96
2024-03-22,931446,中证东方红红利低波动指数,东证红利低波,CSI Dongfanghong Dividend Low Volatility Index,DFH Dividend Low Volatility,2954.34,2956.53,2917.79,2937.87,-17.44,-0.59,4276.51,363.89,100.0,6.94
2024-03-25,931446,中证东方红红利低波动指数,东证红利低波,CSI Dongfanghong Dividend Low Volatility Index,DFH Dividend Low Volatility,2930.58,2975.48,2929.16,2945.74,7.87,0.27,4273.0,345.04,100.0,6.98
2024-03-26,931446,中证东方红红利低波动指数,东证红利低波,CSI Dongfanghong Dividend Low Volatility Index,DFH Dividend Low Volatility,2947.39,2965.94,2938.63,2965.33,19.58,0.66,4300.87,363.24,100.0,7.01
2024-03-27,931446,中证东方红红利低波动指数,东证红利低波,CSI Dongfanghong Dividend Low Volatility Index,DFH Dividend Low Volatility,2961.4,2988.47,2960.03,2960.87,-4.46,-0.15,4503.37,358.46,100.0,7.04
2024-03-28,931446,中证东方红红利低波动指数,东证红利低波,CSI Dongfanghong Dividend Low Volatility Index,DFH Dividend Low Volatility,2956.88,2970.24,2936.34,2954.59,-6.28,-0.21,5442.7,404.99,100.0,6.98
2024-03-29,931446,中证东方红红利低波动指数,东证红利低波,CSI Dongfanghong Dividend Low Volatility Index,DFH Dividend Low Volatility,2948.07,2979.39,2946.5,2978.58,24.0,0.81,4776.73,361.92,100.0,7.07
2024-04-01,931446,中证东方红红利低波动指数,东证红利低波,CSI Dongfanghong Dividend Low Volatility Index,DFH Dividend Low Volatility,2981.65,2994.77,2980.28,2994.46,15.88,0.53,4964.2,401.05,100.0,7.09
2024-04-02,931446,中证东方红红利低波动指数,东证红利低波,CSI Dongfanghong Dividend Low Volatility Index,DFH Dividend Low Volatility,2992.82,3016.25,2991.14,3006.71,12.25,0.41,4834.12,382.07,100.0,7.13
2024-04-03,931446,中证东方红红利低波动指数,东证红利低波,CSI Dongfanghong Dividend Low Volatility Index,DFH Dividend Low Volatility,3006.91,3015.29,2990.01,3013.3,6.59,0.22,4183.35,350.58,100.0,7.14
2024-04-08,931446,中证东方红红利低波动指数,东证红利低波,CSI Dongfanghong Dividend Low Volatility Index,DFH Dividend Low Volatility,3008.09,3041.87,2995.87,3025.69,12.39,0.41,5312.07,439.27,100.0,7.19
2024-04-09,931446,中证东方红红利低波动指数,东证红利低波,CSI Dongfanghong Dividend Low Volatility Index,DFH Dividend Low Volatility,3024.58,3037.32,3002.89,3012.42,-13.27,-0.44,4665.17,370.29,100.0,7.12
2024-04-10,931446,中证东方红红利低波动指数,东证红利低波,CSI Dongfanghong Dividend Low Volatility Index,DFH Dividend Low Volatility,3010.51,3031.69,2999.41,3012.73,0.31,0.01,4435.66,378.27,100.0,7.15
2024-04-11,931446,中证东方红红利低波动指数,东证红利低波,CSI Dongfanghong Dividend Low Volatility Index,DFH Dividend Low Volatility,3001.59,3043.93,2993.74,3032.91,20.18,0.67,4212.92,338.27,100.0,7.14
2024-04-12,931446,中证东方红红利低波动指数,东证红利低波,CSI Dongfanghong Dividend Low Volatility Index,DFH Dividend Low Volatility,3029.53,3040.63,3016.24,3020.62,-12.29,-0.4,4392.39,363.0,100.0,7.11
2024-04-15,931446,中证东方红红利低波动指数,东证红利低波,CSI Dongfanghong Dividend Low Volatility Index,DFH Dividend Low Volatility,3023.5,3087.18,3009.33,3081.66,61.04,2.02,7359.01,576.97,100.0,7.3
2024-04-16,931446,中证东方红红利低波动指数,东证红利低波,CSI Dongfanghong Dividend Low Volatility Index,DFH Dividend Low Volatility,3074.25,3096.99,3046.64,3059.29,-22.37,-0.73,7413.8,585.83,100.0,7.34
2024-04-17,931446,中证东方红红利低波动指数,东证红利低波,CSI Dongfanghong Dividend Low Volatility Index,DFH Dividend Low Volatility,3057.2,3128.6,3043.64,3128.6,69.31,2.26,7105.44,554.96,100.0,7.42
2024-04-18,931446,中证东方红红利低波动指数,东证红利低波,CSI Dongfanghong Dividend Low Volatility Index,DFH Dividend Low Volatility,3124.62,3171.69,3122.91,3140.48,11.88,0.38,7379.22,608.75,100.0,7.42
2024-04-19,931446,中证东方红红利低波动指数,东证红利低波,CSI Dongfanghong Dividend Low Volatility Index,DFH Dividend Low Volatility,3122.87,3164.71,3122.86,3148.17,7.69,0.24,5802.52,470.81,100.0,7.46
2024-04-22,931446,中证东方红红利低波动指数,东证红利低波,CSI Dongfanghong Dividend Low Volatility Index,DFH Dividend Low Volatility,3150.87,3167.15,3105.53,3108.42,-39.75,-1.26,5806.58,462.75,100.0,7.36
2024-04-23,931446,中证东方红红利低波动指数,东证红利低波,CSI Dongfanghong Dividend Low Volatility Index,DFH Dividend Low Volatility,3105.03,3113.72,3075.84,3081.69,-26.73,-0.86,5326.48,416.75,100.0,7.31
2024-04-24,931446,中证东方红红利低波动指数,东证红利低波,CSI Dongfanghong Dividend Low Volatility Index,DFH Dividend Low Volatility,3080.95,3088.59,3063.89,3085.19,3.5,0.11,4238.36,348.95,100.0,7.32
2024-04-25,931446,中证东方红红利低波动指数,东证红利低波,CSI Dongfanghong Dividend Low Volatility Index,DFH Dividend Low Volatility,3079.75,3103.39,3075.84,3102.11,16.92,0.55,4094.43,344.3,100.0,7.37
2024-04-26,931446,中证东方红红利低波动指数,东证红利低波,CSI Dongfanghong Dividend Low Volatility Index,DFH Dividend Low Volatility,3096.39,3109.05,3057.36,3076.39,-25.72,-0.83,7370.05,590.26,100.0,7.32
2024-04-29,931446,中证东方红红利低波动指数,东证红利低波,CSI Dongfanghong Dividend Low Volatility Index,DFH Dividend Low Volatility,3062.33,3069.11,3037.9,3064.18,-12.21,-0.4,8117.62,674.54,100.0,7.27
2024-04-30,931446,中证东方红红利低波动指数,东证红利低波,CSI Dongfanghong Dividend Low Volatility Index,DFH Dividend Low Volatility,3059.43,3093.45,3055.43,3075.97,11.79,0.38,6532.77,576.78,100.0,7.3
2024-05-06,931446,中证东方红红利低波动指数,东证红利低波,CSI Dongfanghong Dividend Low Volatility Index,DFH Dividend Low Volatility,3095.94,3106.81,3077.91,3104.88,28.9,0.94,7468.81,645.91,100.0,7.33
2024-05-07,931446,中证东方红红利低波动指数,东证红利低波,CSI Dongfanghong Dividend Low Volatility Index,DFH Dividend Low Volatility,3102.03,3102.08,3079.93,3096.64,-8.23,-0.27,5350.35,433.79,100.0,7.34
2024-05-08,931446,中证东方红红利低波动指数,东证红利低波,CSI Dongfanghong Dividend Low Volatility Index,DFH Dividend Low Volatility,3093.47,3109.3,3090.05,3093.24,-3.4,-0.11,4566.5,372.46,100.0,7.36
2024-05-09,931446,中证东方红红利低波动指数,东证红利低波,CSI Dongfanghong Dividend Low Volatility Index,DFH Dividend Low Volatility,3093.02,3120.16,3093.02,3116.75,23.5,0.76,4721.2,383.58,100.0,7.35
2024-05-10,931446,中证东方红红利低波动指数,东证红利低波,CSI Dongfanghong Dividend Low Volatility Index,DFH Dividend Low Volatility,3116.55,3133.13,3105.41,3129.47,12.73,0.41,5088.15,444.05,100.0,7.39
2024-05-13,931446,中证东方红红利低波动指数,东证红利低波,CSI Dongfanghong Dividend Low Volatility Index,DFH Dividend Low Volatility,3126.46,3163.6,3112.5,3158.39,28.92,0.92,5784.49,482.26,100.0,7.42
2024-05-14,931446,中证东方红红利低波动指数,东证红利低波,CSI Dongfanghong Dividend Low Volatility Index,DFH Dividend Low Volatility,3155.2,3165.58,3143.84,3155.47,-2.93,-0.09,4563.8,393.22,100.0,7.37
2024-05-15,931446,中证东方红红利低波动指数,东证红利低波,CSI Dongfanghong Dividend Low Volatility Index,DFH Dividend Low Volatility,3150.99,3158.97,3136.08,3138.19,-17.28,-0.55,3674.18,317.13,100.0,7.34
2024-05-16,931446,中证东方红红利低波动指数,东证红利低波,CSI Dongfanghong Dividend Low Volatility Index,DFH Dividend Low Volatility,3139.62,3161.9,3138.06,3147.78,9.59,0.31,5330.15,473.06,100.0,7.37
2024-05-17,931446,中证东方红红利低波动指数,东证红利低波,CSI Dongfanghong Dividend Low Volatility Index,DFH Dividend Low Volatility,3149.28,3172.74,3136.71,3172.74,24.96,0.79,5525.56,516.23,100.0,7.45
2024-05-20,931446,中证东方红红利低波动指数,东证红利低波,CSI Dongfanghong Dividend Low Volatility Index,DFH Dividend Low Volatility,3173.22,3189.06,3162.16,3178.86,6.12,0.19,5958.72,542.47,100.0,7.49
2024-05-21,931446,中证东方红红利低波动指数,东证红利低波,CSI Dongfanghong Dividend Low Volatility Index,DFH Dividend Low Volatility,3175.06,3199.36,3170.16,3193.54,14.68,0.46,4419.32,390.87,100.0,7.52
2024-05-22,931446,中证东方红红利低波动指数,东证红利低波,CSI Dongfanghong Dividend Low Volatility Index,DFH Dividend Low Volatility,3191.56,3214.37,3189.37,3191.26,-2.28,-0.07,4968.63,423.57,100.0,7.52
2024-05-23,931446,中证东方红红利低波动指数,东证红利低波,CSI Dongfanghong Dividend Low Volatility Index,DFH Dividend Low Volatility,3184.55,3187.36,3153.93,3160.5,-30.76,-0.96,4774.05,410.21,100.0,7.47
2024-05-24,931446,中证东方红红利低波动指数,东证红利低波,CSI Dongfanghong Dividend Low Volatility Index,DFH Dividend Low Volatility,3156.29,3192.45,3156.29,3159.41,-1.09,-0.03,4237.07,371.8,100.0,7.44
2024-05-27,931446,中证东方红红利低波动指数,东证红利低波,CSI Dongfanghong Dividend Low Volatility Index,DFH Dividend Low Volatility,3163.33,3206.78,3163.33,3205.93,46.52,1.47,4681.22,404.84,100.0,7.55
2024-05-28,931446,中证东方红红利低波动指数,东证红利低波,CSI Dongfanghong Dividend Low Volatility Index,DFH Dividend Low Volatility,3202.88,3213.74,3183.95,3189.95,-15.98,-0.5,4000.31,342.49,100.0,7.55
2024-05-29,931446,中证东方红红利低波动指数,东证红利低波,CSI Dongfanghong Dividend Low Volatility Index,DFH Dividend Low Volatility,3185.84,3209.18,3175.01,3183.33,-6.62,-0.21,4051.84,339.81,100.0,7.54
2024-05-30,931446,中证东方红红利低波动指数,东证红利低波,CSI Dongfanghong Dividend Low Volatility Index,DFH Dividend Low Volatility,3176.32,3197.69,3152.0,3159.49,-23.84,-0.75,4103.69,344.31,100.0,7.47
2024-05-31,931446,中证东方红红利低波动指数,东证红利低波,CSI Dongfanghong Dividend Low Volatility Index,DFH Dividend Low Volatility,3162.97,3181.1,3162.97,3166.23,6.74,0.21,3811.45,332.07,100.0,7.46
2024-06-03,931446,中证东方红红利低波动指数,东证红利低波,CSI Dongfanghong Dividend Low Volatility Index,DFH Dividend Low Volatility,3166.18,3166.75,3129.39,3147.17,-19.06,-0.6,5673.91,469.32,100.0,7.47
2024-06-04,931446,中证东方红红利低波动指数,东证红利低波,CSI Dongfanghong Dividend Low Volatility Index,DFH Dividend Low Volatility,3143.3,3173.87,3136.87,3170.5,23.33,0.74,4323.36,375.82,100.0,7.47
2024-06-05,931446,中证东方红红利低波动指数,东证红利低波,CSI Dongfanghong Dividend Low Volatility Index,DFH Dividend Low Volatility,3169.84,3171.57,3131.5,3132.56,-37.94,-1.2,4187.62,367.09,100.0,7.43
2024-06-06,931446,中证东方红红利低波动指数,东证红利低波,CSI Dongfanghong Dividend Low Volatility Index,DFH Dividend Low Volatility,3130.52,3146.39,3119.56,3127.92,-4.65,-0.15,4939.38,428.04,100.0,7.46
2024-06-07,931446,中证东方红红利低波动指数,东证红利低波,CSI Dongfanghong Dividend Low Volatility Index,DFH Dividend Low Volatility,3129.63,3156.98,3128.57,3155.41,27.49,0.88,5043.01,414.47,100.0,7.47
2024-06-11,931446,中证东方红红利低波动指数,东证红利低波,CSI Dongfanghong Dividend Low Volatility Index,DFH Dividend Low Volatility,3153.07,3159.08,3093.69,3102.74,-52.67,-1.67,5618.53,449.78,100.0,7.34
2024-06-12,931446,中证东方红红利低波动指数,东证红利低波,CSI Dongfanghong Dividend Low Volatility Index,DFH Dividend Low Volatility,3095.32,3124.1,3082.6,3120.41,17.67,0.57,4834.63,382.44,100.0,7.36
2024-06-13,931446,中证东方红红利低波动指数,东证红利低波,CSI Dongfanghong Dividend Low Volatility Index,DFH Dividend Low Volatility,3118.32,3123.37,3082.5,3089.71,-30.7,-0.98,4243.53,347.47,100.0,7.35
2024-06-14,931446,中证东方红红利低波动指数,东证红利低波,CSI Dongfanghong Dividend Low Volatility Index,DFH Dividend Low Volatility,3077.1,3095.33,3063.29,3080.52,-9.19,-0.3,7066.31,621.13,100.0,7.35
2024-06-17,931446,中证东方红红利低波动指数,东证红利低波,CSI Dongfanghong Dividend Low Volatility Index,DFH Dividend Low Volatility,3072.15,3092.29,3056.43,3060.52,-20.0,-0.65,5221.62,421.0,100.0,7.38
2024-06-18,931446,中证东方红红利低波动指数,东证红利低波,CSI Dongfanghong Dividend Low Volatility Index,DFH Dividend Low Volatility,3061.75,3084.1,3046.67,3082.81,22.29,0.73,4253.67,347.7,100.0,7.42
2024-06-19,931446,中证东方红红利低波动指数,东证红利低波,CSI Dongfanghong Dividend Low Volatility Index,DFH Dividend Low Volatility,3079.94,3096.08,3075.73,3079.0,-3.81,-0.12,3974.73,329.76,100.0,7.46
2024-06-20,931446,中证东方红红利低波动指数,东证红利低波,CSI Dongfanghong Dividend Low Volatility Index,DFH Dividend Low Volatility,3075.16,3083.29,3056.32,3063.67,-15.33,-0.5,3884.97,327.38,100.0,7.48
2024-06-21,931446,中证东方红红利低波动指数,东证红利低波,CSI Dongfanghong Dividend Low Volatility Index,DFH Dividend Low Volatility,3058.07,3081.49,3056.52,3066.77,3.1,0.1,4244.81,353.32,100.0,7.46
2024-06-24,931446,中证东方红红利低波动指数,东证红利低波,CSI Dongfanghong Dividend Low Volatility Index,DFH Dividend Low Volatility,3061.57,3061.84,3028.33,3041.87,-24.9,-0.81,4671.56,384.32,100.0,7.49
2024-06-25,931446,中证东方红红利低波动指数,东证红利低波,CSI Dongfanghong Dividend Low Volatility Index,DFH Dividend Low Volatility,3038.25,3064.76,3037.95,3049.3,7.42,0.24,4477.48,368.82,100.0,7.5
2024-06-26,931446,中证东方红红利低波动指数,东证红利低波,CSI Dongfanghong Dividend Low Volatility Index,DFH Dividend Low Volatility,3042.41,3058.79,3032.9,3056.25,6.95,0.23,3878.02,304.56,100.0,7.49
2024-06-27,931446,中证东方红红利低波动指数,东证红利低波,CSI Dongfanghong Dividend Low Volatility Index,DFH Dividend Low Volatility,3044.78,3067.03,3036.54,3051.54,-4.71,-0.15,4780.02,379.23,100.0,7.51
2024-06-28,931446,中证东方红红利低波动指数,东证红利低波,CSI Dongfanghong Dividend Low Volatility Index,DFH Dividend Low Volatility,3047.28,3097.88,3041.19,3083.24,31.69,1.04,5108.49,408.55,100.0,7.61
2024-07-01,931446,中证东方红红利低波动指数,东证红利低波,CSI Dongfanghong Dividend Low Volatility Index,DFH Dividend Low Volatility,3081.61,3135.87,3081.34,3133.38,50.14,1.63,4727.84,384.48,100.0,7.71
2024-07-02,931446,中证东方红红利低波动指数,东证红利低波,CSI Dongfanghong Dividend Low Volatility Index,DFH Dividend Low Volatility,3132.33,3158.42,3131.59,3155.88,22.5,0.72,5196.07,425.62,100.0,7.82
2024-07-03,931446,中证东方红红利低波动指数,东证红利低波,CSI Dongfanghong Dividend Low Volatility Index,DFH Dividend Low Volatility,3152.05,3163.94,3134.94,3143.18,-12.7,-0.4,4307.69,350.19,100.0,7.77
2024-07-04,931446,中证东方红红利低波动指数,东证红利低波,CSI Dongfanghong Dividend Low Volatility Index,DFH Dividend Low Volatility,3140.87,3153.19,3122.93,3126.4,-16.78,-0.53,4120.7,340.96,100.0,7.79
2024-07-05,931446,中证东方红红利低波动指数,东证红利低波,CSI Dongfanghong Dividend Low Volatility Index,DFH Dividend Low Volatility,3125.78,3131.47,3083.23,3103.1,-23.3,-0.75,5064.33,438.38,100.0,7.68
2024-07-08,931446,中证东方红红利低波动指数,东证红利低波,CSI Dongfanghong Dividend Low Volatility Index,DFH Dividend Low Volatility,3096.2,3113.92,3087.22,3093.18,-9.92,-0.32,4553.07,387.6,100.0,7.72
2024-07-09,931446,中证东方红红利低波动指数,东证红利低波,CSI Dongfanghong Dividend Low Volatility Index,DFH Dividend Low Volatility,3090.04,3132.54,3074.54,3132.11,38.93,1.26,4721.67,394.59,100.0,7.76
2024-07-10,931446,中证东方红红利低波动指数,东证红利低波,CSI Dongfanghong Dividend Low Volatility Index,DFH Dividend Low Volatility,3120.65,3128.59,3091.8,3094.66,-37.45,-1.2,4336.44,384.49,100.0,7.7
2024-07-11,931446,中证东方红红利低波动指数,东证红利低波,CSI Dongfanghong Dividend Low Volatility Index,DFH Dividend Low Volatility,3102.22,3106.21,3074.39,3088.34,-6.32,-0.2,4731.09,392.57,100.0,7.67
2024-07-12,931446,中证东方红红利低波动指数,东证红利低波,CSI Dongfanghong Dividend Low Volatility Index,DFH Dividend Low Volatility,3079.04,3104.58,3077.59,3097.38,9.04,0.29,4701.48,393.77,100.0,7.72
2024-07-15,931446,中证东方红红利低波动指数,东证红利低波,CSI Dongfanghong Dividend Low Volatility Index,DFH Dividend Low Volatility,3088.92,3116.72,3078.83,3114.17,16.79,0.54,4422.86,360.31,100.0,7.82
2024-07-16,931446,中证东方红红利低波动指数,东证红利低波,CSI Dongfanghong Dividend Low Volatility Index,DFH Dividend Low Volatility,3107.31,3111.35,3080.04,3092.84,-21.33,-0.69,4500.6,383.78,100.0,7.77
2024-07-17,931446,中证东方红红利低波动指数,东证红利低波,CSI Dongfanghong Dividend Low Volatility Index,DFH Dividend Low Volatility,3084.61,3088.58,3067.81,3077.02,-15.82,-0.51,4548.69,407.37,100.0,7.72
2024-07-18,931446,中证东方红红利低波动指数,东证红利低波,CSI Dongfanghong Dividend Low Volatility Index,DFH Dividend Low Volatility,3071.02,3097.03,3049.53,3095.73,18.71,0.61,4336.94,385.27,100.0,7.76
2024-07-19,931446,中证东方红红利低波动指数,东证红利低波,CSI Dongfanghong Dividend Low Volatility Index,DFH Dividend Low Volatility,3089.07,3089.18,3066.14,3083.54,-12.19,-0.39,5109.05,452.32,100.0,7.74
2024-07-22,931446,中证东方红红利低波动指数,东证红利低波,CSI Dongfanghong Dividend Low Volatility Index,DFH Dividend Low Volatility,3079.64,3079.69,3039.16,3058.43,-25.11,-0.81,5405.03,498.0,100.0,7.64
2024-07-23,931446,中证东方红红利低波动指数,东证红利低波,CSI Dongfanghong Dividend Low Volatility Index,DFH Dividend Low Volatility,3054.78,3080.19,3053.42,3053.42,-5.01,-0.16,5499.38,460.85,100.0,7.68
2024-07-24,931446,中证东方红红利低波动指数,东证红利低波,CSI Dongfanghong Dividend Low Volatility Index,DFH Dividend Low Volatility,3048.28,3077.3,3042.23,3065.36,11.94,0.39,5548.84,450.7,100.0,7.72
2024-07-25,931446,中证东方红红利低波动指数,东证红利低波,CSI Dongfanghong Dividend Low Volatility Index,DFH Dividend Low Volatility,3063.15,3069.71,3033.95,3058.83,-6.53,-0.21,5729.32,464.04,100.0,7.65
2024-07-26,931446,中证东方红红利低波动指数,东证红利低波,CSI Dongfanghong Dividend Low Volatility Index,DFH Dividend Low Volatility,3054.6,3060.94,3023.28,3044.14,-14.69,-0.48,5316.59,456.18,100.0,7.55
2024-07-29,931446,中证东方红红利低波动指数,东证红利低波,CSI Dongfanghong Dividend Low Volatility Index,DFH Dividend Low Volatility,3040.26,3076.9,3030.71,3073.93,29.79,0.98,4533.08,360.83,100.0,7.62
2024-07-30,931446,中证东方红红利低波动指数,东证红利低波,CSI Dongfanghong Dividend Low Volatility Index,DFH Dividend Low Volatility,3068.04,3070.39,3046.07,3068.5,-5.43,-0.18,4254.14,350.69,100.0,7.56
2024-07-31,931446,中证东方红红利低波动指数,东证红利低波,CSI Dongfanghong Dividend Low Volatility Index,DFH Dividend Low Volatility,3066.24,3083.32,3055.81,3079.95,11.45,0.37,6576.41,547.05,100.0,7.53
2024-08-01,931446,中证东方红红利低波动指数,东证红利低波,CSI Dongfanghong Dividend Low Volatility Index,DFH Dividend Low Volatility,3075.43,3113.53,3070.84,3097.65,17.7,0.57,5623.3,452.54,100.0,7.58
2024-08-02,931446,中证东方红红利低波动指数,东证红利低波,CSI Dongfanghong Dividend Low Volatility Index,DFH Dividend Low Volatility,3085.53,3106.38,3077.67,3092.18,-5.48,-0.18,4183.24,336.48,100.0,7.54
2024-08-05,931446,中证东方红红利低波动指数,东证红利低波,CSI Dongfanghong Dividend Low Volatility Index,DFH Dividend Low Volatility,3083.84,3098.53,3053.0,3053.94,-38.24,-1.24,5204.84,424.56,100.0,7.45
2024-08-06,931446,中证东方红红利低波动指数,东证红利低波,CSI Dongfanghong Dividend Low Volatility Index,DFH Dividend Low Volatility,3063.09,3073.81,3010.96,3029.35,-24.58,-0.8,4619.46,381.58,100.0,7.38
2024-08-07,931446,中证东方红红利低波动指数,东证红利低波,CSI Dongfanghong Dividend Low Volatility Index,DFH Dividend Low Volatility,3025.67,3047.27,3023.81,3032.61,3.25,0.11,3693.32,303.28,100.0,7.41
2024-08-08,931446,中证东方红红利低波动指数,东证红利低波,CSI Dongfanghong Dividend Low Volatility Index,DFH Dividend Low Volatility,3031.38,3047.11,3025.64,3041.41,8.8,0.29,3087.78,253.96,100.0,7.42
2024-08-09,931446,中证东方红红利低波动指数,东证红利低波,CSI Dongfanghong Dividend Low Volatility Index,DFH Dividend Low Volatility,3043.2,3051.28,3033.17,3033.17,-8.24,-0.27,3111.85,251.8,100.0,7.45
2024-08-12,931446,中证东方红红利低波动指数,东证红利低波,CSI Dongfanghong Dividend Low Volatility Index,DFH Dividend Low Volatility,3032.83,3047.42,3027.95,3037.1,3.93,0.13,3139.98,236.19,100.0,7.45
2024-08-13,931446,中证东方红红利低波动指数,东证红利低波,CSI Dongfanghong Dividend Low Volatility Index,DFH Dividend Low Volatility,3036.69,3056.65,3033.52,3052.03,14.93,0.49,3406.69,254.13,100.0,7.49
2024-08-14,931446,中证东方红红利低波动指数,东证红利低波,CSI Dongfanghong Dividend Low Volatility Index,DFH Dividend Low Volatility,3049.45,3064.92,3043.14,3050.87,-1.16,-0.04,2994.41,240.02,100.0,7.49
2024-08-15,931446,中证东方红红利低波动指数,东证红利低波,CSI Dongfanghong Dividend Low Volatility Index,DFH Dividend Low Volatility,3049.59,3085.62,3042.95,3079.59,28.72,0.94,3911.2,330.77,100.0,7.58
2024-08-16,931446,中证东方红红利低波动指数,东证红利低波,CSI Dongfanghong Dividend Low Volatility Index,DFH Dividend Low Volatility,3079.01,3092.75,3075.2,3084.48,4.89,0.16,4174.98,312.12,100.0,7.64
2024-08-19,931446,中证东方红红利低波动指数,东证红利低波,CSI Dongfanghong Dividend Low Volatility Index,DFH Dividend Low Volatility,3085.07,3126.55,3085.07,3125.75,41.28,1.34,4769.75,361.19,100.0,7.75
2024-08-20,931446,中证东方红红利低波动指数,东证红利低波,CSI Dongfanghong Dividend Low Volatility Index,DFH Dividend Low Volatility,3127.64,3128.48,3092.43,3106.69,-19.06,-0.61,4415.28,341.56,100.0,7.74
2024-08-21,931446,中证东方红红利低波动指数,东证红利低波,CSI Dongfanghong Dividend Low Volatility Index,DFH Dividend Low Volatility,3100.3,3100.3,3072.36,3082.55,-24.14,-0.78,3701.53,287.1,100.0,7.7
2024-08-22,931446,中证东方红红利低波动指数,东证红利低波,CSI Dongfanghong Dividend Low Volatility Index,DFH Dividend Low Volatility,3081.75,3106.28,3081.75,3095.29,12.74,0.41,4211.5,339.64,100.0,7.76
2024-08-23,931446,中证东方红红利低波动指数,东证红利低波,CSI Dongfanghong Dividend Low Volatility Index,DFH Dividend Low Volatility,3093.18,3100.21,3072.91,3094.28,-1.01,-0.03,3901.49,352.12,100.0,7.8
2024-08-26,931446,中证东方红红利低波动指数,东证红利低波,CSI Dongfanghong Dividend Low Volatility Index,DFH Dividend Low Volatility,3089.34,3092.74,3056.24,3083.34,-10.94,-0.35,3910.4,326.08,100.0,7.79
2024-08-27,931446,中证东方红红利低波动指数,东证红利低波,CSI Dongfanghong Dividend Low Volatility Index,DFH Dividend Low Volatility,3079.01,3091.26,3068.67,3081.68,-1.65,-0.05,4140.19,328.4,100.0,7.86
2024-08-28,931446,中证东方红红利低波动指数,东证红利低波,CSI Dongfanghong Dividend Low Volatility Index,DFH Dividend Low Volatility,3072.81,3079.35,3048.85,3057.41,-24.27,-0.79,4091.68,331.71,100.0,7.79
2024-08-29,931446,中证东方红红利低波动指数,东证红利低波,CSI Dongfanghong Dividend Low Volatility Index,DFH Dividend Low Volatility,3054.1,3054.31,2989.55,2989.55,-67.87,-2.22,6485.6,481.64,100.0,7.57
2024-08-30,931446,中证东方红红利低波动指数,东证红利低波,CSI Dongfanghong Dividend Low Volatility Index,DFH Dividend Low Volatility,2981.52,3004.47,2959.62,2971.62,-17.93,-0.6,8647.62,686.55,100.0,7.46
2024-09-02,931446,中证东方红红利低波动指数,东证红利低波,CSI Dongfanghong Dividend Low Volatility Index,DFH Dividend Low Volatility,2964.0,2994.55,2955.5,2976.53,4.91,0.16,6911.92,515.97,100.0,7.46
2024-09-03,931446,中证东方红红利低波动指数,东证红利低波,CSI Dongfanghong Dividend Low Volatility Index,DFH Dividend Low Volatility,2975.17,2980.89,2924.96,2940.78,-35.76,-1.2,6298.12,455.16,100.0,7.29
2024-09-04,931446,中证东方红红利低波动指数,东证红利低波,CSI Dongfanghong Dividend Low Volatility Index,DFH Dividend Low Volatility,2929.7,2947.76,2923.89,2937.36,-3.42,-0.12,4528.29,332.74,100.0,7.23
2024-09-05,931446,中证东方红红利低波动指数,东证红利低波,CSI Dongfanghong Dividend Low Volatility Index,DFH Dividend Low Volatility,2939.2,2947.05,2924.87,2943.92,6.56,0.22,4109.12,321.43,100.0,7.2
2024-09-06,931446,中证东方红红利低波动指数,东证红利低波,CSI Dongfanghong Dividend Low Volatility Index,DFH Dividend Low Volatility,2946.08,2970.25,2931.15,2932.36,-11.55,-0.39,3713.65,289.49,100.0,7.19
2024-09-09,931446,中证东方红红利低波动指数,东证红利低波,CSI Dongfanghong Dividend Low Volatility Index,DFH Dividend Low Volatility,2926.76,2926.76,2883.38,2890.78,-41.58,-1.42,4719.52,363.18,100.0,7.1
2024-09-10,931446,中证东方红红利低波动指数,东证红利低波,CSI Dongfanghong Dividend Low Volatility Index,DFH Dividend Low Volatility,2891.9,2899.35,2870.92,2896.86,6.08,0.21,4267.22,311.39,100.0,7.15
2024-09-11,931446,中证东方红红利低波动指数,东证红利低波,CSI Dongfanghong Dividend Low Volatility Index,DFH Dividend Low Volatility,2888.29,2888.29,2822.24,2832.54,-64.32,-2.22,5000.26,375.83,100.0,6.98
2024-09-12,931446,中证东方红红利低波动指数,东证红利低波,CSI Dongfanghong Dividend Low Volatility Index,DFH Dividend Low Volatility,2828.82,2856.7,2821.89,2847.88,15.34,0.54,4088.45,306.7,100.0,7.02
2024-09-13,931446,中证东方红红利低波动指数,东证红利低波,CSI Dongfanghong Dividend Low Volatility Index,DFH Dividend Low Volatility,2847.64,2868.08,2836.99,2837.65,-10.23,-0.36,3747.23,282.49,100.0,7.01
2024-09-18,931446,中证东方红红利低波动指数,东证红利低波,CSI Dongfanghong Dividend Low Volatility Index,DFH Dividend Low Volatility,2838.51,2861.53,2824.31,2859.09,21.45,0.76,3499.91,269.34,100.0,7.11
2024-09-19,931446,中证东方红红利低波动指数,东证红利低波,CSI Dongfanghong Dividend Low Volatility Index,DFH Dividend Low Volatility,2863.17,2867.08,2831.81,2859.72,0.63,0.02,4368.19,343.92,100.0,7.09
2024-09-20,931446,中证东方红红利低波动指数,东证红利低波,CSI Dongfanghong Dividend Low Volatility Index,DFH Dividend Low Volatility,2857.31,2866.43,2843.97,2860.45,0.73,0.03,4366.77,345.41,100.0,7.12
2024-09-23,931446,中证东方红红利低波动指数,东证红利低波,CSI Dongfanghong Dividend Low Volatility Index,DFH Dividend Low Volatility,2859.94,2896.43,2856.22,2892.02,31.57,1.1,3668.65,277.3,100.0,7.2
2024-09-24,931446,中证东方红红利低波动指数,东证红利低波,CSI Dongfanghong Dividend Low Volatility Index,DFH Dividend Low Volatility,2906.61,3003.1,2905.52,3002.84,110.82,3.83,7714.21,665.89,100.0,7.51
2024-09-25,931446,中证东方红红利低波动指数,东证红利低波,CSI Dongfanghong Dividend Low Volatility Index,DFH Dividend Low Volatility,3036.91,3101.51,3036.91,3054.73,51.89,1.73,9176.97,804.52,100.0,7.6
2024-09-26,931446,中证东方红红利低波动指数,东证红利低波,CSI Dongfanghong Dividend Low Volatility Index,DFH Dividend Low Volatility,3052.07,3147.16,3041.33,3147.16,92.43,3.02,9106.49,831.98,100.0,7.79
2024-09-27,931446,中证东方红红利低波动指数,东证红利低波,CSI Dongfanghong Dividend Low Volatility Index,DFH Dividend Low Volatility,3186.47,3204.81,3115.13,3163.29,16.13,0.51,8473.05,790.37,100.0,7.74
2024-09-30,931446,中证东方红红利低波动指数,东证红利低波,CSI Dongfanghong Dividend Low Volatility Index,DFH Dividend Low Volatility,3226.71,3390.85,3201.15,3362.71,199.42,6.3,20127.49,1845.19,100.0,8.14
2024-10-08,931446,中证东方红红利低波动指数,东证红利低波,CSI Dongfanghong Dividend Low Volatility Index,DFH Dividend Low Volatility,3663.87,3663.87,3347.66,3434.03,71.32,2.12,22597.36,2196.48,100.0,8.28
2024-10-09,931446,中证东方红红利低波动指数,东证红利低波,CSI Dongfanghong Dividend Low Volatility Index,DFH Dividend Low Volatility,3383.31,3383.31,3197.42,3197.42,-236.61,-6.89,16406.33,1789.47,100.0,7.83
2024-10-10,931446,中证东方红红利低波动指数,东证红利低波,CSI Dongfanghong Dividend Low Volatility Index,DFH Dividend Low Volatility,3221.29,3359.17,3221.29,3297.93,100.51,3.14,15291.31,1512.43,100.0,8.12
2024-10-11,931446,中证东方红红利低波动指数,东证红利低波,CSI Dongfanghong Dividend Low Volatility Index,DFH Dividend Low Volatility,3297.94,3327.83,3224.73,3248.99,-48.94,-1.48,9852.91,948.34,100.0,8.05
2024-10-14,931446,中证东方红红利低波动指数,东证红利低波,CSI Dongfanghong Dividend Low Volatility Index,DFH Dividend Low Volatility,3286.2,3356.3,3279.7,3332.2,83.21,2.56,11971.07,1169.86,100.0,8.23
2024-10-15,931446,中证东方红红利低波动指数,东证红利低波,CSI Dongfanghong Dividend Low Volatility Index,DFH Dividend Low Volatility,3315.6,3334.87,3253.44,3253.44,-78.77,-2.36,8591.49,809.41,100.0,8.02
2024-10-16,931446,中证东方红红利低波动指数,东证红利低波,CSI Dongfanghong Dividend Low Volatility Index,DFH Dividend Low Volatility,3233.76,3329.74,3233.42,3308.15,54.71,1.68,8488.04,786.8,100.0,8.11
2024-10-17,931446,中证东方红红利低波动指数,东证红利低波,CSI Dongfanghong Dividend Low Volatility Index,DFH Dividend Low Volatility,3313.98,3329.43,3255.41,3255.41,-52.74,-1.59,7153.96,678.15,100.0,8.01
2024-10-18,931446,中证东方红红利低波动指数,东证红利低波,CSI Dongfanghong Dividend Low Volatility Index,DFH Dividend Low Volatility,3253.91,3330.37,3213.86,3290.05,34.64,1.06,9613.42,983.61,100.0,8.09
2024-10-21,931446,中证东方红红利低波动指数,东证红利低波,CSI Dongfanghong Dividend Low Volatility Index,DFH Dividend Low Volatility,3291.57,3291.64,3245.55,3268.5,-21.56,-0.66,8640.66,818.76,100.0,7.99
2024-10-22,931446,中证东方红红利低波动指数,东证红利低波,CSI Dongfanghong Dividend Low Volatility Index,DFH Dividend Low Volatility,3265.15,3287.74,3264.43,3284.45,15.96,0.49,6219.0,597.55,100.0,8.01
2024-10-23,931446,中证东方红红利低波动指数,东证红利低波,CSI Dongfanghong Dividend Low Volatility Index,DFH Dividend Low Volatility,3286.78,3304.45,3282.45,3294.25,9.8,0.3,6344.47,633.22,100.0,8.03
2024-10-24,931446,中证东方红红利低波动指数,东证红利低波,CSI Dongfanghong Dividend Low Volatility Index,DFH Dividend Low Volatility,3285.37,3292.71,3269.63,3282.69,-11.56,-0.35,4752.69,432.13,100.0,8.0
2024-10-25,931446,中证东方红红利低波动指数,东证红利低波,CSI Dongfanghong Dividend Low Volatility Index,DFH Dividend Low Volatility,3281.24,3287.14,3258.79,3270.43,-12.26,-0.37,5387.24,505.98,100.0,7.95
2024-10-28,931446,中证东方红红利低波动指数,东证红利低波,CSI Dongfanghong Dividend Low Volatility Index,DFH Dividend Low Volatility,3265.37,3281.11,3241.17,3281.11,10.68,0.33,6839.19,574.44,100.0,7.92
2024-10-29,931446,中证东方红红利低波动指数,东证红利低波,CSI Dongfanghong Dividend Low Volatility Index,DFH Dividend Low Volatility,3282.3,3299.51,3245.06,3250.15,-30.96,-0.94,6433.88,566.06,100.0,7.88
2024-10-30,931446,中证东方红红利低波动指数,东证红利低波,CSI Dongfanghong Dividend Low Volatility Index,DFH Dividend Low Volatility,3243.21,3259.5,3203.34,3222.68,-27.48,-0.84,6154.94,562.72,100.0,7.8
2024-10-31,931446,中证东方红红利低波动指数,东证红利低波,CSI Dongfanghong Dividend Low Volatility Index,DFH Dividend Low Volatility,3222.42,3236.02,3195.21,3221.42,-1.26,-0.04,7250.33,740.01,100.0,7.78
2024-11-01,931446,中证东方红红利低波动指数,东证红利低波,CSI Dongfanghong Dividend Low Volatility Index,DFH Dividend Low Volatility,3217.26,3260.58,3212.08,3242.58,21.16,0.66,8097.93,723.11,100.0,7.78
2024-11-04,931446,中证东方红红利低波动指数,东证红利低波,CSI Dongfanghong Dividend Low Volatility Index,DFH Dividend Low Volatility,3247.28,3272.2,3216.98,3272.2,29.62,0.91,6128.58,577.15,100.0,7.8
2024-11-05,931446,中证东方红红利低波动指数,东证红利低波,CSI Dongfanghong Dividend Low Volatility Index,DFH Dividend Low Volatility,3266.52,3311.24,3258.88,3311.24,39.04,1.19,7819.73,775.04,100.0,7.88
2024-11-06,931446,中证东方红红利低波动指数,东证红利低波,CSI Dongfanghong Dividend Low Volatility Index,DFH Dividend Low Volatility,3310.61,3314.48,3279.38,3290.19,-21.04,-0.63,8310.87,859.47,100.0,7.82
2024-11-07,931446,中证东方红红利低波动指数,东证红利低波,CSI Dongfanghong Dividend Low Volatility Index,DFH Dividend Low Volatility,3276.5,3371.62,3274.74,3371.62,81.42,2.47,9422.05,958.79,100.0,7.99
2024-11-08,931446,中证东方红红利低波动指数,东证红利低波,CSI Dongfanghong Dividend Low Volatility Index,DFH Dividend Low Volatility,3386.96,3396.3,3315.76,3327.76,-43.86,-1.3,9415.26,1022.0,100.0,7.89
2024-11-11,931446,中证东方红红利低波动指数,东证红利低波,CSI Dongfanghong Dividend Low Volatility Index,DFH Dividend Low Volatility,3311.98,3322.72,3278.15,3302.42,-25.34,-0.76,8095.9,805.55,100.0,7.8
2024-11-12,931446,中证东方红红利低波动指数,东证红利低波,CSI Dongfanghong Dividend Low Volatility Index,DFH Dividend Low Volatility,3299.71,3325.27,3260.73,3273.73,-28.69,-0.87,7830.86,814.12,100.0,7.72
2024-11-13,931446,中证东方红红利低波动指数,东证红利低波,CSI Dongfanghong Dividend Low Volatility Index,DFH Dividend Low Volatility,3265.0,3298.94,3263.4,3292.8,19.07,0.58,7576.92,713.92,100.0,7.77
2024-11-14,931446,中证东方红红利低波动指数,东证红利低波,CSI Dongfanghong Dividend Low Volatility Index,DFH Dividend Low Volatility,3288.56,3308.05,3267.59,3270.34,-22.46,-0.68,7710.75,702.44,100.0,7.77
2024-11-15,931446,中证东方红红利低波动指数,东证红利低波,CSI Dongfanghong Dividend Low Volatility Index,DFH Dividend Low Volatility,3264.64,3302.78,3261.89,3266.27,-4.07,-0.12,8708.08,776.1,100.0,7.75
2024-11-18,931446,中证东方红红利低波动指数,东证红利低波,CSI Dongfanghong Dividend Low Volatility Index,DFH Dividend Low Volatility,3297.82,3382.06,3297.82,3327.95,61.68,1.89,14839.85,1146.67,100.0,7.9
2024-11-19,931446,中证东方红红利低波动指数,东证红利低波,CSI Dongfanghong Dividend Low Volatility Index,DFH Dividend Low Volatility,3321.37,3352.64,3288.78,3324.64,-3.31,-0.1,10960.06,828.3,100.0,7.84
2024-11-20,931446,中证东方红红利低波动指数,东证红利低波,CSI Dongfanghong Dividend Low Volatility Index,DFH Dividend Low Volatility,3315.62,3329.25,3307.21,3328.03,3.39,0.1,7242.22,596.29,100.0,7.84
2024-11-21,931446,中证东方红红利低波动指数,东证红利低波,CSI Dongfanghong Dividend Low Volatility Index,DFH Dividend Low Volatility,3322.1,3331.18,3309.59,3325.16,-2.87,-0.09,5846.64,512.24,100.0,7.85
2024-11-22,931446,中证东方红红利低波动指数,东证红利低波,CSI Dongfanghong Dividend Low Volatility Index,DFH Dividend Low Volatility,3323.6,3337.94,3239.87,3239.87,-85.29,-2.56,7608.49,682.54,100.0,7.68
2024-11-25,931446,中证东方红红利低波动指数,东证红利低波,CSI Dongfanghong Dividend Low Volatility Index,DFH Dividend Low Volatility,3246.67,3280.36,3234.85,3254.16,14.29,0.44,6848.6,625.01,100.0,7.69
2024-11-26,931446,中证东方红红利低波动指数,东证红利低波,CSI Dongfanghong Dividend Low Volatility Index,DFH Dividend Low Volatility,3248.46,3273.58,3240.39,3261.11,6.95,0.21,5941.93,499.82,100.0,7.73
2024-11-27,931446,中证东方红红利低波动指数,东证红利低波,CSI Dongfanghong Dividend Low Volatility Index,DFH Dividend Low Volatility,3254.41,3292.67,3220.95,3292.67,31.57,0.97,6362.24,542.71,100.0,7.8
2024-11-28,931446,中证东方红红利低波动指数,东证红利低波,CSI Dongfanghong Dividend Low Volatility Index,DFH Dividend Low Volatility,3286.52,3307.65,3275.2,3289.6,-3.08,-0.09,5525.16,460.16,100.0,7.78
2024-11-29,931446,中证东方红红利低波动指数,东证红利低波,CSI Dongfanghong Dividend Low Volatility Index,DFH Dividend Low Volatility,3289.2,3326.16,3289.2,3304.63,15.03,0.46,6605.79,602.15,100.0,7.77
2024-12-02,931446,中证东方红红利低波动指数,东证红利低波,CSI Dongfanghong Dividend Low Volatility Index,DFH Dividend Low Volatility,3310.31,3320.06,3293.27,3314.74,10.1,0.31,7334.66,638.2,100.0,7.8
2024-12-03,931446,中证东方红红利低波动指数,东证红利低波,CSI Dongfanghong Dividend Low Volatility Index,DFH Dividend Low Volatility,3312.48,3352.4,3303.0,3352.4,37.66,1.14,7457.38,656.33,100.0,7.9
2024-12-04,931446,中证东方红红利低波动指数,东证红利低波,CSI Dongfanghong Dividend Low Volatility Index,DFH Dividend Low Volatility,3344.55,3370.03,3329.17,3354.53,2.13,0.06,7105.74,632.28,100.0,7.96
2024-12-05,931446,中证东方红红利低波动指数,东证红利低波,CSI Dongfanghong Dividend Low Volatility Index,DFH Dividend Low Volatility,3347.36,3363.81,3342.09,3348.98,-5.54,-0.16,5354.97,464.87,100.0,7.93
2024-12-06,931446,中证东方红红利低波动指数,东证红利低波,CSI Dongfanghong Dividend Low Volatility Index,DFH Dividend Low Volatility,3349.46,3394.63,3349.46,3390.99,42.01,1.25,7513.57,641.62,100.0,8.0
2024-12-09,931446,中证东方红红利低波动指数,东证红利低波,CSI Dongfanghong Dividend Low Volatility Index,DFH Dividend Low Volatility,3389.83,3419.63,3384.38,3398.43,7.44,0.22,7398.68,585.01,100.0,8.04
2024-12-10,931446,中证东方红红利低波动指数,东证红利低波,CSI Dongfanghong Dividend Low Volatility Index,DFH Dividend Low Volatility,3455.91,3462.04,3398.51,3402.67,4.24,0.12,8994.5,855.96,100.0,8.08
2024-12-11,931446,中证东方红红利低波动指数,东证红利低波,CSI Dongfanghong Dividend Low Volatility Index,DFH Dividend Low Volatility,3398.03,3419.61,3392.87,3401.22,-1.45,-0.04,7050.27,572.06,100.0,8.02
2024-12-12,931446,中证东方红红利低波动指数,东证红利低波,CSI Dongfanghong Dividend Low Volatility Index,DFH Dividend Low Volatility,3399.4,3434.98,3392.2,3432.51,31.29,0.92,7373.35,628.31,100.0,8.1
2024-12-13,931446,中证东方红红利低波动指数,东证红利低波,CSI Dongfanghong Dividend Low Volatility Index,DFH Dividend Low Volatility,3420.09,3420.43,3378.8,3381.18,-51.33,-1.49,9724.63,884.05,100.0,7.98
2024-12-16,931446,中证东方红红利低波动指数,东证红利低波,CSI Dongfanghong Dividend Low Volatility Index,DFH Dividend Low Volatility,3378.02,3435.54,3377.59,3418.92,37.74,1.12,7687.14,671.44,100.0,8.07
2024-12-17,931446,中证东方红红利低波动指数,东证红利低波,CSI Dongfanghong Dividend Low Volatility Index,DFH Dividend Low Volatility,3417.07,3437.07,3391.13,3398.67,-20.25,-0.59,6613.01,571.5,100.0,8.06
2024-12-18,931446,中证东方红红利低波动指数,东证红利低波,CSI Dongfanghong Dividend Low Volatility Index,DFH Dividend Low Volatility,3406.22,3446.3,3406.02,3419.13,20.46,0.6,6745.63,569.17,100.0,8.11
2024-12-19,931446,中证东方红红利低波动指数,东证红利低波,CSI Dongfanghong Dividend Low Volatility Index,DFH Dividend Low Volatility,3401.66,3413.84,3375.0,3387.23,-31.91,-0.93,5825.14,486.78,100.0,8.04
2024-12-20,931446,中证东方红红利低波动指数,东证红利低波,CSI Dongfanghong Dividend Low Volatility Index,DFH Dividend Low Volatility,3385.87,3397.21,3371.54,3374.16,-13.07,-0.39,5314.8,455.37,100.0,8.0
2024-12-23,931446,中证东方红红利低波动指数,东证红利低波,CSI Dongfanghong Dividend Low Volatility Index,DFH Dividend Low Volatility,3377.15,3426.73,3376.83,3397.45,23.29,0.69,7883.13,674.19,100.0,8.15
2024-12-24,931446,中证东方红红利低波动指数,东证红利低波,CSI Dongfanghong Dividend Low Volatility Index,DFH Dividend Low Volatility,3395.41,3450.85,3395.41,3449.56,52.11,1.53,6460.58,587.04,100.0,8.26
2024-12-25,931446,中证东方红红利低波动指数,东证红利低波,CSI Dongfanghong Dividend Low Volatility Index,DFH Dividend Low Volatility,3450.48,3471.65,3440.84,3470.58,21.02,0.61,7126.44,597.69,100.0,8.36
2024-12-26,931446,中证东方红红利低波动指数,东证红利低波,CSI Dongfanghong Dividend Low Volatility Index,DFH Dividend Low Volatility,3466.11,3466.69,3438.67,3447.63,-22.96,-0.66,5779.99,488.06,100.0,8.31
2024-12-27,931446,中证东方红红利低波动指数,东证红利低波,CSI Dongfanghong Dividend Low Volatility Index,DFH Dividend Low Volatility,3444.23,3472.97,3418.79,3472.06,24.43,0.71,6490.26,576.45,100.0,8.33
2024-12-30,931446,中证东方红红利低波动指数,东证红利低波,CSI Dongfanghong Dividend Low Volatility Index,DFH Dividend Low Volatility,3466.34,3505.15,3466.34,3501.41,29.36,0.84,6521.29,585.37,100.0,8.41
2024-12-31,931446,中证东方红红利低波动指数,东证红利低波,CSI Dongfanghong Dividend Low Volatility Index,DFH Dividend Low Volatility,3498.97,3524.45,3472.67,3473.82,-27.59,-0.79,7346.98,657.58,100.0,8.35
2025-01-02,931446,中证东方红红利低波动指数,东证红利低波,CSI Dongfanghong Dividend Low Volatility Index,DFH Dividend Low Volatility,3475.23,3495.63,3367.42,3384.39,-89.43,-2.57,8811.69,772.82,100.0,8.15
2025-01-03,931446,中证东方红红利低波动指数,东证红利低波,CSI Dongfanghong Dividend Low Volatility Index,DFH Dividend Low Volatility,3390.21,3405.91,3343.28,3349.38,-35.01,-1.03,6845.05,582.6,100.0,8.08
2025-01-06,931446,中证东方红红利低波动指数,东证红利低波,CSI Dongfanghong Dividend Low Volatility Index,DFH Dividend Low Volatility,3348.86,3364.23,3323.13,3361.69,12.31,0.37,6346.05,529.92,100.0,8.11
2025-01-07,931446,中证东方红红利低波动指数,东证红利低波,CSI Dongfanghong Dividend Low Volatility Index,DFH Dividend Low Volatility,3356.52,3358.48,3322.54,3349.91,-11.78,-0.35,5166.7,433.96,100.0,8.1
2025-01-08,931446,中证东方红红利低波动指数,东证红利低波,CSI Dongfanghong Dividend Low Volatility Index,DFH Dividend Low Volatility,3343.02,3374.85,3323.22,3364.94,15.03,0.45,6397.18,567.45,100.0,8.15
2025-01-09,931446,中证东方红红利低波动指数,东证红利低波,CSI Dongfanghong Dividend Low Volatility Index,DFH Dividend Low Volatility,3356.11,3356.11,3315.28,3315.62,-49.32,-1.46,5052.8,435.89,100.0,8.04
2025-01-10,931446,中证东方红红利低波动指数,东证红利低波,CSI Dongfanghong Dividend Low Volatility Index,DFH Dividend Low Volatility,3313.66,3324.13,3275.65,3280.9,-34.72,-1.05,5075.46,440.25,100.0,7.97
2025-01-13,931446,中证东方红红利低波动指数,东证红利低波,CSI Dongfanghong Dividend Low Volatility Index,DFH Dividend Low Volatility,3264.69,3271.71,3223.48,3246.04,-34.86,-1.06,5527.27,471.06,100.0,7.89
2025-01-14,931446,中证东方红红利低波动指数,东证红利低波,CSI Dongfanghong Dividend Low Volatility Index,DFH Dividend Low Volatility,3246.35,3306.25,3244.19,3300.23,54.19,1.67,5642.38,491.63,100.0,7.98
2025-01-15,931446,中证东方红红利低波动指数,东证红利低波,CSI Dongfanghong Dividend Low Volatility Index,DFH Dividend Low Volatility,3294.81,3347.55,3293.48,3307.69,7.45,0.22,5205.81,452.39,100.0,7.99
2025-01-16,931446,中证东方红红利低波动指数,东证红利低波,CSI Dongfanghong Dividend Low Volatility Index,DFH Dividend Low Volatility,3319.7,3343.9,3313.12,3326.28,18.59,0.56,4947.91,426.84,100.0,8.05
2025-01-17,931446,中证东方红红利低波动指数,东证红利低波,CSI Dongfanghong Dividend Low Volatility Index,DFH Dividend Low Volatility,3320.27,3333.37,3293.76,3320.41,-5.87,-0.18,4440.58,379.93,100.0,8.0
2025-01-20,931446,中证东方红红利低波动指数,东证红利低波,CSI Dongfanghong Dividend Low Volatility Index,DFH Dividend Low Volatility,3331.55,3345.52,3312.44,3316.49,-3.92,-0.12,4732.55,431.28,100.0,7.95
2025-01-21,931446,中证东方红红利低波动指数,东证红利低波,CSI Dongfanghong Dividend Low Volatility Index,DFH Dividend Low Volatility,3326.55,3327.64,3295.47,3300.86,-15.63,-0.47,4259.75,368.38,100.0,7.92
2025-01-22,931446,中证东方红红利低波动指数,东证红利低波,CSI Dongfanghong Dividend Low Volatility Index,DFH Dividend Low Volatility,3295.28,3295.32,3253.77,3263.78,-37.08,-1.12,4980.36,436.17,100.0,7.8
2025-01-23,931446,中证东方红红利低波动指数,东证红利低波,CSI Dongfanghong Dividend Low Volatility Index,DFH Dividend Low Volatility,3282.41,3322.98,3282.41,3306.88,43.11,1.32,6979.09,587.21,100.0,7.92
2025-01-24,931446,中证东方红红利低波动指数,东证红利低波,CSI Dongfanghong Dividend Low Volatility Index,DFH Dividend Low Volatility,3298.56,3326.49,3282.75,3313.74,6.85,0.21,5352.22,474.54,100.0,7.93
2025-01-27,931446,中证东方红红利低波动指数,东证红利低波,CSI Dongfanghong Dividend Low Volatility Index,DFH Dividend Low Volatility,3318.42,3367.1,3318.28,3355.5,41.76,1.26,5725.12,486.74,100.0,8.05
2025-02-05,931446,中证东方红红利低波动指数,东证红利低波,CSI Dongfanghong Dividend Low Volatility Index,DFH Dividend Low Volatility,3362.5,3363.44,3284.9,3292.87,-62.62,-1.87,5739.57,486.02,100.0,7.9
2025-02-06,931446,中证东方红红利低波动指数,东证红利低波,CSI Dongfanghong Dividend Low Volatility Index,DFH Dividend Low Volatility,3291.97,3305.84,3276.75,3298.89,6.02,0.18,4964.62,404.79,100.0,7.92
2025-02-07,931446,中证东方红红利低波动指数,东证红利低波,CSI Dongfanghong Dividend Low Volatility Index,DFH Dividend Low Volatility,3296.79,3316.2,3282.11,3304.92,6.03,0.18,6643.8,557.27,100.0,7.93
2025-02-10,931446,中证东方红红利低波动指数,东证红利低波,CSI Dongfanghong Dividend Low Volatility Index,DFH Dividend Low Volatility,3305.23,3316.05,3301.08,3303.66,-1.26,-0.04,6321.82,530.39,100.0,7.92
2025-02-11,931446,中证东方红红利低波动指数,东证红利低波,CSI Dongfanghong Dividend Low Volatility Index,DFH Dividend Low Volatility,3307.88,3322.84,3307.56,3322.46,18.79,0.57,6130.18,508.58,100.0,7.99
2025-02-12,931446,中证东方红红利低波动指数,东证红利低波,CSI Dongfanghong Dividend Low Volatility Index,DFH Dividend Low Volatility,3320.25,3323.32,3301.27,3322.93,0.48,0.01,5163.96,447.34,100.0,8.02
2025-02-13,931446,中证东方红红利低波动指数,东证红利低波,CSI Dongfanghong Dividend Low Volatility Index,DFH Dividend Low Volatility,3319.81,3331.47,3312.68,3317.25,-5.68,-0.17,5374.69,477.21,100.0,8.03
2025-02-14,931446,中证东方红红利低波动指数,东证红利低波,CSI Dongfanghong Dividend Low Volatility Index,DFH Dividend Low Volatility,3315.16,3325.57,3300.76,3324.54,7.29,0.22,6356.81,526.21,100.0,8.06
2025-02-17,931446,中证东方红红利低波动指数,东证红利低波,CSI Dongfanghong Dividend Low Volatility Index,DFH Dividend Low Volatility,3324.87,3329.88,3302.71,3328.61,4.07,0.12,7658.03,642.57,100.0,8.06
2025-02-18,931446,中证东方红红利低波动指数,东证红利低波,CSI Dongfanghong Dividend Low Volatility Index,DFH Dividend Low Volatility,3324.02,3359.47,3323.37,3334.02,5.42,0.16,8274.86,682.79,100.0,8.1
2025-02-19,931446,中证东方红红利低波动指数,东证红利低波,CSI Dongfanghong Dividend Low Volatility Index,DFH Dividend Low Volatility,3330.52,3337.49,3320.25,3327.08,-6.95,-0.21,6454.21,557.5,100.0,8.07
2025-02-20,931446,中证东方红红利低波动指数,东证红利低波,CSI Dongfanghong Dividend Low Volatility Index,DFH Dividend Low Volatility,3324.38,3324.57,3309.32,3313.27,-13.8,-0.41,5251.37,452.54,100.0,8.05
2025-02-21,931446,中证东方红红利低波动指数,东证红利低波,CSI Dongfanghong Dividend Low Volatility Index,DFH Dividend Low Volatility,3315.72,3315.99,3283.09,3288.61,-24.66,-0.74,7728.15,675.34,100.0,7.98
2025-02-24,931446,中证东方红红利低波动指数,东证红利低波,CSI Dongfanghong Dividend Low Volatility Index,DFH Dividend Low Volatility,3285.19,3303.22,3277.97,3287.57,-1.04,-0.03,7722.58,676.28,100.0,7.95
2025-02-25,931446,中证东方红红利低波动指数,东证红利低波,CSI Dongfanghong Dividend Low Volatility Index,DFH Dividend Low Volatility,3281.04,3283.54,3253.68,3259.0,-28.57,-0.87,6218.78,546.85,100.0,7.88
2025-02-26,931446,中证东方红红利低波动指数,东证红利低波,CSI Dongfanghong Dividend Low Volatility Index,DFH Dividend Low Volatility,3259.25,3287.26,3259.08,3281.33,22.33,0.69,5836.59,497.68,100.0,7.92
2025-02-27,931446,中证东方红红利低波动指数,东证红利低波,CSI Dongfanghong Dividend Low Volatility Index,DFH Dividend Low Volatility,3282.24,3299.79,3273.33,3299.79,18.46,0.56,6296.82,564.06,100.0,7.97
2025-02-28,931446,中证东方红红利低波动指数,东证红利低波,CSI Dongfanghong Dividend Low Volatility Index,DFH Dividend Low Volatility,3294.1,3309.54,3277.44,3277.66,-22.13,-0.67,6602.15,591.0,100.0,7.91
2025-03-03,931446,中证东方红红利低波动指数,东证红利低波,CSI Dongfanghong Dividend Low Volatility Index,DFH Dividend Low Volatility,3281.81,3293.85,3267.39,3273.42,-4.24,-0.13,5887.37,497.9,100.0,7.89
2025-03-04,931446,中证东方红红利低波动指数,东证红利低波,CSI Dongfanghong Dividend Low Volatility Index,DFH Dividend Low Volatility,3269.26,3294.73,3267.87,3282.63,9.21,0.28,5147.53,457.55,100.0,7.88
2025-03-05,931446,中证东方红红利低波动指数,东证红利低波,CSI Dongfanghong Dividend Low Volatility Index,DFH Dividend Low Volatility,3285.22,3300.66,3276.44,3300.3,17.67,0.54,5952.01,501.98,100.0,7.97
2025-03-06,931446,中证东方红红利低波动指数,东证红利低波,CSI Dongfanghong Dividend Low Volatility Index,DFH Dividend Low Volatility,3300.61,3301.31,3273.17,3287.79,-12.51,-0.38,6630.76,585.05,100.0,7.95
2025-03-07,931446,中证东方红红利低波动指数,东证红利低波,CSI Dongfanghong Dividend Low Volatility Index,DFH Dividend Low Volatility,3283.81,3290.26,3272.04,3275.75,-12.04,-0.37,4996.93,448.18,100.0,7.94
2025-03-10,931446,中证东方红红利低波动指数,东证红利低波,CSI Dongfanghong Dividend Low Volatility Index,DFH Dividend Low Volatility,3273.76,3275.16,3251.01,3258.95,-16.8,-0.51,5014.71,443.59,100.0,7.89
2025-03-11,931446,中证东方红红利低波动指数,东证红利低波,CSI Dongfanghong Dividend Low Volatility Index,DFH Dividend Low Volatility,3245.25,3272.92,3241.42,3272.92,13.97,0.43,4598.41,416.36,100.0,7.92
2025-03-12,931446,中证东方红红利低波动指数,东证红利低波,CSI Dongfanghong Dividend Low Volatility Index,DFH Dividend Low Volatility,3273.45,3279.21,3261.92,3269.66,-3.26,-0.1,4755.82,408.43,100.0,7.88
2025-03-13,931446,中证东方红红利低波动指数,东证红利低波,CSI Dongfanghong Dividend Low Volatility Index,DFH Dividend Low Volatility,3270.78,3293.07,3269.79,3289.11,19.45,0.59,5324.6,482.74,100.0,7.93
2025-03-14,931446,中证东方红红利低波动指数,东证红利低波,CSI Dongfanghong Dividend Low Volatility Index,DFH Dividend Low Volatility,3288.33,3329.05,3288.33,3322.46,33.35,1.01,7681.09,748.89,100.0,8.02
2025-03-17,931446,中证东方红红利低波动指数,东证红利低波,CSI Dongfanghong Dividend Low Volatility Index,DFH Dividend Low Volatility,3327.93,3337.54,3324.6,3330.17,7.71,0.23,5937.32,544.79,100.0,8.05
2025-03-18,931446,中证东方红红利低波动指数,东证红利低波,CSI Dongfanghong Dividend Low Volatility Index,DFH Dividend Low Volatility,3335.57,3336.51,3318.95,3331.42,1.25,0.04,4646.31,425.08,100.0,8.04
2025-03-19,931446,中证东方红红利低波动指数,东证红利低波,CSI Dongfanghong Dividend Low Volatility Index,DFH Dividend Low Volatility,3328.98,3349.32,3322.94,3346.6,15.18,0.46,5759.38,507.98,100.0,8.09
2025-03-20,931446,中证东方红红利低波动指数,东证红利低波,CSI Dongfanghong Dividend Low Volatility Index,DFH Dividend Low Volatility,3346.19,3354.95,3331.07,3335.04,-11.56,-0.34,4748.46,459.39,100.0,8.05
2025-03-21,931446,中证东方红红利低波动指数,东证红利低波,CSI Dongfanghong Dividend Low Volatility Index,DFH Dividend Low Volatility,3332.39,3355.3,3314.06,3326.62,-8.42,-0.25,6165.12,557.18,100.0,7.99
2025-03-24,931446,中证东方红红利低波动指数,东证红利低波,CSI Dongfanghong Dividend Low Volatility Index,DFH Dividend Low Volatility,3328.9,3346.29,3325.99,3344.29,17.67,0.53,5716.05,504.16,100.0,8.04
2025-03-25,931446,中证东方红红利低波动指数,东证红利低波,CSI Dongfanghong Dividend Low Volatility Index,DFH Dividend Low Volatility,3343.55,3371.46,3340.77,3371.37,27.08,0.81,5245.24,446.08,100.0,8.1
2025-03-26,931446,中证东方红红利低波动指数,东证红利低波,CSI Dongfanghong Dividend Low Volatility Index,DFH Dividend Low Volatility,3365.69,3369.25,3351.61,3364.4,-6.96,-0.21,4620.69,433.69,100.0,8.06
2025-03-27,931446,中证东方红红利低波动指数,东证红利低波,CSI Dongfanghong Dividend Low Volatility Index,DFH Dividend Low Volatility,3362.15,3376.32,3360.18,3367.12,2.71,0.08,4473.61,395.4,100.0,8.09
2025-03-28,931446,中证东方红红利低波动指数,东证红利低波,CSI Dongfanghong Dividend Low Volatility Index,DFH Dividend Low Volatility,3367.24,3369.05,3351.55,3360.21,-6.91,-0.21,4657.88,379.56,100.0,8.05
2025-03-31,931446,中证东方红红利低波动指数,东证红利低波,CSI Dongfanghong Dividend Low Volatility Index,DFH Dividend Low Volatility,3359.2,3395.27,3354.45,3364.56,4.35,0.13,7227.53,593.19,100.0,8.08
2025-04-01,931446,中证东方红红利低波动指数,东证红利低波,CSI Dongfanghong Dividend Low Volatility Index,DFH Dividend Low Volatility,3363.81,3385.08,3356.38,3383.01,18.45,0.55,6168.5,483.06,100.0,8.06
2025-04-02,931446,中证东方红红利低波动指数,东证红利低波,CSI Dongfanghong Dividend Low Volatility Index,DFH Dividend Low Volatility,3380.79,3402.37,3380.79,3397.34,14.33,0.42,5171.38,400.37,100.0,8.08
2025-04-03,931446,中证东方红红利低波动指数,东证红利低波,CSI Dongfanghong Dividend Low Volatility Index,DFH Dividend Low Volatility,3376.05,3417.18,3376.05,3412.25,14.91,0.44,5599.72,478.74,100.0,8.12
2025-04-07,931446,中证东方红红利低波动指数,东证红利低波,CSI Dongfanghong Dividend Low Volatility Index,DFH Dividend Low Volatility,3314.99,3342.61,3152.76,3212.85,-199.4,-5.84,13646.74,1202.33,100.0,7.73
2025-04-08,931446,中证东方红红利低波动指数,东证红利低波,CSI Dongfanghong Dividend Low Volatility Index,DFH Dividend Low Volatility,3218.09,3299.86,3218.09,3299.86,87.01,2.71,10967.74,985.66,100.0,7.92
2025-04-09,931446,中证东方红红利低波动指数,东证红利低波,CSI Dongfanghong Dividend Low Volatility Index,DFH Dividend Low Volatility,3283.18,3313.09,3231.22,3313.09,13.24,0.4,9413.04,840.13,100.0,7.9
2025-04-10,931446,中证东方红红利低波动指数,东证红利低波,CSI Dongfanghong Dividend Low Volatility Index,DFH Dividend Low Volatility,3322.96,3335.91,3298.52,3324.52,11.43,0.34,7560.54,684.68,100.0,7.9
2025-04-11,931446,中证东方红红利低波动指数,东证红利低波,CSI Dongfanghong Dividend Low Volatility Index,DFH Dividend Low Volatility,3315.95,3320.01,3297.63,3310.85,-13.67,-0.41,5859.85,511.5,100.0,7.91
2025-04-14,931446,中证东方红红利低波动指数,东证红利低波,CSI Dongfanghong Dividend Low Volatility Index,DFH Dividend Low Volatility,3316.11,3335.34,3310.4,3331.03,20.18,0.61,5835.72,506.69,100.0,7.97
2025-04-15,931446,中证东方红红利低波动指数,东证红利低波,CSI Dongfanghong Dividend Low Volatility Index,DFH Dividend Low Volatility,3330.26,3351.54,3325.74,3350.66,19.64,0.59,5816.35,492.85,100.0,8.06
2025-04-16,931446,中证东方红红利低波动指数,东证红利低波,CSI Dongfanghong Dividend Low Volatility Index,DFH Dividend Low Volatility,3345.48,3379.87,3342.44,3379.38,28.71,0.86,6649.67,558.05,100.0,8.16
2025-04-17,931446,中证东方红红利低波动指数,东证红利低波,CSI Dongfanghong Dividend Low Volatility Index,DFH Dividend Low Volatility,3369.67,3378.07,3354.85,3374.77,-4.61,-0.14,4742.0,399.12,100.0,8.15
2025-04-18,931446,中证东方红红利低波动指数,东证红利低波,CSI Dongfanghong Dividend Low Volatility Index,DFH Dividend Low Volatility,3367.76,3385.61,3366.09,3380.83,6.06,0.18,4287.12,370.79,100.0,8.19
2025-04-21,931446,中证东方红红利低波动指数,东证红利低波,CSI Dongfanghong Dividend Low Volatility Index,DFH Dividend Low Volatility,3374.21,3396.53,3358.56,3359.15,-21.68,-0.64,4882.13,394.09,100.0,8.13
2025-04-22,931446,中证东方红红利低波动指数,东证红利低波,CSI Dongfanghong Dividend Low Volatility Index,DFH Dividend Low Volatility,3358.04,3391.33,3357.82,3384.45,25.3,0.75,4905.46,400.99,100.0,8.19
2025-04-23,931446,中证东方红红利低波动指数,东证红利低波,CSI Dongfanghong Dividend Low Volatility Index,DFH Dividend Low Volatility,3388.22,3389.71,3365.59,3367.28,-17.18,-0.51,4322.71,366.21,100.0,8.16
2025-04-24,931446,中证东方红红利低波动指数,东证红利低波,CSI Dongfanghong Dividend Low Volatility Index,DFH Dividend Low Volatility,3367.41,3395.06,3367.12,3387.07,19.79,0.59,4702.29,390.82,100.0,8.24
2025-04-25,931446,中证东方红红利低波动指数,东证红利低波,CSI Dongfanghong Dividend Low Volatility Index,DFH Dividend Low Volatility,3389.81,3396.68,3375.9,3389.5,2.43,0.07,4284.56,362.54,100.0,8.2
2025-04-28,931446,中证东方红红利低波动指数,东证红利低波,CSI Dongfanghong Dividend Low Volatility Index,DFH Dividend Low Volatility,3394.62,3415.77,3385.72,3407.69,18.2,0.54,5264.09,473.23,100.0,8.26
2025-04-29,931446,中证东方红红利低波动指数,东证红利低波,CSI Dongfanghong Dividend Low Volatility Index,DFH Dividend Low Volatility,3401.59,3413.47,3387.42,3392.58,-15.12,-0.44,4585.01,387.64,100.0,8.22
2025-04-30,931446,中证东方红红利低波动指数,东证红利低波,CSI Dongfanghong Dividend Low Volatility Index,DFH Dividend Low Volatility,3387.51,3388.38,3356.74,3358.39,-34.19,-1.01,7113.85,593.73,100.0,8.1
2025-05-06,931446,中证东方红红利低波动指数,东证红利低波,CSI Dongfanghong Dividend Low Volatility Index,DFH Dividend Low Volatility,3367.16,3367.92,3340.17,3356.06,-2.33,-0.07,6149.19,516.11,100.0,7.99
2025-05-07,931446,中证东方红红利低波动指数,东证红利低波,CSI Dongfanghong Dividend Low Volatility Index,DFH Dividend Low Volatility,3381.0,3390.62,3367.45,3388.64,32.58,0.97,6395.93,540.42,100.0,8.1
2025-05-08,931446,中证东方红红利低波动指数,东证红利低波,CSI Dongfanghong Dividend Low Volatility Index,DFH Dividend Low Volatility,3381.01,3410.83,3377.82,3406.84,18.2,0.54,4990.09,450.35,100.0,8.12
2025-05-09,931446,中证东方红红利低波动指数,东证红利低波,CSI Dongfanghong Dividend Low Volatility Index,DFH Dividend Low Volatility,3407.47,3439.32,3407.47,3435.61,28.76,0.84,5012.62,438.49,100.0,8.19
2025-05-12,931446,中证东方红红利低波动指数,东证红利低波,CSI Dongfanghong Dividend Low Volatility Index,DFH Dividend Low Volatility,3437.39,3450.4,3422.08,3442.65,7.05,0.21,5196.95,483.81,100.0,8.2
2025-05-13,931446,中证东方红红利低波动指数,东证红利低波,CSI Dongfanghong Dividend Low Volatility Index,DFH Dividend Low Volatility,3451.95,3466.93,3437.03,3466.66,24.01,0.7,5315.27,463.96,100.0,8.29
2025-05-14,931446,中证东方红红利低波动指数,东证红利低波,CSI Dongfanghong Dividend Low Volatility Index,DFH Dividend Low Volatility,3463.29,3493.04,3448.81,3490.75,24.1,0.69,6463.07,619.86,100.0,8.36
2025-05-15,931446,中证东方红红利低波动指数,东证红利低波,CSI Dongfanghong Dividend Low Volatility Index,DFH Dividend Low Volatility,3484.84,3505.57,3482.28,3482.77,-7.99,-0.23,5613.55,498.06,100.0,8.37
2025-05-16,931446,中证东方红红利低波动指数,东证红利低波,CSI Dongfanghong Dividend Low Volatility Index,DFH Dividend Low Volatility,3477.58,3482.92,3439.57,3451.78,-30.99,-0.89,5212.35,449.37,100.0,8.27
2025-05-19,931446,中证东方红红利低波动指数,东证红利低波,CSI Dongfanghong Dividend Low Volatility Index,DFH Dividend Low Volatility,3453.89,3479.69,3453.89,3470.84,19.06,0.55,4488.65,377.05,100.0,8.27
2025-05-20,931446,中证东方红红利低波动指数,东证红利低波,CSI Dongfanghong Dividend Low Volatility Index,DFH Dividend Low Volatility,3476.01,3488.85,3470.36,3478.82,7.98,0.23,4328.73,392.6,100.0,8.29
2025-05-21,931446,中证东方红红利低波动指数,东证红利低波,CSI Dongfanghong Dividend Low Volatility Index,DFH Dividend Low Volatility,3480.88,3505.21,3480.87,3498.22,19.4,0.56,4165.97,370.29,100.0,8.33
2025-05-22,931446,中证东方红红利低波动指数,东证红利低波,CSI Dongfanghong Dividend Low Volatility Index,DFH Dividend Low Volatility,3495.7,3514.35,3486.91,3512.01,13.79,0.39,4547.48,393.31,100.0,8.37
2025-05-23,931446,中证东方红红利低波动指数,东证红利低波,CSI Dongfanghong Dividend Low Volatility Index,DFH Dividend Low Volatility,3510.53,3527.6,3473.72,3473.72,-38.29,-1.09,4998.2,445.03,100.0,8.28
2025-05-26,931446,中证东方红红利低波动指数,东证红利低波,CSI Dongfanghong Dividend Low Volatility Index,DFH Dividend Low Volatility,3465.57,3479.49,3448.25,3455.07,-18.65,-0.54,4552.45,396.79,100.0,8.24
2025-05-27,931446,中证东方红红利低波动指数,东证红利低波,CSI Dongfanghong Dividend Low Volatility Index,DFH Dividend Low Volatility,3455.89,3470.75,3449.29,3457.56,2.49,0.07,4016.44,340.65,100.0,8.25
2025-05-28,931446,中证东方红红利低波动指数,东证红利低波,CSI Dongfanghong Dividend Low Volatility Index,DFH Dividend Low Volatility,3457.58,3471.53,3446.68,3468.79,11.23,0.32,3984.79,338.78,100.0,8.27
2025-05-29,931446,中证东方红红利低波动指数,东证红利低波,CSI Dongfanghong Dividend Low Volatility Index,DFH Dividend Low Volatility,3468.62,3477.68,3460.48,3468.49,-0.3,-0.01,4239.97,381.63,100.0,8.25
2025-05-30,931446,中证东方红红利低波动指数,东证红利低波,CSI Dongfanghong Dividend Low Volatility Index,DFH Dividend Low Volatility,3467.4,3493.53,3467.4,3485.12,16.64,0.48,5199.17,451.16,100.0,8.28
2025-06-03,931446,中证东方红红利低波动指数,东证红利低波,CSI Dongfanghong Dividend Low Volatility Index,DFH Dividend Low Volatility,3481.77,3518.14,3466.29,3514.8,29.68,0.85,6180.32,583.17,100.0,8.33
2025-06-04,931446,中证东方红红利低波动指数,东证红利低波,CSI Dongfanghong Dividend Low Volatility Index,DFH Dividend Low Volatility,3514.36,3522.65,3501.82,3519.31,4.51,0.13,4417.72,401.87,100.0,8.33
2025-06-05,931446,中证东方红红利低波动指数,东证红利低波,CSI Dongfanghong Dividend Low Volatility Index,DFH Dividend Low Volatility,3519.62,3530.32,3491.42,3495.29,-24.02,-0.68,4675.97,420.14,100.0,8.31
2025-06-06,931446,中证东方红红利低波动指数,东证红利低波,CSI Dongfanghong Dividend Low Volatility Index,DFH Dividend Low Volatility,3496.36,3510.2,3494.06,3500.23,4.94,0.14,4195.14,374.05,100.0,8.33
2025-06-09,931446,中证东方红红利低波动指数,东证红利低波,CSI Dongfanghong Dividend Low Volatility Index,DFH Dividend Low Volatility,3504.74,3511.2,3485.86,3508.94,8.71,0.25,5144.02,453.26,100.0,8.34
2025-06-10,931446,中证东方红红利低波动指数,东证红利低波,CSI Dongfanghong Dividend Low Volatility Index,DFH Dividend Low Volatility,3500.48,3528.01,3491.64,3507.55,-1.39,-0.04,6421.88,547.26,100.0,8.36
2025-06-11,931446,中证东方红红利低波动指数,东证红利低波,CSI Dongfanghong Dividend Low Volatility Index,DFH Dividend Low Volatility,3507.67,3521.8,3502.62,3514.56,7.01,0.2,4941.45,461.33,100.0,8.4
2025-06-12,931446,中证东方红红利低波动指数,东证红利低波,CSI Dongfanghong Dividend Low Volatility Index,DFH Dividend Low Volatility,3514.35,3522.05,3501.2,3519.22,4.66,0.13,4986.78,460.71,100.0,8.4
2025-06-13,931446,中证东方红红利低波动指数,东证红利低波,CSI Dongfanghong Dividend Low Volatility Index,DFH Dividend Low Volatility,3515.29,3521.84,3492.29,3495.62,-23.6,-0.67,7231.18,649.52,100.0,8.38
2025-06-16,931446,中证东方红红利低波动指数,东证红利低波,CSI Dongfanghong Dividend Low Volatility Index,DFH Dividend Low Volatility,3491.43,3506.96,3481.98,3505.58,9.96,0.28,5538.35,495.87,100.0,8.39
2025-06-17,931446,中证东方红红利低波动指数,东证红利低波,CSI Dongfanghong Dividend Low Volatility Index,DFH Dividend Low Volatility,3505.02,3515.31,3497.6,3508.6,3.02,0.09,4589.23,437.94,100.0,8.42
2025-06-18,931446,中证东方红红利低波动指数,东证红利低波,CSI Dongfanghong Dividend Low Volatility Index,DFH Dividend Low Volatility,3507.28,3516.61,3492.99,3512.56,3.96,0.11,5102.77,450.25,100.0,8.46
2025-06-19,931446,中证东方红红利低波动指数,东证红利低波,CSI Dongfanghong Dividend Low Volatility Index,DFH Dividend Low Volatility,3510.99,3514.83,3481.64,3496.02,-16.54,-0.47,4919.92,441.56,100.0,8.46
2025-06-20,931446,中证东方红红利低波动指数,东证红利低波,CSI Dongfanghong Dividend Low Volatility Index,DFH Dividend Low Volatility,3491.62,3518.76,3489.4,3513.72,17.7,0.51,5135.16,482.0,100.0,8.49
2025-06-23,931446,中证东方红红利低波动指数,东证红利低波,CSI Dongfanghong Dividend Low Volatility Index,DFH Dividend Low Volatility,3508.21,3531.0,3481.68,3523.13,9.41,0.27,6003.51,536.98,100.0,8.56
2025-06-24,931446,中证东方红红利低波动指数,东证红利低波,CSI Dongfanghong Dividend Low Volatility Index,DFH Dividend Low Volatility,3518.06,3537.78,3510.0,3532.02,8.89,0.25,6569.13,626.55,100.0,8.57
2025-06-25,931446,中证东方红红利低波动指数,东证红利低波,CSI Dongfanghong Dividend Low Volatility Index,DFH Dividend Low Volatility,3529.24,3562.4,3513.94,3558.98,26.96,0.76,6601.72,652.75,100.0,8.63
2025-06-26,931446,中证东方红红利低波动指数,东证红利低波,CSI Dongfanghong Dividend Low Volatility Index,DFH Dividend Low Volatility,3553.47,3572.31,3537.38,3564.88,5.9,0.16,5787.84,568.62,100.0,8.64
2025-06-27,931446,中证东方红红利低波动指数,东证红利低波,CSI Dongfanghong Dividend Low Volatility Index,DFH Dividend Low Volatility,3559.27,3575.62,3502.82,3509.21,-55.67,-1.56,8003.2,748.16,100.0,8.45
2025-06-30,931446,中证东方红红利低波动指数,东证红利低波,CSI Dongfanghong Dividend Low Volatility Index,DFH Dividend Low Volatility,3499.79,3507.19,3480.42,3492.36,-16.85,-0.48,5128.8,487.99,100.0,8.44
2025-07-01,931446,中证东方红红利低波动指数,东证红利低波,CSI Dongfanghong Dividend Low Volatility Index,DFH Dividend Low Volatility,3497.83,3529.65,3497.68,3526.44,34.08,0.97,4748.47,435.04,100.0,8.51
2025-07-02,931446,中证东方红红利低波动指数,东证红利低波,CSI Dongfanghong Dividend Low Volatility Index,DFH Dividend Low Volatility,3528.97,3552.88,3528.8,3544.07,17.63,0.5,4658.56,453.99,100.0,8.54
2025-07-03,931446,中证东方红红利低波动指数,东证红利低波,CSI Dongfanghong Dividend Low Volatility Index,DFH Dividend Low Volatility,3546.21,3553.66,3528.11,3541.46,-2.62,-0.07,4136.19,401.45,100.0,8.52
2025-07-04,931446,中证东方红红利低波动指数,东证红利低波,CSI Dongfanghong Dividend Low Volatility Index,DFH Dividend Low Volatility,3537.76,3584.99,3537.24,3570.51,29.05,0.82,5685.25,540.48,100.0,8.62
2025-07-07,931446,中证东方红红利低波动指数,东证红利低波,CSI Dongfanghong Dividend Low Volatility Index,DFH Dividend Low Volatility,3569.59,3586.23,3560.18,3585.22,14.72,0.41,4645.39,438.25,100.0,8.61
2025-07-08,931446,中证东方红红利低波动指数,东证红利低波,CSI Dongfanghong Dividend Low Volatility Index,DFH Dividend Low Volatility,3585.82,3594.35,3561.04,3575.91,-9.31,-0.26,4881.44,474.84,100.0,8.61
2025-07-09,931446,中证东方红红利低波动指数,东证红利低波,CSI Dongfanghong Dividend Low Volatility Index,DFH Dividend Low Volatility,3575.24,3607.28,3574.68,3595.09,19.18,0.54,5642.5,517.67,100.0,8.64
2025-07-10,931446,中证东方红红利低波动指数,东证红利低波,CSI Dongfanghong Dividend Low Volatility Index,DFH Dividend Low Volatility,3593.1,3632.5,3593.1,3618.19,23.1,0.64,7084.67,677.36,100.0,8.72
2025-07-11,931446,中证东方红红利低波动指数,东证红利低波,CSI Dongfanghong Dividend Low Volatility Index,DFH Dividend Low Volatility,3616.93,3631.65,3582.22,3582.22,-35.97,-0.99,9492.15,935.38,100.0,8.64
2025-07-14,931446,中证东方红红利低波动指数,东证红利低波,CSI Dongfanghong Dividend Low Volatility Index,DFH Dividend Low Volatility,3583.69,3628.28,3583.25,3605.18,22.96,0.64,7001.54,656.08,100.0,8.69
2025-07-15,931446,中证东方红红利低波动指数,东证红利低波,CSI Dongfanghong Dividend Low Volatility Index,DFH Dividend Low Volatility,3606.5,3612.96,3562.64,3570.15,-35.03,-0.97,5455.1,526.99,100.0,8.64
2025-07-16,931446,中证东方红红利低波动指数,东证红利低波,CSI Dongfanghong Dividend Low Volatility Index,DFH Dividend Low Volatility,3569.57,3573.02,3541.12,3557.35,-12.81,-0.36,4911.34,458.56,100.0,8.61
2025-07-17,931446,中证东方红红利低波动指数,东证红利低波,CSI Dongfanghong Dividend Low Volatility Index,DFH Dividend Low Volatility,3554.45,3564.01,3537.77,3544.37,-12.97,-0.36,4260.22,403.46,100.0,8.55
2025-07-18,931446,中证东方红红利低波动指数,东证红利低波,CSI Dongfanghong Dividend Low Volatility Index,DFH Dividend Low Volatility,3548.19,3560.51,3541.98,3559.29,14.91,0.42,4548.17,432.15,100.0,8.59
2025-07-21,931446,中证东方红红利低波动指数,东证红利低波,CSI Dongfanghong Dividend Low Volatility Index,DFH Dividend Low Volatility,3565.94,3573.59,3557.82,3568.87,9.59,0.27,5853.34,572.86,100.0,8.58
2025-07-22,931446,中证东方红红利低波动指数,东证红利低波,CSI Dongfanghong Dividend Low Volatility Index,DFH Dividend Low Volatility,3573.44,3581.12,3542.63,3580.38,11.5,0.32,7871.18,785.22,100.0,8.57
2025-07-23,931446,中证东方红红利低波动指数,东证红利低波,CSI Dongfanghong Dividend Low Volatility Index,DFH Dividend Low Volatility,3585.99,3613.74,3578.92,3581.06,0.69,0.02,8119.42,822.23,100.0,8.6
2025-07-24,931446,中证东方红红利低波动指数,东证红利低波,CSI Dongfanghong Dividend Low Volatility Index,DFH Dividend Low Volatility,3580.74,3581.41,3561.55,3572.08,-8.99,-0.25,7694.61,777.07,100.0,8.53
2025-07-25,931446,中证东方红红利低波动指数,东证红利低波,CSI Dongfanghong Dividend Low Volatility Index,DFH Dividend Low Volatility,3568.87,3579.41,3544.84,3547.37,-24.71,-0.69,6639.99,674.11,100.0,8.48
2025-07-28,931446,中证东方红红利低波动指数,东证红利低波,CSI Dongfanghong Dividend Low Volatility Index,DFH Dividend Low Volatility,3548.3,3563.86,3535.73,3540.18,-7.19,-0.2,6075.71,659.79,100.0,8.47
2025-07-29,931446,中证东方红红利低波动指数,东证红利低波,CSI Dongfanghong Dividend Low Volatility Index,DFH Dividend Low Volatility,3539.76,3546.07,3506.46,3515.62,-24.57,-0.69,6020.84,624.66,100.0,8.42
2025-07-30,931446,中证东方红红利低波动指数,东证红利低波,CSI Dongfanghong Dividend Low Volatility Index,DFH Dividend Low Volatility,3514.42,3549.25,3513.07,3529.39,13.77,0.39,6464.49,664.18,100.0,8.5
2025-07-31,931446,中证东方红红利低波动指数,东证红利低波,CSI Dongfanghong Dividend Low Volatility Index,DFH Dividend Low Volatility,3524.88,3525.16,3473.23,3480.77,-48.62,-1.38,7350.13,759.6,100.0,8.45
2025-08-01,931446,中证东方红红利低波动指数,东证红利低波,CSI Dongfanghong Dividend Low Volatility Index,DFH Dividend Low Volatility,3481.52,3496.92,3472.6,3481.48,0.71,0.02,5976.46,554.57,100.0,8.41
2025-08-04,931446,中证东方红红利低波动指数,东证红利低波,CSI Dongfanghong Dividend Low Volatility Index,DFH Dividend Low Volatility,3471.66,3500.06,3471.66,3494.44,12.96,0.37,5384.35,488.37,100.0,8.45
2025-08-05,931446,中证东方红红利低波动指数,东证红利低波,CSI Dongfanghong Dividend Low Volatility Index,DFH Dividend Low Volatility,3495.41,3532.23,3493.66,3531.26,36.82,1.05,5548.69,511.51,100.0,8.56
2025-08-06,931446,中证东方红红利低波动指数,东证红利低波,CSI Dongfanghong Dividend Low Volatility Index,DFH Dividend Low Volatility,3532.92,3539.01,3516.78,3528.01,-3.24,-0.09,4635.66,437.77,100.0,8.57
2025-08-07,931446,中证东方红红利低波动指数,东证红利低波,CSI Dongfanghong Dividend Low Volatility Index,DFH Dividend Low Volatility,3530.22,3539.88,3517.38,3537.71,9.69,0.27,4756.12,457.89,100.0,8.62
2025-08-08,931446,中证东方红红利低波动指数,东证红利低波,CSI Dongfanghong Dividend Low Volatility Index,DFH Dividend Low Volatility,3536.94,3551.56,3534.0,3540.62,2.91,0.08,4505.63,433.3,100.0,8.61
2025-08-11,931446,中证东方红红利低波动指数,东证红利低波,CSI Dongfanghong Dividend Low Volatility Index,DFH Dividend Low Volatility,3541.59,3544.29,3512.82,3521.44,-19.17,-0.54,5523.33,519.54,100.0,8.54
2025-08-12,931446,中证东方红红利低波动指数,东证红利低波,CSI Dongfanghong Dividend Low Volatility Index,DFH Dividend Low Volatility,3521.63,3547.12,3521.63,3535.85,14.41,0.41,5157.25,487.06,100.0,8.61
2025-08-13,931446,中证东方红红利低波动指数,东证红利低波,CSI Dongfanghong Dividend Low Volatility Index,DFH Dividend Low Volatility,3537.09,3540.79,3517.6,3521.38,-14.47,-0.41,6288.3,618.95,100.0,8.55
2025-08-14,931446,中证东方红红利低波动指数,东证红利低波,CSI Dongfanghong Dividend Low Volatility Index,DFH Dividend Low Volatility,3523.55,3543.58,3513.53,3513.61,-7.77,-0.22,5750.38,604.29,100.0,8.56
2025-08-15,931446,中证东方红红利低波动指数,东证红利低波,CSI Dongfanghong Dividend Low Volatility Index,DFH Dividend Low Volatility,3514.76,3515.62,3484.51,3508.42,-5.2,-0.15,8347.0,793.87,100.0,8.49
2025-08-18,931446,中证东方红红利低波动指数,东证红利低波,CSI Dongfanghong Dividend Low Volatility Index,DFH Dividend Low Volatility,3520.37,3541.32,3510.82,3525.54,17.12,0.49,7405.82,790.36,100.0,8.51
2025-08-19,931446,中证东方红红利低波动指数,东证红利低波,CSI Dongfanghong Dividend Low Volatility Index,DFH Dividend Low Volatility,3530.22,3535.98,3514.83,3523.46,-2.08,-0.06,6140.54,673.34,100.0,8.52
2025-08-20,931446,中证东方红红利低波动指数,东证红利低波,CSI Dongfanghong Dividend Low Volatility Index,DFH Dividend Low Volatility,3519.25,3545.88,3506.95,3544.32,20.86,0.59,6225.39,629.25,100.0,8.58
2025-08-21,931446,中证东方红红利低波动指数,东证红利低波,CSI Dongfanghong Dividend Low Volatility Index,DFH Dividend Low Volatility,3546.44,3565.84,3539.66,3561.28,16.96,0.48,6630.98,656.5,100.0,8.65
2025-08-22,931446,中证东方红红利低波动指数,东证红利低波,CSI Dongfanghong Dividend Low Volatility Index,DFH Dividend Low Volatility,3559.89,3559.89,3525.44,3555.39,-5.89,-0.16,6841.34,700.15,100.0,8.66
2025-08-25,931446,中证东方红红利低波动指数,东证红利低波,CSI Dongfanghong Dividend Low Volatility Index,DFH Dividend Low Volatility,3558.85,3586.68,3553.84,3586.65,31.26,0.88,8330.8,863.82,100.0,8.72
2025-08-26,931446,中证东方红红利低波动指数,东证红利低波,CSI Dongfanghong Dividend Low Volatility Index,DFH Dividend Low Volatility,3585.24,3587.86,3574.2,3576.27,-10.38,-0.29,5946.01,614.39,100.0,8.69
2025-08-27,931446,中证东方红红利低波动指数,东证红利低波,CSI Dongfanghong Dividend Low Volatility Index,DFH Dividend Low Volatility,3573.1,3574.83,3508.25,3508.25,-68.03,-1.9,8120.22,818.72,100.0,8.52
2025-08-28,931446,中证东方红红利低波动指数,东证红利低波,CSI Dongfanghong Dividend Low Volatility Index,DFH Dividend Low Volatility,3508.59,3520.78,3475.57,3513.7,5.45,0.15,7294.66,709.29,100.0,8.52
2025-08-29,931446,中证东方红红利低波动指数,东证红利低波,CSI Dongfanghong Dividend Low Volatility Index,DFH Dividend Low Volatility,3511.53,3555.71,3502.86,3502.86,-10.84,-0.31,10720.11,1107.79,100.0,8.5
2025-09-01,931446,中证东方红红利低波动指数,东证红利低波,CSI Dongfanghong Dividend Low Volatility Index,DFH Dividend Low Volatility,3508.51,3520.66,3488.96,3491.97,-10.89,-0.31,9679.56,969.99,100.0,8.79
2025-09-02,931446,中证东方红红利低波动指数,东证红利低波,CSI Dongfanghong Dividend Low Volatility Index,DFH Dividend Low Volatility,3496.55,3519.52,3490.05,3519.52,27.55,0.79,8972.24,904.32,100.0,8.95
2025-09-03,931446,中证东方红红利低波动指数,东证红利低波,CSI Dongfanghong Dividend Low Volatility Index,DFH Dividend Low Volatility,3524.28,3525.86,3468.92,3477.78,-41.73,-1.18,6649.67,680.42,100.0,8.86
2025-09-04,931446,中证东方红红利低波动指数,东证红利低波,CSI Dongfanghong Dividend Low Volatility Index,DFH Dividend Low Volatility,3476.7,3488.44,3442.51,3485.25,7.46,0.21,9331.74,878.08,100.0,8.95
2025-09-05,931446,中证东方红红利低波动指数,东证红利低波,CSI Dongfanghong Dividend Low Volatility Index,DFH Dividend Low Volatility,3480.16,3480.16,3451.38,3470.56,-14.68,-0.42,6435.79,610.31,100.0,8.85
2025-09-08,931446,中证东方红红利低波动指数,东证红利低波,CSI Dongfanghong Dividend Low Volatility Index,DFH Dividend Low Volatility,3466.37,3484.65,3463.71,3473.04,2.48,0.07,6760.08,655.77,100.0,8.82
2025-09-09,931446,中证东方红红利低波动指数,东证红利低波,CSI Dongfanghong Dividend Low Volatility Index,DFH Dividend Low Volatility,3472.86,3483.28,3463.22,3481.02,7.98,0.23,5158.42,523.17,100.0,8.85
2025-09-10,931446,中证东方红红利低波动指数,东证红利低波,CSI Dongfanghong Dividend Low Volatility Index,DFH Dividend Low Volatility,3478.69,3487.4,3468.78,3480.02,-0.99,-0.03,5025.36,464.02,100.0,8.84
2025-09-11,931446,中证东方红红利低波动指数,东证红利低波,CSI Dongfanghong Dividend Low Volatility Index,DFH Dividend Low Volatility,3477.79,3497.64,3462.23,3497.26,17.23,0.5,6532.54,630.69,100.0,8.88
2025-09-12,931446,中证东方红红利低波动指数,东证红利低波,CSI Dongfanghong Dividend Low Volatility Index,DFH Dividend Low Volatility,3495.19,3499.88,3463.49,3466.12,-31.14,-0.89,6924.53,700.39,100.0,8.8
2025-09-15,931446,中证东方红红利低波动指数,东证红利低波,CSI Dongfanghong Dividend Low Volatility Index,DFH Dividend Low Volatility,3466.57,3467.3,3441.73,3448.65,-17.47,-0.5,6716.92,620.13,100.0,8.76
2025-09-16,931446,中证东方红红利低波动指数,东证红利低波,CSI Dongfanghong Dividend Low Volatility Index,DFH Dividend Low Volatility,3448.08,3454.76,3427.71,3432.84,-15.81,-0.46,7826.89,689.05,100.0,8.68
2025-09-17,931446,中证东方红红利低波动指数,东证红利低波,CSI Dongfanghong Dividend Low Volatility Index,DFH Dividend Low Volatility,3430.42,3440.33,3418.35,3433.42,0.58,0.02,6455.21,611.96,100.0,8.66
2025-09-18,931446,中证东方红红利低波动指数,东证红利低波,CSI Dongfanghong Dividend Low Volatility Index,DFH Dividend Low Volatility,3433.08,3433.08,3362.94,3373.38,-60.03,-1.75,8432.57,806.16,100.0,8.48
2025-09-19,931446,中证东方红红利低波动指数,东证红利低波,CSI Dongfanghong Dividend Low Volatility Index,DFH Dividend Low Volatility,3369.46,3378.44,3352.64,3372.32,-1.07,-0.03,6640.9,587.16,100.0,8.44
2025-09-22,931446,中证东方红红利低波动指数,东证红利低波,CSI Dongfanghong Dividend Low Volatility Index,DFH Dividend Low Volatility,3373.77,3379.87,3345.19,3353.63,-18.69,-0.55,5301.38,497.08,100.0,8.37
2025-09-23,931446,中证东方红红利低波动指数,东证红利低波,CSI Dongfanghong Dividend Low Volatility Index,DFH Dividend Low Volatility,3350.03,3377.12,3336.55,3375.93,22.31,0.66,8162.9,711.54,100.0,8.48
2025-09-24,931446,中证东方红红利低波动指数,东证红利低波,CSI Dongfanghong Dividend Low Volatility Index,DFH Dividend Low Volatility,3371.82,3401.19,3369.84,3382.08,6.14,0.18,6150.81,546.93,100.0,8.46
2025-09-25,931446,中证东方红红利低波动指数,东证红利低波,CSI Dongfanghong Dividend Low Volatility Index,DFH Dividend Low Volatility,3379.13,3379.13,3346.85,3354.8,-27.28,-0.81,5570.28,532.67,100.0,8.42
2025-09-26,931446,中证东方红红利低波动指数,东证红利低波,CSI Dongfanghong Dividend Low Volatility Index,DFH Dividend Low Volatility,3349.19,3367.22,3332.47,3359.5,4.7,0.14,5128.67,508.46,100.0,8.44
2025-09-29,931446,中证东方红红利低波动指数,东证红利低波,CSI Dongfanghong Dividend Low Volatility Index,DFH Dividend Low Volatility,3359.27,3385.63,3337.72,3365.41,5.91,0.18,7338.53,723.04,100.0,8.41
2025-09-30,931446,中证东方红红利低波动指数,东证红利低波,CSI Dongfanghong Dividend Low Volatility Index,DFH Dividend Low Volatility,3363.88,3363.88,3340.24,3345.42,-19.99,-0.59,5942.14,586.22,100.0,8.37
2025-10-09,931446,中证东方红红利低波动指数,东证红利低波,CSI Dongfanghong Dividend Low Volatility Index,DFH Dividend Low Volatility,3344.6,3368.07,3336.83,3367.74,22.32,0.67,8021.24,764.56,100.0,8.43
2025-10-10,931446,中证东方红红利低波动指数,东证红利低波,CSI Dongfanghong Dividend Low Volatility Index,DFH Dividend Low Volatility,3361.5,3407.8,3359.5,3402.27,34.53,1.03,8789.83,783.51,100.0,8.48
2025-10-13,931446,中证东方红红利低波动指数,东证红利低波,CSI Dongfanghong Dividend Low Volatility Index,DFH Dividend Low Volatility,3365.61,3414.84,3357.12,3410.52,8.25,0.24,8802.86,808.76,100.0,8.48
2025-10-14,931446,中证东方红红利低波动指数,东证红利低波,CSI Dongfanghong Dividend Low Volatility Index,DFH Dividend Low Volatility,3408.48,3460.93,3401.0,3457.51,46.98,1.38,10428.39,982.71,100.0,8.66
2025-10-15,931446,中证东方红红利低波动指数,东证红利低波,CSI Dongfanghong Dividend Low Volatility Index,DFH Dividend Low Volatility,3453.5,3471.64,3444.94,3468.3,10.8,0.31,7495.48,717.07,100.0,8.7
2025-10-16,931446,中证东方红红利低波动指数,东证红利低波,CSI Dongfanghong Dividend Low Volatility Index,DFH Dividend Low Volatility,3464.42,3491.97,3463.29,3489.6,21.3,0.61,7804.99,723.2,100.0,8.83
2025-10-17,931446,中证东方红红利低波动指数,东证红利低波,CSI Dongfanghong Dividend Low Volatility Index,DFH Dividend Low Volatility,3486.31,3510.75,3469.23,3474.99,-14.62,-0.42,7371.12,684.15,100.0,8.8
2025-10-20,931446,中证东方红红利低波动指数,东证红利低波,CSI Dongfanghong Dividend Low Volatility Index,DFH Dividend Low Volatility,3481.21,3485.48,3442.74,3482.39,7.4,0.21,7104.36,632.34,100.0,8.84
2025-10-21,931446,中证东方红红利低波动指数,东证红利低波,CSI Dongfanghong Dividend Low Volatility Index,DFH Dividend Low Volatility,3482.0,3506.8,3480.79,3500.51,18.13,0.52,7157.17,668.25,100.0,8.89
2025-10-22,931446,中证东方红红利低波动指数,东证红利低波,CSI Dongfanghong Dividend Low Volatility Index,DFH Dividend Low Volatility,3496.96,3524.34,3496.96,3518.64,18.13,0.52,6838.62,587.22,100.0,8.99
2025-10-23,931446,中证东方红红利低波动指数,东证红利低波,CSI Dongfanghong Dividend Low Volatility Index,DFH Dividend Low Volatility,3518.04,3550.58,3517.34,3547.81,29.17,0.83,8273.89,697.73,100.0,9.06
2025-10-24,931446,中证东方红红利低波动指数,东证红利低波,CSI Dongfanghong Dividend Low Volatility Index,DFH Dividend Low Volatility,3540.24,3540.24,3514.48,3521.24,-26.57,-0.75,7415.14,641.65,100.0,9.03
2025-10-27,931446,中证东方红红利低波动指数,东证红利低波,CSI Dongfanghong Dividend Low Volatility Index,DFH Dividend Low Volatility,3521.61,3547.33,3500.89,3534.3,13.06,0.37,8450.5,786.27,100.0,9.1
2025-10-28,931446,中证东方红红利低波动指数,东证红利低波,CSI Dongfanghong Dividend Low Volatility Index,DFH Dividend Low Volatility,3535.79,3544.29,3515.28,3528.34,-5.95,-0.17,6825.48,592.66,100.0,9.11
2025-10-29,931446,中证东方红红利低波动指数,东证红利低波,CSI Dongfanghong Dividend Low Volatility Index,DFH Dividend Low Volatility,3526.47,3527.2,3491.33,3510.95,-17.39,-0.49,7463.29,708.71,100.0,9.02
2025-10-30,931446,中证东方红红利低波动指数,东证红利低波,CSI Dongfanghong Dividend Low Volatility Index,DFH Dividend Low Volatility,3508.34,3534.02,3502.79,3507.59,-3.36,-0.09,7135.86,700.95,100.0,9.02
2025-10-31,931446,中证东方红红利低波动指数,东证红利低波,CSI Dongfanghong Dividend Low Volatility Index,DFH Dividend Low Volatility,3512.76,3513.03,3482.67,3493.38,-14.21,-0.4,9015.02,793.62,100.0,8.95
2025-11-03,931446,中证东方红红利低波动指数,东证红利低波,CSI Dongfanghong Dividend Low Volatility Index,DFH Dividend Low Volatility,3497.05,3525.88,3491.59,3525.28,31.9,0.91,7068.5,637.26,100.0,9.06
2025-11-04,931446,中证东方红红利低波动指数,东证红利低波,CSI Dongfanghong Dividend Low Volatility Index,DFH Dividend Low Volatility,3525.82,3565.36,3522.27,3555.03,29.75,0.84,7816.67,727.48,100.0,9.18
2025-11-05,931446,中证东方红红利低波动指数,东证红利低波,CSI Dongfanghong Dividend Low Volatility Index,DFH Dividend Low Volatility,3547.35,3563.18,3531.86,3553.2,-1.83,-0.05,5985.59,552.78,100.0,9.17
2025-11-06,931446,中证东方红红利低波动指数,东证红利低波,CSI Dongfanghong Dividend Low Volatility Index,DFH Dividend Low Volatility,3551.38,3571.69,3541.06,3561.35,8.15,0.23,5766.65,566.93,100.0,9.17
2025-11-07,931446,中证东方红红利低波动指数,东证红利低波,CSI Dongfanghong Dividend Low Volatility Index,DFH Dividend Low Volatility,3560.0,3581.45,3558.75,3560.92,-0.43,-0.01,5160.86,479.29,100.0,9.16
2025-11-10,931446,中证东方红红利低波动指数,东证红利低波,CSI Dongfanghong Dividend Low Volatility Index,DFH Dividend Low Volatility,3560.54,3588.67,3550.18,3586.97,26.06,0.73,5611.69,557.51,100.0,9.23
2025-11-11,931446,中证东方红红利低波动指数,东证红利低波,CSI Dongfanghong Dividend Low Volatility Index,DFH Dividend Low Volatility,3585.67,3602.83,3577.89,3598.42,11.44,0.32,4860.99,476.22,100.0,9.25
2025-11-12,931446,中证东方红红利低波动指数,东证红利低波,CSI Dongfanghong Dividend Low Volatility Index,DFH Dividend Low Volatility,3608.47,3636.96,3608.47,3617.66,19.24,0.53,6714.49,717.33,100.0,9.34
2025-11-13,931446,中证东方红红利低波动指数,东证红利低波,CSI Dongfanghong Dividend Low Volatility Index,DFH Dividend Low Volatility,3619.84,3625.09,3584.55,3610.03,-7.63,-0.21,6231.64,623.47,100.0,9.33
2025-11-14,931446,中证东方红红利低波动指数,东证红利低波,CSI Dongfanghong Dividend Low Volatility Index,DFH Dividend Low Volatility,3606.63,3632.68,3601.28,3601.28,-8.74,-0.24,6121.16,581.64,100.0,9.32
2025-11-17,931446,中证东方红红利低波动指数,东证红利低波,CSI Dongfanghong Dividend Low Volatility Index,DFH Dividend Low Volatility,3598.41,3599.13,3556.54,3565.15,-36.14,-1.0,6257.49,563.79,100.0,9.22
2025-11-18,931446,中证东方红红利低波动指数,东证红利低波,CSI Dongfanghong Dividend Low Volatility Index,DFH Dividend Low Volatility,3562.74,3566.92,3532.21,3542.28,-22.87,-0.64,5166.91,482.54,100.0,9.19
2025-11-19,931446,中证东方红红利低波动指数,东证红利低波,CSI Dongfanghong Dividend Low Volatility Index,DFH Dividend Low Volatility,3543.13,3565.11,3542.11,3551.74,9.47,0.27,5781.34,523.88,100.0,9.3
2025-11-20,931446,中证东方红红利低波动指数,东证红利低波,CSI Dongfanghong Dividend Low Volatility Index,DFH Dividend Low Volatility,3552.37,3595.8,3548.68,3564.9,13.16,0.37,7566.64,634.15,100.0,9.34
2025-11-21,931446,中证东方红红利低波动指数,东证红利低波,CSI Dongfanghong Dividend Low Volatility Index,DFH Dividend Low Volatility,3557.01,3568.28,3502.78,3504.58,-60.33,-1.69,7989.22,734.71,100.0,9.25
2025-11-24,931446,中证东方红红利低波动指数,东证红利低波,CSI Dongfanghong Dividend Low Volatility Index,DFH Dividend Low Volatility,3511.8,3519.38,3482.87,3483.77,-20.81,-0.59,6728.76,610.13,100.0,9.16
2025-11-25,931446,中证东方红红利低波动指数,东证红利低波,CSI Dongfanghong Dividend Low Volatility Index,DFH Dividend Low Volatility,3489.7,3516.91,3478.86,3511.87,28.1,0.81,5815.1,534.4,100.0,9.24
2025-11-26,931446,中证东方红红利低波动指数,东证红利低波,CSI Dongfanghong Dividend Low Volatility Index,DFH Dividend Low Volatility,3515.08,3529.32,3495.18,3497.55,-14.32,-0.41,5320.2,478.28,100.0,9.16
2025-11-27,931446,中证东方红红利低波动指数,东证红利低波,CSI Dongfanghong Dividend Low Volatility Index,DFH Dividend Low Volatility,3496.85,3517.94,3482.12,3508.27,10.72,0.31,4896.3,465.39,100.0,9.22
2025-11-28,931446,中证东方红红利低波动指数,东证红利低波,CSI Dongfanghong Dividend Low Volatility Index,DFH Dividend Low Volatility,3505.58,3505.95,3487.2,3500.89,-7.38,-0.21,4947.72,433.14,100.0,9.15
2025-12-01,931446,中证东方红红利低波动指数,东证红利低波,CSI Dongfanghong Dividend Low Volatility Index,DFH Dividend Low Volatility,3503.56,3522.27,3495.11,3521.02,20.13,0.57,6272.64,564.66,100.0,9.18
2025-12-02,931446,中证东方红红利低波动指数,东证红利低波,CSI Dongfanghong Dividend Low Volatility Index,DFH Dividend Low Volatility,3519.02,3533.39,3514.38,3533.39,12.38,0.35,4834.07,450.47,100.0,9.21
2025-12-03,931446,中证东方红红利低波动指数,东证红利低波,CSI Dongfanghong Dividend Low Volatility Index,DFH Dividend Low Volatility,3529.5,3547.96,3522.02,3529.15,-4.25,-0.12,5388.92,465.04,100.0,9.16
2025-12-04,931446,中证东方红红利低波动指数,东证红利低波,CSI Dongfanghong Dividend Low Volatility Index,DFH Dividend Low Volatility,3527.79,3534.41,3512.32,3515.71,-13.44,-0.38,4344.73,376.47,100.0,9.13
2025-12-05,931446,中证东方红红利低波动指数,东证红利低波,CSI Dongfanghong Dividend Low Volatility Index,DFH Dividend Low Volatility,3514.2,3522.25,3489.3,3511.64,-4.07,-0.11,5396.86,534.37,100.0,9.11
2025-12-08,931446,中证东方红红利低波动指数,东证红利低波,CSI Dongfanghong Dividend Low Volatility Index,DFH Dividend Low Volatility,3515.92,3519.67,3496.42,3505.25,-6.38,-0.18,5499.85,561.57,100.0,9.11
2025-12-09,931446,中证东方红红利低波动指数,东证红利低波,CSI Dongfanghong Dividend Low Volatility Index,DFH Dividend Low Volatility,3502.53,3502.55,3485.31,3487.61,-17.64,-0.5,5155.61,481.75,100.0,9.11
2025-12-10,931446,中证东方红红利低波动指数,东证红利低波,CSI Dongfanghong Dividend Low Volatility Index,DFH Dividend Low Volatility,3483.8,3490.39,3462.47,3477.64,-9.97,-0.29,5547.97,510.48,100.0,9.0
2025-12-11,931446,中证东方红红利低波动指数,东证红利低波,CSI Dongfanghong Dividend Low Volatility Index,DFH Dividend Low Volatility,3476.92,3478.84,3448.39,3455.62,-22.02,-0.63,5275.48,499.82,100.0,9.01
2025-12-12,931446,中证东方红红利低波动指数,东证红利低波,CSI Dongfanghong Dividend Low Volatility Index,DFH Dividend Low Volatility,3453.97,3454.77,3433.17,3444.67,-10.95,-0.32,7807.08,753.54,100.0,8.96
2025-12-15,931446,中证东方红红利低波动指数,东证红利低波,CSI Dongfanghong Dividend Low Volatility Index,DFH Dividend Low Volatility,3437.82,3465.92,3432.97,3453.32,8.65,0.25,5751.86,577.14,100.0,8.7
2025-12-16,931446,中证东方红红利低波动指数,东证红利低波,CSI Dongfanghong Dividend Low Volatility Index,DFH Dividend Low Volatility,3451.73,3459.25,3429.68,3436.33,-17.0,-0.49,5069.3,485.94,100.0,8.65
2025-12-17,931446,中证东方红红利低波动指数,东证红利低波,CSI Dongfanghong Dividend Low Volatility Index,DFH Dividend Low Volatility,3432.47,3454.2,3418.53,3440.83,4.5,0.13,5310.68,519.67,100.0,8.69
2025-12-18,931446,中证东方红红利低波动指数,东证红利低波,CSI Dongfanghong Dividend Low Volatility Index,DFH Dividend Low Volatility,3438.37,3477.92,3433.44,3473.35,32.53,0.95,5044.05,467.54,100.0,8.68
2025-12-19,931446,中证东方红红利低波动指数,东证红利低波,CSI Dongfanghong Dividend Low Volatility Index,DFH Dividend Low Volatility,3469.61,3485.06,3458.74,3472.23,-1.12,-0.03,4897.9,463.39,100.0,8.64
2025-12-22,931446,中证东方红红利低波动指数,东证红利低波,CSI Dongfanghong Dividend Low Volatility Index,DFH Dividend Low Volatility,3471.32,3472.35,3451.2,3452.12,-20.12,-0.58,4564.94,458.93,100.0,8.62
2025-12-23,931446,中证东方红红利低波动指数,东证红利低波,CSI Dongfanghong Dividend Low Volatility Index,DFH Dividend Low Volatility,3452.88,3468.89,3449.69,3453.61,1.5,0.04,4541.32,438.69,100.0,8.66
2025-12-24,931446,中证东方红红利低波动指数,东证红利低波,CSI Dongfanghong Dividend Low Volatility Index,DFH Dividend Low Volatility,3452.35,3460.28,3439.68,3456.09,2.48,0.07,4130.85,393.58,100.0,8.63
2025-12-25,931446,中证东方红红利低波动指数,东证红利低波,CSI Dongfanghong Dividend Low Volatility Index,DFH Dividend Low Volatility,3456.49,3476.91,3454.6,3463.98,7.89,0.23,3853.45,385.61,100.0,8.63
2025-12-26,931446,中证东方红红利低波动指数,东证红利低波,CSI Dongfanghong Dividend Low Volatility Index,DFH Dividend Low Volatility,3461.99,3469.0,3452.35,3456.73,-7.26,-0.21,3903.94,392.24,100.0,8.59
2025-12-29,931446,中证东方红红利低波动指数,东证红利低波,CSI Dongfanghong Dividend Low Volatility Index,DFH Dividend Low Volatility,3456.31,3467.5,3448.41,3453.9,-2.82,-0.08,5370.37,513.72,100.0,8.65
2025-12-30,931446,中证东方红红利低波动指数,东证红利低波,CSI Dongfanghong Dividend Low Volatility Index,DFH Dividend Low Volatility,3450.33,3450.73,3432.94,3442.2,-11.71,-0.34,4980.51,496.19,100.0,8.63
2025-12-31,931446,中证东方红红利低波动指数,东证红利低波,CSI Dongfanghong Dividend Low Volatility Index,DFH Dividend Low Volatility,3443.05,3458.64,3441.08,3442.76,0.56,0.02,4418.21,423.67,100.0,8.66
2026-01-05,931446,中证东方红红利低波动指数,东证红利低波,CSI Dongfanghong Dividend Low Volatility Index,DFH Dividend Low Volatility,3448.19,3457.84,3435.25,3454.53,11.77,0.34,6296.6,656.03,100.0,8.64
2026-01-06,931446,中证东方红红利低波动指数,东证红利低波,CSI Dongfanghong Dividend Low Volatility Index,DFH Dividend Low Volatility,3454.75,3482.86,3448.34,3482.86,28.32,0.82,7393.33,783.62,100.0,8.7
2026-01-07,931446,中证东方红红利低波动指数,东证红利低波,CSI Dongfanghong Dividend Low Volatility Index,DFH Dividend Low Volatility,3479.77,3483.27,3464.89,3468.38,-14.48,-0.42,6286.01,650.62,100.0,8.64
2026-01-08,931446,中证东方红红利低波动指数,东证红利低波,CSI Dongfanghong Dividend Low Volatility Index,DFH Dividend Low Volatility,3464.73,3464.73,3440.63,3445.8,-22.58,-0.65,5853.67,683.69,100.0,8.57
2026-01-09,931446,中证东方红红利低波动指数,东证红利低波,CSI Dongfanghong Dividend Low Volatility Index,DFH Dividend Low Volatility,3449.75,3452.98,3438.43,3451.33,5.53,0.16,6072.4,685.79,100.0,8.57
2026-01-12,931446,中证东方红红利低波动指数,东证红利低波,CSI Dongfanghong Dividend Low Volatility Index,DFH Dividend Low Volatility,3444.04,3460.78,3435.87,3459.33,8.01,0.23,6869.34,723.13,100.0,8.58
2026-01-13,931446,中证东方红红利低波动指数,东证红利低波,CSI Dongfanghong Dividend Low Volatility Index,DFH Dividend Low Volatility,3461.41,3481.37,3455.67,3461.65,2.31,0.07,7303.13,741.05,100.0,8.62
2026-01-14,931446,中证东方红红利低波动指数,东证红利低波,CSI Dongfanghong Dividend Low Volatility Index,DFH Dividend Low Volatility,3459.4,3466.03,3421.73,3423.35,-38.29,-1.11,9157.43,945.96,100.0,8.49
2026-01-15,931446,中证东方红红利低波动指数,东证红利低波,CSI Dongfanghong Dividend Low Volatility Index,DFH Dividend Low Volatility,3419.92,3431.67,3406.08,3410.55,-12.8,-0.37,6038.5,628.82,100.0,8.43
2026-01-16,931446,中证东方红红利低波动指数,东证红利低波,CSI Dongfanghong Dividend Low Volatility Index,DFH Dividend Low Volatility,3416.4,3420.05,3376.91,3383.47,-27.08,-0.79,7513.1,789.73,100.0,8.33
2026-01-19,931446,中证东方红红利低波动指数,东证红利低波,CSI Dongfanghong Dividend Low Volatility Index,DFH Dividend Low Volatility,3378.26,3398.95,3375.3,3394.55,11.08,0.33,5910.62,573.93,100.0,8.3
2026-01-20,931446,中证东方红红利低波动指数,东证红利低波,CSI Dongfanghong Dividend Low Volatility Index,DFH Dividend Low Volatility,3395.99,3444.34,3393.25,3443.28,48.74,1.43,7102.67,673.17,100.0,8.37
2026-01-21,931446,中证东方红红利低波动指数,东证红利低波,CSI Dongfanghong Dividend Low Volatility Index,DFH Dividend Low Volatility,3439.62,3443.88,3409.49,3414.44,-28.84,-0.84,7307.53,710.94,100.0,8.23
2026-01-22,931446,中证东方红红利低波动指数,东证红利低波,CSI Dongfanghong Dividend Low Volatility Index,DFH Dividend Low Volatility,3416.5,3443.02,3414.05,3428.33,13.89,0.41,7485.31,758.23,100.0,8.19
2026-01-23,931446,中证东方红红利低波动指数,东证红利低波,CSI Dongfanghong Dividend Low Volatility Index,DFH Dividend Low Volatility,3430.69,3433.32,3408.61,3416.07,-12.25,-0.36,7590.83,803.34,100.0,8.12
2026-01-26,931446,中证东方红红利低波动指数,东证红利低波,CSI Dongfanghong Dividend Low Volatility Index,DFH Dividend Low Volatility,3414.83,3441.53,3404.99,3429.31,13.24,0.39,9600.61,1006.84,100.0,8.18
2026-01-27,931446,中证东方红红利低波动指数,东证红利低波,CSI Dongfanghong Dividend Low Volatility Index,DFH Dividend Low Volatility,3426.08,3432.64,3410.65,3412.31,-17.0,-0.5,8034.73,791.23,100.0,8.16
2026-01-28,931446,中证东方红红利低波动指数,东证红利低波,CSI Dongfanghong Dividend Low Volatility Index,DFH Dividend Low Volatility,3414.77,3455.95,3411.86,3430.12,17.81,0.52,10820.4,1069.65,100.0,8.14
2026-01-29,931446,中证东方红红利低波动指数,东证红利低波,CSI Dongfanghong Dividend Low Volatility Index,DFH Dividend Low Volatility,3435.61,3486.54,3425.13,3484.59,54.47,1.59,11669.4,1200.08,100.0,8.22
2026-01-30,931446,中证东方红红利低波动指数,东证红利低波,CSI Dongfanghong Dividend Low Volatility Index,DFH Dividend Low Volatility,3479.14,3499.09,3454.01,3468.38,-16.21,-0.46,9125.22,922.15,100.0,8.2
2026-02-02,931446,中证东方红红利低波动指数,东证红利低波,CSI Dongfanghong Dividend Low Volatility Index,DFH Dividend Low Volatility,3461.75,3483.39,3418.73,3421.42,-46.96,-1.35,9638.76,912.62,100.0,8.18
2026-02-03,931446,中证东方红红利低波动指数,东证红利低波,CSI Dongfanghong Dividend Low Volatility Index,DFH Dividend Low Volatility,3432.78,3435.23,3402.37,3422.96,1.54,0.04,7546.06,691.71,100.0,8.1
2026-02-04,931446,中证东方红红利低波动指数,东证红利低波,CSI Dongfanghong Dividend Low Volatility Index,DFH Dividend Low Volatility,3422.28,3476.79,3421.64,3474.4,51.45,1.5,7800.59,713.75,100.0,8.23
2026-02-05,931446,中证东方红红利低波动指数,东证红利低波,CSI Dongfanghong Dividend Low Volatility Index,DFH Dividend Low Volatility,3472.44,3502.56,3465.33,3494.05,19.65,0.56,7445.16,686.48,100.0,8.28
2026-02-06,931446,中证东方红红利低波动指数,东证红利低波,CSI Dongfanghong Dividend Low Volatility Index,DFH Dividend Low Volatility,3486.34,3509.86,3473.92,3485.87,-8.18,-0.23,6461.39,577.05,100.0,8.24
2026-02-09,931446,中证东方红红利低波动指数,东证红利低波,CSI Dongfanghong Dividend Low Volatility Index,DFH Dividend Low Volatility,3495.26,3513.78,3490.23,3510.41,24.54,0.7,5437.84,526.76,100.0,8.29
2026-02-10,931446,中证东方红红利低波动指数,东证红利低波,CSI Dongfanghong Dividend Low Volatility Index,DFH Dividend Low Volatility,3512.8,3521.81,3501.16,3518.18,7.77,0.22,5122.8,480.96,100.0,8.3
2026-02-11,931446,中证东方红红利低波动指数,东证红利低波,CSI Dongfanghong Dividend Low Volatility Index,DFH Dividend Low Volatility,3518.68,3532.35,3507.76,3527.54,9.36,0.27,4670.38,456.55,100.0,8.32
2026-02-12,931446,中证东方红红利低波动指数,东证红利低波,CSI Dongfanghong Dividend Low Volatility Index,DFH Dividend Low Volatility,3527.18,3527.59,3492.46,3494.07,-33.46,-0.95,5910.52,539.65,100.0,8.21
2026-02-13,931446,中证东方红红利低波动指数,东证红利低波,CSI Dongfanghong Dividend Low Volatility Index,DFH Dividend Low Volatility,3495.62,3497.23,3455.23,3457.16,-36.92,-1.06,5474.72,507.91,100.0,8.12
2026-02-24,931446,中证东方红红利低波动指数,东证红利低波,CSI Dongfanghong Dividend Low Volatility Index,DFH Dividend Low Volatility,3475.12,3486.99,3468.79,3475.63,18.47,0.53,5320.21,520.7,100.0,8.13
2026-02-25,931446,中证东方红红利低波动指数,东证红利低波,CSI Dongfanghong Dividend Low Volatility Index,DFH Dividend Low Volatility,3480.84,3509.01,3470.07,3474.36,-1.27,-0.04,7677.41,650.34,100.0,8.12
2026-02-26,931446,中证东方红红利低波动指数,东证红利低波,CSI Dongfanghong Dividend Low Volatility Index,DFH Dividend Low Volatility,3475.98,3493.04,3456.17,3467.26,-7.1,-0.2,5643.03,562.8,100.0,8.06
2026-02-27,931446,中证东方红红利低波动指数,东证红利低波,CSI Dongfanghong Dividend Low Volatility Index,DFH Dividend Low Volatility,3467.01,3491.06,3465.58,3482.0,14.74,0.43,5789.62,528.73,100.0,8.06
2026-03-02,931446,中证东方红红利低波动指数,东证红利低波,CSI Dongfanghong Dividend Low Volatility Index,DFH Dividend Low Volatility,3473.24,3508.7,3456.93,3504.79,22.79,0.65,9440.58,848.04,100.0,8.15
2026-03-03,931446,中证东方红红利低波动指数,东证红利低波,CSI Dongfanghong Dividend Low Volatility Index,DFH Dividend Low Volatility,3505.53,3546.71,3495.62,3512.31,7.52,0.21,12272.38,1083.67,100.0,8.3
2026-03-04,931446,中证东方红红利低波动指数,东证红利低波,CSI Dongfanghong Dividend Low Volatility Index,DFH Dividend Low Volatility,3494.36,3494.36,3449.33,3465.58,-46.74,-1.33,10818.06,952.06,100.0,8.2
2026-03-05,931446,中证东方红红利低波动指数,东证红利低波,CSI Dongfanghong Dividend Low Volatility Index,DFH Dividend Low Volatility,3474.96,3487.43,3458.89,3476.88,11.31,0.33,7231.53,646.42,100.0,8.23
2026-03-06,931446,中证东方红红利低波动指数,东证红利低波,CSI Dongfanghong Dividend Low Volatility Index,DFH Dividend Low Volatility,3467.98,3509.65,3466.0,3506.16,29.27,0.84,6037.4,533.03,100.0,8.25
2026-03-09,931446,中证东方红红利低波动指数,东证红利低波,CSI Dongfanghong Dividend Low Volatility Index,DFH Dividend Low Volatility,3503.18,3509.27,3482.5,3486.48,-19.68,-0.56,8524.91,820.07,100.0,8.23
2026-03-10,931446,中证东方红红利低波动指数,东证红利低波,CSI Dongfanghong Dividend Low Volatility Index,DFH Dividend Low Volatility,3482.64,3495.52,3471.17,3494.03,7.55,0.22,6317.96,562.07,100.0,8.2
2026-03-11,931446,中证东方红红利低波动指数,东证红利低波,CSI Dongfanghong Dividend Low Volatility Index,DFH Dividend Low Volatility,3494.0,3537.36,3472.35,3534.72,40.69,1.16,7064.6,610.75,100.0,8.28
2026-03-12,931446,中证东方红红利低波动指数,东证红利低波,CSI Dongfanghong Dividend Low Volatility Index,DFH Dividend Low Volatility,3533.48,3562.13,3522.23,3556.2,21.48,0.61,7525.39,652.13,100.0,8.32
2026-03-13,931446,中证东方红红利低波动指数,东证红利低波,CSI Dongfanghong Dividend Low Volatility Index,DFH Dividend Low Volatility,3552.97,3580.06,3541.43,3553.08,-3.12,-0.09,7737.3,680.58,100.0,8.31
2026-03-16,931446,中证东方红红利低波动指数,东证红利低波,CSI Dongfanghong Dividend Low Volatility Index,DFH Dividend Low Volatility,3553.13,3566.51,3534.09,3550.97,-2.11,-0.06,6520.27,602.19,100.0,8.32
2026-03-17,931446,中证东方红红利低波动指数,东证红利低波,CSI Dongfanghong Dividend Low Volatility Index,DFH Dividend Low Volatility,3548.31,3578.53,3546.87,3553.2,2.23,0.06,6867.89,632.21,100.0,8.39
2026-03-18,931446,中证东方红红利低波动指数,东证红利低波,CSI Dongfanghong Dividend Low Volatility Index,DFH Dividend Low Volatility,3552.86,3553.24,3518.32,3539.51,-13.7,-0.39,6493.28,551.74,100.0,8.36
2026-03-19,931446,中证东方红红利低波动指数,东证红利低波,CSI Dongfanghong Dividend Low Volatility Index,DFH Dividend Low Volatility,3527.73,3549.77,3507.16,3515.26,-24.24,-0.68,6716.82,613.67,100.0,8.38
2026-03-20,931446,中证东方红红利低波动指数,东证红利低波,CSI Dongfanghong Dividend Low Volatility Index,DFH Dividend Low Volatility,3515.77,3534.49,3494.2,3494.96,-20.3,-0.58,6631.64,584.4,100.0,8.33
2026-03-23,931446,中证东方红红利低波动指数,东证红利低波,CSI Dongfanghong Dividend Low Volatility Index,DFH Dividend Low Volatility,3469.01,3469.01,3349.46,3361.77,-133.19,-3.81,10491.04,905.74,100.0,8.1
2026-03-24,931446,中证东方红红利低波动指数,东证红利低波,CSI Dongfanghong Dividend Low Volatility Index,DFH Dividend Low Volatility,3391.11,3437.05,3381.1,3437.05,75.28,2.24,7037.76,595.91,100.0,8.21
2026-03-25,931446,中证东方红红利低波动指数,东证红利低波,CSI Dongfanghong Dividend Low Volatility Index,DFH Dividend Low Volatility,3440.12,3485.39,3418.86,3482.55,45.5,1.32,7000.27,587.57,100.0,8.26
2026-03-26,931446,中证东方红红利低波动指数,东证红利低波,CSI Dongfanghong Dividend Low Volatility Index,DFH Dividend Low Volatility,3476.64,3499.24,3474.63,3483.33,0.78,0.02,6173.32,542.72,100.0,8.26
2026-03-27,931446,中证东方红红利低波动指数,东证红利低波,CSI Dongfanghong Dividend Low Volatility Index,DFH Dividend Low Volatility,3466.1,3487.85,3448.45,3466.61,-16.72,-0.48,5665.99,482.29,100.0,8.23
2026-03-30,931446,中证东方红红利低波动指数,东证红利低波,CSI Dongfanghong Dividend Low Volatility Index,DFH Dividend Low Volatility,3445.64,3478.19,3440.52,3473.28,6.66,0.19,5950.93,516.46,100.0,8.27
2026-03-31,931446,中证东方红红利低波动指数,东证红利低波,CSI Dongfanghong Dividend Low Volatility Index,DFH Dividend Low Volatility,3473.26,3504.91,3472.1,3472.1,-1.17,-0.03,7682.09,631.06,100.0,8.33
2026-04-01,931446,中证东方红红利低波动指数,东证红利低波,CSI Dongfanghong Dividend Low Volatility Index,DFH Dividend Low Volatility,3489.2,3491.45,3466.61,3473.47,1.36,0.04,6361.73,551.36,100.0,8.34
2026-04-02,931446,中证东方红红利低波动指数,东证红利低波,CSI Dongfanghong Dividend Low Volatility Index,DFH Dividend Low Volatility,3472.43,3484.05,3460.25,3476.04,2.58,0.07,5496.89,468.56,100.0,8.4
2026-04-03,931446,中证东方红红利低波动指数,东证红利低波,CSI Dongfanghong Dividend Low Volatility Index,DFH Dividend Low Volatility,3476.06,3476.91,3422.93,3430.5,-45.55,-1.31,4855.8,401.97,100.0,8.3
2026-04-07,931446,中证东方红红利低波动指数,东证红利低波,CSI Dongfanghong Dividend Low Volatility Index,DFH Dividend Low Volatility,3430.14,3430.84,3401.02,3411.53,-18.96,-0.55,4637.93,409.63,100.0,8.23
2026-04-08,931446,中证东方红红利低波动指数,东证红利低波,CSI Dongfanghong Dividend Low Volatility Index,DFH Dividend Low Volatility,3429.97,3462.35,3424.09,3462.35,50.82,1.49,6346.72,592.73,100.0,8.26
2026-04-09,931446,中证东方红红利低波动指数,东证红利低波,CSI Dongfanghong Dividend Low Volatility Index,DFH Dividend Low Volatility,3449.93,3460.36,3426.72,3428.53,-33.82,-0.98,4528.32,419.26,100.0,8.2
2026-04-10,931446,中证东方红红利低波动指数,东证红利低波,CSI Dongfanghong Dividend Low Volatility Index,DFH Dividend Low Volatility,3438.2,3452.52,3432.84,3435.38,6.85,0.2,4823.95,458.11,100.0,8.2
2026-04-13,931446,中证东方红红利低波动指数,东证红利低波,CSI Dongfanghong Dividend Low Volatility Index,DFH Dividend Low Volatility,3429.63,3429.78,3410.72,3421.2,-14.18,-0.41,4442.35,428.94,100.0,8.21
2026-04-14,931446,中证东方红红利低波动指数,东证红利低波,CSI Dongfanghong Dividend Low Volatility Index,DFH Dividend Low Volatility,3425.32,3430.72,3411.36,3430.05,8.84,0.26,4374.71,422.27,100.0,8.26
2026-04-15,931446,中证东方红红利低波动指数,东证红利低波,CSI Dongfanghong Dividend Low Volatility Index,DFH Dividend Low Volatility,3432.6,3457.86,3429.57,3454.81,24.76,0.72,5080.19,485.04,100.0,8.33
2026-04-16,931446,中证东方红红利低波动指数,东证红利低波,CSI Dongfanghong Dividend Low Volatility Index,DFH Dividend Low Volatility,3456.83,3467.56,3444.29,3455.38,0.58,0.02,4993.07,461.78,100.0,8.32
2026-04-17,931446,中证东方红红利低波动指数,东证红利低波,CSI Dongfanghong Dividend Low Volatility Index,DFH Dividend Low Volatility,3450.67,3453.84,3437.65,3440.34,-15.04,-0.43,4692.61,433.3,100.0,8.28
2026-04-20,931446,中证东方红红利低波动指数,东证红利低波,CSI Dongfanghong Dividend Low Volatility Index,DFH Dividend Low Volatility,3438.7,3452.1,3430.91,3449.46,9.12,0.27,5360.96,501.45,100.0,8.36
2026-04-21,931446,中证东方红红利低波动指数,东证红利低波,CSI Dongfanghong Dividend Low Volatility Index,DFH Dividend Low Volatility,3449.17,3474.53,3448.89,3469.63,20.16,0.58,5169.65,489.26,100.0,8.39
2026-04-22,931446,中证东方红红利低波动指数,东证红利低波,CSI Dongfanghong Dividend Low Volatility Index,DFH Dividend Low Volatility,3466.66,3480.8,3464.19,3470.05,0.42,0.01,4829.49,462.08,100.0,8.33
2026-04-23,931446,中证东方红红利低波动指数,东证红利低波,CSI Dongfanghong Dividend Low Volatility Index,DFH Dividend Low Volatility,3474.27,3496.96,3471.31,3494.05,24.0,0.69,5856.45,556.46,100.0,8.35
2026-04-24,931446,中证东方红红利低波动指数,东证红利低波,CSI Dongfanghong Dividend Low Volatility Index,DFH Dividend Low Volatility,3487.72,3490.37,3465.06,3475.81,-18.24,-0.52,4967.0,474.19,100.0,8.33
2026-04-27,931446,中证东方红红利低波动指数,东证红利低波,CSI Dongfanghong Dividend Low Volatility Index,DFH Dividend Low Volatility,3467.46,3480.24,3449.38,3450.48,-25.34,-0.73,5148.55,512.57,100.0,8.26
2026-04-28,931446,中证东方红红利低波动指数,东证红利低波,CSI Dongfanghong Dividend Low Volatility Index,DFH Dividend Low Volatility,3445.64,3473.89,3445.64,3473.32,22.85,0.66,5739.99,556.43,100.0,8.32
2026-04-29,931446,中证东方红红利低波动指数,东证红利低波,CSI Dongfanghong Dividend Low Volatility Index,DFH Dividend Low Volatility,3473.8,3492.0,3460.78,3481.42,8.09,0.23,7044.83,794.87,100.0,8.31
2026-04-30,931446,中证东方红红利低波动指数,东证红利低波,CSI Dongfanghong Dividend Low Volatility Index,DFH Dividend Low Volatility,3477.7,3488.34,3450.55,3460.18,-21.23,-0.61,7706.98,786.43,100.0,8.29
2026-05-06,931446,中证东方红红利低波动指数,东证红利低波,CSI Dongfanghong Dividend Low Volatility Index,DFH Dividend Low Volatility,3460.03,3460.03,3435.09,3454.53,-5.66,-0.16,7339.51,728.34,100.0,8.22
2026-05-07,931446,中证东方红红利低波动指数,东证红利低波,CSI Dongfanghong Dividend Low Volatility Index,DFH Dividend Low Volatility,3454.37,3461.43,3442.74,3445.7,-8.83,-0.26,5851.16,602.09,100.0,8.19
2026-05-08,931446,中证东方红红利低波动指数,东证红利低波,CSI Dongfanghong Dividend Low Volatility Index,DFH Dividend Low Volatility,3444.15,3464.1,3435.39,3444.99,-0.7,-0.02,5318.37,500.69,100.0,8.2
2026-05-11,931446,中证东方红红利低波动指数,东证红利低波,CSI Dongfanghong Dividend Low Volatility Index,DFH Dividend Low Volatility,3441.1,3450.96,3421.67,3445.98,0.99,0.03,6856.84,662.51,100.0,8.2
2026-05-12,931446,中证东方红红利低波动指数,东证红利低波,CSI Dongfanghong Dividend Low Volatility Index,DFH Dividend Low Volatility,3445.42,3462.67,3441.2,3446.21,0.23,0.01,6371.0,600.18,100.0,8.19
2026-05-13,931446,中证东方红红利低波动指数,东证红利低波,CSI Dongfanghong Dividend Low Volatility Index,DFH Dividend Low Volatility,3444.56,3452.37,3433.55,3445.01,-1.21,-0.03,5827.2,583.8,100.0,8.12
2026-05-14,931446,中证东方红红利低波动指数,东证红利低波,CSI Dongfanghong Dividend Low Volatility Index,DFH Dividend Low Volatility,3445.91,3453.2,3428.38,3428.38,-16.63,-0.48,6369.38,607.73,100.0,8.13
2026-05-15,931446,中证东方红红利低波动指数,东证红利低波,CSI Dongfanghong Dividend Low Volatility Index,DFH Dividend Low Volatility,3426.95,3428.06,3382.71,3395.44,-32.94,-0.96,6578.71,627.69,100.0,8.08
2026-05-18,931446,中证东方红红利低波动指数,东证红利低波,CSI Dongfanghong Dividend Low Volatility Index,DFH Dividend Low Volatility,3390.15,3392.73,3361.66,3374.49,-20.95,-0.62,5595.05,542.63,100.0,8.03
2026-05-19,931446,中证东方红红利低波动指数,东证红利低波,CSI Dongfanghong Dividend Low Volatility Index,DFH Dividend Low Volatility,3372.75,3410.16,3372.3,3408.21,33.72,1.0,5749.69,576.4,100.0,8.08
2026-05-20,931446,中证东方红红利低波动指数,东证红利低波,CSI Dongfanghong Dividend Low Volatility Index,DFH Dividend Low Volatility,3402.86,3402.86,3376.83,3380.91,-27.3,-0.8,5256.6,496.82,100.0,7.98
2026-05-21,931446,中证东方红红利低波动指数,东证红利低波,CSI Dongfanghong Dividend Low Volatility Index,DFH Dividend Low Volatility,3380.67,3401.47,3360.99,3360.99,-19.92,-0.59,6313.12,613.84,100.0,7.97
2026-05-22,931446,中证东方红红利低波动指数,东证红利低波,CSI Dongfanghong Dividend Low Volatility Index,DFH Dividend Low Volatility,3365.2,3365.8,3340.77,3354.03,-6.97,-0.21,5363.79,503.63,100.0,7.96
2026-05-25,931446,中证东方红红利低波动指数,东证红利低波,CSI Dongfanghong Dividend Low Volatility Index,DFH Dividend Low Volatility,3351.55,3366.69,3344.3,3358.71,4.68,0.14,4622.99,466.07,100.0,7.97
2026-05-26,931446,中证东方红红利低波动指数,东证红利低波,CSI Dongfanghong Dividend Low Volatility Index,DFH Dividend Low Volatility,3351.58,3367.24,3345.2,3361.13,2.42,0.07,5482.28,544.31,100.0,7.98
2026-05-27,931446,中证东方红红利低波动指数,东证红利低波,CSI Dongfanghong Dividend Low Volatility Index,DFH Dividend Low Volatility,3354.84,3367.06,3321.8,3336.57,-24.56,-0.73,5808.57,561.07,100.0,7.94
2026-05-28,931446,中证东方红红利低波动指数,东证红利低波,CSI Dongfanghong Dividend Low Volatility Index,DFH Dividend Low Volatility,3330.79,3348.93,3311.01,3315.71,-20.85,-0.62,5291.92,530.72,100.0,7.87
2026-05-29,931446,中证东方红红利低波动指数,东证红利低波,CSI Dongfanghong Dividend Low Volatility Index,DFH Dividend Low Volatility,3313.25,3381.21,3310.82,3372.0,56.29,1.7,7764.51,767.68,100.0,8.0
2026-06-01,931446,中证东方红红利低波动指数,东证红利低波,CSI Dongfanghong Dividend Low Volatility Index,DFH Dividend Low Volatility,3369.67,3411.3,3349.66,3411.05,39.05,1.16,7395.99,692.29,100.0,8.11
2026-06-02,931446,中证东方红红利低波动指数,东证红利低波,CSI Dongfanghong Dividend Low Volatility Index,DFH Dividend Low Volatility,3404.6,3438.34,3396.7,3405.81,-5.25,-0.15,6868.99,663.0,100.0,8.12
