日期,持仓市值,现金,持仓点数,持仓状态,年份
2010-01-01,100000.0,100000.0,0.0,0.0,2010
2010-01-04,100000.0,100000.0,0.0,0.0,2010
2010-01-05,100000.0,100000.0,0.0,0.0,2010
2010-01-06,100000.0,100000.0,0.0,0.0,2010
2010-01-07,100000.0,100000.0,0.0,0.0,2010
2010-01-08,100000.0,100000.0,0.0,0.0,2010
2010-01-11,100000.0,100000.0,0.0,0.0,2010
2010-01-12,100000.0,100000.0,0.0,0.0,2010
2010-01-13,100000.0,100000.0,0.0,0.0,2010
2010-01-14,100000.0,100000.0,0.0,0.0,2010
2010-01-15,100000.0,100000.0,0.0,0.0,2010
2010-01-18,100000.0,100000.0,0.0,0.0,2010
2010-01-19,100000.0,100000.0,0.0,0.0,2010
2010-01-20,100000.0,100000.0,0.0,0.0,2010
2010-01-21,100000.0,100000.0,0.0,0.0,2010
2010-01-22,100000.0,100000.0,0.0,0.0,2010
2010-01-25,100000.0,100000.0,0.0,0.0,2010
2010-01-26,100000.0,100000.0,0.0,0.0,2010
2010-01-27,100000.0,100000.0,0.0,0.0,2010
2010-01-28,100000.0,100000.0,0.0,0.0,2010
2010-01-29,100000.0,100000.0,0.0,0.0,2010
2010-02-01,100000.0,100000.0,0.0,0.0,2010
2010-02-02,100000.0,100000.0,0.0,0.0,2010
2010-02-03,100000.0,100000.0,0.0,0.0,2010
2010-02-04,100000.0,100000.0,0.0,0.0,2010
2010-02-05,100000.0,100000.0,0.0,0.0,2010
2010-02-08,100000.0,100000.0,0.0,0.0,2010
2010-02-09,100000.0,100000.0,0.0,0.0,2010
2010-02-10,100000.0,100000.0,0.0,0.0,2010
2010-02-11,100000.0,100000.0,0.0,0.0,2010
2010-02-12,100000.0,100000.0,0.0,0.0,2010
2010-02-22,100000.0,100000.0,0.0,0.0,2010
2010-02-23,100000.0,100000.0,0.0,0.0,2010
2010-02-24,100000.0,100000.0,0.0,0.0,2010
2010-02-25,100000.0,100000.0,0.0,0.0,2010
2010-02-26,100000.0,100000.0,0.0,0.0,2010
2010-03-01,100000.0,100000.0,0.0,0.0,2010
2010-03-02,100000.0,100000.0,0.0,0.0,2010
2010-03-03,100000.0,100000.0,0.0,0.0,2010
2010-03-04,100000.0,100000.0,0.0,0.0,2010
2010-03-05,100000.0,100000.0,0.0,0.0,2010
2010-03-08,100000.0,100000.0,0.0,0.0,2010
2010-03-09,100000.0,100000.0,0.0,0.0,2010
2010-03-10,100000.0,100000.0,0.0,0.0,2010
2010-03-11,100000.0,100000.0,0.0,0.0,2010
2010-03-12,100000.0,100000.0,0.0,0.0,2010
2010-03-15,100000.0,100000.0,0.0,0.0,2010
2010-03-16,100000.0,100000.0,0.0,0.0,2010
2010-03-17,100000.0,100000.0,0.0,0.0,2010
2010-03-18,100000.0,100000.0,0.0,0.0,2010
2010-03-19,100000.0,100000.0,0.0,0.0,2010
2010-03-22,100000.0,100000.0,0.0,0.0,2010
2010-03-23,100000.0,100000.0,0.0,0.0,2010
2010-03-24,100000.0,100000.0,0.0,0.0,2010
2010-03-25,100000.0,100000.0,0.0,0.0,2010
2010-03-26,100000.0,100000.0,0.0,0.0,2010
2010-03-29,100000.0,100000.0,0.0,0.0,2010
2010-03-30,100000.0,100000.0,0.0,0.0,2010
2010-03-31,100000.0,100000.0,0.0,0.0,2010
2010-04-01,100000.0,100000.0,0.0,0.0,2010
2010-04-02,100000.0,100000.0,0.0,0.0,2010
2010-04-06,100000.0,100000.0,0.0,0.0,2010
2010-04-07,100000.0,100000.0,0.0,0.0,2010
2010-04-08,100000.0,100000.0,0.0,0.0,2010
2010-04-09,100000.0,100000.0,0.0,0.0,2010
2010-04-12,100000.0,100000.0,0.0,0.0,2010
2010-04-13,100000.0,100000.0,0.0,0.0,2010
2010-04-14,100000.0,100000.0,0.0,0.0,2010
2010-04-15,100000.0,100000.0,0.0,0.0,2010
2010-04-16,100000.0,100000.0,0.0,0.0,2010
2010-04-19,100000.0,100000.0,0.0,0.0,2010
2010-04-20,100000.0,100000.0,0.0,0.0,2010
2010-04-21,100000.0,100000.0,0.0,0.0,2010
2010-04-22,100000.0,100000.0,0.0,0.0,2010
2010-04-23,100000.0,100000.0,0.0,0.0,2010
2010-04-26,100000.0,100000.0,0.0,0.0,2010
2010-04-27,100000.0,100000.0,0.0,0.0,2010
2010-04-28,100000.0,100000.0,0.0,0.0,2010
2010-04-29,100000.0,100000.0,0.0,0.0,2010
2010-04-30,100000.0,100000.0,0.0,0.0,2010
2010-05-04,100000.0,100000.0,0.0,0.0,2010
2010-05-05,100000.0,100000.0,0.0,0.0,2010
2010-05-06,100000.0,100000.0,0.0,0.0,2010
2010-05-07,100000.0,100000.0,0.0,0.0,2010
2010-05-10,100000.0,100000.0,0.0,0.0,2010
2010-05-11,100000.0,100000.0,0.0,0.0,2010
2010-05-12,100000.0,100000.0,0.0,0.0,2010
2010-05-13,100000.0,100000.0,0.0,0.0,2010
2010-05-14,100000.0,100000.0,0.0,0.0,2010
2010-05-17,100000.0,100000.0,0.0,0.0,2010
2010-05-18,100000.0,100000.0,0.0,0.0,2010
2010-05-19,100000.0,100000.0,0.0,0.0,2010
2010-05-20,100000.0,100000.0,0.0,0.0,2010
2010-05-21,100000.0,100000.0,0.0,0.0,2010
2010-05-24,100000.0,100000.0,0.0,0.0,2010
2010-05-25,100000.0,100000.0,0.0,0.0,2010
2010-05-26,100000.0,100000.0,0.0,0.0,2010
2010-05-27,100000.0,100000.0,0.0,0.0,2010
2010-05-28,100000.0,100000.0,0.0,0.0,2010
2010-05-31,100000.0,100000.0,0.0,0.0,2010
2010-06-01,100000.0,100000.0,0.0,0.0,2010
2010-06-02,100000.0,100000.0,0.0,0.0,2010
2010-06-03,100000.0,100000.0,0.0,0.0,2010
2010-06-04,100000.0,100000.0,0.0,0.0,2010
2010-06-07,100000.0,100000.0,0.0,0.0,2010
2010-06-08,100000.0,100000.0,0.0,0.0,2010
2010-06-09,100000.0,100000.0,0.0,0.0,2010
2010-06-10,100000.0,100000.0,0.0,0.0,2010
2010-06-11,100000.0,100000.0,0.0,0.0,2010
2010-06-17,100000.0,100000.0,0.0,0.0,2010
2010-06-18,100000.0,100000.0,0.0,0.0,2010
2010-06-21,100000.0,100000.0,0.0,0.0,2010
2010-06-22,100000.0,100000.0,0.0,0.0,2010
2010-06-23,100000.0,100000.0,0.0,0.0,2010
2010-06-24,100000.0,100000.0,0.0,0.0,2010
2010-06-25,100000.0,100000.0,0.0,0.0,2010
2010-06-28,100000.0,100000.0,0.0,0.0,2010
2010-06-29,100000.0,100000.0,0.0,0.0,2010
2010-06-30,100000.0,100000.0,0.0,0.0,2010
2010-07-01,100000.0,100000.0,0.0,0.0,2010
2010-07-02,100000.0,100000.0,0.0,0.0,2010
2010-07-05,100000.0,100000.0,0.0,0.0,2010
2010-07-06,100000.0,100000.0,0.0,0.0,2010
2010-07-07,100000.0,100000.0,0.0,0.0,2010
2010-07-08,100000.0,100000.0,0.0,0.0,2010
2010-07-09,100000.0,100000.0,0.0,0.0,2010
2010-07-12,100000.0,100000.0,0.0,0.0,2010
2010-07-13,100000.0,100000.0,0.0,0.0,2010
2010-07-14,100000.0,100000.0,0.0,0.0,2010
2010-07-15,100000.0,100000.0,0.0,0.0,2010
2010-07-16,100000.0,100000.0,0.0,0.0,2010
2010-07-19,100000.0,100000.0,0.0,0.0,2010
2010-07-20,100000.0,100000.0,0.0,0.0,2010
2010-07-21,100000.0,100000.0,0.0,0.0,2010
2010-07-22,100000.0,100000.0,0.0,0.0,2010
2010-07-23,100000.0,100000.0,0.0,0.0,2010
2010-07-26,100000.0,100000.0,0.0,0.0,2010
2010-07-27,100000.0,100000.0,0.0,0.0,2010
2010-07-28,100000.0,100000.0,0.0,0.0,2010
2010-07-29,100000.0,100000.0,0.0,0.0,2010
2010-07-30,100000.0,100000.0,0.0,0.0,2010
2010-08-02,100000.0,100000.0,0.0,0.0,2010
2010-08-03,100000.0,100000.0,0.0,0.0,2010
2010-08-04,100000.0,100000.0,0.0,0.0,2010
2010-08-05,100000.0,100000.0,0.0,0.0,2010
2010-08-06,100000.0,100000.0,0.0,0.0,2010
2010-08-09,100000.0,100000.0,0.0,0.0,2010
2010-08-10,100000.0,100000.0,0.0,0.0,2010
2010-08-11,100000.0,100000.0,0.0,0.0,2010
2010-08-12,100000.0,100000.0,0.0,0.0,2010
2010-08-13,100000.0,100000.0,0.0,0.0,2010
2010-08-16,100000.0,100000.0,0.0,0.0,2010
2010-08-17,100000.0,100000.0,0.0,0.0,2010
2010-08-18,100000.0,100000.0,0.0,0.0,2010
2010-08-19,100000.0,100000.0,0.0,0.0,2010
2010-08-20,100000.0,100000.0,0.0,0.0,2010
2010-08-23,100000.0,100000.0,0.0,0.0,2010
2010-08-24,100000.0,100000.0,0.0,0.0,2010
2010-08-25,100000.0,100000.0,0.0,0.0,2010
2010-08-26,100000.0,100000.0,0.0,0.0,2010
2010-08-27,100000.0,100000.0,0.0,0.0,2010
2010-08-30,100000.0,100000.0,0.0,0.0,2010
2010-08-31,100000.0,100000.0,0.0,0.0,2010
2010-09-01,100000.0,100000.0,0.0,0.0,2010
2010-09-02,100000.0,100000.0,0.0,0.0,2010
2010-09-03,100000.0,100000.0,0.0,0.0,2010
2010-09-06,100000.0,100000.0,0.0,0.0,2010
2010-09-07,100000.0,100000.0,0.0,0.0,2010
2010-09-08,100000.0,100000.0,0.0,0.0,2010
2010-09-09,100000.0,100000.0,0.0,0.0,2010
2010-09-10,100000.0,100000.0,0.0,0.0,2010
2010-09-13,100000.0,100000.0,0.0,0.0,2010
2010-09-14,100000.0,100000.0,0.0,0.0,2010
2010-09-15,100000.0,100000.0,0.0,0.0,2010
2010-09-16,100000.0,100000.0,0.0,0.0,2010
2010-09-17,100000.0,100000.0,0.0,0.0,2010
2010-09-20,100000.0,100000.0,0.0,0.0,2010
2010-09-21,100000.0,100000.0,0.0,0.0,2010
2010-09-27,100000.0,100000.0,0.0,0.0,2010
2010-09-28,100000.0,100000.0,0.0,0.0,2010
2010-09-29,100000.0,100000.0,0.0,0.0,2010
2010-09-30,100000.0,100000.0,0.0,0.0,2010
2010-10-08,100000.0,100000.0,0.0,0.0,2010
2010-10-11,100000.0,100000.0,0.0,0.0,2010
2010-10-12,100000.0,100000.0,0.0,0.0,2010
2010-10-13,100000.0,100000.0,0.0,0.0,2010
2010-10-14,100000.0,100000.0,0.0,0.0,2010
2010-10-15,100000.0,100000.0,0.0,0.0,2010
2010-10-18,100000.0,100000.0,0.0,0.0,2010
2010-10-19,100000.0,100000.0,0.0,0.0,2010
2010-10-20,100000.0,100000.0,0.0,0.0,2010
2010-10-21,100000.0,100000.0,0.0,0.0,2010
2010-10-22,100000.0,100000.0,0.0,0.0,2010
2010-10-25,100000.0,100000.0,0.0,0.0,2010
2010-10-26,100000.0,100000.0,0.0,0.0,2010
2010-10-27,100000.0,100000.0,0.0,0.0,2010
2010-10-28,100000.0,100000.0,0.0,0.0,2010
2010-10-29,100000.0,100000.0,0.0,0.0,2010
2010-11-01,100000.0,100000.0,0.0,0.0,2010
2010-11-02,100000.0,100000.0,0.0,0.0,2010
2010-11-03,100000.0,100000.0,0.0,0.0,2010
2010-11-04,100000.0,100000.0,0.0,0.0,2010
2010-11-05,100000.0,100000.0,0.0,0.0,2010
2010-11-08,100000.0,100000.0,0.0,0.0,2010
2010-11-09,100000.0,100000.0,0.0,0.0,2010
2010-11-10,100000.0,100000.0,0.0,0.0,2010
2010-11-11,100000.0,100000.0,0.0,0.0,2010
2010-11-12,100000.0,100000.0,0.0,0.0,2010
2010-11-15,100000.0,100000.0,0.0,0.0,2010
2010-11-16,100000.0,100000.0,0.0,0.0,2010
2010-11-17,100000.0,100000.0,0.0,0.0,2010
2010-11-18,100000.0,100000.0,0.0,0.0,2010
2010-11-19,100000.0,100000.0,0.0,0.0,2010
2010-11-22,100000.0,100000.0,0.0,0.0,2010
2010-11-23,100000.0,100000.0,0.0,0.0,2010
2010-11-24,100000.0,100000.0,0.0,0.0,2010
2010-11-25,100000.0,100000.0,0.0,0.0,2010
2010-11-26,100000.0,100000.0,0.0,0.0,2010
2010-11-29,100000.0,100000.0,0.0,0.0,2010
2010-11-30,100000.0,100000.0,0.0,0.0,2010
2010-12-01,100000.0,100000.0,0.0,0.0,2010
2010-12-02,100000.0,100000.0,0.0,0.0,2010
2010-12-03,100000.0,100000.0,0.0,0.0,2010
2010-12-06,100000.0,100000.0,0.0,0.0,2010
2010-12-07,100000.0,100000.0,0.0,0.0,2010
2010-12-08,100000.0,100000.0,0.0,0.0,2010
2010-12-09,100000.0,100000.0,0.0,0.0,2010
2010-12-10,100000.0,100000.0,0.0,0.0,2010
2010-12-13,100000.0,100000.0,0.0,0.0,2010
2010-12-14,100000.0,100000.0,0.0,0.0,2010
2010-12-15,100000.0,100000.0,0.0,0.0,2010
2010-12-16,100000.0,100000.0,0.0,0.0,2010
2010-12-17,100000.0,100000.0,0.0,0.0,2010
2010-12-20,100000.0,100000.0,0.0,0.0,2010
2010-12-21,100000.0,100000.0,0.0,0.0,2010
2010-12-22,100000.0,100000.0,0.0,0.0,2010
2010-12-23,100000.0,100000.0,0.0,0.0,2010
2010-12-24,100000.0,100000.0,0.0,0.0,2010
2010-12-27,100000.0,100000.0,0.0,0.0,2010
2010-12-28,100000.0,100000.0,0.0,0.0,2010
2010-12-29,100000.0,100000.0,0.0,0.0,2010
2010-12-30,100000.0,100000.0,0.0,0.0,2010
2010-12-31,100000.0,100000.0,0.0,0.0,2010
2011-01-04,100000.0,100000.0,0.0,0.0,2011
2011-01-05,100000.0,100000.0,0.0,0.0,2011
2011-01-06,100000.0,100000.0,0.0,0.0,2011
2011-01-07,100000.0,100000.0,0.0,0.0,2011
2011-01-10,100000.0,100000.0,0.0,0.0,2011
2011-01-11,100000.0,100000.0,0.0,0.0,2011
2011-01-12,100000.0,100000.0,0.0,0.0,2011
2011-01-13,100000.0,100000.0,0.0,0.0,2011
2011-01-14,100000.0,100000.0,0.0,0.0,2011
2011-01-17,100000.0,0.0,102.5662064862869,1.0,2011
2011-01-18,100350.7764261831,0.0,102.5662064862869,1.0,2011
2011-01-19,102055.4267779852,0.0,102.5662064862869,1.0,2011
2011-01-20,99056.39090032617,0.0,102.5662064862869,1.0,2011
2011-01-21,100144.61835114566,0.0,102.5662064862869,1.0,2011
2011-01-24,99259.471989169,0.0,102.5662064862869,1.0,2011
2011-01-25,99140.49518964492,0.0,102.5662064862869,1.0,2011
2011-01-26,100067.69369628096,0.0,102.5662064862869,1.0,2011
2011-01-27,101327.20671193255,0.0,102.5662064862869,1.0,2011
2011-01-28,101781.57500666681,0.0,102.5662064862869,1.0,2011
2011-01-31,102954.93240886992,0.0,102.5662064862869,1.0,2011
2011-02-01,102730.31241666496,0.0,102.5662064862869,1.0,2011
2011-02-09,102163.1212947958,0.0,102.5662064862869,1.0,2011
2011-02-10,104296.49838971056,0.0,102.5662064862869,1.0,2011
2011-02-11,105178.56776549263,0.0,102.5662064862869,1.0,2011
2011-02-14,107667.8495969148,0.0,102.5662064862869,1.0,2011
2011-02-15,107360.15097745595,0.0,102.5662064862869,1.0,2011
2011-02-16,108607.35604832921,0.0,102.5662064862869,1.0,2011
2011-02-17,108751.97439947486,0.0,102.5662064862869,1.0,2011
2011-02-18,107941.7013682332,0.0,102.5662064862869,1.0,2011
2011-02-21,109775.585140208,0.0,102.5662064862869,1.0,2011
2011-02-22,106748.85638679768,0.0,102.5662064862869,1.0,2011
2011-02-23,107677.08055549857,0.0,102.5662064862869,1.0,2011
2011-02-24,108061.70382982215,0.0,102.5662064862869,1.0,2011
2011-02-25,107929.39342345484,0.0,102.5662064862869,1.0,2011
2011-02-28,109782.76477466204,0.0,102.5662064862869,1.0,2011
2011-03-01,110068.9244907588,0.0,102.5662064862869,1.0,2011
2011-03-02,110041.2316150075,110041.2316150075,0.0,0.0,2011
2011-03-03,110041.2316150075,110041.2316150075,0.0,0.0,2011
2011-03-04,110041.2316150075,110041.2316150075,0.0,0.0,2011
2011-03-07,110041.2316150075,110041.2316150075,0.0,0.0,2011
2011-03-08,110041.2316150075,110041.2316150075,0.0,0.0,2011
2011-03-09,110041.2316150075,110041.2316150075,0.0,0.0,2011
2011-03-10,110041.2316150075,110041.2316150075,0.0,0.0,2011
2011-03-11,110041.2316150075,110041.2316150075,0.0,0.0,2011
2011-03-14,110041.2316150075,110041.2316150075,0.0,0.0,2011
2011-03-15,110041.2316150075,110041.2316150075,0.0,0.0,2011
2011-03-16,110041.2316150075,110041.2316150075,0.0,0.0,2011
2011-03-17,110041.2316150075,110041.2316150075,0.0,0.0,2011
2011-03-18,110041.2316150075,110041.2316150075,0.0,0.0,2011
2011-03-21,110041.2316150075,110041.2316150075,0.0,0.0,2011
2011-03-22,110041.2316150075,110041.2316150075,0.0,0.0,2011
2011-03-23,110041.2316150075,110041.2316150075,0.0,0.0,2011
2011-03-24,110041.2316150075,110041.2316150075,0.0,0.0,2011
2011-03-25,110041.2316150075,110041.2316150075,0.0,0.0,2011
2011-03-28,110041.2316150075,110041.2316150075,0.0,0.0,2011
2011-03-29,110041.2316150075,110041.2316150075,0.0,0.0,2011
2011-03-30,110041.2316150075,110041.2316150075,0.0,0.0,2011
2011-03-31,110041.2316150075,110041.2316150075,0.0,0.0,2011
2011-04-01,110041.2316150075,110041.2316150075,0.0,0.0,2011
2011-04-06,110041.2316150075,110041.2316150075,0.0,0.0,2011
2011-04-07,110041.2316150075,110041.2316150075,0.0,0.0,2011
2011-04-08,110041.2316150075,110041.2316150075,0.0,0.0,2011
2011-04-11,110041.2316150075,110041.2316150075,0.0,0.0,2011
2011-04-12,110041.2316150075,110041.2316150075,0.0,0.0,2011
2011-04-13,110041.2316150075,110041.2316150075,0.0,0.0,2011
2011-04-14,110041.2316150075,110041.2316150075,0.0,0.0,2011
2011-04-15,110041.2316150075,110041.2316150075,0.0,0.0,2011
2011-04-18,110041.2316150075,110041.2316150075,0.0,0.0,2011
2011-04-19,110041.2316150075,110041.2316150075,0.0,0.0,2011
2011-04-20,110041.2316150075,110041.2316150075,0.0,0.0,2011
2011-04-21,110041.2316150075,110041.2316150075,0.0,0.0,2011
2011-04-22,110041.2316150075,110041.2316150075,0.0,0.0,2011
2011-04-25,110041.2316150075,110041.2316150075,0.0,0.0,2011
2011-04-26,110041.2316150075,110041.2316150075,0.0,0.0,2011
2011-04-27,110041.2316150075,110041.2316150075,0.0,0.0,2011
2011-04-28,110041.2316150075,110041.2316150075,0.0,0.0,2011
2011-04-29,110041.2316150075,110041.2316150075,0.0,0.0,2011
2011-05-03,110041.2316150075,110041.2316150075,0.0,0.0,2011
2011-05-04,110041.2316150075,110041.2316150075,0.0,0.0,2011
2011-05-05,110041.2316150075,110041.2316150075,0.0,0.0,2011
2011-05-06,110041.2316150075,110041.2316150075,0.0,0.0,2011
2011-05-09,110041.2316150075,110041.2316150075,0.0,0.0,2011
2011-05-10,110041.2316150075,110041.2316150075,0.0,0.0,2011
2011-05-11,110041.2316150075,110041.2316150075,0.0,0.0,2011
2011-05-12,110041.2316150075,110041.2316150075,0.0,0.0,2011
2011-05-13,110041.2316150075,110041.2316150075,0.0,0.0,2011
2011-05-16,110041.2316150075,110041.2316150075,0.0,0.0,2011
2011-05-17,110041.2316150075,110041.2316150075,0.0,0.0,2011
2011-05-18,110041.2316150075,110041.2316150075,0.0,0.0,2011
2011-05-19,110041.2316150075,110041.2316150075,0.0,0.0,2011
2011-05-20,110041.2316150075,110041.2316150075,0.0,0.0,2011
2011-05-23,110041.2316150075,0.0,107.8391560484972,1.0,2011
2011-05-24,109815.84777886615,0.0,107.8391560484972,1.0,2011
2011-05-25,108598.34370707862,0.0,107.8391560484972,1.0,2011
2011-05-26,107868.27262063029,0.0,107.8391560484972,1.0,2011
2011-05-27,106368.2299599957,0.0,107.8391560484972,1.0,2011
2011-05-30,105551.88754870858,0.0,107.8391560484972,1.0,2011
2011-05-31,107358.1934125209,0.0,107.8391560484972,1.0,2011
2011-06-01,107780.92290423102,0.0,107.8391560484972,1.0,2011
2011-06-02,105860.30753500728,0.0,107.8391560484972,1.0,2011
2011-06-03,107213.68894341592,0.0,107.8391560484972,1.0,2011
2011-06-07,107647.20235073088,0.0,107.8391560484972,1.0,2011
2011-06-08,107737.7872418116,0.0,107.8391560484972,1.0,2011
2011-06-09,105467.77300699074,0.0,107.8391560484972,1.0,2011
2011-06-10,105680.2161444063,0.0,107.8391560484972,1.0,2011
2011-06-13,105260.72182737764,0.0,107.8391560484972,1.0,2011
2011-06-14,106455.57967639498,0.0,107.8391560484972,1.0,2011
2011-06-15,105279.05448390587,0.0,107.8391560484972,1.0,2011
2011-06-16,103236.58086834734,0.0,107.8391560484972,1.0,2011
2011-06-17,102216.42245212857,0.0,107.8391560484972,1.0,2011
2011-06-20,101169.30424689765,0.0,107.8391560484972,1.0,2011
2011-06-21,102487.09873381029,0.0,107.8391560484972,1.0,2011
2011-06-22,102136.62147665267,0.0,107.8391560484972,1.0,2011
2011-06-23,103636.66413728727,0.0,107.8391560484972,1.0,2011
2011-06-24,105948.73564296705,0.0,107.8391560484972,1.0,2011
2011-06-27,106421.07114645946,0.0,107.8391560484972,1.0,2011
2011-06-28,106325.0942975763,0.0,107.8391560484972,1.0,2011
2011-06-29,105057.98421400646,0.0,107.8391560484972,1.0,2011
2011-06-30,106170.88430442695,0.0,107.8391560484972,1.0,2011
2011-07-01,106102.94563611639,0.0,107.8391560484972,1.0,2011
2011-07-04,108346.00008192514,0.0,107.8391560484972,1.0,2011
2011-07-05,108430.11462364296,0.0,107.8391560484972,1.0,2011
2011-07-06,108117.38107110233,0.0,107.8391560484972,1.0,2011
2011-07-07,107920.03541553358,0.0,107.8391560484972,1.0,2011
2011-07-08,107995.52282476753,0.0,107.8391560484972,1.0,2011
2011-07-11,108586.48139991327,0.0,107.8391560484972,1.0,2011
2011-07-12,107254.66782271436,0.0,107.8391560484972,1.0,2011
2011-07-13,108766.57279051428,0.0,107.8391560484972,1.0,2011
2011-07-14,109022.15159034923,0.0,107.8391560484972,1.0,2011
2011-07-15,109561.3473705917,0.0,107.8391560484972,1.0,2011
2011-07-18,109525.7604490957,0.0,107.8391560484972,1.0,2011
2011-07-19,108189.63330565482,0.0,107.8391560484972,1.0,2011
2011-07-20,108279.13980517507,0.0,107.8391560484972,1.0,2011
2011-07-21,107474.65970105329,0.0,107.8391560484972,1.0,2011
2011-07-22,107717.2978021624,0.0,107.8391560484972,1.0,2011
2011-07-25,104545.7482227761,0.0,107.8391560484972,1.0,2011
2011-07-26,104912.40135334099,0.0,107.8391560484972,1.0,2011
2011-07-27,105784.82012577333,0.0,107.8391560484972,1.0,2011
2011-07-28,104995.43750349832,0.0,107.8391560484972,1.0,2011
2011-07-29,104908.08778709905,0.0,107.8391560484972,1.0,2011
2011-08-01,104986.81037101445,0.0,107.8391560484972,1.0,2011
2011-08-02,104033.51223154574,0.0,107.8391560484972,1.0,2011
2011-08-03,104084.19663488852,0.0,107.8391560484972,1.0,2011
2011-08-04,104321.44277819523,0.0,107.8391560484972,1.0,2011
2011-08-05,102380.33796932227,0.0,107.8391560484972,1.0,2011
2011-08-08,98261.96059983017,0.0,107.8391560484972,1.0,2011
2011-08-09,98396.7595448908,0.0,107.8391560484972,1.0,2011
2011-08-10,99281.04062448847,0.0,107.8391560484972,1.0,2011
2011-08-11,100994.60481409908,0.0,107.8391560484972,1.0,2011
2011-08-12,101659.97240691831,0.0,107.8391560484972,1.0,2011
2011-08-15,103107.17388108914,0.0,107.8391560484972,1.0,2011
2011-08-16,102425.63041486264,0.0,107.8391560484972,1.0,2011
2011-08-17,101986.72504974526,0.0,107.8391560484972,1.0,2011
2011-08-18,100417.66532923962,0.0,107.8391560484972,1.0,2011
2011-08-19,99729.65151365021,0.0,107.8391560484972,1.0,2011
2011-08-22,99020.0698668511,0.0,107.8391560484972,1.0,2011
2011-08-23,100442.46833513078,0.0,107.8391560484972,1.0,2011
2011-08-24,100112.48051762237,0.0,107.8391560484972,1.0,2011
2011-08-25,102641.30872695963,0.0,107.8391560484972,1.0,2011
2011-08-26,102481.70677600786,0.0,107.8391560484972,1.0,2011
2011-08-29,101373.1202518293,0.0,107.8391560484972,1.0,2011
2011-08-30,100924.50936266757,0.0,107.8391560484972,1.0,2011
2011-08-31,100875.98174244573,0.0,107.8391560484972,1.0,2011
2011-09-01,100310.90456475162,0.0,107.8391560484972,1.0,2011
2011-09-02,99162.41755283512,0.0,107.8391560484972,1.0,2011
2011-09-05,97390.62021895831,0.0,107.8391560484972,1.0,2011
2011-09-06,96720.93905989714,0.0,107.8391560484972,1.0,2011
2011-09-07,98750.47197672987,0.0,107.8391560484972,1.0,2011
2011-09-08,97888.83711990237,0.0,107.8391560484972,1.0,2011
2011-09-09,97585.80909140609,0.0,107.8391560484972,1.0,2011
2011-09-13,96493.3984406348,0.0,107.8391560484972,1.0,2011
2011-09-14,97042.29974492166,0.0,107.8391560484972,1.0,2011
2011-09-15,96937.69576355461,0.0,107.8391560484972,1.0,2011
2011-09-16,96974.36107661111,0.0,107.8391560484972,1.0,2011
2011-09-19,95189.62304400849,0.0,107.8391560484972,1.0,2011
2011-09-20,95616.66610196052,0.0,107.8391560484972,1.0,2011
2011-09-21,97851.09341528539,0.0,107.8391560484972,1.0,2011
2011-09-22,95499.12142186768,0.0,107.8391560484972,1.0,2011
2011-09-23,94915.71158764529,0.0,107.8391560484972,1.0,2011
2011-09-26,93504.09703497047,0.0,107.8391560484972,1.0,2011
2011-09-27,94317.20427157613,0.0,107.8391560484972,1.0,2011
2011-09-28,93185.9715246274,0.0,107.8391560484972,1.0,2011
2011-09-29,91950.13479631163,0.0,107.8391560484972,1.0,2011
2011-09-30,91774.35697195257,0.0,107.8391560484972,1.0,2011
2011-10-10,91263.19937228269,0.0,107.8391560484972,1.0,2011
2011-10-11,91183.3983968068,0.0,107.8391560484972,1.0,2011
2011-10-12,93817.9089790716,0.0,107.8391560484972,1.0,2011
2011-10-13,94541.50971615702,0.0,107.8391560484972,1.0,2011
2011-10-14,94323.67462093904,0.0,107.8391560484972,1.0,2011
2011-10-17,94775.52068478226,0.0,107.8391560484972,1.0,2011
2011-10-18,92481.78183563073,0.0,107.8391560484972,1.0,2011
2011-10-19,92215.41912019093,0.0,107.8391560484972,1.0,2011
2011-10-20,90125.49627597105,0.0,107.8391560484972,1.0,2011
2011-10-21,89854.81999428933,0.0,107.8391560484972,1.0,2011
2011-10-24,91729.0645264122,0.0,107.8391560484972,1.0,2011
2011-10-25,93274.39963258717,0.0,107.8391560484972,1.0,2011
2011-10-26,93893.39638830554,0.0,107.8391560484972,1.0,2011
2011-10-27,94567.39111360864,0.0,107.8391560484972,1.0,2011
2011-10-28,96057.72825019888,0.0,107.8391560484972,1.0,2011
2011-10-31,96044.78755147307,0.0,107.8391560484972,1.0,2011
2011-11-01,96101.94230417877,0.0,107.8391560484972,1.0,2011
2011-11-02,97518.94881465602,0.0,107.8391560484972,1.0,2011
2011-11-03,97769.13565668854,0.0,107.8391560484972,1.0,2011
2011-11-04,98162.74857626554,0.0,107.8391560484972,1.0,2011
2011-11-07,97727.07838582962,0.0,107.8391560484972,1.0,2011
2011-11-08,97270.91875574448,0.0,107.8391560484972,1.0,2011
2011-11-09,98016.08732403959,0.0,107.8391560484972,1.0,2011
2011-11-10,96701.52801180842,0.0,107.8391560484972,1.0,2011
2011-11-11,96683.19535528016,0.0,107.8391560484972,1.0,2011
2011-11-14,98524.00974902802,0.0,107.8391560484972,1.0,2011
2011-11-15,98685.76848310076,0.0,107.8391560484972,1.0,2011
2011-11-16,96549.47480178003,0.0,107.8391560484972,1.0,2011
2011-11-17,96410.36229047747,0.0,107.8391560484972,1.0,2011
2011-11-18,94665.52474561278,0.0,107.8391560484972,1.0,2011
2011-11-21,94757.18802825401,0.0,107.8391560484972,1.0,2011
2011-11-22,94765.81516073788,0.0,107.8391560484972,1.0,2011
2011-11-23,94224.46259737443,0.0,107.8391560484972,1.0,2011
2011-11-24,94382.98615676572,0.0,107.8391560484972,1.0,2011
2011-11-25,93704.67786522067,0.0,107.8391560484972,1.0,2011
2011-11-28,94105.83952572108,0.0,107.8391560484972,1.0,2011
2011-11-29,95070.99997235513,0.0,107.8391560484972,1.0,2011
2011-11-30,92088.1689160537,0.0,107.8391560484972,1.0,2011
2011-12-01,93868.5933824144,0.0,107.8391560484972,1.0,2011
2011-12-02,92603.64008196552,0.0,107.8391560484972,1.0,2011
2011-12-05,91093.89189728656,0.0,107.8391560484972,1.0,2011
2011-12-06,90989.28791591951,0.0,107.8391560484972,1.0,2011
2011-12-07,91244.86671575446,0.0,107.8391560484972,1.0,2011
2011-12-08,91180.16322212535,0.0,107.8391560484972,1.0,2011
2011-12-09,90687.33827898372,0.0,107.8391560484972,1.0,2011
2011-12-12,90056.47921610002,0.0,107.8391560484972,1.0,2011
2011-12-13,88373.10999018297,0.0,107.8391560484972,1.0,2011
2011-12-14,87615.00072316204,0.0,107.8391560484972,1.0,2011
2011-12-15,86436.31874755197,0.0,107.8391560484972,1.0,2011
2011-12-16,88155.27489496501,0.0,107.8391560484972,1.0,2011
2011-12-19,88156.3532865255,0.0,107.8391560484972,1.0,2011
2011-12-20,87829.60064369855,0.0,107.8391560484972,1.0,2011
2011-12-21,86744.73873385067,0.0,107.8391560484972,1.0,2011
2011-12-22,86409.35895853983,0.0,107.8391560484972,1.0,2011
2011-12-23,86969.04417843155,0.0,107.8391560484972,1.0,2011
2011-12-26,86579.74482509647,0.0,107.8391560484972,1.0,2011
2011-12-27,85095.87803786914,0.0,107.8391560484972,1.0,2011
2011-12-28,84446.6863184572,0.0,107.8391560484972,1.0,2011
2011-12-29,84391.68834887246,0.0,107.8391560484972,1.0,2011
2011-12-30,85523.99948738168,0.0,107.8391560484972,1.0,2011
2012-01-04,84070.32766384794,0.0,107.8391560484972,1.0,2012
2012-01-05,82820.47184524585,0.0,107.8391560484972,1.0,2012
2012-01-06,83136.44057246794,0.0,107.8391560484972,1.0,2012
2012-01-09,85718.10996826897,0.0,107.8391560484972,1.0,2012
2012-01-10,88091.6497928964,0.0,107.8391560484972,1.0,2012
2012-01-11,87686.17456615405,0.0,107.8391560484972,1.0,2012
2012-01-12,87648.43086153707,0.0,107.8391560484972,1.0,2012
2012-01-13,85970.45359342246,0.0,107.8391560484972,1.0,2012
2012-01-16,84418.64813788458,0.0,107.8391560484972,1.0,2012
2012-01-17,87824.20868589611,0.0,107.8391560484972,1.0,2012
2012-01-18,86478.37601841087,0.0,107.8391560484972,1.0,2012
2012-01-19,87744.40771042023,0.0,107.8391560484972,1.0,2012
2012-01-20,89022.30170959492,0.0,107.8391560484972,1.0,2012
2012-01-30,87646.2740784161,0.0,107.8391560484972,1.0,2012
2012-01-31,87832.83581838,0.0,107.8391560484972,1.0,2012
2012-02-01,87158.8410930769,0.0,107.8391560484972,1.0,2012
2012-02-02,88758.0957772761,0.0,107.8391560484972,1.0,2012
2012-02-03,89825.70342215624,0.0,107.8391560484972,1.0,2012
2012-02-06,90140.59375781784,0.0,107.8391560484972,1.0,2012
2012-02-07,88461.53809814273,0.0,107.8391560484972,1.0,2012
2012-02-08,90412.34843106005,0.0,107.8391560484972,1.0,2012
2012-02-09,90740.1794654475,0.0,107.8391560484972,1.0,2012
2012-02-10,90756.35533885476,0.0,107.8391560484972,1.0,2012
2012-02-13,90998.99343996389,0.0,107.8391560484972,1.0,2012
2012-02-14,90640.96744188287,0.0,107.8391560484972,1.0,2012
2012-02-15,91575.93292482334,0.0,107.8391560484972,1.0,2012
2012-02-16,91397.99831734331,0.0,107.8391560484972,1.0,2012
2012-02-17,91238.39636639153,0.0,107.8391560484972,1.0,2012
2012-02-20,91357.01943804488,0.0,107.8391560484972,1.0,2012
2012-02-21,91976.01619376327,0.0,107.8391560484972,1.0,2012
2012-02-22,93452.3342400672,0.0,107.8391560484972,1.0,2012
2012-02-23,93584.97640200685,0.0,107.8391560484972,1.0,2012
2012-02-24,94859.63522650008,94859.63522650008,0.0,0.0,2012
2012-02-27,94859.63522650008,47429.81761325004,53.66031702276306,0.5,2012
2012-02-28,94990.02979686539,94990.02979686539,0.0,0.0,2012
2012-02-29,94990.02979686539,47495.014898432695,54.20444054967096,0.5,2012
2012-03-01,95190.58622689918,47495.014898432695,54.20444054967096,0.5,2012
2012-03-02,96005.82101276622,96005.82101276622,0.0,0.0,2012
2012-03-05,96005.82101276622,48002.91050638311,53.943127732259526,0.5,2012
2012-03-06,95397.34253194633,95397.34253194633,0.0,0.0,2012
2012-03-07,95397.34253194633,47698.671265973164,54.558908409366964,0.5,2012
2012-03-08,95961.48164489918,47698.671265973164,54.558908409366964,0.5,2012
2012-03-09,96390.86025408091,47698.671265973164,54.558908409366964,0.5,2012
2012-03-12,96335.75575658743,96335.75575658743,0.0,0.0,2012
2012-03-13,96335.75575658743,48167.877878293715,53.55378170429463,0.5,2012
2012-03-14,94746.81505342101,48167.877878293715,53.55378170429463,0.5,2012
2012-03-15,94434.59650608497,48167.877878293715,53.55378170429463,0.5,2012
2012-03-16,95332.15788744896,48167.877878293715,53.55378170429463,0.5,2012
2012-03-19,95500.85229981749,48167.877878293715,53.55378170429463,0.5,2012
2012-03-20,94635.95872529312,48167.877878293715,53.55378170429463,0.5,2012
2012-03-21,94682.0149775588,48167.877878293715,53.55378170429463,0.5,2012
2012-03-22,94625.24796895226,48167.877878293715,53.55378170429463,0.5,2012
2012-03-23,93912.4471344681,48167.877878293715,53.55378170429463,0.5,2012
2012-03-26,94020.09023569373,48167.877878293715,53.55378170429463,0.5,2012
2012-03-27,93872.81733600693,48167.877878293715,53.55378170429463,0.5,2012
2012-03-28,92501.30498655993,48167.877878293715,53.55378170429463,0.5,2012
2012-03-29,92018.78541340424,48167.877878293715,53.55378170429463,0.5,2012
2012-03-30,92211.5790275397,48167.877878293715,53.55378170429463,0.5,2012
2012-04-05,93205.53721597142,48167.877878293715,53.55378170429463,0.5,2012
2012-04-06,93418.6812671545,48167.877878293715,53.55378170429463,0.5,2012
2012-04-09,93003.63945894621,48167.877878293715,53.55378170429463,0.5,2012
2012-04-10,93432.60525039762,48167.877878293715,53.55378170429463,0.5,2012
2012-04-11,93586.30460388894,48167.877878293715,53.55378170429463,0.5,2012
2012-04-12,94408.89069086692,48167.877878293715,53.55378170429463,0.5,2012
2012-04-13,94578.65617886953,48167.877878293715,53.55378170429463,0.5,2012
2012-04-16,94663.80669177935,48167.877878293715,53.55378170429463,0.5,2012
2012-04-17,94287.85914421521,48167.877878293715,53.55378170429463,0.5,2012
2012-04-18,95168.2833154338,48167.877878293715,53.55378170429463,0.5,2012
2012-04-19,95049.92945786731,48167.877878293715,53.55378170429463,0.5,2012
2012-04-20,95573.68544293533,48167.877878293715,53.55378170429463,0.5,2012
2012-04-23,95252.89829052659,48167.877878293715,53.55378170429463,0.5,2012
2012-04-24,95164.53455071451,48167.877878293715,53.55378170429463,0.5,2012
2012-04-25,95688.82607359956,48167.877878293715,53.55378170429463,0.5,2012
2012-04-26,95465.50680389264,48167.877878293715,53.55378170429463,0.5,2012
2012-04-27,95291.99255117073,48167.877878293715,53.55378170429463,0.5,2012
2012-05-02,95997.29585621628,48167.877878293715,53.55378170429463,0.5,2012
2012-05-03,95980.15864607092,48167.877878293715,53.55378170429463,0.5,2012
2012-05-04,96220.07958810616,48167.877878293715,53.55378170429463,0.5,2012
2012-05-07,96485.17080754242,48167.877878293715,53.55378170429463,0.5,2012
2012-05-08,96312.72763045458,96312.72763045458,0.0,0.0,2012
2012-05-09,96312.72763045458,48156.36381522729,54.60524301533881,0.5,2012
2012-05-10,96305.08289643243,48156.36381522729,54.60524301533881,0.5,2012
2012-05-11,96009.1224792893,48156.36381522729,54.60524301533881,0.5,2012
2012-05-14,95816.91202387531,48156.36381522729,54.60524301533881,0.5,2012
2012-05-15,95800.5304509707,48156.36381522729,54.60524301533881,0.5,2012
2012-05-16,95223.89908472874,48156.36381522729,54.60524301533881,0.5,2012
2012-05-17,95999.83958797669,48156.36381522729,54.60524301533881,0.5,2012
2012-05-18,95467.43846857714,48156.36381522729,54.60524301533881,0.5,2012
2012-05-21,95321.64246972618,48156.36381522729,54.60524301533881,0.5,2012
2012-05-22,95851.85937940513,48156.36381522729,54.60524301533881,0.5,2012
2012-05-23,95728.99758262062,48156.36381522729,54.60524301533881,0.5,2012
2012-05-24,95363.14245441784,48156.36381522729,54.60524301533881,0.5,2012
2012-05-25,94879.8860537321,48156.36381522729,54.60524301533881,0.5,2012
2012-05-28,95577.74105946813,48156.36381522729,54.60524301533881,0.5,2012
2012-05-29,96094.30665839324,48156.36381522729,54.60524301533881,0.5,2012
2012-05-30,96028.23431434468,48156.36381522729,54.60524301533881,0.5,2012
2012-05-31,95867.14884744943,48156.36381522729,54.60524301533881,0.5,2012
2012-06-01,95799.98439854055,48156.36381522729,54.60524301533881,0.5,2012
2012-06-04,94414.6493832414,48156.36381522729,54.60524301533881,0.5,2012
2012-06-05,94524.40592170224,48156.36381522729,54.60524301533881,0.5,2012
2012-06-06,94408.09675407957,48156.36381522729,54.60524301533881,0.5,2012
2012-06-07,94176.02447126438,24078.181907613645,83.17553135926852,1.0,2012
2012-06-08,93766.80085697677,24078.181907613645,83.17553135926852,1.0,2012
2012-06-11,94579.42579835682,24078.181907613645,83.17553135926852,1.0,2012
2012-06-12,94174.36096063719,24078.181907613645,83.17553135926852,1.0,2012
2012-06-13,95230.6902088999,24078.181907613645,83.17553135926852,1.0,2012
2012-06-14,94803.16797771325,24078.181907613645,83.17553135926852,1.0,2012
2012-06-15,95308.8752083776,24078.181907613645,83.17553135926852,1.0,2012
2012-06-18,95612.46589783893,24078.181907613645,83.17553135926852,1.0,2012
2012-06-19,95075.98372057166,24078.181907613645,83.17553135926852,1.0,2012
2012-06-20,94993.63994452599,24078.181907613645,83.17553135926852,1.0,2012
2012-06-21,94265.0222898188,24078.181907613645,83.17553135926852,1.0,2012
2012-06-25,92885.97197988212,24078.181907613645,83.17553135926852,1.0,2012
2012-06-26,92777.84378911507,24078.181907613645,83.17553135926852,1.0,2012
2012-06-27,92524.1584184693,24078.181907613645,83.17553135926852,1.0,2012
2012-06-28,91892.02438013886,24078.181907613645,83.17553135926852,1.0,2012
2012-06-29,92602.34341794702,24078.181907613645,83.17553135926852,1.0,2012
2012-07-02,92828.58086324423,24078.181907613645,83.17553135926852,1.0,2012
2012-07-03,92820.2633101083,24078.181907613645,83.17553135926852,1.0,2012
2012-07-04,92613.98799233731,24078.181907613645,83.17553135926852,1.0,2012
2012-07-05,91704.8794345805,24078.181907613645,83.17553135926852,1.0,2012
2012-07-06,92604.83868388779,24078.181907613645,83.17553135926852,1.0,2012
2012-07-09,91035.3164071384,24078.181907613645,83.17553135926852,1.0,2012
2012-07-10,90659.36300539451,24078.181907613645,83.17553135926852,1.0,2012
2012-07-11,91212.48028893364,24078.181907613645,83.17553135926852,1.0,2012
2012-07-12,91484.46427647844,24078.181907613645,83.17553135926852,1.0,2012
2012-07-13,91264.04911837638,24078.181907613645,83.17553135926852,1.0,2012
2012-07-16,89568.93178927449,24078.181907613645,83.17553135926852,1.0,2012
2012-07-17,89751.91795826488,24078.181907613645,83.17553135926852,1.0,2012
2012-07-18,89967.34258448538,24078.181907613645,83.17553135926852,1.0,2012
2012-07-19,90493.01194267596,24078.181907613645,83.17553135926852,1.0,2012
2012-07-20,90077.96604119321,24078.181907613645,83.17553135926852,1.0,2012
2012-07-23,89237.06141915101,24078.181907613645,83.17553135926852,1.0,2012
2012-07-24,89494.90556636475,24078.181907613645,83.17553135926852,1.0,2012
2012-07-25,88873.584347111,24078.181907613645,83.17553135926852,1.0,2012
2012-07-26,88457.70669031466,24078.181907613645,83.17553135926852,1.0,2012
2012-07-27,88337.93392515733,24078.181907613645,83.17553135926852,1.0,2012
2012-07-30,87877.97323674057,24078.181907613645,83.17553135926852,1.0,2012
2012-07-31,87788.14366287255,24078.181907613645,83.17553135926852,1.0,2012
2012-08-01,88564.17137045453,24078.181907613645,83.17553135926852,1.0,2012
2012-08-02,88188.21796871064,24078.181907613645,83.17553135926852,1.0,2012
2012-08-03,88896.041740578,24078.181907613645,83.17553135926852,1.0,2012
2012-08-06,89658.7613631425,24078.181907613645,83.17553135926852,1.0,2012
2012-08-07,89863.3731702863,24078.181907613645,83.17553135926852,1.0,2012
2012-08-08,89663.75189502406,24078.181907613645,83.17553135926852,1.0,2012
2012-08-09,90280.91433770984,24078.181907613645,83.17553135926852,1.0,2012
2012-08-10,90176.11316819715,24078.181907613645,83.17553135926852,1.0,2012
2012-08-13,89201.29594066652,24078.181907613645,83.17553135926852,1.0,2012
2012-08-14,89373.46929058021,24078.181907613645,83.17553135926852,1.0,2012
2012-08-15,88757.97035852162,24078.181907613645,83.17553135926852,1.0,2012
2012-08-16,88495.13567942634,24078.181907613645,83.17553135926852,1.0,2012
2012-08-17,88500.12621130788,24078.181907613645,83.17553135926852,1.0,2012
2012-08-20,88224.8152025087,24078.181907613645,83.17553135926852,1.0,2012
2012-08-21,88794.56759231971,24078.181907613645,83.17553135926852,1.0,2012
2012-08-22,88387.83924397288,24078.181907613645,83.17553135926852,1.0,2012
2012-08-23,88507.61200913021,24078.181907613645,83.17553135926852,1.0,2012
2012-08-24,87719.93972715795,24078.181907613645,83.17553135926852,1.0,2012
2012-08-27,86738.46845711858,24078.181907613645,83.17553135926852,1.0,2012
2012-08-28,87274.11887907227,24078.181907613645,83.17553135926852,1.0,2012
2012-08-29,86968.03292367017,24078.181907613645,83.17553135926852,1.0,2012
2012-08-30,86663.61047889525,24078.181907613645,83.17553135926852,1.0,2012
2012-08-31,86677.75031922632,24078.181907613645,83.17553135926852,1.0,2012
2012-09-03,87090.30095476829,24078.181907613645,83.17553135926852,1.0,2012
2012-09-04,86369.16909788342,24078.181907613645,83.17553135926852,1.0,2012
2012-09-05,86441.531810166,24078.181907613645,83.17553135926852,1.0,2012
2012-09-06,86939.75324300802,24078.181907613645,83.17553135926852,1.0,2012
2012-09-07,88870.25732585664,24078.181907613645,83.17553135926852,1.0,2012
2012-09-10,89049.91647359266,24078.181907613645,83.17553135926852,1.0,2012
2012-09-11,88819.52025172749,24078.181907613645,83.17553135926852,1.0,2012
2012-09-12,88963.41392097902,24078.181907613645,83.17553135926852,1.0,2012
2012-09-13,88572.48892359046,24078.181907613645,83.17553135926852,1.0,2012
2012-09-14,88753.81158195366,24078.181907613645,83.17553135926852,1.0,2012
2012-09-17,87225.8770708839,24078.181907613645,83.17553135926852,1.0,2012
2012-09-18,86851.5871797672,24078.181907613645,83.17553135926852,1.0,2012
2012-09-19,87135.2157417023,24078.181907613645,83.17553135926852,1.0,2012
2012-09-20,85727.88575110347,24078.181907613645,83.17553135926852,1.0,2012
2012-09-21,85594.80490092863,24078.181907613645,83.17553135926852,1.0,2012
2012-09-24,85702.93309169568,24078.181907613645,83.17553135926852,1.0,2012
2012-09-25,85487.50846547517,24078.181907613645,83.17553135926852,1.0,2012
2012-09-26,84633.2957584155,24078.181907613645,83.17553135926852,1.0,2012
2012-09-27,85967.43128141816,24078.181907613645,83.17553135926852,1.0,2012
2012-09-28,86782.551488739,24078.181907613645,83.17553135926852,1.0,2012
2012-10-08,86438.20478891162,24078.181907613645,83.17553135926852,1.0,2012
2012-10-09,87730.75254623465,24078.181907613645,83.17553135926852,1.0,2012
2012-10-10,87929.5420661833,24078.181907613645,83.17553135926852,1.0,2012
2012-10-11,87287.42696408977,24078.181907613645,83.17553135926852,1.0,2012
2012-10-12,87298.23978316647,24078.181907613645,83.17553135926852,1.0,2012
2012-10-15,87140.20627358384,24078.181907613645,83.17553135926852,1.0,2012
2012-10-16,87286.59520877617,24078.181907613645,83.17553135926852,1.0,2012
2012-10-17,87361.45318699951,24078.181907613645,83.17553135926852,1.0,2012
2012-10-18,88192.3767452786,24078.181907613645,83.17553135926852,1.0,2012
2012-10-19,88004.40004440665,24078.181907613645,83.17553135926852,1.0,2012
2012-10-22,88164.09706461645,24078.181907613645,83.17553135926852,1.0,2012
2012-10-23,87596.00818543264,24078.181907613645,83.17553135926852,1.0,2012
2012-10-24,87581.86834510157,24078.181907613645,83.17553135926852,1.0,2012
2012-10-25,87213.40074118,24078.181907613645,83.17553135926852,1.0,2012
2012-10-26,86049.77505746385,24078.181907613645,83.17553135926852,1.0,2012
2012-10-29,85935.82457950164,24078.181907613645,83.17553135926852,1.0,2012
2012-10-30,86172.87484387556,24078.181907613645,83.17553135926852,1.0,2012
2012-10-31,86411.58861887665,24078.181907613645,83.17553135926852,1.0,2012
2012-11-01,87318.20191069269,24078.181907613645,83.17553135926852,1.0,2012
2012-11-02,87610.97978107732,24078.181907613645,83.17553135926852,1.0,2012
2012-11-05,87532.7947815996,24078.181907613645,83.17553135926852,1.0,2012
2012-11-06,87233.36286870623,24078.181907613645,83.17553135926852,1.0,2012
2012-11-07,87121.07590137122,24078.181907613645,83.17553135926852,1.0,2012
2012-11-08,86102.17564222019,24078.181907613645,83.17553135926852,1.0,2012
2012-11-09,86004.02851521624,24078.181907613645,83.17553135926852,1.0,2012
2012-11-12,86318.43202375427,24078.181907613645,83.17553135926852,1.0,2012
2012-11-13,85345.27830685084,24078.181907613645,83.17553135926852,1.0,2012
2012-11-14,85531.5914970956,24078.181907613645,83.17553135926852,1.0,2012
2012-11-15,84656.5849071961,24078.181907613645,83.17553135926852,1.0,2012
2012-11-16,84235.71671851819,24078.181907613645,83.17553135926852,1.0,2012
2012-11-19,84355.48948367554,24078.181907613645,83.17553135926852,1.0,2012
2012-11-20,84130.08379369193,24078.181907613645,83.17553135926852,1.0,2012
2012-11-21,84705.65847069805,24078.181907613645,83.17553135926852,1.0,2012
2012-11-22,84161.69049560845,24078.181907613645,83.17553135926852,1.0,2012
2012-11-23,84450.3095894251,24078.181907613645,83.17553135926852,1.0,2012
2012-11-26,84061.04810266373,24078.181907613645,83.17553135926852,1.0,2012
2012-11-27,82981.42970562042,24078.181907613645,83.17553135926852,1.0,2012
2012-11-28,82248.65327434527,24078.181907613645,83.17553135926852,1.0,2012
2012-11-29,82057.34955221895,24078.181907613645,83.17553135926852,1.0,2012
2012-11-30,82701.95992025328,24078.181907613645,83.17553135926852,1.0,2012
2012-12-03,81770.39396902948,24078.181907613645,83.17553135926852,1.0,2012
2012-12-04,82333.49231633171,24078.181907613645,83.17553135926852,1.0,2012
2012-12-05,84081.84198550355,24078.181907613645,83.17553135926852,1.0,2012
2012-12-06,84093.48655989385,24078.181907613645,83.17553135926852,1.0,2012
2012-12-07,85094.08820214585,24078.181907613645,83.17553135926852,1.0,2012
2012-12-10,85807.73426120836,24078.181907613645,83.17553135926852,1.0,2012
2012-12-11,85460.06054012664,24078.181907613645,83.17553135926852,1.0,2012
2012-12-12,85540.74080554512,24078.181907613645,83.17553135926852,1.0,2012
2012-12-13,84908.60676721467,24078.181907613645,83.17553135926852,1.0,2012
2012-12-14,87442.96520773158,24078.181907613645,83.17553135926852,1.0,2012
2012-12-17,87724.09850372592,24078.181907613645,83.17553135926852,1.0,2012
2012-12-18,87633.43717454432,24078.181907613645,83.17553135926852,1.0,2012
2012-12-19,87728.25728029388,24078.181907613645,83.17553135926852,1.0,2012
2012-12-20,87847.19829013763,24078.181907613645,83.17553135926852,1.0,2012
2012-12-21,87669.2026530288,24078.181907613645,83.17553135926852,1.0,2012
2012-12-24,87947.84068308235,24078.181907613645,83.17553135926852,1.0,2012
2012-12-25,89598.04322525024,24078.181907613645,83.17553135926852,1.0,2012
2012-12-26,89901.63391471157,24078.181907613645,83.17553135926852,1.0,2012
2012-12-27,89543.14737455313,24078.181907613645,83.17553135926852,1.0,2012
2012-12-28,90303.37173117684,90303.37173117684,0.0,0.0,2012
2012-12-31,90303.37173117684,90303.37173117684,0.0,0.0,2012
2013-01-04,90303.37173117684,90303.37173117684,0.0,0.0,2013
2013-01-07,90303.37173117684,90303.37173117684,0.0,0.0,2013
2013-01-08,90303.37173117684,90303.37173117684,0.0,0.0,2013
2013-01-09,90303.37173117684,90303.37173117684,0.0,0.0,2013
2013-01-10,90303.37173117684,90303.37173117684,0.0,0.0,2013
2013-01-11,90303.37173117684,45151.68586558842,56.2707949471441,0.5,2013
2013-01-14,91720.8330558954,91720.8330558954,0.0,0.0,2013
2013-01-15,91720.8330558954,91720.8330558954,0.0,0.0,2013
2013-01-16,91720.8330558954,91720.8330558954,0.0,0.0,2013
2013-01-17,91720.8330558954,91720.8330558954,0.0,0.0,2013
2013-01-18,91720.8330558954,91720.8330558954,0.0,0.0,2013
2013-01-21,91720.8330558954,91720.8330558954,0.0,0.0,2013
2013-01-22,91720.8330558954,91720.8330558954,0.0,0.0,2013
2013-01-23,91720.8330558954,91720.8330558954,0.0,0.0,2013
2013-01-24,91720.8330558954,91720.8330558954,0.0,0.0,2013
2013-01-25,91720.8330558954,91720.8330558954,0.0,0.0,2013
2013-01-28,91720.8330558954,91720.8330558954,0.0,0.0,2013
2013-01-29,91720.8330558954,91720.8330558954,0.0,0.0,2013
2013-01-30,91720.8330558954,91720.8330558954,0.0,0.0,2013
2013-01-31,91720.8330558954,91720.8330558954,0.0,0.0,2013
2013-02-01,91720.8330558954,91720.8330558954,0.0,0.0,2013
2013-02-04,91720.8330558954,91720.8330558954,0.0,0.0,2013
2013-02-05,91720.8330558954,91720.8330558954,0.0,0.0,2013
2013-02-06,91720.8330558954,91720.8330558954,0.0,0.0,2013
2013-02-07,91720.8330558954,91720.8330558954,0.0,0.0,2013
2013-02-08,91720.8330558954,91720.8330558954,0.0,0.0,2013
2013-02-18,91720.8330558954,91720.8330558954,0.0,0.0,2013
2013-02-19,91720.8330558954,91720.8330558954,0.0,0.0,2013
2013-02-20,91720.8330558954,91720.8330558954,0.0,0.0,2013
2013-02-21,91720.8330558954,91720.8330558954,0.0,0.0,2013
2013-02-22,91720.8330558954,91720.8330558954,0.0,0.0,2013
2013-02-25,91720.8330558954,91720.8330558954,0.0,0.0,2013
2013-02-26,91720.8330558954,91720.8330558954,0.0,0.0,2013
2013-02-27,91720.8330558954,91720.8330558954,0.0,0.0,2013
2013-02-28,91720.8330558954,91720.8330558954,0.0,0.0,2013
2013-03-01,91720.8330558954,91720.8330558954,0.0,0.0,2013
2013-03-04,91720.8330558954,91720.8330558954,0.0,0.0,2013
2013-03-05,91720.8330558954,91720.8330558954,0.0,0.0,2013
2013-03-06,91720.8330558954,91720.8330558954,0.0,0.0,2013
2013-03-07,91720.8330558954,91720.8330558954,0.0,0.0,2013
2013-03-08,91720.8330558954,91720.8330558954,0.0,0.0,2013
2013-03-11,91720.8330558954,91720.8330558954,0.0,0.0,2013
2013-03-12,91720.8330558954,91720.8330558954,0.0,0.0,2013
2013-03-13,91720.8330558954,91720.8330558954,0.0,0.0,2013
2013-03-14,91720.8330558954,91720.8330558954,0.0,0.0,2013
2013-03-15,91720.8330558954,91720.8330558954,0.0,0.0,2013
2013-03-18,91720.8330558954,91720.8330558954,0.0,0.0,2013
2013-03-19,91720.8330558954,91720.8330558954,0.0,0.0,2013
2013-03-20,91720.8330558954,91720.8330558954,0.0,0.0,2013
2013-03-21,91720.8330558954,91720.8330558954,0.0,0.0,2013
2013-03-22,91720.8330558954,91720.8330558954,0.0,0.0,2013
2013-03-25,91720.8330558954,91720.8330558954,0.0,0.0,2013
2013-03-26,91720.8330558954,91720.8330558954,0.0,0.0,2013
2013-03-27,91720.8330558954,91720.8330558954,0.0,0.0,2013
2013-03-28,91720.8330558954,91720.8330558954,0.0,0.0,2013
2013-03-29,91720.8330558954,91720.8330558954,0.0,0.0,2013
2013-04-01,91720.8330558954,91720.8330558954,0.0,0.0,2013
2013-04-02,91720.8330558954,91720.8330558954,0.0,0.0,2013
2013-04-03,91720.8330558954,91720.8330558954,0.0,0.0,2013
2013-04-08,91720.8330558954,91720.8330558954,0.0,0.0,2013
2013-04-09,91720.8330558954,91720.8330558954,0.0,0.0,2013
2013-04-10,91720.8330558954,91720.8330558954,0.0,0.0,2013
2013-04-11,91720.8330558954,0.0,111.19428886478525,1.0,2013
2013-04-12,90904.66697562789,0.0,111.19428886478525,1.0,2013
2013-04-15,90022.89626493014,0.0,111.19428886478525,1.0,2013
2013-04-16,90532.16610793085,0.0,111.19428886478525,1.0,2013
2013-04-17,90517.71085037843,0.0,111.19428886478525,1.0,2013
2013-04-18,90990.28657805377,0.0,111.19428886478525,1.0,2013
2013-04-19,93036.26149316582,0.0,111.19428886478525,1.0,2013
2013-04-22,93015.1345782815,0.0,111.19428886478525,1.0,2013
2013-04-23,90467.67342038928,0.0,111.19428886478525,1.0,2013
2013-04-24,92035.51289338275,0.0,111.19428886478525,1.0,2013
2013-04-25,91110.37641002773,0.0,111.19428886478525,1.0,2013
2013-04-26,90059.59038025551,0.0,111.19428886478525,1.0,2013
2013-05-02,90379.8299321861,0.0,111.19428886478525,1.0,2013
2013-05-03,91832.0273447602,0.0,111.19428886478525,1.0,2013
2013-05-06,92979.55240584478,0.0,111.19428886478525,1.0,2013
2013-05-07,93367.62047398287,0.0,111.19428886478525,1.0,2013
2013-05-08,93823.51705832849,0.0,111.19428886478525,1.0,2013
2013-05-09,93960.28603363219,0.0,111.19428886478525,1.0,2013
2013-05-10,94425.07816108699,0.0,111.19428886478525,1.0,2013
2013-05-13,94450.65284752588,0.0,111.19428886478525,1.0,2013
2013-05-14,93215.28429823811,0.0,111.19428886478525,1.0,2013
2013-05-15,94058.1370078332,0.0,111.19428886478525,1.0,2013
2013-05-16,94886.53445987585,0.0,111.19428886478525,1.0,2013
2013-05-17,96031.83563518313,0.0,111.19428886478525,1.0,2013
2013-05-20,96926.94966054466,0.0,111.19428886478525,1.0,2013
2013-05-21,97526.28687752585,0.0,111.19428886478525,1.0,2013
2013-05-22,96925.837717656,0.0,111.19428886478525,1.0,2013
2013-05-23,95706.03636880932,0.0,111.19428886478525,1.0,2013
2013-05-24,96196.40318270301,0.0,111.19428886478525,1.0,2013
2013-05-27,96628.94896638703,0.0,111.19428886478525,1.0,2013
2013-05-28,97569.65265018311,0.0,111.19428886478525,1.0,2013
2013-05-29,97972.17597587364,0.0,111.19428886478525,1.0,2013
2013-05-30,98116.72855139786,98116.72855139786,0.0,0.0,2013
2013-05-31,98116.72855139786,98116.72855139786,0.0,0.0,2013
2013-06-03,98116.72855139786,98116.72855139786,0.0,0.0,2013
2013-06-04,98116.72855139786,98116.72855139786,0.0,0.0,2013
2013-06-05,98116.72855139786,98116.72855139786,0.0,0.0,2013
2013-06-06,98116.72855139786,98116.72855139786,0.0,0.0,2013
2013-06-07,98116.72855139786,98116.72855139786,0.0,0.0,2013
2013-06-13,98116.72855139786,98116.72855139786,0.0,0.0,2013
2013-06-14,98116.72855139786,98116.72855139786,0.0,0.0,2013
2013-06-17,98116.72855139786,98116.72855139786,0.0,0.0,2013
2013-06-18,98116.72855139786,98116.72855139786,0.0,0.0,2013
2013-06-19,98116.72855139786,98116.72855139786,0.0,0.0,2013
2013-06-20,98116.72855139786,49058.36427569893,62.005010459680136,0.5,2013
2013-06-21,97747.79873916275,24529.182137849464,93.24242801822768,1.0,2013
2013-06-24,93827.88706527646,24529.182137849464,93.24242801822768,1.0,2013
2013-06-25,93603.17281375254,24529.182137849464,93.24242801822768,1.0,2013
2013-06-26,93883.8325220874,24529.182137849464,93.24242801822768,1.0,2013
2013-06-27,93545.36250838122,24529.182137849464,93.24242801822768,1.0,2013
2013-06-28,94190.60011026738,24529.182137849464,93.24242801822768,1.0,2013
2013-07-01,94697.83891868652,24529.182137849464,93.24242801822768,1.0,2013
2013-07-02,95255.42863823552,24529.182137849464,93.24242801822768,1.0,2013
2013-07-03,94608.32618778903,24529.182137849464,93.24242801822768,1.0,2013
2013-07-04,95087.59226780273,24529.182137849464,93.24242801822768,1.0,2013
2013-07-05,95047.49802375487,24529.182137849464,93.24242801822768,1.0,2013
2013-07-08,92953.27309046549,24529.182137849464,93.24242801822768,1.0,2013
2013-07-09,93122.04188517848,24529.182137849464,93.24242801822768,1.0,2013
2013-07-10,94846.09437923551,24529.182137849464,93.24242801822768,1.0,2013
2013-07-11,97261.07326490761,24529.182137849464,93.24242801822768,1.0,2013
2013-07-12,96054.51624635175,24529.182137849464,93.24242801822768,1.0,2013
2013-07-15,96820.03658038138,24529.182137849464,93.24242801822768,1.0,2013
2013-07-16,97362.70751144747,24529.182137849464,93.24242801822768,1.0,2013
2013-07-17,96473.17474815359,24529.182137849464,93.24242801822768,1.0,2013
2013-07-18,95672.22229147701,24529.182137849464,93.24242801822768,1.0,2013
2013-07-19,94239.08617283685,24529.182137849464,93.24242801822768,1.0,2013
2013-07-22,94724.87922281181,24529.182137849464,93.24242801822768,1.0,2013
2013-07-23,96139.36685584833,24529.182137849464,93.24242801822768,1.0,2013
2013-07-24,95923.97684712622,24529.182137849464,93.24242801822768,1.0,2013
2013-07-25,95699.26259560228,24529.182137849464,93.24242801822768,1.0,2013
2013-07-26,95430.7244029098,24529.182137849464,93.24242801822768,1.0,2013
2013-07-29,94162.6273818619,24529.182137849464,93.24242801822768,1.0,2013
2013-07-30,94673.59588740178,24529.182137849464,93.24242801822768,1.0,2013
2013-07-31,94474.05709144278,24529.182137849464,93.24242801822768,1.0,2013
2013-08-01,95759.87017381414,24529.182137849464,93.24242801822768,1.0,2013
2013-08-02,95755.20805241323,24529.182137849464,93.24242801822768,1.0,2013
2013-08-05,96573.87657041327,24529.182137849464,93.24242801822768,1.0,2013
2013-08-06,97116.54750147935,24529.182137849464,93.24242801822768,1.0,2013
2013-08-07,96620.49778442238,24529.182137849464,93.24242801822768,1.0,2013
2013-08-08,96583.2008132151,24529.182137849464,93.24242801822768,1.0,2013
2013-08-09,96566.41717617182,24529.182137849464,93.24242801822768,1.0,2013
2013-08-12,98101.18754135183,24529.182137849464,93.24242801822768,1.0,2013
2013-08-13,98343.61785419923,24529.182137849464,93.24242801822768,1.0,2013
2013-08-14,98077.87693434728,24529.182137849464,93.24242801822768,1.0,2013
2013-08-15,97545.46267036321,24529.182137849464,93.24242801822768,1.0,2013
2013-08-16,96880.64415859323,24529.182137849464,93.24242801822768,1.0,2013
2013-08-19,97538.00327612174,24529.182137849464,93.24242801822768,1.0,2013
2013-08-20,97250.8165978256,24529.182137849464,93.24242801822768,1.0,2013
2013-08-21,97288.1135690329,24529.182137849464,93.24242801822768,1.0,2013
2013-08-22,97084.84507595316,24529.182137849464,93.24242801822768,1.0,2013
2013-08-23,96658.72717990985,24529.182137849464,93.24242801822768,1.0,2013
2013-08-26,98214.94330353408,24529.182137849464,93.24242801822768,1.0,2013
2013-08-27,98933.84242355461,24529.182137849464,93.24242801822768,1.0,2013
2013-08-28,98800.50575148854,24529.182137849464,93.24242801822768,1.0,2013
2013-08-29,99073.70606558195,24529.182137849464,93.24242801822768,1.0,2013
2013-08-30,99533.39123571181,99533.39123571181,0.0,0.0,2013
2013-09-02,99533.39123571181,99533.39123571181,0.0,0.0,2013
2013-09-03,99533.39123571181,99533.39123571181,0.0,0.0,2013
2013-09-04,99533.39123571181,99533.39123571181,0.0,0.0,2013
2013-09-05,99533.39123571181,99533.39123571181,0.0,0.0,2013
2013-09-06,99533.39123571181,99533.39123571181,0.0,0.0,2013
2013-09-09,99533.39123571181,99533.39123571181,0.0,0.0,2013
2013-09-10,99533.39123571181,99533.39123571181,0.0,0.0,2013
2013-09-11,99533.39123571181,99533.39123571181,0.0,0.0,2013
2013-09-12,99533.39123571181,99533.39123571181,0.0,0.0,2013
2013-09-13,99533.39123571181,99533.39123571181,0.0,0.0,2013
2013-09-16,99533.39123571181,99533.39123571181,0.0,0.0,2013
2013-09-17,99533.39123571181,99533.39123571181,0.0,0.0,2013
2013-09-18,99533.39123571181,99533.39123571181,0.0,0.0,2013
2013-09-23,99533.39123571181,99533.39123571181,0.0,0.0,2013
2013-09-24,99533.39123571181,99533.39123571181,0.0,0.0,2013
2013-09-25,99533.39123571181,99533.39123571181,0.0,0.0,2013
2013-09-26,99533.39123571181,99533.39123571181,0.0,0.0,2013
2013-09-27,99533.39123571181,99533.39123571181,0.0,0.0,2013
2013-09-30,99533.39123571181,99533.39123571181,0.0,0.0,2013
2013-10-08,99533.39123571181,99533.39123571181,0.0,0.0,2013
2013-10-09,99533.39123571181,99533.39123571181,0.0,0.0,2013
2013-10-10,99533.39123571181,99533.39123571181,0.0,0.0,2013
2013-10-11,99533.39123571181,99533.39123571181,0.0,0.0,2013
2013-10-14,99533.39123571181,99533.39123571181,0.0,0.0,2013
2013-10-15,99533.39123571181,99533.39123571181,0.0,0.0,2013
2013-10-16,99533.39123571181,99533.39123571181,0.0,0.0,2013
2013-10-17,99533.39123571181,99533.39123571181,0.0,0.0,2013
2013-10-18,99533.39123571181,99533.39123571181,0.0,0.0,2013
2013-10-21,99533.39123571181,99533.39123571181,0.0,0.0,2013
2013-10-22,99533.39123571181,99533.39123571181,0.0,0.0,2013
2013-10-23,99533.39123571181,99533.39123571181,0.0,0.0,2013
2013-10-24,99533.39123571181,99533.39123571181,0.0,0.0,2013
2013-10-25,99533.39123571181,99533.39123571181,0.0,0.0,2013
2013-10-28,99533.39123571181,99533.39123571181,0.0,0.0,2013
2013-10-29,99533.39123571181,99533.39123571181,0.0,0.0,2013
2013-10-30,99533.39123571181,99533.39123571181,0.0,0.0,2013
2013-10-31,99533.39123571181,99533.39123571181,0.0,0.0,2013
2013-11-01,99533.39123571181,99533.39123571181,0.0,0.0,2013
2013-11-04,99533.39123571181,99533.39123571181,0.0,0.0,2013
2013-11-05,99533.39123571181,99533.39123571181,0.0,0.0,2013
2013-11-06,99533.39123571181,99533.39123571181,0.0,0.0,2013
2013-11-07,99533.39123571181,99533.39123571181,0.0,0.0,2013
2013-11-08,99533.39123571181,99533.39123571181,0.0,0.0,2013
2013-11-11,99533.39123571181,99533.39123571181,0.0,0.0,2013
2013-11-12,99533.39123571181,99533.39123571181,0.0,0.0,2013
2013-11-13,99533.39123571181,99533.39123571181,0.0,0.0,2013
2013-11-14,99533.39123571181,99533.39123571181,0.0,0.0,2013
2013-11-15,99533.39123571181,99533.39123571181,0.0,0.0,2013
2013-11-18,99533.39123571181,99533.39123571181,0.0,0.0,2013
2013-11-19,99533.39123571181,99533.39123571181,0.0,0.0,2013
2013-11-20,99533.39123571181,99533.39123571181,0.0,0.0,2013
2013-11-21,99533.39123571181,99533.39123571181,0.0,0.0,2013
2013-11-22,99533.39123571181,99533.39123571181,0.0,0.0,2013
2013-11-25,99533.39123571181,99533.39123571181,0.0,0.0,2013
2013-11-26,99533.39123571181,99533.39123571181,0.0,0.0,2013
2013-11-27,99533.39123571181,99533.39123571181,0.0,0.0,2013
2013-11-28,99533.39123571181,99533.39123571181,0.0,0.0,2013
2013-11-29,99533.39123571181,99533.39123571181,0.0,0.0,2013
2013-12-02,99533.39123571181,99533.39123571181,0.0,0.0,2013
2013-12-03,99533.39123571181,99533.39123571181,0.0,0.0,2013
2013-12-04,99533.39123571181,99533.39123571181,0.0,0.0,2013
2013-12-05,99533.39123571181,99533.39123571181,0.0,0.0,2013
2013-12-06,99533.39123571181,99533.39123571181,0.0,0.0,2013
2013-12-09,99533.39123571181,99533.39123571181,0.0,0.0,2013
2013-12-10,99533.39123571181,99533.39123571181,0.0,0.0,2013
2013-12-11,99533.39123571181,99533.39123571181,0.0,0.0,2013
2013-12-12,99533.39123571181,99533.39123571181,0.0,0.0,2013
2013-12-13,99533.39123571181,99533.39123571181,0.0,0.0,2013
2013-12-16,99533.39123571181,99533.39123571181,0.0,0.0,2013
2013-12-17,99533.39123571181,99533.39123571181,0.0,0.0,2013
2013-12-18,99533.39123571181,99533.39123571181,0.0,0.0,2013
2013-12-19,99533.39123571181,99533.39123571181,0.0,0.0,2013
2013-12-20,99533.39123571181,99533.39123571181,0.0,0.0,2013
2013-12-23,99533.39123571181,99533.39123571181,0.0,0.0,2013
2013-12-24,99533.39123571181,99533.39123571181,0.0,0.0,2013
2013-12-25,99533.39123571181,99533.39123571181,0.0,0.0,2013
2013-12-26,99533.39123571181,99533.39123571181,0.0,0.0,2013
2013-12-27,99533.39123571181,99533.39123571181,0.0,0.0,2013
2013-12-30,99533.39123571181,99533.39123571181,0.0,0.0,2013
2013-12-31,99533.39123571181,99533.39123571181,0.0,0.0,2013
2014-01-02,99533.39123571181,99533.39123571181,0.0,0.0,2014
2014-01-03,99533.39123571181,99533.39123571181,0.0,0.0,2014
2014-01-06,99533.39123571181,49766.695617855905,60.35618897320467,0.5,2014
2014-01-07,99514.07725524038,49766.695617855905,60.35618897320467,0.5,2014
2014-01-08,99400.60761997076,24883.347808927952,90.61501770662468,1.0,2014
2014-01-09,98857.82366390809,24883.347808927952,90.61501770662468,1.0,2014
2014-01-10,98144.68347455695,24883.347808927952,90.61501770662468,1.0,2014
2014-01-13,98195.42788447265,24883.347808927952,90.61501770662468,1.0,2014
2014-01-14,99025.46144666534,24883.347808927952,90.61501770662468,1.0,2014
2014-01-15,98751.80409319133,24883.347808927952,90.61501770662468,1.0,2014
2014-01-16,99049.92750144613,24883.347808927952,90.61501770662468,1.0,2014
2014-01-17,98089.4083137559,24883.347808927952,90.61501770662468,1.0,2014
2014-01-20,97940.79968471704,24883.347808927952,90.61501770662468,1.0,2014
2014-01-21,98441.90073263468,24883.347808927952,90.61501770662468,1.0,2014
2014-01-22,99997.76058665742,24883.347808927952,90.61501770662468,1.0,2014
2014-01-23,99719.57248229808,24883.347808927952,90.61501770662468,1.0,2014
2014-01-24,100020.41434108408,24883.347808927952,90.61501770662468,1.0,2014
2014-01-27,99667.01577202823,24883.347808927952,90.61501770662468,1.0,2014
2014-01-28,99793.87679681752,24883.347808927952,90.61501770662468,1.0,2014
2014-01-29,100283.1978924333,24883.347808927952,90.61501770662468,1.0,2014
2014-01-30,99597.24220839413,24883.347808927952,90.61501770662468,1.0,2014
2014-02-07,100063.90954958324,24883.347808927952,90.61501770662468,1.0,2014
2014-02-10,101548.18353961776,24883.347808927952,90.61501770662468,1.0,2014
2014-02-11,102203.33011763667,24883.347808927952,90.61501770662468,1.0,2014
2014-02-12,102627.40840050367,24883.347808927952,90.61501770662468,1.0,2014
2014-02-13,102272.1975310937,24883.347808927952,90.61501770662468,1.0,2014
2014-02-14,103245.40282126285,24883.347808927952,90.61501770662468,1.0,2014
2014-02-17,103996.60131805077,24883.347808927952,90.61501770662468,1.0,2014
2014-02-18,103499.1248708414,24883.347808927952,90.61501770662468,1.0,2014
2014-02-19,104349.09373692954,24883.347808927952,90.61501770662468,1.0,2014
2014-02-20,103920.48470317721,103920.48470317721,0.0,0.0,2014
2014-02-21,103920.48470317721,103920.48470317721,0.0,0.0,2014
2014-02-24,103920.48470317721,103920.48470317721,0.0,0.0,2014
2014-02-25,103920.48470317721,103920.48470317721,0.0,0.0,2014
2014-02-26,103920.48470317721,103920.48470317721,0.0,0.0,2014
2014-02-27,103920.48470317721,103920.48470317721,0.0,0.0,2014
2014-02-28,103920.48470317721,103920.48470317721,0.0,0.0,2014
2014-03-03,103920.48470317721,103920.48470317721,0.0,0.0,2014
2014-03-04,103920.48470317721,103920.48470317721,0.0,0.0,2014
2014-03-05,103920.48470317721,103920.48470317721,0.0,0.0,2014
2014-03-06,103920.48470317721,103920.48470317721,0.0,0.0,2014
2014-03-07,103920.48470317721,103920.48470317721,0.0,0.0,2014
2014-03-10,103920.48470317721,51960.242351588604,63.71815315289171,0.5,2014
2014-03-11,104103.355802726,51960.242351588604,63.71815315289171,0.5,2014
2014-03-12,104009.69011759126,51960.242351588604,63.71815315289171,0.5,2014
2014-03-13,104989.67531308273,51960.242351588604,63.71815315289171,0.5,2014
2014-03-14,104665.3499135345,51960.242351588604,63.71815315289171,0.5,2014
2014-03-17,105213.32603064938,51960.242351588604,63.71815315289171,0.5,2014
2014-03-18,105418.4984838017,51960.242351588604,63.71815315289171,0.5,2014
2014-03-19,105256.65437479335,51960.242351588604,63.71815315289171,0.5,2014
2014-03-20,104272.20890858117,51960.242351588604,63.71815315289171,0.5,2014
2014-03-21,105609.65294326036,51960.242351588604,63.71815315289171,0.5,2014
2014-03-24,106183.1163216364,51960.242351588604,63.71815315289171,0.5,2014
2014-03-25,106151.25724505994,51960.242351588604,63.71815315289171,0.5,2014
2014-03-26,105884.27818334932,51960.242351588604,63.71815315289171,0.5,2014
2014-03-27,105503.24362749503,51960.242351588604,63.71815315289171,0.5,2014
2014-03-28,105179.55540947834,51960.242351588604,63.71815315289171,0.5,2014
2014-03-31,104945.0726058757,51960.242351588604,63.71815315289171,0.5,2014
2014-04-01,105477.75636623388,51960.242351588604,63.71815315289171,0.5,2014
2014-04-02,105737.08924956614,51960.242351588604,63.71815315289171,0.5,2014
2014-04-03,105330.5674324507,51960.242351588604,63.71815315289171,0.5,2014
2014-04-04,105693.12372389066,51960.242351588604,63.71815315289171,0.5,2014
2014-04-08,106580.08041577891,51960.242351588604,63.71815315289171,0.5,2014
2014-04-09,106667.37428559837,51960.242351588604,63.71815315289171,0.5,2014
2014-04-10,107323.67126307315,51960.242351588604,63.71815315289171,0.5,2014
2014-04-11,107446.0101171267,51960.242351588604,63.71815315289171,0.5,2014
2014-04-14,107338.96361982985,51960.242351588604,63.71815315289171,0.5,2014
2014-04-15,106508.07890271614,51960.242351588604,63.71815315289171,0.5,2014
2014-04-16,106629.14339370663,51960.242351588604,63.71815315289171,0.5,2014
2014-04-17,106504.25581352696,51960.242351588604,63.71815315289171,0.5,2014
2014-04-18,106493.42372749097,51960.242351588604,63.71815315289171,0.5,2014
2014-04-21,105596.27213109826,51960.242351588604,63.71815315289171,0.5,2014
2014-04-22,105733.9033419085,51960.242351588604,63.71815315289171,0.5,2014
2014-04-23,105823.10875632256,51960.242351588604,63.71815315289171,0.5,2014
2014-04-24,105619.2106662333,51960.242351588604,63.71815315289171,0.5,2014
2014-04-25,104945.0726058757,51960.242351588604,63.71815315289171,0.5,2014
2014-04-28,104239.7126504732,51960.242351588604,63.71815315289171,0.5,2014
2014-04-29,104595.89712659786,51960.242351588604,63.71815315289171,0.5,2014
2014-04-30,104751.36942029091,51960.242351588604,63.71815315289171,0.5,2014
2014-05-05,104732.25397434505,51960.242351588604,63.71815315289171,0.5,2014
2014-05-06,104729.70524821893,51960.242351588604,63.71815315289171,0.5,2014
2014-05-07,104343.5732401124,51960.242351588604,63.71815315289171,0.5,2014
2014-05-08,104358.8655968691,51960.242351588604,63.71815315289171,0.5,2014
2014-05-09,104211.03948155438,51960.242351588604,63.71815315289171,0.5,2014
2014-05-12,105247.73383335193,51960.242351588604,63.71815315289171,0.5,2014
2014-05-13,105228.61838740608,51960.242351588604,63.71815315289171,0.5,2014
2014-05-14,105168.72332344235,51960.242351588604,63.71815315289171,0.5,2014
2014-05-15,104560.85214236376,51960.242351588604,63.71815315289171,0.5,2014
2014-05-16,104593.34840047173,25980.121175794302,95.16994204166609,1.0,2014
2014-05-19,103826.27866761593,25980.121175794302,95.16994204166609,1.0,2014
2014-05-20,103796.775985583,25980.121175794302,95.16994204166609,1.0,2014
2014-05-21,104432.51119842133,25980.121175794302,95.16994204166609,1.0,2014
2014-05-22,104383.02282855965,25980.121175794302,95.16994204166609,1.0,2014
2014-05-23,104683.75984541132,25980.121175794302,95.16994204166609,1.0,2014
2014-05-26,105054.92261937383,25980.121175794302,95.16994204166609,1.0,2014
2014-05-27,104747.52370657923,25980.121175794302,95.16994204166609,1.0,2014
2014-05-28,105277.62028375131,25980.121175794302,95.16994204166609,1.0,2014
2014-05-29,104910.2643074705,25980.121175794302,95.16994204166609,1.0,2014
2014-05-30,104763.70259672633,25980.121175794302,95.16994204166609,1.0,2014
2014-06-03,104560.99062017759,25980.121175794302,95.16994204166609,1.0,2014
2014-06-04,103795.82428616259,25980.121175794302,95.16994204166609,1.0,2014
2014-06-05,104547.66682829175,25980.121175794302,95.16994204166609,1.0,2014
2014-06-06,104024.23214706258,25980.121175794302,95.16994204166609,1.0,2014
2014-06-09,103847.21605486507,25980.121175794302,95.16994204166609,1.0,2014
2014-06-10,104622.85108250467,25980.121175794302,95.16994204166609,1.0,2014
2014-06-11,104738.00671237506,25980.121175794302,95.16994204166609,1.0,2014
2014-06-12,104362.08544131048,25980.121175794302,95.16994204166609,1.0,2014
2014-06-13,104979.73836516091,25980.121175794302,95.16994204166609,1.0,2014
2014-06-16,105554.56481509257,25980.121175794302,95.16994204166609,1.0,2014
2014-06-17,104873.14803007426,25980.121175794302,95.16994204166609,1.0,2014
2014-06-18,104326.87256275507,25980.121175794302,95.16994204166609,1.0,2014
2014-06-19,103298.08548928465,25980.121175794302,95.16994204166609,1.0,2014
2014-06-20,103595.96740787508,25980.121175794302,95.16994204166609,1.0,2014
2014-06-23,103346.6221597259,25980.121175794302,95.16994204166609,1.0,2014
2014-06-24,103730.15702615384,25980.121175794302,95.16994204166609,1.0,2014
2014-06-25,103469.39138495966,25980.121175794302,95.16994204166609,1.0,2014
2014-06-26,103936.67580038426,25980.121175794302,95.16994204166609,1.0,2014
2014-06-27,103908.12481777175,25980.121175794302,95.16994204166609,1.0,2014
2014-06-30,104492.46826190758,25980.121175794302,95.16994204166609,1.0,2014
2014-07-01,104336.38955695924,25980.121175794302,95.16994204166609,1.0,2014
2014-07-02,104687.56664309299,25980.121175794302,95.16994204166609,1.0,2014
2014-07-03,105050.16412227173,25980.121175794302,95.16994204166609,1.0,2014
2014-07-04,105031.1301338634,25980.121175794302,95.16994204166609,1.0,2014
2014-07-07,105063.48791415757,25980.121175794302,95.16994204166609,1.0,2014
2014-07-08,105464.15337015298,25980.121175794302,95.16994204166609,1.0,2014
2014-07-09,104492.46826190758,25980.121175794302,95.16994204166609,1.0,2014
2014-07-10,104489.61316364634,25980.121175794302,95.16994204166609,1.0,2014
2014-07-11,104650.45036569674,25980.121175794302,95.16994204166609,1.0,2014
2014-07-14,105552.66141625174,25980.121175794302,95.16994204166609,1.0,2014
2014-07-15,105700.1748264163,25980.121175794302,95.16994204166609,1.0,2014
2014-07-16,106234.07820127005,25980.121175794302,95.16994204166609,1.0,2014
2014-07-17,105797.24816729882,25980.121175794302,95.16994204166609,1.0,2014
2014-07-18,106116.06747313839,25980.121175794302,95.16994204166609,1.0,2014
2014-07-21,106244.54689489465,25980.121175794302,95.16994204166609,1.0,2014
2014-07-22,107026.84381847715,25980.121175794302,95.16994204166609,1.0,2014
2014-07-23,107091.55937906547,107091.55937906547,0.0,0.0,2014
2014-07-24,107091.55937906547,107091.55937906547,0.0,0.0,2014
2014-07-25,107091.55937906547,107091.55937906547,0.0,0.0,2014
2014-07-28,107091.55937906547,107091.55937906547,0.0,0.0,2014
2014-07-29,107091.55937906547,107091.55937906547,0.0,0.0,2014
2014-07-30,107091.55937906547,107091.55937906547,0.0,0.0,2014
2014-07-31,107091.55937906547,107091.55937906547,0.0,0.0,2014
2014-08-01,107091.55937906547,107091.55937906547,0.0,0.0,2014
2014-08-04,107091.55937906547,107091.55937906547,0.0,0.0,2014
2014-08-05,107091.55937906547,107091.55937906547,0.0,0.0,2014
2014-08-06,107091.55937906547,107091.55937906547,0.0,0.0,2014
2014-08-07,107091.55937906547,107091.55937906547,0.0,0.0,2014
2014-08-08,107091.55937906547,107091.55937906547,0.0,0.0,2014
2014-08-11,107091.55937906547,107091.55937906547,0.0,0.0,2014
2014-08-12,107091.55937906547,107091.55937906547,0.0,0.0,2014
2014-08-13,107091.55937906547,107091.55937906547,0.0,0.0,2014
2014-08-14,107091.55937906547,107091.55937906547,0.0,0.0,2014
2014-08-15,107091.55937906547,107091.55937906547,0.0,0.0,2014
2014-08-18,107091.55937906547,107091.55937906547,0.0,0.0,2014
2014-08-19,107091.55937906547,107091.55937906547,0.0,0.0,2014
2014-08-20,107091.55937906547,107091.55937906547,0.0,0.0,2014
2014-08-21,107091.55937906547,107091.55937906547,0.0,0.0,2014
2014-08-22,107091.55937906547,107091.55937906547,0.0,0.0,2014
2014-08-25,107091.55937906547,107091.55937906547,0.0,0.0,2014
2014-08-26,107091.55937906547,107091.55937906547,0.0,0.0,2014
2014-08-27,107091.55937906547,107091.55937906547,0.0,0.0,2014
2014-08-28,107091.55937906547,107091.55937906547,0.0,0.0,2014
2014-08-29,107091.55937906547,107091.55937906547,0.0,0.0,2014
2014-09-01,107091.55937906547,107091.55937906547,0.0,0.0,2014
2014-09-02,107091.55937906547,107091.55937906547,0.0,0.0,2014
2014-09-03,107091.55937906547,107091.55937906547,0.0,0.0,2014
2014-09-04,107091.55937906547,107091.55937906547,0.0,0.0,2014
2014-09-05,107091.55937906547,107091.55937906547,0.0,0.0,2014
2014-09-09,107091.55937906547,107091.55937906547,0.0,0.0,2014
2014-09-10,107091.55937906547,107091.55937906547,0.0,0.0,2014
2014-09-11,107091.55937906547,107091.55937906547,0.0,0.0,2014
2014-09-12,107091.55937906547,107091.55937906547,0.0,0.0,2014
2014-09-15,107091.55937906547,107091.55937906547,0.0,0.0,2014
2014-09-16,107091.55937906547,107091.55937906547,0.0,0.0,2014
2014-09-17,107091.55937906547,107091.55937906547,0.0,0.0,2014
2014-09-18,107091.55937906547,107091.55937906547,0.0,0.0,2014
2014-09-19,107091.55937906547,107091.55937906547,0.0,0.0,2014
2014-09-22,107091.55937906547,107091.55937906547,0.0,0.0,2014
2014-09-23,107091.55937906547,107091.55937906547,0.0,0.0,2014
2014-09-24,107091.55937906547,107091.55937906547,0.0,0.0,2014
2014-09-25,107091.55937906547,107091.55937906547,0.0,0.0,2014
2014-09-26,107091.55937906547,107091.55937906547,0.0,0.0,2014
2014-09-29,107091.55937906547,107091.55937906547,0.0,0.0,2014
2014-09-30,107091.55937906547,107091.55937906547,0.0,0.0,2014
2014-10-08,107091.55937906547,107091.55937906547,0.0,0.0,2014
2014-10-09,107091.55937906547,107091.55937906547,0.0,0.0,2014
2014-10-10,107091.55937906547,107091.55937906547,0.0,0.0,2014
2014-10-13,107091.55937906547,107091.55937906547,0.0,0.0,2014
2014-10-14,107091.55937906547,107091.55937906547,0.0,0.0,2014
2014-10-15,107091.55937906547,107091.55937906547,0.0,0.0,2014
2014-10-16,107091.55937906547,107091.55937906547,0.0,0.0,2014
2014-10-17,107091.55937906547,107091.55937906547,0.0,0.0,2014
2014-10-20,107091.55937906547,107091.55937906547,0.0,0.0,2014
2014-10-21,107091.55937906547,107091.55937906547,0.0,0.0,2014
2014-10-22,107091.55937906547,107091.55937906547,0.0,0.0,2014
2014-10-23,107091.55937906547,107091.55937906547,0.0,0.0,2014
2014-10-24,107091.55937906547,107091.55937906547,0.0,0.0,2014
2014-10-27,107091.55937906547,107091.55937906547,0.0,0.0,2014
2014-10-28,107091.55937906547,107091.55937906547,0.0,0.0,2014
2014-10-29,107091.55937906547,107091.55937906547,0.0,0.0,2014
2014-10-30,107091.55937906547,107091.55937906547,0.0,0.0,2014
2014-10-31,107091.55937906547,107091.55937906547,0.0,0.0,2014
2014-11-03,107091.55937906547,107091.55937906547,0.0,0.0,2014
2014-11-04,107091.55937906547,107091.55937906547,0.0,0.0,2014
2014-11-05,107091.55937906547,107091.55937906547,0.0,0.0,2014
2014-11-06,107091.55937906547,107091.55937906547,0.0,0.0,2014
2014-11-07,107091.55937906547,107091.55937906547,0.0,0.0,2014
2014-11-10,107091.55937906547,107091.55937906547,0.0,0.0,2014
2014-11-11,107091.55937906547,107091.55937906547,0.0,0.0,2014
2014-11-12,107091.55937906547,107091.55937906547,0.0,0.0,2014
2014-11-13,107091.55937906547,107091.55937906547,0.0,0.0,2014
2014-11-14,107091.55937906547,107091.55937906547,0.0,0.0,2014
2014-11-17,107091.55937906547,107091.55937906547,0.0,0.0,2014
2014-11-18,107091.55937906547,107091.55937906547,0.0,0.0,2014
2014-11-19,107091.55937906547,107091.55937906547,0.0,0.0,2014
2014-11-20,107091.55937906547,107091.55937906547,0.0,0.0,2014
2014-11-21,107091.55937906547,107091.55937906547,0.0,0.0,2014
2014-11-24,107091.55937906547,107091.55937906547,0.0,0.0,2014
2014-11-25,107091.55937906547,107091.55937906547,0.0,0.0,2014
2014-11-26,107091.55937906547,107091.55937906547,0.0,0.0,2014
2014-11-27,107091.55937906547,107091.55937906547,0.0,0.0,2014
2014-11-28,107091.55937906547,107091.55937906547,0.0,0.0,2014
2014-12-01,107091.55937906547,107091.55937906547,0.0,0.0,2014
2014-12-02,107091.55937906547,107091.55937906547,0.0,0.0,2014
2014-12-03,107091.55937906547,107091.55937906547,0.0,0.0,2014
2014-12-04,107091.55937906547,107091.55937906547,0.0,0.0,2014
2014-12-05,107091.55937906547,107091.55937906547,0.0,0.0,2014
2014-12-08,107091.55937906547,107091.55937906547,0.0,0.0,2014
2014-12-09,107091.55937906547,107091.55937906547,0.0,0.0,2014
2014-12-10,107091.55937906547,107091.55937906547,0.0,0.0,2014
2014-12-11,107091.55937906547,107091.55937906547,0.0,0.0,2014
2014-12-12,107091.55937906547,107091.55937906547,0.0,0.0,2014
2014-12-15,107091.55937906547,107091.55937906547,0.0,0.0,2014
2014-12-16,107091.55937906547,107091.55937906547,0.0,0.0,2014
2014-12-17,107091.55937906547,107091.55937906547,0.0,0.0,2014
2014-12-18,107091.55937906547,107091.55937906547,0.0,0.0,2014
2014-12-19,107091.55937906547,107091.55937906547,0.0,0.0,2014
2014-12-22,107091.55937906547,107091.55937906547,0.0,0.0,2014
2014-12-23,107091.55937906547,107091.55937906547,0.0,0.0,2014
2014-12-24,107091.55937906547,107091.55937906547,0.0,0.0,2014
2014-12-25,107091.55937906547,107091.55937906547,0.0,0.0,2014
2014-12-26,107091.55937906547,107091.55937906547,0.0,0.0,2014
2014-12-29,107091.55937906547,107091.55937906547,0.0,0.0,2014
2014-12-30,107091.55937906547,107091.55937906547,0.0,0.0,2014
2014-12-31,107091.55937906547,107091.55937906547,0.0,0.0,2014
2015-01-05,107091.55937906547,107091.55937906547,0.0,0.0,2015
2015-01-06,107091.55937906547,107091.55937906547,0.0,0.0,2015
2015-01-07,107091.55937906547,107091.55937906547,0.0,0.0,2015
2015-01-08,107091.55937906547,107091.55937906547,0.0,0.0,2015
2015-01-09,107091.55937906547,107091.55937906547,0.0,0.0,2015
2015-01-12,107091.55937906547,107091.55937906547,0.0,0.0,2015
2015-01-13,107091.55937906547,107091.55937906547,0.0,0.0,2015
2015-01-14,107091.55937906547,107091.55937906547,0.0,0.0,2015
2015-01-15,107091.55937906547,107091.55937906547,0.0,0.0,2015
2015-01-16,107091.55937906547,107091.55937906547,0.0,0.0,2015
2015-01-19,107091.55937906547,107091.55937906547,0.0,0.0,2015
2015-01-20,107091.55937906547,107091.55937906547,0.0,0.0,2015
2015-01-21,107091.55937906547,107091.55937906547,0.0,0.0,2015
2015-01-22,107091.55937906547,107091.55937906547,0.0,0.0,2015
2015-01-23,107091.55937906547,107091.55937906547,0.0,0.0,2015
2015-01-26,107091.55937906547,107091.55937906547,0.0,0.0,2015
2015-01-27,107091.55937906547,107091.55937906547,0.0,0.0,2015
2015-01-28,107091.55937906547,107091.55937906547,0.0,0.0,2015
2015-01-29,107091.55937906547,107091.55937906547,0.0,0.0,2015
2015-01-30,107091.55937906547,107091.55937906547,0.0,0.0,2015
2015-02-02,107091.55937906547,107091.55937906547,0.0,0.0,2015
2015-02-03,107091.55937906547,107091.55937906547,0.0,0.0,2015
2015-02-04,107091.55937906547,107091.55937906547,0.0,0.0,2015
2015-02-05,107091.55937906547,107091.55937906547,0.0,0.0,2015
2015-02-06,107091.55937906547,107091.55937906547,0.0,0.0,2015
2015-02-09,107091.55937906547,107091.55937906547,0.0,0.0,2015
2015-02-10,107091.55937906547,107091.55937906547,0.0,0.0,2015
2015-02-11,107091.55937906547,107091.55937906547,0.0,0.0,2015
2015-02-12,107091.55937906547,107091.55937906547,0.0,0.0,2015
2015-02-13,107091.55937906547,107091.55937906547,0.0,0.0,2015
2015-02-16,107091.55937906547,107091.55937906547,0.0,0.0,2015
2015-02-17,107091.55937906547,107091.55937906547,0.0,0.0,2015
2015-02-25,107091.55937906547,107091.55937906547,0.0,0.0,2015
2015-02-26,107091.55937906547,107091.55937906547,0.0,0.0,2015
2015-02-27,107091.55937906547,107091.55937906547,0.0,0.0,2015
2015-03-02,107091.55937906547,107091.55937906547,0.0,0.0,2015
2015-03-03,107091.55937906547,107091.55937906547,0.0,0.0,2015
2015-03-04,107091.55937906547,107091.55937906547,0.0,0.0,2015
2015-03-05,107091.55937906547,107091.55937906547,0.0,0.0,2015
2015-03-06,107091.55937906547,107091.55937906547,0.0,0.0,2015
2015-03-09,107091.55937906547,107091.55937906547,0.0,0.0,2015
2015-03-10,107091.55937906547,107091.55937906547,0.0,0.0,2015
2015-03-11,107091.55937906547,107091.55937906547,0.0,0.0,2015
2015-03-12,107091.55937906547,107091.55937906547,0.0,0.0,2015
2015-03-13,107091.55937906547,107091.55937906547,0.0,0.0,2015
2015-03-16,107091.55937906547,107091.55937906547,0.0,0.0,2015
2015-03-17,107091.55937906547,107091.55937906547,0.0,0.0,2015
2015-03-18,107091.55937906547,107091.55937906547,0.0,0.0,2015
2015-03-19,107091.55937906547,107091.55937906547,0.0,0.0,2015
2015-03-20,107091.55937906547,107091.55937906547,0.0,0.0,2015
2015-03-23,107091.55937906547,107091.55937906547,0.0,0.0,2015
2015-03-24,107091.55937906547,107091.55937906547,0.0,0.0,2015
2015-03-25,107091.55937906547,107091.55937906547,0.0,0.0,2015
2015-03-26,107091.55937906547,107091.55937906547,0.0,0.0,2015
2015-03-27,107091.55937906547,107091.55937906547,0.0,0.0,2015
2015-03-30,107091.55937906547,107091.55937906547,0.0,0.0,2015
2015-03-31,107091.55937906547,107091.55937906547,0.0,0.0,2015
2015-04-01,107091.55937906547,107091.55937906547,0.0,0.0,2015
2015-04-02,107091.55937906547,107091.55937906547,0.0,0.0,2015
2015-04-03,107091.55937906547,107091.55937906547,0.0,0.0,2015
2015-04-07,107091.55937906547,107091.55937906547,0.0,0.0,2015
2015-04-08,107091.55937906547,107091.55937906547,0.0,0.0,2015
2015-04-09,107091.55937906547,107091.55937906547,0.0,0.0,2015
2015-04-10,107091.55937906547,107091.55937906547,0.0,0.0,2015
2015-04-13,107091.55937906547,107091.55937906547,0.0,0.0,2015
2015-04-14,107091.55937906547,107091.55937906547,0.0,0.0,2015
2015-04-15,107091.55937906547,107091.55937906547,0.0,0.0,2015
2015-04-16,107091.55937906547,107091.55937906547,0.0,0.0,2015
2015-04-17,107091.55937906547,107091.55937906547,0.0,0.0,2015
2015-04-20,107091.55937906547,107091.55937906547,0.0,0.0,2015
2015-04-21,107091.55937906547,107091.55937906547,0.0,0.0,2015
2015-04-22,107091.55937906547,107091.55937906547,0.0,0.0,2015
2015-04-23,107091.55937906547,107091.55937906547,0.0,0.0,2015
2015-04-24,107091.55937906547,107091.55937906547,0.0,0.0,2015
2015-04-27,107091.55937906547,107091.55937906547,0.0,0.0,2015
2015-04-28,107091.55937906547,107091.55937906547,0.0,0.0,2015
2015-04-29,107091.55937906547,107091.55937906547,0.0,0.0,2015
2015-04-30,107091.55937906547,107091.55937906547,0.0,0.0,2015
2015-05-04,107091.55937906547,107091.55937906547,0.0,0.0,2015
2015-05-05,107091.55937906547,107091.55937906547,0.0,0.0,2015
2015-05-06,107091.55937906547,107091.55937906547,0.0,0.0,2015
2015-05-07,107091.55937906547,107091.55937906547,0.0,0.0,2015
2015-05-08,107091.55937906547,107091.55937906547,0.0,0.0,2015
2015-05-11,107091.55937906547,107091.55937906547,0.0,0.0,2015
2015-05-12,107091.55937906547,107091.55937906547,0.0,0.0,2015
2015-05-13,107091.55937906547,107091.55937906547,0.0,0.0,2015
2015-05-14,107091.55937906547,107091.55937906547,0.0,0.0,2015
2015-05-15,107091.55937906547,107091.55937906547,0.0,0.0,2015
2015-05-18,107091.55937906547,107091.55937906547,0.0,0.0,2015
2015-05-19,107091.55937906547,107091.55937906547,0.0,0.0,2015
2015-05-20,107091.55937906547,107091.55937906547,0.0,0.0,2015
2015-05-21,107091.55937906547,107091.55937906547,0.0,0.0,2015
2015-05-22,107091.55937906547,107091.55937906547,0.0,0.0,2015
2015-05-25,107091.55937906547,107091.55937906547,0.0,0.0,2015
2015-05-26,107091.55937906547,107091.55937906547,0.0,0.0,2015
2015-05-27,107091.55937906547,107091.55937906547,0.0,0.0,2015
2015-05-28,107091.55937906547,107091.55937906547,0.0,0.0,2015
2015-05-29,107091.55937906547,107091.55937906547,0.0,0.0,2015
2015-06-01,107091.55937906547,107091.55937906547,0.0,0.0,2015
2015-06-02,107091.55937906547,107091.55937906547,0.0,0.0,2015
2015-06-03,107091.55937906547,107091.55937906547,0.0,0.0,2015
2015-06-04,107091.55937906547,107091.55937906547,0.0,0.0,2015
2015-06-05,107091.55937906547,107091.55937906547,0.0,0.0,2015
2015-06-08,107091.55937906547,107091.55937906547,0.0,0.0,2015
2015-06-09,107091.55937906547,107091.55937906547,0.0,0.0,2015
2015-06-10,107091.55937906547,107091.55937906547,0.0,0.0,2015
2015-06-11,107091.55937906547,107091.55937906547,0.0,0.0,2015
2015-06-12,107091.55937906547,107091.55937906547,0.0,0.0,2015
2015-06-15,107091.55937906547,107091.55937906547,0.0,0.0,2015
2015-06-16,107091.55937906547,107091.55937906547,0.0,0.0,2015
2015-06-17,107091.55937906547,107091.55937906547,0.0,0.0,2015
2015-06-18,107091.55937906547,107091.55937906547,0.0,0.0,2015
2015-06-19,107091.55937906547,107091.55937906547,0.0,0.0,2015
2015-06-23,107091.55937906547,107091.55937906547,0.0,0.0,2015
2015-06-24,107091.55937906547,107091.55937906547,0.0,0.0,2015
2015-06-25,107091.55937906547,107091.55937906547,0.0,0.0,2015
2015-06-26,107091.55937906547,107091.55937906547,0.0,0.0,2015
2015-06-29,107091.55937906547,107091.55937906547,0.0,0.0,2015
2015-06-30,107091.55937906547,107091.55937906547,0.0,0.0,2015
2015-07-01,107091.55937906547,107091.55937906547,0.0,0.0,2015
2015-07-02,107091.55937906547,107091.55937906547,0.0,0.0,2015
2015-07-03,107091.55937906547,107091.55937906547,0.0,0.0,2015
2015-07-06,107091.55937906547,107091.55937906547,0.0,0.0,2015
2015-07-07,107091.55937906547,0.0,61.134391735683074,1.0,2015
2015-07-08,100426.6879920413,0.0,61.134391735683074,1.0,2015
2015-07-09,107300.63899880151,0.0,61.134391735683074,1.0,2015
2015-07-10,112940.89798033563,0.0,61.134391735683074,1.0,2015
2015-07-13,116267.83157859149,0.0,61.134391735683074,1.0,2015
2015-07-14,113796.7794646352,0.0,61.134391735683074,1.0,2015
2015-07-15,109478.85737634389,0.0,61.134391735683074,1.0,2015
2015-07-16,110414.21356989983,0.0,61.134391735683074,1.0,2015
2015-07-17,113522.89738965934,0.0,61.134391735683074,1.0,2015
2015-07-20,113065.61213947642,0.0,61.134391735683074,1.0,2015
2015-07-21,113658.0043953952,0.0,61.134391735683074,1.0,2015
2015-07-22,113442.8113364856,0.0,61.134391735683074,1.0,2015
2015-07-23,115194.92300363026,0.0,61.134391735683074,1.0,2015
2015-07-24,113077.83901782356,0.0,61.134391735683074,1.0,2015
2015-07-27,103787.24550575181,0.0,61.134391735683074,1.0,2015
2015-07-28,104135.10019472784,0.0,61.134391735683074,1.0,2015
2015-07-29,107096.45013040432,0.0,61.134391735683074,1.0,2015
2015-07-30,104313.61261859603,0.0,61.134391735683074,1.0,2015
2015-07-31,104608.28038676201,0.0,61.134391735683074,1.0,2015
2015-08-03,106098.73685727798,0.0,61.134391735683074,1.0,2015
2015-08-04,108653.54308791217,0.0,61.134391735683074,1.0,2015
2015-08-05,106587.81199116344,0.0,61.134391735683074,1.0,2015
2015-08-06,105720.31497243409,0.0,61.134391735683074,1.0,2015
2015-08-07,107344.04441693383,0.0,61.134391735683074,1.0,2015
2015-08-10,111452.27554157174,0.0,61.134391735683074,1.0,2015
2015-08-11,111207.12663071165,0.0,61.134391735683074,1.0,2015
2015-08-12,110069.41560051059,0.0,61.134391735683074,1.0,2015
2015-08-13,111644.2375316218,0.0,61.134391735683074,1.0,2015
2015-08-14,112209.73065517686,0.0,61.134391735683074,1.0,2015
2015-08-17,113558.96668078339,0.0,61.134391735683074,1.0,2015
2015-08-18,106408.68822337789,0.0,61.134391735683074,1.0,2015
2015-08-19,107849.62583658795,0.0,61.134391735683074,1.0,2015
2015-08-20,104823.47344567164,0.0,61.134391735683074,1.0,2015
2015-08-21,100362.49688071884,0.0,61.134391735683074,1.0,2015
2015-08-24,91684.46997383863,0.0,61.134391735683074,1.0,2015
2015-08-25,85536.79554089834,0.0,61.134391735683074,1.0,2015
2015-08-26,86771.09891004176,0.0,61.134391735683074,1.0,2015
2015-08-27,91625.78095777237,0.0,61.134391735683074,1.0,2015
2015-08-28,95200.30884255776,0.0,61.134391735683074,1.0,2015
2015-08-31,94986.94981540022,0.0,61.134391735683074,1.0,2015
2015-09-01,94631.14765549854,0.0,61.134391735683074,1.0,2015
2015-09-02,95494.36526680639,0.0,61.134391735683074,1.0,2015
2015-09-07,92541.5741459729,0.0,61.134391735683074,1.0,2015
2015-09-08,95114.7206941278,0.0,61.134391735683074,1.0,2015
2015-09-09,96522.64573580057,0.0,61.134391735683074,1.0,2015
2015-09-10,95493.14257897167,0.0,61.134391735683074,1.0,2015
2015-09-11,95606.85254760005,0.0,61.134391735683074,1.0,2015
2015-09-14,93606.5352500085,0.0,61.134391735683074,1.0,2015
2015-09-15,91102.47056451492,0.0,61.134391735683074,1.0,2015
2015-09-16,94818.83023812709,0.0,61.134391735683074,1.0,2015
2015-09-17,92822.79234795703,0.0,61.134391735683074,1.0,2015
2015-09-18,92810.56546960991,0.0,61.134391735683074,1.0,2015
2015-09-21,93713.52043554594,0.0,61.134391735683074,1.0,2015
2015-09-22,94251.50308281995,0.0,61.134391735683074,1.0,2015
2015-09-23,92474.93765898101,0.0,61.134391735683074,1.0,2015
2015-09-24,92861.30701475052,0.0,61.134391735683074,1.0,2015
2015-09-25,91796.95725463227,0.0,61.134391735683074,1.0,2015
2015-09-28,91993.80999602117,0.0,61.134391735683074,1.0,2015
2015-09-29,90360.29904884372,0.0,61.134391735683074,1.0,2015
2015-09-30,90940.46442641536,0.0,61.134391735683074,1.0,2015
2015-10-08,93191.4327301232,0.0,61.134391735683074,1.0,2015
2015-10-09,94064.43184410877,0.0,61.134391735683074,1.0,2015
2015-10-12,96589.28222279248,0.0,61.134391735683074,1.0,2015
2015-10-13,96943.25035094208,0.0,61.134391735683074,1.0,2015
2015-10-14,95645.97855831089,0.0,61.134391735683074,1.0,2015
2015-10-15,97280.71219332305,0.0,61.134391735683074,1.0,2015
2015-10-16,98560.86635626825,0.0,61.134391735683074,1.0,2015
2015-10-19,98348.73001694544,0.0,61.134391735683074,1.0,2015
2015-10-20,99134.9182946663,0.0,61.134391735683074,1.0,2015
2015-10-21,96588.67087887511,0.0,61.134391735683074,1.0,2015
2015-10-22,97807.69065008464,0.0,61.134391735683074,1.0,2015
2015-10-23,99162.42877094737,0.0,61.134391735683074,1.0,2015
2015-10-26,99548.18678279953,0.0,61.134391735683074,1.0,2015
2015-10-27,99292.64502534438,0.0,61.134391735683074,1.0,2015
2015-10-28,98341.39388993714,0.0,61.134391735683074,1.0,2015
2015-10-29,98780.9501665167,0.0,61.134391735683074,1.0,2015
2015-10-30,98795.01107661592,0.0,61.134391735683074,1.0,2015
2015-11-02,97690.31261795214,0.0,61.134391735683074,1.0,2015
2015-11-03,97326.56298712481,0.0,61.134391735683074,1.0,2015
2015-11-04,101234.27330686968,0.0,61.134391735683074,1.0,2015
2015-11-05,102681.32435925328,0.0,61.134391735683074,1.0,2015
2015-11-06,104141.21363390141,104141.21363390141,0.0,0.0,2015
2015-11-09,104141.21363390141,104141.21363390141,0.0,0.0,2015
2015-11-10,104141.21363390141,104141.21363390141,0.0,0.0,2015
2015-11-11,104141.21363390141,104141.21363390141,0.0,0.0,2015
2015-11-12,104141.21363390141,104141.21363390141,0.0,0.0,2015
2015-11-13,104141.21363390141,104141.21363390141,0.0,0.0,2015
2015-11-16,104141.21363390141,104141.21363390141,0.0,0.0,2015
2015-11-17,104141.21363390141,104141.21363390141,0.0,0.0,2015
2015-11-18,104141.21363390141,104141.21363390141,0.0,0.0,2015
2015-11-19,104141.21363390141,104141.21363390141,0.0,0.0,2015
2015-11-20,104141.21363390141,104141.21363390141,0.0,0.0,2015
2015-11-23,104141.21363390141,104141.21363390141,0.0,0.0,2015
2015-11-24,104141.21363390141,104141.21363390141,0.0,0.0,2015
2015-11-25,104141.21363390141,104141.21363390141,0.0,0.0,2015
2015-11-26,104141.21363390141,104141.21363390141,0.0,0.0,2015
2015-11-27,104141.21363390141,104141.21363390141,0.0,0.0,2015
2015-11-30,104141.21363390141,104141.21363390141,0.0,0.0,2015
2015-12-01,104141.21363390141,104141.21363390141,0.0,0.0,2015
2015-12-02,104141.21363390141,104141.21363390141,0.0,0.0,2015
2015-12-03,104141.21363390141,104141.21363390141,0.0,0.0,2015
2015-12-04,104141.21363390141,104141.21363390141,0.0,0.0,2015
2015-12-07,104141.21363390141,104141.21363390141,0.0,0.0,2015
2015-12-08,104141.21363390141,104141.21363390141,0.0,0.0,2015
2015-12-09,104141.21363390141,104141.21363390141,0.0,0.0,2015
2015-12-10,104141.21363390141,104141.21363390141,0.0,0.0,2015
2015-12-11,104141.21363390141,104141.21363390141,0.0,0.0,2015
2015-12-14,104141.21363390141,104141.21363390141,0.0,0.0,2015
2015-12-15,104141.21363390141,104141.21363390141,0.0,0.0,2015
2015-12-16,104141.21363390141,104141.21363390141,0.0,0.0,2015
2015-12-17,104141.21363390141,104141.21363390141,0.0,0.0,2015
2015-12-18,104141.21363390141,104141.21363390141,0.0,0.0,2015
2015-12-21,104141.21363390141,104141.21363390141,0.0,0.0,2015
2015-12-22,104141.21363390141,104141.21363390141,0.0,0.0,2015
2015-12-23,104141.21363390141,104141.21363390141,0.0,0.0,2015
2015-12-24,104141.21363390141,104141.21363390141,0.0,0.0,2015
2015-12-25,104141.21363390141,104141.21363390141,0.0,0.0,2015
2015-12-28,104141.21363390141,104141.21363390141,0.0,0.0,2015
2015-12-29,104141.21363390141,104141.21363390141,0.0,0.0,2015
2015-12-30,104141.21363390141,104141.21363390141,0.0,0.0,2015
2015-12-31,104141.21363390141,104141.21363390141,0.0,0.0,2015
2016-01-04,104141.21363390141,52070.606816950705,31.87397885516436,0.5,2016
2016-01-05,104372.29998060135,52070.606816950705,31.87397885516436,0.5,2016
2016-01-06,105452.50912400287,52070.606816950705,31.87397885516436,0.5,2016
2016-01-07,102108.29126251902,52070.606816950705,31.87397885516436,0.5,2016
2016-01-08,103343.08920336809,52070.606816950705,31.87397885516436,0.5,2016
2016-01-11,100849.58783752858,52070.606816950705,31.87397885516436,0.5,2016
2016-01-12,100936.92253959173,52070.606816950705,31.87397885516436,0.5,2016
2016-01-13,100249.08207589728,52070.606816950705,31.87397885516436,0.5,2016
2016-01-14,101045.9315472764,52070.606816950705,31.87397885516436,0.5,2016
2016-01-15,99517.57426117126,52070.606816950705,31.87397885516436,0.5,2016
2016-01-18,99548.49202066078,26035.303408475353,49.35261563034838,1.0,2016
2016-01-19,101559.61110759748,26035.303408475353,49.35261563034838,1.0,2016
2016-01-20,100404.26637569102,26035.303408475353,49.35261563034838,1.0,2016
2016-01-21,98508.13888317303,26035.303408475353,49.35261563034838,1.0,2016
2016-01-22,99155.64520024322,26035.303408475353,49.35261563034838,1.0,2016
2016-01-25,99564.28485766248,26035.303408475353,49.35261563034838,1.0,2016
2016-01-26,95400.40467692999,26035.303408475353,49.35261563034838,1.0,2016
2016-01-27,95138.34228793284,26035.303408475353,49.35261563034838,1.0,2016
2016-01-28,93835.92676144795,26035.303408475353,49.35261563034838,1.0,2016
2016-01-29,95754.2629309996,26035.303408475353,49.35261563034838,1.0,2016
2016-02-01,95026.80537660827,26035.303408475353,49.35261563034838,1.0,2016
2016-02-02,96200.90410245425,26035.303408475353,49.35261563034838,1.0,2016
2016-02-03,95780.41981728369,26035.303408475353,49.35261563034838,1.0,2016
2016-02-04,96558.7105657743,26035.303408475353,49.35261563034838,1.0,2016
2016-02-05,96245.32145652157,26035.303408475353,49.35261563034838,1.0,2016
2016-02-15,95800.16086353583,26035.303408475353,49.35261563034838,1.0,2016
2016-02-16,97658.78036817475,26035.303408475353,49.35261563034838,1.0,2016
2016-02-17,98050.1466101234,26035.303408475353,49.35261563034838,1.0,2016
2016-02-18,97986.48173596026,26035.303408475353,49.35261563034838,1.0,2016
2016-02-19,97789.07127343887,26035.303408475353,49.35261563034838,1.0,2016
2016-02-22,99313.57357026031,26035.303408475353,49.35261563034838,1.0,2016
2016-02-23,98739.60265047938,26035.303408475353,49.35261563034838,1.0,2016
2016-02-24,99280.01379163167,26035.303408475353,49.35261563034838,1.0,2016
2016-02-25,95278.50371632303,26035.303408475353,49.35261563034838,1.0,2016
2016-02-26,96095.78303116161,26035.303408475353,49.35261563034838,1.0,2016
2016-02-29,94717.36447660599,26035.303408475353,49.35261563034838,1.0,2016
2016-03-01,95747.84709096764,26035.303408475353,49.35261563034838,1.0,2016
2016-03-02,98464.21505526203,26035.303408475353,49.35261563034838,1.0,2016
2016-03-03,98633.49452687413,26035.303408475353,49.35261563034838,1.0,2016
2016-03-04,99439.91626627403,26035.303408475353,49.35261563034838,1.0,2016
2016-03-07,99726.65496308636,26035.303408475353,49.35261563034838,1.0,2016
2016-03-08,99638.80730726433,26035.303408475353,49.35261563034838,1.0,2016
2016-03-09,99058.91407360774,26035.303408475353,49.35261563034838,1.0,2016
2016-03-10,97905.04992017019,26035.303408475353,49.35261563034838,1.0,2016
2016-03-11,97946.01259114337,26035.303408475353,49.35261563034838,1.0,2016
2016-03-14,98891.11518046455,26035.303408475353,49.35261563034838,1.0,2016
2016-03-15,99251.38927456609,26035.303408475353,49.35261563034838,1.0,2016
2016-03-16,99762.1888463402,26035.303408475353,49.35261563034838,1.0,2016
2016-03-17,100264.59847345712,26035.303408475353,49.35261563034838,1.0,2016
2016-03-18,101087.80010217134,26035.303408475353,49.35261563034838,1.0,2016
2016-03-21,101980.58891892436,26035.303408475353,49.35261563034838,1.0,2016
2016-03-22,101709.64305911373,26035.303408475353,49.35261563034838,1.0,2016
2016-03-23,101569.97515687987,26035.303408475353,49.35261563034838,1.0,2016
2016-03-24,100663.36760775035,26035.303408475353,49.35261563034838,1.0,2016
2016-03-25,101226.48095209262,26035.303408475353,49.35261563034838,1.0,2016
2016-03-28,101113.46346229914,26035.303408475353,49.35261563034838,1.0,2016
2016-03-29,100495.56871460716,26035.303408475353,49.35261563034838,1.0,2016
2016-03-30,102202.67568926091,26035.303408475353,49.35261563034838,1.0,2016
2016-03-31,102214.02679085589,26035.303408475353,49.35261563034838,1.0,2016
2016-04-01,102431.17829962945,102431.17829962945,0.0,0.0,2016
2016-04-05,102431.17829962945,51215.589149814725,32.744237393670986,0.5,2016
2016-04-06,102312.9716026383,51215.589149814725,32.744237393670986,0.5,2016
2016-04-07,101654.48498865159,51215.589149814725,32.744237393670986,0.5,2016
2016-04-08,101346.68915715106,51215.589149814725,32.744237393670986,0.5,2016
2016-04-11,101878.45557242428,51215.589149814725,32.744237393670986,0.5,2016
2016-04-12,101666.92779886117,51215.589149814725,32.744237393670986,0.5,2016
2016-04-13,102269.09432453077,51215.589149814725,32.744237393670986,0.5,2016
2016-04-14,102423.64712502892,51215.589149814725,32.744237393670986,0.5,2016
2016-04-15,102384.68148253043,51215.589149814725,32.744237393670986,0.5,2016
2016-04-18,101801.83405692311,51215.589149814725,32.744237393670986,0.5,2016
2016-04-19,101893.84536399931,51215.589149814725,32.744237393670986,0.5,2016
2016-04-20,101035.29145953726,51215.589149814725,32.744237393670986,0.5,2016
2016-04-21,100810.0111062688,51215.589149814725,32.744237393670986,0.5,2016
2016-04-22,101072.61989016604,51215.589149814725,32.744237393670986,0.5,2016
2016-04-25,101038.23844090269,51215.589149814725,32.744237393670986,0.5,2016
2016-04-26,101265.8108907887,51215.589149814725,32.744237393670986,0.5,2016
2016-04-27,101236.01363476046,51215.589149814725,32.744237393670986,0.5,2016
2016-04-28,101119.11670726506,51215.589149814725,32.744237393670986,0.5,2016
2016-04-29,101089.3194512368,51215.589149814725,32.744237393670986,0.5,2016
2016-05-03,101892.20815212963,51215.589149814725,32.744237393670986,0.5,2016
2016-05-04,101787.09915009595,51215.589149814725,32.744237393670986,0.5,2016
2016-05-05,101821.15315698535,51215.589149814725,32.744237393670986,0.5,2016
2016-05-06,100712.10583646172,51215.589149814725,32.744237393670986,0.5,2016
2016-05-09,99889.24315075878,51215.589149814725,32.744237393670986,0.5,2016
2016-05-10,100023.49452407283,51215.589149814725,32.744237393670986,0.5,2016
2016-05-11,100472.41801874005,51215.589149814725,32.744237393670986,0.5,2016
2016-05-12,100541.18091726676,51215.589149814725,32.744237393670986,0.5,2016
2016-05-13,100282.8288842307,51215.589149814725,32.744237393670986,0.5,2016
2016-05-16,100578.83679026947,51215.589149814725,32.744237393670986,0.5,2016
2016-05-17,100391.86719475163,51215.589149814725,32.744237393670986,0.5,2016
2016-05-18,99989.11307480946,25607.794574907362,49.93609964210329,1.0,2016
2016-05-19,99911.71212036422,25607.794574907362,49.93609964210329,1.0,2016
2016-05-20,100109.45907494694,25607.794574907362,49.93609964210329,1.0,2016
2016-05-23,100354.64532418965,25607.794574907362,49.93609964210329,1.0,2016
2016-05-24,99868.26771367557,25607.794574907362,49.93609964210329,1.0,2016
2016-05-25,99793.36356421243,25607.794574907362,49.93609964210329,1.0,2016
2016-05-26,99865.77090869346,25607.794574907362,49.93609964210329,1.0,2016
2016-05-27,99985.61754783452,25607.794574907362,49.93609964210329,1.0,2016
2016-05-30,100044.54214541221,25607.794574907362,49.93609964210329,1.0,2016
2016-05-31,102063.95801493886,25607.794574907362,49.93609964210329,1.0,2016
2016-06-01,101836.74876156729,25607.794574907362,49.93609964210329,1.0,2016
2016-06-02,101912.65163302328,25607.794574907362,49.93609964210329,1.0,2016
2016-06-03,102506.39185776791,25607.794574907362,49.93609964210329,1.0,2016
2016-06-06,102399.02924353737,25607.794574907362,49.93609964210329,1.0,2016
2016-06-07,102342.60145094182,25607.794574907362,49.93609964210329,1.0,2016
2016-06-08,101758.8484461256,25607.794574907362,49.93609964210329,1.0,2016
2016-06-13,99846.79519082949,25607.794574907362,49.93609964210329,1.0,2016
2016-06-14,100071.00827822252,25607.794574907362,49.93609964210329,1.0,2016
2016-06-15,101137.14400558142,25607.794574907362,49.93609964210329,1.0,2016
2016-06-16,100728.66671050902,25607.794574907362,49.93609964210329,1.0,2016
2016-06-17,101226.03026294438,25607.794574907362,49.93609964210329,1.0,2016
2016-06-20,101295.44144144689,25607.794574907362,49.93609964210329,1.0,2016
2016-06-21,101118.16828771742,25607.794574907362,49.93609964210329,1.0,2016
2016-06-22,101732.8816743117,25607.794574907362,49.93609964210329,1.0,2016
2016-06-23,101220.53729198375,25607.794574907362,49.93609964210329,1.0,2016
2016-06-24,100235.29804604503,25607.794574907362,49.93609964210329,1.0,2016
2016-06-27,101034.2756403187,25607.794574907362,49.93609964210329,1.0,2016
2016-06-28,101253.99447874393,25607.794574907362,49.93609964210329,1.0,2016
2016-06-29,101555.60852058226,25607.794574907362,49.93609964210329,1.0,2016
2016-06-30,101714.40531744412,25607.794574907362,49.93609964210329,1.0,2016
2016-07-01,101858.22128441339,25607.794574907362,49.93609964210329,1.0,2016
2016-07-04,102937.83975867566,25607.794574907362,49.93609964210329,1.0,2016
2016-07-05,103042.20620692766,25607.794574907362,49.93609964210329,1.0,2016
2016-07-06,103413.73078826492,25607.794574907362,49.93609964210329,1.0,2016
2016-07-07,102999.76052223187,25607.794574907362,49.93609964210329,1.0,2016
2016-07-08,102360.07908581654,25607.794574907362,49.93609964210329,1.0,2016
2016-07-11,102903.38384992263,25607.794574907362,49.93609964210329,1.0,2016
2016-07-12,104677.11410921012,25607.794574907362,49.93609964210329,1.0,2016
2016-07-13,104823.42688116149,25607.794574907362,49.93609964210329,1.0,2016
2016-07-14,104537.29303021223,25607.794574907362,49.93609964210329,1.0,2016
2016-07-15,104562.7604410297,104562.7604410297,0.0,0.0,2016
2016-07-18,104562.7604410297,52281.38022051485,33.00113002563697,0.5,2016
2016-07-19,104207.33827065359,52281.38022051485,33.00113002563697,0.5,2016
2016-07-20,104112.95503878027,52281.38022051485,33.00113002563697,0.5,2016
2016-07-21,104429.76588702638,52281.38022051485,33.00113002563697,0.5,2016
2016-07-22,103835.41553526468,52281.38022051485,33.00113002563697,0.5,2016
2016-07-25,104101.73465457156,52281.38022051485,33.00113002563697,0.5,2016
2016-07-26,104754.82701777891,52281.38022051485,33.00113002563697,0.5,2016
2016-07-27,104279.28073410949,52281.38022051485,33.00113002563697,0.5,2016
2016-07-28,105150.18055548605,105150.18055548605,0.0,0.0,2016
2016-07-29,105150.18055548605,105150.18055548605,0.0,0.0,2016
2016-08-01,105150.18055548605,105150.18055548605,0.0,0.0,2016
2016-08-02,105150.18055548605,105150.18055548605,0.0,0.0,2016
2016-08-03,105150.18055548605,105150.18055548605,0.0,0.0,2016
2016-08-04,105150.18055548605,105150.18055548605,0.0,0.0,2016
2016-08-05,105150.18055548605,105150.18055548605,0.0,0.0,2016
2016-08-08,105150.18055548605,105150.18055548605,0.0,0.0,2016
2016-08-09,105150.18055548605,105150.18055548605,0.0,0.0,2016
2016-08-10,105150.18055548605,105150.18055548605,0.0,0.0,2016
2016-08-11,105150.18055548605,105150.18055548605,0.0,0.0,2016
2016-08-12,105150.18055548605,105150.18055548605,0.0,0.0,2016
2016-08-15,105150.18055548605,105150.18055548605,0.0,0.0,2016
2016-08-16,105150.18055548605,105150.18055548605,0.0,0.0,2016
2016-08-17,105150.18055548605,105150.18055548605,0.0,0.0,2016
2016-08-18,105150.18055548605,105150.18055548605,0.0,0.0,2016
2016-08-19,105150.18055548605,105150.18055548605,0.0,0.0,2016
2016-08-22,105150.18055548605,105150.18055548605,0.0,0.0,2016
2016-08-23,105150.18055548605,105150.18055548605,0.0,0.0,2016
2016-08-24,105150.18055548605,105150.18055548605,0.0,0.0,2016
2016-08-25,105150.18055548605,105150.18055548605,0.0,0.0,2016
2016-08-26,105150.18055548605,105150.18055548605,0.0,0.0,2016
2016-08-29,105150.18055548605,105150.18055548605,0.0,0.0,2016
2016-08-30,105150.18055548605,105150.18055548605,0.0,0.0,2016
2016-08-31,105150.18055548605,105150.18055548605,0.0,0.0,2016
2016-09-01,105150.18055548605,105150.18055548605,0.0,0.0,2016
2016-09-02,105150.18055548605,105150.18055548605,0.0,0.0,2016
2016-09-05,105150.18055548605,105150.18055548605,0.0,0.0,2016
2016-09-06,105150.18055548605,105150.18055548605,0.0,0.0,2016
2016-09-07,105150.18055548605,105150.18055548605,0.0,0.0,2016
2016-09-08,105150.18055548605,105150.18055548605,0.0,0.0,2016
2016-09-09,105150.18055548605,105150.18055548605,0.0,0.0,2016
2016-09-12,105150.18055548605,105150.18055548605,0.0,0.0,2016
2016-09-13,105150.18055548605,105150.18055548605,0.0,0.0,2016
2016-09-14,105150.18055548605,105150.18055548605,0.0,0.0,2016
2016-09-19,105150.18055548605,105150.18055548605,0.0,0.0,2016
2016-09-20,105150.18055548606,0.0,65.01105498601851,1.0,2016
2016-09-21,105117.67502799306,0.0,65.01105498601851,1.0,2016
2016-09-22,105853.60017043477,0.0,65.01105498601851,1.0,2016
2016-09-23,105394.62212223349,0.0,65.01105498601851,1.0,2016
2016-09-26,103794.70005902757,0.0,65.01105498601851,1.0,2016
2016-09-27,104420.75651854293,0.0,65.01105498601851,1.0,2016
2016-09-28,104349.2443580583,0.0,65.01105498601851,1.0,2016
2016-09-29,104800.42107966128,0.0,65.01105498601851,1.0,2016
2016-09-30,105061.11541015521,0.0,65.01105498601851,1.0,2016
2016-10-10,106547.2681271356,0.0,65.01105498601851,1.0,2016
2016-10-11,106736.4502971449,0.0,65.01105498601851,1.0,2016
2016-10-12,106522.56392624091,0.0,65.01105498601851,1.0,2016
2016-10-13,106784.55847783455,0.0,65.01105498601851,1.0,2016
2016-10-14,106721.49775449812,0.0,65.01105498601851,1.0,2016
2016-10-17,105965.41918501073,0.0,65.01105498601851,1.0,2016
2016-10-18,107211.03099854283,0.0,65.01105498601851,1.0,2016
2016-10-19,107035.5011500806,0.0,65.01105498601851,1.0,2016
2016-10-20,106948.38633639932,0.0,65.01105498601851,1.0,2016
2016-10-21,107371.6083043583,0.0,65.01105498601851,1.0,2016
2016-10-24,108465.744359773,0.0,65.01105498601851,1.0,2016
2016-10-25,108623.72122338902,0.0,65.01105498601851,1.0,2016
2016-10-26,107970.36012077953,0.0,65.01105498601851,1.0,2016
2016-10-27,107561.44058491748,0.0,65.01105498601851,1.0,2016
2016-10-28,107224.6833200899,0.0,65.01105498601851,1.0,2016
2016-10-31,107196.72856644592,0.0,65.01105498601851,1.0,2016
2016-11-01,107780.52784022037,0.0,65.01105498601851,1.0,2016
2016-11-02,106911.3300350573,0.0,65.01105498601851,1.0,2016
2016-11-03,107494.47919828189,0.0,65.01105498601851,1.0,2016
2016-11-04,107245.48685768544,0.0,65.01105498601851,1.0,2016
2016-11-07,107297.49570167426,0.0,65.01105498601851,1.0,2016
2016-11-08,107832.53668420918,0.0,65.01105498601851,1.0,2016
2016-11-09,106902.22848735924,0.0,65.01105498601851,1.0,2016
2016-11-10,108219.352461376,0.0,65.01105498601851,1.0,2016
2016-11-11,108541.15718355677,0.0,65.01105498601851,1.0,2016
2016-11-14,108638.02365548594,0.0,65.01105498601851,1.0,2016
2016-11-15,108639.97398713553,0.0,65.01105498601851,1.0,2016
2016-11-16,108623.07111283916,0.0,65.01105498601851,1.0,2016
2016-11-17,108929.92329237316,0.0,65.01105498601851,1.0,2016
2016-11-18,108459.24325427439,0.0,65.01105498601851,1.0,2016
2016-11-21,109131.45756282983,0.0,65.01105498601851,1.0,2016
2016-11-22,109661.94777151574,0.0,65.01105498601851,1.0,2016
2016-11-23,110076.06819177668,0.0,65.01105498601851,1.0,2016
2016-11-24,110742.43150538337,0.0,65.01105498601851,1.0,2016
2016-11-25,111809.26291770392,0.0,65.01105498601851,1.0,2016
2016-11-28,112647.25541647371,0.0,65.01105498601851,1.0,2016
2016-11-29,113321.42005667872,113321.42005667872,0.0,0.0,2016
2016-11-30,113321.42005667872,113321.42005667872,0.0,0.0,2016
2016-12-01,113321.42005667872,113321.42005667872,0.0,0.0,2016
2016-12-02,113321.42005667872,113321.42005667872,0.0,0.0,2016
2016-12-05,113321.42005667872,113321.42005667872,0.0,0.0,2016
2016-12-06,113321.42005667872,113321.42005667872,0.0,0.0,2016
2016-12-07,113321.42005667872,113321.42005667872,0.0,0.0,2016
2016-12-08,113321.42005667872,113321.42005667872,0.0,0.0,2016
2016-12-09,113321.42005667872,113321.42005667872,0.0,0.0,2016
2016-12-12,113321.42005667872,113321.42005667872,0.0,0.0,2016
2016-12-13,113321.42005667872,113321.42005667872,0.0,0.0,2016
2016-12-14,113321.42005667872,113321.42005667872,0.0,0.0,2016
2016-12-15,113321.42005667872,113321.42005667872,0.0,0.0,2016
2016-12-16,113321.42005667872,113321.42005667872,0.0,0.0,2016
2016-12-19,113321.42005667872,113321.42005667872,0.0,0.0,2016
2016-12-20,113321.42005667872,113321.42005667872,0.0,0.0,2016
2016-12-21,113321.42005667872,113321.42005667872,0.0,0.0,2016
2016-12-22,113321.42005667872,113321.42005667872,0.0,0.0,2016
2016-12-23,113321.42005667872,113321.42005667872,0.0,0.0,2016
2016-12-26,113321.42005667872,113321.42005667872,0.0,0.0,2016
2016-12-27,113321.42005667872,113321.42005667872,0.0,0.0,2016
2016-12-28,113321.42005667872,113321.42005667872,0.0,0.0,2016
2016-12-29,113321.42005667872,0.0,69.22971003346511,1.0,2016
2016-12-30,113989.48675850165,0.0,69.22971003346511,1.0,2016
2017-01-03,115216.23722029464,0.0,69.22971003346511,1.0,2017
2017-01-04,116104.454400024,0.0,69.22971003346511,1.0,2017
2017-01-05,116055.30130590026,0.0,69.22971003346511,1.0,2017
2017-01-06,115529.1555096459,0.0,69.22971003346511,1.0,2017
2017-01-09,116183.37626946215,0.0,69.22971003346511,1.0,2017
2017-01-10,116067.07035660592,0.0,69.22971003346511,1.0,2017
2017-01-11,115126.23859725114,0.0,69.22971003346511,1.0,2017
2017-01-12,114510.0941779533,0.0,69.22971003346511,1.0,2017
2017-01-13,114701.86047474599,0.0,69.22971003346511,1.0,2017
2017-01-16,115056.31659011735,0.0,69.22971003346511,1.0,2017
2017-01-17,115335.3123215522,0.0,69.22971003346511,1.0,2017
2017-01-18,116185.45316076315,0.0,69.22971003346511,1.0,2017
2017-01-19,115952.84133505072,0.0,69.22971003346511,1.0,2017
2017-01-20,116915.13430451587,0.0,69.22971003346511,1.0,2017
2017-01-23,116989.21009425168,0.0,69.22971003346511,1.0,2017
2017-01-24,117657.27679607463,0.0,69.22971003346511,1.0,2017
2017-01-25,117993.73318683727,0.0,69.22971003346511,1.0,2017
2017-01-26,118308.72836748953,0.0,69.22971003346511,1.0,2017
2017-02-03,117516.04818760636,0.0,69.22971003346511,1.0,2017
2017-02-06,117817.88972335226,0.0,69.22971003346511,1.0,2017
2017-02-07,117745.19852781712,0.0,69.22971003346511,1.0,2017
2017-02-08,118224.26812124871,118224.26812124871,0.0,0.0,2017
2017-02-09,118224.26812124871,118224.26812124871,0.0,0.0,2017
2017-02-10,118224.26812124871,118224.26812124871,0.0,0.0,2017
2017-02-13,118224.26812124871,118224.26812124871,0.0,0.0,2017
2017-02-14,118224.26812124871,118224.26812124871,0.0,0.0,2017
2017-02-15,118224.26812124871,118224.26812124871,0.0,0.0,2017
2017-02-16,118224.26812124871,118224.26812124871,0.0,0.0,2017
2017-02-17,118224.26812124871,118224.26812124871,0.0,0.0,2017
2017-02-20,118224.26812124871,118224.26812124871,0.0,0.0,2017
2017-02-21,118224.26812124871,118224.26812124871,0.0,0.0,2017
2017-02-22,118224.26812124871,118224.26812124871,0.0,0.0,2017
2017-02-23,118224.26812124871,118224.26812124871,0.0,0.0,2017
2017-02-24,118224.26812124871,118224.26812124871,0.0,0.0,2017
2017-02-27,118224.26812124871,118224.26812124871,0.0,0.0,2017
2017-02-28,118224.26812124871,118224.26812124871,0.0,0.0,2017
2017-03-01,118224.26812124871,118224.26812124871,0.0,0.0,2017
2017-03-02,118224.26812124871,118224.26812124871,0.0,0.0,2017
2017-03-03,118224.26812124871,118224.26812124871,0.0,0.0,2017
2017-03-06,118224.26812124871,118224.26812124871,0.0,0.0,2017
2017-03-07,118224.26812124871,118224.26812124871,0.0,0.0,2017
2017-03-08,118224.26812124871,118224.26812124871,0.0,0.0,2017
2017-03-09,118224.26812124871,118224.26812124871,0.0,0.0,2017
2017-03-10,118224.26812124871,118224.26812124871,0.0,0.0,2017
2017-03-13,118224.26812124871,118224.26812124871,0.0,0.0,2017
2017-03-14,118224.26812124871,118224.26812124871,0.0,0.0,2017
2017-03-15,118224.26812124871,118224.26812124871,0.0,0.0,2017
2017-03-16,118224.26812124871,118224.26812124871,0.0,0.0,2017
2017-03-17,118224.26812124871,118224.26812124871,0.0,0.0,2017
2017-03-20,118224.26812124871,118224.26812124871,0.0,0.0,2017
2017-03-21,118224.26812124871,118224.26812124871,0.0,0.0,2017
2017-03-22,118224.26812124871,118224.26812124871,0.0,0.0,2017
2017-03-23,118224.26812124871,118224.26812124871,0.0,0.0,2017
2017-03-24,118224.26812124871,118224.26812124871,0.0,0.0,2017
2017-03-27,118224.26812124871,118224.26812124871,0.0,0.0,2017
2017-03-28,118224.26812124871,118224.26812124871,0.0,0.0,2017
2017-03-29,118224.26812124871,118224.26812124871,0.0,0.0,2017
2017-03-30,118224.26812124871,118224.26812124871,0.0,0.0,2017
2017-03-31,118224.26812124871,118224.26812124871,0.0,0.0,2017
2017-04-05,118224.26812124871,118224.26812124871,0.0,0.0,2017
2017-04-06,118224.26812124871,118224.26812124871,0.0,0.0,2017
2017-04-07,118224.26812124871,118224.26812124871,0.0,0.0,2017
2017-04-10,118224.26812124871,118224.26812124871,0.0,0.0,2017
2017-04-11,118224.26812124871,118224.26812124871,0.0,0.0,2017
2017-04-12,118224.26812124871,118224.26812124871,0.0,0.0,2017
2017-04-13,118224.26812124871,118224.26812124871,0.0,0.0,2017
2017-04-14,118224.26812124871,118224.26812124871,0.0,0.0,2017
2017-04-17,118224.26812124871,118224.26812124871,0.0,0.0,2017
2017-04-18,118224.26812124871,118224.26812124871,0.0,0.0,2017
2017-04-19,118224.26812124871,118224.26812124871,0.0,0.0,2017
2017-04-20,118224.26812124871,118224.26812124871,0.0,0.0,2017
2017-04-21,118224.26812124871,118224.26812124871,0.0,0.0,2017
2017-04-24,118224.26812124871,118224.26812124871,0.0,0.0,2017
2017-04-25,118224.26812124871,118224.26812124871,0.0,0.0,2017
2017-04-26,118224.26812124871,118224.26812124871,0.0,0.0,2017
2017-04-27,118224.26812124871,118224.26812124871,0.0,0.0,2017
2017-04-28,118224.26812124871,118224.26812124871,0.0,0.0,2017
2017-05-02,118224.26812124871,118224.26812124871,0.0,0.0,2017
2017-05-03,118224.26812124871,118224.26812124871,0.0,0.0,2017
2017-05-04,118224.26812124871,118224.26812124871,0.0,0.0,2017
2017-05-05,118224.26812124871,118224.26812124871,0.0,0.0,2017
2017-05-08,118224.26812124871,118224.26812124871,0.0,0.0,2017
2017-05-09,118224.26812124871,0.0,67.8576247366888,1.0,2017
2017-05-10,117648.83546348158,0.0,67.8576247366888,1.0,2017
2017-05-11,118389.84072560623,0.0,67.8576247366888,1.0,2017
2017-05-12,119420.59804535651,0.0,67.8576247366888,1.0,2017
2017-05-15,119975.67341570264,0.0,67.8576247366888,1.0,2017
2017-05-16,121265.6468619471,0.0,67.8576247366888,1.0,2017
2017-05-17,120530.74878604876,0.0,67.8576247366888,1.0,2017
2017-05-18,120265.4254733283,0.0,67.8576247366888,1.0,2017
2017-05-19,120686.14274669577,0.0,67.8576247366888,1.0,2017
2017-05-22,120814.39365744812,0.0,67.8576247366888,1.0,2017
2017-05-23,121757.61464128809,0.0,67.8576247366888,1.0,2017
2017-05-24,121509.25573475182,0.0,67.8576247366888,1.0,2017
2017-05-25,123097.12415359032,0.0,67.8576247366888,1.0,2017
2017-05-26,123221.30360685848,0.0,67.8576247366888,1.0,2017
2017-05-31,123527.34149442094,0.0,67.8576247366888,1.0,2017
2017-06-01,123764.16460475199,0.0,67.8576247366888,1.0,2017
2017-06-02,123643.37803272066,0.0,67.8576247366888,1.0,2017
2017-06-05,122540.69163074947,0.0,67.8576247366888,1.0,2017
2017-06-06,123405.19776989489,0.0,67.8576247366888,1.0,2017
2017-06-07,124876.35107418631,0.0,67.8576247366888,1.0,2017
2017-06-08,126452.68369681959,126452.68369681959,0.0,0.0,2017
2017-06-09,126452.68369681959,126452.68369681959,0.0,0.0,2017
2017-06-12,126452.68369681959,126452.68369681959,0.0,0.0,2017
2017-06-13,126452.68369681959,126452.68369681959,0.0,0.0,2017
2017-06-14,126452.68369681959,126452.68369681959,0.0,0.0,2017
2017-06-15,126452.68369681959,126452.68369681959,0.0,0.0,2017
2017-06-16,126452.68369681959,126452.68369681959,0.0,0.0,2017
2017-06-19,126452.68369681959,126452.68369681959,0.0,0.0,2017
2017-06-20,126452.68369681959,126452.68369681959,0.0,0.0,2017
2017-06-21,126452.68369681959,126452.68369681959,0.0,0.0,2017
2017-06-22,126452.68369681959,126452.68369681959,0.0,0.0,2017
2017-06-23,126452.68369681959,126452.68369681959,0.0,0.0,2017
2017-06-26,126452.68369681959,126452.68369681959,0.0,0.0,2017
2017-06-27,126452.68369681959,126452.68369681959,0.0,0.0,2017
2017-06-28,126452.68369681959,126452.68369681959,0.0,0.0,2017
2017-06-29,126452.68369681959,126452.68369681959,0.0,0.0,2017
2017-06-30,126452.68369681959,126452.68369681959,0.0,0.0,2017
2017-07-03,126452.68369681959,126452.68369681959,0.0,0.0,2017
2017-07-04,126452.68369681959,126452.68369681959,0.0,0.0,2017
2017-07-05,126452.68369681959,126452.68369681959,0.0,0.0,2017
2017-07-06,126452.68369681959,126452.68369681959,0.0,0.0,2017
2017-07-07,126452.68369681959,126452.68369681959,0.0,0.0,2017
2017-07-10,126452.68369681959,126452.68369681959,0.0,0.0,2017
2017-07-11,126452.68369681959,126452.68369681959,0.0,0.0,2017
2017-07-12,126452.68369681959,126452.68369681959,0.0,0.0,2017
2017-07-13,126452.68369681959,126452.68369681959,0.0,0.0,2017
2017-07-14,126452.68369681959,126452.68369681959,0.0,0.0,2017
2017-07-17,126452.68369681959,126452.68369681959,0.0,0.0,2017
2017-07-18,126452.68369681959,126452.68369681959,0.0,0.0,2017
2017-07-19,126452.68369681959,126452.68369681959,0.0,0.0,2017
2017-07-20,126452.68369681959,126452.68369681959,0.0,0.0,2017
2017-07-21,126452.68369681959,126452.68369681959,0.0,0.0,2017
2017-07-24,126452.68369681959,126452.68369681959,0.0,0.0,2017
2017-07-25,126452.68369681959,126452.68369681959,0.0,0.0,2017
2017-07-26,126452.68369681959,126452.68369681959,0.0,0.0,2017
2017-07-27,126452.68369681959,126452.68369681959,0.0,0.0,2017
2017-07-28,126452.68369681959,126452.68369681959,0.0,0.0,2017
2017-07-31,126452.68369681959,126452.68369681959,0.0,0.0,2017
2017-08-01,126452.68369681959,126452.68369681959,0.0,0.0,2017
2017-08-02,126452.68369681959,126452.68369681959,0.0,0.0,2017
2017-08-03,126452.68369681959,126452.68369681959,0.0,0.0,2017
2017-08-04,126452.68369681959,126452.68369681959,0.0,0.0,2017
2017-08-07,126452.68369681959,126452.68369681959,0.0,0.0,2017
2017-08-08,126452.68369681959,126452.68369681959,0.0,0.0,2017
2017-08-09,126452.68369681959,126452.68369681959,0.0,0.0,2017
2017-08-10,126452.68369681959,126452.68369681959,0.0,0.0,2017
2017-08-11,126452.68369681959,126452.68369681959,0.0,0.0,2017
2017-08-14,126452.68369681959,126452.68369681959,0.0,0.0,2017
2017-08-15,126452.68369681959,126452.68369681959,0.0,0.0,2017
2017-08-16,126452.68369681959,126452.68369681959,0.0,0.0,2017
2017-08-17,126452.68369681959,126452.68369681959,0.0,0.0,2017
2017-08-18,126452.68369681959,126452.68369681959,0.0,0.0,2017
2017-08-21,126452.68369681959,126452.68369681959,0.0,0.0,2017
2017-08-22,126452.68369681959,126452.68369681959,0.0,0.0,2017
2017-08-23,126452.68369681959,126452.68369681959,0.0,0.0,2017
2017-08-24,126452.68369681959,126452.68369681959,0.0,0.0,2017
2017-08-25,126452.68369681959,126452.68369681959,0.0,0.0,2017
2017-08-28,126452.68369681959,126452.68369681959,0.0,0.0,2017
2017-08-29,126452.68369681959,126452.68369681959,0.0,0.0,2017
2017-08-30,126452.68369681959,126452.68369681959,0.0,0.0,2017
2017-08-31,126452.68369681959,126452.68369681959,0.0,0.0,2017
2017-09-01,126452.68369681959,126452.68369681959,0.0,0.0,2017
2017-09-04,126452.68369681959,126452.68369681959,0.0,0.0,2017
2017-09-05,126452.68369681959,126452.68369681959,0.0,0.0,2017
2017-09-06,126452.68369681959,126452.68369681959,0.0,0.0,2017
2017-09-07,126452.68369681959,126452.68369681959,0.0,0.0,2017
2017-09-08,126452.68369681959,126452.68369681959,0.0,0.0,2017
2017-09-11,126452.68369681959,126452.68369681959,0.0,0.0,2017
2017-09-12,126452.68369681959,126452.68369681959,0.0,0.0,2017
2017-09-13,126452.68369681959,126452.68369681959,0.0,0.0,2017
2017-09-14,126452.68369681959,126452.68369681959,0.0,0.0,2017
2017-09-15,126452.68369681959,126452.68369681959,0.0,0.0,2017
2017-09-18,126452.68369681959,126452.68369681959,0.0,0.0,2017
2017-09-19,126452.68369681959,126452.68369681959,0.0,0.0,2017
2017-09-20,126452.68369681959,126452.68369681959,0.0,0.0,2017
2017-09-21,126452.68369681959,126452.68369681959,0.0,0.0,2017
2017-09-22,126452.68369681959,126452.68369681959,0.0,0.0,2017
2017-09-25,126452.68369681959,126452.68369681959,0.0,0.0,2017
2017-09-26,126452.68369681959,126452.68369681959,0.0,0.0,2017
2017-09-27,126452.68369681959,126452.68369681959,0.0,0.0,2017
2017-09-28,126452.68369681959,126452.68369681959,0.0,0.0,2017
2017-09-29,126452.68369681959,126452.68369681959,0.0,0.0,2017
2017-10-09,126452.68369681959,126452.68369681959,0.0,0.0,2017
2017-10-10,126452.68369681959,126452.68369681959,0.0,0.0,2017
2017-10-11,126452.68369681959,126452.68369681959,0.0,0.0,2017
2017-10-12,126452.68369681959,126452.68369681959,0.0,0.0,2017
2017-10-13,126452.68369681959,126452.68369681959,0.0,0.0,2017
2017-10-16,126452.68369681959,126452.68369681959,0.0,0.0,2017
2017-10-17,126452.68369681959,126452.68369681959,0.0,0.0,2017
2017-10-18,126452.68369681959,126452.68369681959,0.0,0.0,2017
2017-10-19,126452.68369681959,126452.68369681959,0.0,0.0,2017
2017-10-20,126452.68369681959,126452.68369681959,0.0,0.0,2017
2017-10-23,126452.68369681959,126452.68369681959,0.0,0.0,2017
2017-10-24,126452.68369681959,126452.68369681959,0.0,0.0,2017
2017-10-25,126452.68369681959,126452.68369681959,0.0,0.0,2017
2017-10-26,126452.68369681959,126452.68369681959,0.0,0.0,2017
2017-10-27,126452.68369681959,126452.68369681959,0.0,0.0,2017
2017-10-30,126452.68369681959,126452.68369681959,0.0,0.0,2017
2017-10-31,126452.68369681959,126452.68369681959,0.0,0.0,2017
2017-11-01,126452.68369681959,126452.68369681959,0.0,0.0,2017
2017-11-02,126452.68369681959,126452.68369681959,0.0,0.0,2017
2017-11-03,126452.68369681959,126452.68369681959,0.0,0.0,2017
2017-11-06,126452.68369681959,126452.68369681959,0.0,0.0,2017
2017-11-07,126452.68369681959,126452.68369681959,0.0,0.0,2017
2017-11-08,126452.68369681959,126452.68369681959,0.0,0.0,2017
2017-11-09,126452.68369681959,126452.68369681959,0.0,0.0,2017
2017-11-10,126452.68369681959,126452.68369681959,0.0,0.0,2017
2017-11-13,126452.68369681959,126452.68369681959,0.0,0.0,2017
2017-11-14,126452.68369681959,126452.68369681959,0.0,0.0,2017
2017-11-15,126452.68369681959,126452.68369681959,0.0,0.0,2017
2017-11-16,126452.68369681959,126452.68369681959,0.0,0.0,2017
2017-11-17,126452.68369681959,126452.68369681959,0.0,0.0,2017
2017-11-20,126452.68369681959,126452.68369681959,0.0,0.0,2017
2017-11-21,126452.68369681959,126452.68369681959,0.0,0.0,2017
2017-11-22,126452.68369681959,126452.68369681959,0.0,0.0,2017
2017-11-23,126452.68369681959,126452.68369681959,0.0,0.0,2017
2017-11-24,126452.68369681959,126452.68369681959,0.0,0.0,2017
2017-11-27,126452.68369681959,126452.68369681959,0.0,0.0,2017
2017-11-28,126452.68369681959,126452.68369681959,0.0,0.0,2017
2017-11-29,126452.68369681959,126452.68369681959,0.0,0.0,2017
2017-11-30,126452.68369681959,126452.68369681959,0.0,0.0,2017
2017-12-01,126452.68369681959,126452.68369681959,0.0,0.0,2017
2017-12-04,126452.68369681959,126452.68369681959,0.0,0.0,2017
2017-12-05,126452.68369681959,126452.68369681959,0.0,0.0,2017
2017-12-06,126452.68369681959,126452.68369681959,0.0,0.0,2017
2017-12-07,126452.68369681959,126452.68369681959,0.0,0.0,2017
2017-12-08,126452.68369681959,126452.68369681959,0.0,0.0,2017
2017-12-11,126452.68369681959,126452.68369681959,0.0,0.0,2017
2017-12-12,126452.68369681959,126452.68369681959,0.0,0.0,2017
2017-12-13,126452.68369681959,126452.68369681959,0.0,0.0,2017
2017-12-14,126452.68369681959,126452.68369681959,0.0,0.0,2017
2017-12-15,126452.68369681959,126452.68369681959,0.0,0.0,2017
2017-12-18,126452.68369681959,126452.68369681959,0.0,0.0,2017
2017-12-19,126452.68369681959,126452.68369681959,0.0,0.0,2017
2017-12-20,126452.68369681959,126452.68369681959,0.0,0.0,2017
2017-12-21,126452.68369681959,126452.68369681959,0.0,0.0,2017
2017-12-22,126452.68369681959,126452.68369681959,0.0,0.0,2017
2017-12-25,126452.68369681959,126452.68369681959,0.0,0.0,2017
2017-12-26,126452.68369681959,126452.68369681959,0.0,0.0,2017
2017-12-27,126452.68369681959,126452.68369681959,0.0,0.0,2017
2017-12-28,126452.68369681959,126452.68369681959,0.0,0.0,2017
2017-12-29,126452.68369681959,126452.68369681959,0.0,0.0,2017
2018-01-02,126452.68369681959,126452.68369681959,0.0,0.0,2018
2018-01-03,126452.68369681959,126452.68369681959,0.0,0.0,2018
2018-01-04,126452.68369681959,126452.68369681959,0.0,0.0,2018
2018-01-05,126452.68369681959,126452.68369681959,0.0,0.0,2018
2018-01-08,126452.68369681959,126452.68369681959,0.0,0.0,2018
2018-01-09,126452.68369681959,126452.68369681959,0.0,0.0,2018
2018-01-10,126452.68369681959,126452.68369681959,0.0,0.0,2018
2018-01-11,126452.68369681959,126452.68369681959,0.0,0.0,2018
2018-01-12,126452.68369681959,126452.68369681959,0.0,0.0,2018
2018-01-15,126452.68369681959,126452.68369681959,0.0,0.0,2018
2018-01-16,126452.68369681959,126452.68369681959,0.0,0.0,2018
2018-01-17,126452.68369681959,126452.68369681959,0.0,0.0,2018
2018-01-18,126452.68369681959,126452.68369681959,0.0,0.0,2018
2018-01-19,126452.68369681959,126452.68369681959,0.0,0.0,2018
2018-01-22,126452.68369681959,126452.68369681959,0.0,0.0,2018
2018-01-23,126452.68369681959,126452.68369681959,0.0,0.0,2018
2018-01-24,126452.68369681959,126452.68369681959,0.0,0.0,2018
2018-01-25,126452.68369681959,126452.68369681959,0.0,0.0,2018
2018-01-26,126452.68369681959,126452.68369681959,0.0,0.0,2018
2018-01-29,126452.68369681959,126452.68369681959,0.0,0.0,2018
2018-01-30,126452.68369681959,126452.68369681959,0.0,0.0,2018
2018-01-31,126452.68369681959,126452.68369681959,0.0,0.0,2018
2018-02-01,126452.68369681959,126452.68369681959,0.0,0.0,2018
2018-02-02,126452.68369681959,126452.68369681959,0.0,0.0,2018
2018-02-05,126452.68369681959,126452.68369681959,0.0,0.0,2018
2018-02-06,126452.68369681959,126452.68369681959,0.0,0.0,2018
2018-02-07,126452.68369681959,126452.68369681959,0.0,0.0,2018
2018-02-08,126452.68369681959,126452.68369681959,0.0,0.0,2018
2018-02-09,126452.68369681959,126452.68369681959,0.0,0.0,2018
2018-02-12,126452.68369681959,126452.68369681959,0.0,0.0,2018
2018-02-13,126452.68369681959,126452.68369681959,0.0,0.0,2018
2018-02-14,126452.68369681959,126452.68369681959,0.0,0.0,2018
2018-02-22,126452.68369681959,126452.68369681959,0.0,0.0,2018
2018-02-23,126452.68369681959,126452.68369681959,0.0,0.0,2018
2018-02-26,126452.68369681959,126452.68369681959,0.0,0.0,2018
2018-02-27,126452.68369681959,126452.68369681959,0.0,0.0,2018
2018-02-28,126452.68369681959,126452.68369681959,0.0,0.0,2018
2018-03-01,126452.68369681959,126452.68369681959,0.0,0.0,2018
2018-03-02,126452.68369681959,126452.68369681959,0.0,0.0,2018
2018-03-05,126452.68369681959,126452.68369681959,0.0,0.0,2018
2018-03-06,126452.68369681959,126452.68369681959,0.0,0.0,2018
2018-03-07,126452.68369681959,126452.68369681959,0.0,0.0,2018
2018-03-08,126452.68369681959,126452.68369681959,0.0,0.0,2018
2018-03-09,126452.68369681959,126452.68369681959,0.0,0.0,2018
2018-03-12,126452.68369681959,126452.68369681959,0.0,0.0,2018
2018-03-13,126452.68369681959,126452.68369681959,0.0,0.0,2018
2018-03-14,126452.68369681959,126452.68369681959,0.0,0.0,2018
2018-03-15,126452.68369681959,126452.68369681959,0.0,0.0,2018
2018-03-16,126452.68369681959,126452.68369681959,0.0,0.0,2018
2018-03-19,126452.68369681959,126452.68369681959,0.0,0.0,2018
2018-03-20,126452.68369681959,126452.68369681959,0.0,0.0,2018
2018-03-21,126452.68369681959,126452.68369681959,0.0,0.0,2018
2018-03-22,126452.68369681959,126452.68369681959,0.0,0.0,2018
2018-03-23,126452.68369681959,126452.68369681959,0.0,0.0,2018
2018-03-26,126452.68369681959,126452.68369681959,0.0,0.0,2018
2018-03-27,126452.68369681959,126452.68369681959,0.0,0.0,2018
2018-03-28,126452.68369681959,0.0,61.64935143861015,1.0,2018
2018-03-29,128072.21215911186,0.0,61.64935143861015,1.0,2018
2018-03-30,128360.73112384458,0.0,61.64935143861015,1.0,2018
2018-04-02,127575.93488003107,0.0,61.64935143861015,1.0,2018
2018-04-03,126772.64383078596,0.0,61.64935143861015,1.0,2018
2018-04-04,126910.12188449407,0.0,61.64935143861015,1.0,2018
2018-04-09,126925.53422235373,0.0,61.64935143861015,1.0,2018
2018-04-10,129125.18308168335,0.0,61.64935143861015,1.0,2018
2018-04-11,129552.4130871529,0.0,61.64935143861015,1.0,2018
2018-04-12,128472.31644994846,0.0,61.64935143861015,1.0,2018
2018-04-13,127567.92046434405,0.0,61.64935143861015,1.0,2018
2018-04-16,125590.82576370782,0.0,61.64935143861015,1.0,2018
2018-04-17,123948.48704138324,0.0,61.64935143861015,1.0,2018
2018-04-18,124362.77068305071,0.0,61.64935143861015,1.0,2018
2018-04-19,125857.15096192261,0.0,61.64935143861015,1.0,2018
2018-04-20,124110.0083421524,0.0,61.64935143861015,1.0,2018
2018-04-23,124230.84107097208,0.0,61.64935143861015,1.0,2018
2018-04-24,126735.65421992281,0.0,61.64935143861015,1.0,2018
2018-04-25,126291.77888956483,0.0,61.64935143861015,1.0,2018
2018-04-26,124425.0365280037,0.0,61.64935143861015,1.0,2018
2018-04-27,124632.17834883743,0.0,61.64935143861015,1.0,2018
2018-05-02,124834.38822155607,0.0,61.64935143861015,1.0,2018
2018-05-03,125552.60316581588,0.0,61.64935143861015,1.0,2018
2018-05-04,125434.85290456814,0.0,61.64935143861015,1.0,2018
2018-05-07,127329.953967791,0.0,61.64935143861015,1.0,2018
2018-05-08,128400.18670876528,0.0,61.64935143861015,1.0,2018
2018-05-09,128506.22359323969,0.0,61.64935143861015,1.0,2018
2018-05-10,129290.40334353881,0.0,61.64935143861015,1.0,2018
2018-05-11,128726.31177787553,0.0,61.64935143861015,1.0,2018
2018-05-14,129656.60049108416,0.0,61.64935143861015,1.0,2018
2018-05-15,130240.41984920778,0.0,61.64935143861015,1.0,2018
2018-05-16,129762.02088204419,0.0,61.64935143861015,1.0,2018
2018-05-17,128882.9011305296,0.0,61.64935143861015,1.0,2018
2018-05-18,129964.84724827722,0.0,61.64935143861015,1.0,2018
2018-05-21,130520.30790473908,0.0,61.64935143861015,1.0,2018
2018-05-22,130324.26296716431,0.0,61.64935143861015,1.0,2018
2018-05-23,128793.50957094363,0.0,61.64935143861015,1.0,2018
2018-05-24,128036.45553527748,0.0,61.64935143861015,1.0,2018
2018-05-25,127728.20877808443,0.0,61.64935143861015,1.0,2018
2018-05-28,128494.51021646637,0.0,61.64935143861015,1.0,2018
2018-05-29,127927.95267674554,0.0,61.64935143861015,1.0,2018
2018-05-30,125847.90355920681,0.0,61.64935143861015,1.0,2018
2018-05-31,128521.01943758497,0.0,61.64935143861015,1.0,2018
2018-06-01,127395.30228031593,0.0,61.64935143861015,1.0,2018
2018-06-04,128586.98424362429,0.0,61.64935143861015,1.0,2018
2018-06-05,129585.08724341536,0.0,61.64935143861015,1.0,2018
2018-06-06,129808.25789562314,0.0,61.64935143861015,1.0,2018
2018-06-07,129291.01983705319,0.0,61.64935143861015,1.0,2018
2018-06-08,127957.54436543607,0.0,61.64935143861015,1.0,2018
2018-06-11,127439.07331983733,0.0,61.64935143861015,1.0,2018
2018-06-12,129139.9789260286,0.0,61.64935143861015,1.0,2018
2018-06-13,128057.41631476661,0.0,61.64935143861015,1.0,2018
2018-06-14,127706.01501156652,0.0,61.64935143861015,1.0,2018
2018-06-15,126937.24759912706,0.0,61.64935143861015,1.0,2018
2018-06-19,122468.28611334221,0.0,61.64935143861015,1.0,2018
2018-06-20,122827.7018322293,0.0,61.64935143861015,1.0,2018
2018-06-21,121938.10169097017,0.0,61.64935143861015,1.0,2018
2018-06-22,122321.56065691833,0.0,61.64935143861015,1.0,2018
2018-06-25,121357.98129393284,0.0,61.64935143861015,1.0,2018
2018-06-26,120187.26011011364,0.0,61.64935143861015,1.0,2018
2018-06-27,118662.05515552242,0.0,61.64935143861015,1.0,2018
2018-06-28,117147.33059067577,0.0,61.64935143861015,1.0,2018
2018-06-29,119383.96906086855,0.0,61.64935143861015,1.0,2018
2018-07-02,116667.69863648339,0.0,61.64935143861015,1.0,2018
2018-07-03,116739.21188415217,0.0,61.64935143861015,1.0,2018
2018-07-04,115818.17057365934,0.0,61.64935143861015,1.0,2018
2018-07-05,114694.91939044786,0.0,61.64935143861015,1.0,2018
2018-07-06,115060.50004447882,0.0,61.64935143861015,1.0,2018
2018-07-09,117649.15631138605,0.0,61.64935143861015,1.0,2018
2018-07-10,118115.22540826196,0.0,61.64935143861015,1.0,2018
2018-07-11,116247.25005967206,0.0,61.64935143861015,1.0,2018
2018-07-12,118417.30723031114,0.0,61.64935143861015,1.0,2018
2018-07-13,118746.51476699332,0.0,61.64935143861015,1.0,2018
2018-07-16,118057.89151142405,0.0,61.64935143861015,1.0,2018
2018-07-17,117242.88708540561,0.0,61.64935143861015,1.0,2018
2018-07-18,117323.03124227581,0.0,61.64935143861015,1.0,2018
2018-07-19,117113.42344738454,0.0,61.64935143861015,1.0,2018
2018-07-20,119160.79840866079,0.0,61.64935143861015,1.0,2018
2018-07-23,120219.31777286172,0.0,61.64935143861015,1.0,2018
2018-07-24,121861.0400016719,0.0,61.64935143861015,1.0,2018
2018-07-25,121856.7245470712,0.0,61.64935143861015,1.0,2018
2018-07-26,121029.39025076506,0.0,61.64935143861015,1.0,2018
2018-07-27,120554.69024468775,0.0,61.64935143861015,1.0,2018
2018-07-30,120539.27790682811,0.0,61.64935143861015,1.0,2018
2018-07-31,120549.14180305829,0.0,61.64935143861015,1.0,2018
2018-08-01,118624.44905114488,0.0,61.64935143861015,1.0,2018
2018-08-02,116286.08915107838,0.0,61.64935143861015,1.0,2018
2018-08-03,115057.41757690688,0.0,61.64935143861015,1.0,2018
2018-08-06,113492.75703739497,0.0,61.64935143861015,1.0,2018
2018-08-07,116342.19006088753,0.0,61.64935143861015,1.0,2018
2018-08-08,115173.93485112586,0.0,61.64935143861015,1.0,2018
2018-08-09,117029.58032942802,0.0,61.64935143861015,1.0,2018
2018-08-10,116625.16058399074,0.0,61.64935143861015,1.0,2018
2018-08-13,116028.39486206499,0.0,61.64935143861015,1.0,2018
2018-08-14,115684.39148103756,0.0,61.64935143861015,1.0,2018
2018-08-15,113358.3614512588,0.0,61.64935143861015,1.0,2018
2018-08-16,112372.58832175542,0.0,61.64935143861015,1.0,2018
2018-08-17,111182.75583899024,0.0,61.64935143861015,1.0,2018
2018-08-20,112095.78273379606,0.0,61.64935143861015,1.0,2018
2018-08-21,113653.04535113534,0.0,61.64935143861015,1.0,2018
2018-08-22,113021.75599240398,0.0,61.64935143861015,1.0,2018
2018-08-23,113041.48378486434,0.0,61.64935143861015,1.0,2018
2018-08-24,113450.8354784167,0.0,61.64935143861015,1.0,2018
2018-08-27,115657.88225991894,0.0,61.64935143861015,1.0,2018
2018-08-28,115497.59394617857,0.0,61.64935143861015,1.0,2018
2018-08-29,114733.14198833979,0.0,61.64935143861015,1.0,2018
2018-08-30,114028.48990139649,0.0,61.64935143861015,1.0,2018
2018-08-31,113451.45197193109,0.0,61.64935143861015,1.0,2018
2018-09-03,113227.04833269455,0.0,61.64935143861015,1.0,2018
2018-09-04,114235.01522871583,0.0,61.64935143861015,1.0,2018
2018-09-05,112342.3801395505,0.0,61.64935143861015,1.0,2018
2018-09-06,111525.52623298891,0.0,61.64935143861015,1.0,2018
2018-09-07,112079.13740890763,0.0,61.64935143861015,1.0,2018
2018-09-10,111068.70453882881,0.0,61.64935143861015,1.0,2018
2018-09-11,110513.24388236692,0.0,61.64935143861015,1.0,2018
2018-09-12,110105.12517584334,0.0,61.64935143861015,1.0,2018
2018-09-13,111013.83661604844,0.0,61.64935143861015,1.0,2018
2018-09-14,111282.0112948064,0.0,61.64935143861015,1.0,2018
2018-09-17,110368.3679064862,0.0,61.64935143861015,1.0,2018
2018-09-18,112166.06299443608,0.0,61.64935143861015,1.0,2018
2018-09-19,113320.13885336687,0.0,61.64935143861015,1.0,2018
2018-09-20,113257.87300841387,0.0,61.64935143861015,1.0,2018
2018-09-21,116245.4005791289,0.0,61.64935143861015,1.0,2018
2018-09-25,115598.69888253788,0.0,61.64935143861015,1.0,2018
2018-09-26,116659.06772728197,0.0,61.64935143861015,1.0,2018
2018-09-27,116460.55681564964,0.0,61.64935143861015,1.0,2018
2018-09-28,117627.57903838255,0.0,61.64935143861015,1.0,2018
2018-10-08,113788.6739243003,0.0,61.64935143861015,1.0,2018
2018-10-09,113719.62665068904,0.0,61.64935143861015,1.0,2018
2018-10-10,114079.65886309053,0.0,61.64935143861015,1.0,2018
2018-10-11,109033.0429543259,0.0,61.64935143861015,1.0,2018
2018-10-12,110508.92842776624,0.0,61.64935143861015,1.0,2018
2018-10-15,108406.68554370962,0.0,61.64935143861015,1.0,2018
2018-10-16,107354.33111465254,0.0,61.64935143861015,1.0,2018
2018-10-17,107887.59800459653,0.0,61.64935143861015,1.0,2018
2018-10-18,105814.33031571607,0.0,61.64935143861015,1.0,2018
2018-10-19,108557.72645473422,0.0,61.64935143861015,1.0,2018
2018-10-22,112662.3402735169,0.0,61.64935143861015,1.0,2018
2018-10-23,109903.53179663909,0.0,61.64935143861015,1.0,2018
2018-10-24,109920.7936150419,0.0,61.64935143861015,1.0,2018
2018-10-25,109869.00815983347,0.0,61.64935143861015,1.0,2018
2018-10-26,109609.46439027692,0.0,61.64935143861015,1.0,2018
2018-10-29,106861.13630314366,0.0,61.64935143861015,1.0,2018
2018-10-30,107729.77566491369,0.0,61.64935143861015,1.0,2018
2018-10-31,109015.16464240871,0.0,61.64935143861015,1.0,2018
2018-11-01,109290.12074982491,0.0,61.64935143861015,1.0,2018
2018-11-02,112196.27117664099,0.0,61.64935143861015,1.0,2018
2018-11-05,111819.59363935108,0.0,61.64935143861015,1.0,2018
2018-11-06,111573.61272711103,0.0,61.64935143861015,1.0,2018
2018-11-07,111010.13765496213,0.0,61.64935143861015,1.0,2018
2018-11-08,110870.81012071088,0.0,61.64935143861015,1.0,2018
2018-11-09,109667.41478062922,0.0,61.64935143861015,1.0,2018
2018-11-12,111026.16648633618,0.0,61.64935143861015,1.0,2018
2018-11-13,111931.79545896935,0.0,61.64935143861015,1.0,2018
2018-11-14,111134.05285135374,0.0,61.64935143861015,1.0,2018
2018-11-15,112188.25676095397,0.0,61.64935143861015,1.0,2018
2018-11-16,112586.51157124739,0.0,61.64935143861015,1.0,2018
2018-11-19,113448.36950435917,0.0,61.64935143861015,1.0,2018
2018-11-20,111237.62376177059,0.0,61.64935143861015,1.0,2018
2018-11-21,111531.69116813278,0.0,61.64935143861015,1.0,2018
2018-11-22,111352.29155544643,0.0,61.64935143861015,1.0,2018
2018-11-23,108695.20450844232,0.0,61.64935143861015,1.0,2018
2018-11-26,108626.15723483107,0.0,61.64935143861015,1.0,2018
2018-11-27,108461.55346648999,0.0,61.64935143861015,1.0,2018
2018-11-28,109453.49153113723,0.0,61.64935143861015,1.0,2018
2018-11-29,108496.69359681,0.0,61.64935143861015,1.0,2018
2018-11-30,109428.83179056179,0.0,61.64935143861015,1.0,2018
2018-12-03,112108.72909759816,0.0,61.64935143861015,1.0,2018
2018-12-04,112705.49481952391,0.0,61.64935143861015,1.0,2018
2018-12-05,112349.77806172313,0.0,61.64935143861015,1.0,2018
2018-12-06,110515.0933629101,0.0,61.64935143861015,1.0,2018
2018-12-07,110557.01492188835,0.0,61.64935143861015,1.0,2018
2018-12-10,109684.06010551764,0.0,61.64935143861015,1.0,2018
2018-12-11,109949.15231670365,0.0,61.64935143861015,1.0,2018
2018-12-12,110308.56803559075,0.0,61.64935143861015,1.0,2018
2018-12-13,111645.74246829421,0.0,61.64935143861015,1.0,2018
2018-12-14,109994.15634325384,0.0,61.64935143861015,1.0,2018
2018-12-17,110219.79296951914,0.0,61.64935143861015,1.0,2018
2018-12-18,109743.24348289869,0.0,61.64935143861015,1.0,2018
2018-12-19,109016.39762943747,0.0,61.64935143861015,1.0,2018
2018-12-20,108792.61048371533,0.0,61.64935143861015,1.0,2018
2018-12-21,108163.17060552712,0.0,61.64935143861015,1.0,2018
2018-12-24,108767.95074313988,0.0,61.64935143861015,1.0,2018
2018-12-25,108195.2282682752,0.0,61.64935143861015,1.0,2018
2018-12-26,108378.32684204787,0.0,61.64935143861015,1.0,2018
2018-12-27,108068.23060431166,0.0,61.64935143861015,1.0,2018
2018-12-28,108534.91619470193,0.0,61.64935143861015,1.0,2018
2019-01-02,107102.18526726864,0.0,61.64935143861015,1.0,2019
2019-01-03,106452.40110310569,0.0,61.64935143861015,1.0,2019
2019-01-04,108124.33151412079,0.0,61.64935143861015,1.0,2019
2019-01-07,108999.75230454905,0.0,61.64935143861015,1.0,2019
2019-01-08,109059.5521754445,0.0,61.64935143861015,1.0,2019
2019-01-09,109949.15231670365,0.0,61.64935143861015,1.0,2019
2019-01-10,109279.02386656596,0.0,61.64935143861015,1.0,2019
2019-01-11,109730.91361261098,0.0,61.64935143861015,1.0,2019
2019-01-14,109132.91490365645,0.0,61.64935143861015,1.0,2019
2019-01-15,110657.50336473329,0.0,61.64935143861015,1.0,2019
2019-01-16,110670.4497285354,0.0,61.64935143861015,1.0,2019
2019-01-17,110721.61869022944,0.0,61.64935143861015,1.0,2019
2019-01-18,111975.56649849076,0.0,61.64935143861015,1.0,2019
2019-01-21,112479.24169974422,0.0,61.64935143861015,1.0,2019
2019-01-22,111354.14103598958,0.0,61.64935143861015,1.0,2019
2019-01-23,111773.97311928651,0.0,61.64935143861015,1.0,2019
2019-01-24,112224.01338478836,0.0,61.64935143861015,1.0,2019
2019-01-25,113005.11066751556,0.0,61.64935143861015,1.0,2019
2019-01-28,112965.65508259485,0.0,61.64935143861015,1.0,2019
2019-01-29,113218.41742349314,0.0,61.64935143861015,1.0,2019
2019-01-30,112435.4706602228,0.0,61.64935143861015,1.0,2019
2019-01-31,113027.92092754785,0.0,61.64935143861015,1.0,2019
2019-02-01,114475.44769932641,0.0,61.64935143861015,1.0,2019
2019-02-11,116062.91849887063,116062.91849887063,0.0,0.0,2019
2019-02-12,116062.91849887063,58031.45924943531,30.56877630488746,0.5,2019
2019-02-13,116817.66158583829,116817.66158583829,0.0,0.0,2019
2019-02-14,116817.66158583829,58408.83079291914,30.3405160187829,0.5,2019
2019-02-15,115765.7558954671,115765.7558954671,0.0,0.0,2019
2019-02-18,115765.7558954671,115765.7558954671,0.0,0.0,2019
2019-02-19,115765.7558954671,115765.7558954671,0.0,0.0,2019
2019-02-20,115765.7558954671,115765.7558954671,0.0,0.0,2019
2019-02-21,115765.7558954671,115765.7558954671,0.0,0.0,2019
2019-02-22,115765.7558954671,115765.7558954671,0.0,0.0,2019
2019-02-25,115765.7558954671,115765.7558954671,0.0,0.0,2019
2019-02-26,115765.7558954671,115765.7558954671,0.0,0.0,2019
2019-02-27,115765.7558954671,115765.7558954671,0.0,0.0,2019
2019-02-28,115765.7558954671,115765.7558954671,0.0,0.0,2019
2019-03-01,115765.7558954671,115765.7558954671,0.0,0.0,2019
2019-03-04,115765.7558954671,115765.7558954671,0.0,0.0,2019
2019-03-05,115765.7558954671,115765.7558954671,0.0,0.0,2019
2019-03-06,115765.7558954671,115765.7558954671,0.0,0.0,2019
2019-03-07,115765.7558954671,115765.7558954671,0.0,0.0,2019
2019-03-08,115765.7558954671,115765.7558954671,0.0,0.0,2019
2019-03-11,115765.7558954671,115765.7558954671,0.0,0.0,2019
2019-03-12,115765.7558954671,115765.7558954671,0.0,0.0,2019
2019-03-13,115765.7558954671,115765.7558954671,0.0,0.0,2019
2019-03-14,115765.7558954671,115765.7558954671,0.0,0.0,2019
2019-03-15,115765.7558954671,115765.7558954671,0.0,0.0,2019
2019-03-18,115765.7558954671,115765.7558954671,0.0,0.0,2019
2019-03-19,115765.7558954671,115765.7558954671,0.0,0.0,2019
2019-03-20,115765.7558954671,115765.7558954671,0.0,0.0,2019
2019-03-21,115765.7558954671,115765.7558954671,0.0,0.0,2019
2019-03-22,115765.7558954671,115765.7558954671,0.0,0.0,2019
2019-03-25,115765.7558954671,115765.7558954671,0.0,0.0,2019
2019-03-26,115765.7558954671,115765.7558954671,0.0,0.0,2019
2019-03-27,115765.7558954671,115765.7558954671,0.0,0.0,2019
2019-03-28,115765.7558954671,115765.7558954671,0.0,0.0,2019
2019-03-29,115765.7558954671,115765.7558954671,0.0,0.0,2019
2019-04-01,115765.7558954671,115765.7558954671,0.0,0.0,2019
2019-04-02,115765.7558954671,115765.7558954671,0.0,0.0,2019
2019-04-03,115765.7558954671,115765.7558954671,0.0,0.0,2019
2019-04-04,115765.7558954671,115765.7558954671,0.0,0.0,2019
2019-04-08,115765.7558954671,115765.7558954671,0.0,0.0,2019
2019-04-09,115765.7558954671,115765.7558954671,0.0,0.0,2019
2019-04-10,115765.7558954671,115765.7558954671,0.0,0.0,2019
2019-04-11,115765.7558954671,115765.7558954671,0.0,0.0,2019
2019-04-12,115765.7558954671,115765.7558954671,0.0,0.0,2019
2019-04-15,115765.7558954671,115765.7558954671,0.0,0.0,2019
2019-04-16,115765.7558954671,115765.7558954671,0.0,0.0,2019
2019-04-17,115765.7558954671,115765.7558954671,0.0,0.0,2019
2019-04-18,115765.7558954671,115765.7558954671,0.0,0.0,2019
2019-04-19,115765.7558954671,115765.7558954671,0.0,0.0,2019
2019-04-22,115765.7558954671,115765.7558954671,0.0,0.0,2019
2019-04-23,115765.7558954671,115765.7558954671,0.0,0.0,2019
2019-04-24,115765.7558954671,115765.7558954671,0.0,0.0,2019
2019-04-25,115765.7558954671,115765.7558954671,0.0,0.0,2019
2019-04-26,115765.7558954671,115765.7558954671,0.0,0.0,2019
2019-04-29,115765.7558954671,115765.7558954671,0.0,0.0,2019
2019-04-30,115765.7558954671,115765.7558954671,0.0,0.0,2019
2019-05-06,115765.7558954671,115765.7558954671,0.0,0.0,2019
2019-05-07,115765.7558954671,115765.7558954671,0.0,0.0,2019
2019-05-08,115765.7558954671,115765.7558954671,0.0,0.0,2019
2019-05-09,115765.7558954671,115765.7558954671,0.0,0.0,2019
2019-05-10,115765.7558954671,115765.7558954671,0.0,0.0,2019
2019-05-13,115765.7558954671,115765.7558954671,0.0,0.0,2019
2019-05-14,115765.7558954671,0.0,56.347959530132734,1.0,2019
2019-05-15,118269.8592169862,0.0,56.347959530132734,1.0,2019
2019-05-16,118979.84350706587,0.0,56.347959530132734,1.0,2019
2019-05-17,115845.76999799989,0.0,56.347959530132734,1.0,2019
2019-05-20,114477.07806101296,0.0,56.347959530132734,1.0,2019
2019-05-21,116244.15007187791,0.0,56.347959530132734,1.0,2019
2019-05-22,115490.21437336475,0.0,56.347959530132734,1.0,2019
2019-05-23,113771.0381281004,0.0,56.347959530132734,1.0,2019
2019-05-24,113878.09925120765,0.0,56.347959530132734,1.0,2019
2019-05-27,115290.74259662807,0.0,56.347959530132734,1.0,2019
2019-05-28,116164.69944894043,0.0,56.347959530132734,1.0,2019
2019-05-29,115733.63755853492,0.0,56.347959530132734,1.0,2019
2019-05-30,115544.87189410898,0.0,56.347959530132734,1.0,2019
2019-05-31,115060.27944214984,0.0,56.347959530132734,1.0,2019
2019-06-03,115047.31941145791,0.0,56.347959530132734,1.0,2019
2019-06-04,114283.80455982461,0.0,56.347959530132734,1.0,2019
2019-06-05,113905.70975137742,0.0,56.347959530132734,1.0,2019
2019-06-06,112888.62908185853,0.0,56.347959530132734,1.0,2019
2019-06-10,113950.78811900152,0.0,56.347959530132734,1.0,2019
2019-06-11,116989.07009686629,0.0,56.347959530132734,1.0,2019
2019-06-12,115926.34758012797,0.0,56.347959530132734,1.0,2019
2019-06-13,115483.45261822113,0.0,56.347959530132734,1.0,2019
2019-06-14,114419.03966269692,0.0,56.347959530132734,1.0,2019
2019-06-17,114736.27867485158,0.0,56.347959530132734,1.0,2019
2019-06-18,114839.39544079172,0.0,56.347959530132734,1.0,2019
2019-06-19,115804.07250794758,0.0,56.347959530132734,1.0,2019
2019-06-20,117928.95406182889,0.0,56.347959530132734,1.0,2019
2019-06-21,118050.10217481868,0.0,56.347959530132734,1.0,2019
2019-06-24,118321.13586015861,0.0,56.347959530132734,1.0,2019
2019-06-25,117351.95095624034,0.0,56.347959530132734,1.0,2019
2019-06-26,117133.32087326342,0.0,56.347959530132734,1.0,2019
2019-06-27,117471.97211003953,0.0,56.347959530132734,1.0,2019
2019-06-28,117007.10144391593,0.0,56.347959530132734,1.0,2019
2019-07-01,119227.77452899846,0.0,56.347959530132734,1.0,2019
2019-07-02,119412.03235666199,0.0,56.347959530132734,1.0,2019
2019-07-03,119031.6836298336,0.0,56.347959530132734,1.0,2019
2019-07-04,118703.73850536821,0.0,56.347959530132734,1.0,2019
2019-07-05,119098.73770167446,0.0,56.347959530132734,1.0,2019
2019-07-08,116242.45963309202,0.0,56.347959530132734,1.0,2019
2019-07-09,116095.39145871837,0.0,56.347959530132734,1.0,2019
2019-07-10,115367.93930118436,0.0,56.347959530132734,1.0,2019
2019-07-11,115367.93930118436,0.0,56.347959530132734,1.0,2019
2019-07-12,115799.56467118517,0.0,56.347959530132734,1.0,2019
2019-07-15,115973.67986613329,0.0,56.347959530132734,1.0,2019
2019-07-16,115741.52627286915,0.0,56.347959530132734,1.0,2019
2019-07-17,115398.36719933063,0.0,56.347959530132734,1.0,2019
2019-07-18,114249.99578410652,0.0,56.347959530132734,1.0,2019
2019-07-19,115023.08978885994,0.0,56.347959530132734,1.0,2019
2019-07-22,114222.94876353205,0.0,56.347959530132734,1.0,2019
2019-07-23,114699.08902156168,0.0,56.347959530132734,1.0,2019
2019-07-24,115709.97141553226,0.0,56.347959530132734,1.0,2019
2019-07-25,116083.55838721704,0.0,56.347959530132734,1.0,2019
2019-07-26,116219.35696968468,0.0,56.347959530132734,1.0,2019
2019-07-29,116461.65319566423,0.0,56.347959530132734,1.0,2019
2019-07-30,116972.72918860255,0.0,56.347959530132734,1.0,2019
2019-07-31,116301.06151100335,0.0,56.347959530132734,1.0,2019
2019-08-01,115535.29274098885,0.0,56.347959530132734,1.0,2019
2019-08-02,113973.32730281357,0.0,56.347959530132734,1.0,2019
2019-08-05,112311.62597626996,0.0,56.347959530132734,1.0,2019
2019-08-06,110685.42386423032,0.0,56.347959530132734,1.0,2019
2019-08-07,110550.18876135802,0.0,56.347959530132734,1.0,2019
2019-08-08,111651.79137017211,0.0,56.347959530132734,1.0,2019
2019-08-09,110868.55473270325,0.0,56.347959530132734,1.0,2019
2019-08-12,112033.8305357864,0.0,56.347959530132734,1.0,2019
2019-08-13,111468.09702210387,0.0,56.347959530132734,1.0,2019
2019-08-14,111796.60562616454,0.0,56.347959530132734,1.0,2019
2019-08-15,112000.02176006834,0.0,56.347959530132734,1.0,2019
2019-08-16,112251.33365957272,0.0,56.347959530132734,1.0,2019
2019-08-19,114086.02322187385,0.0,56.347959530132734,1.0,2019
2019-08-20,113822.87825086812,0.0,56.347959530132734,1.0,2019
2019-08-21,113528.17842252553,0.0,56.347959530132734,1.0,2019
2019-08-22,113728.2136788575,0.0,56.347959530132734,1.0,2019
2019-08-23,114368.88997871512,0.0,56.347959530132734,1.0,2019
2019-08-26,113576.63766772144,0.0,56.347959530132734,1.0,2019
2019-08-27,115160.01533051817,0.0,56.347959530132734,1.0,2019
2019-08-28,114888.98164517824,0.0,56.347959530132734,1.0,2019
2019-08-29,114484.40329575188,0.0,56.347959530132734,1.0,2019
2019-08-30,114140.11726302278,0.0,56.347959530132734,1.0,2019
2019-09-02,115171.28492242421,0.0,56.347959530132734,1.0,2019
2019-09-03,115005.05844181031,0.0,56.347959530132734,1.0,2019
2019-09-04,115894.22924319582,0.0,56.347959530132734,1.0,2019
2019-09-05,116647.03798251836,0.0,56.347959530132734,1.0,2019
2019-09-06,117262.35770058742,0.0,56.347959530132734,1.0,2019
2019-09-09,117798.79027531428,117798.79027531428,0.0,0.0,2019
2019-09-10,117798.79027531428,117798.79027531428,0.0,0.0,2019
2019-09-11,117798.79027531428,117798.79027531428,0.0,0.0,2019
2019-09-12,117798.79027531428,117798.79027531428,0.0,0.0,2019
2019-09-16,117798.79027531428,117798.79027531428,0.0,0.0,2019
2019-09-17,117798.79027531428,117798.79027531428,0.0,0.0,2019
2019-09-18,117798.79027531428,117798.79027531428,0.0,0.0,2019
2019-09-19,117798.79027531428,117798.79027531428,0.0,0.0,2019
2019-09-20,117798.79027531428,117798.79027531428,0.0,0.0,2019
2019-09-23,117798.79027531428,117798.79027531428,0.0,0.0,2019
2019-09-24,117798.79027531428,117798.79027531428,0.0,0.0,2019
2019-09-25,117798.79027531428,117798.79027531428,0.0,0.0,2019
2019-09-26,117798.79027531428,117798.79027531428,0.0,0.0,2019
2019-09-27,117798.79027531428,117798.79027531428,0.0,0.0,2019
2019-09-30,117798.79027531428,117798.79027531428,0.0,0.0,2019
2019-10-08,117798.79027531428,117798.79027531428,0.0,0.0,2019
2019-10-09,117798.79027531428,117798.79027531428,0.0,0.0,2019
2019-10-10,117798.79027531428,117798.79027531428,0.0,0.0,2019
2019-10-11,117798.79027531428,117798.79027531428,0.0,0.0,2019
2019-10-14,117798.79027531428,117798.79027531428,0.0,0.0,2019
2019-10-15,117798.79027531428,117798.79027531428,0.0,0.0,2019
2019-10-16,117798.79027531428,117798.79027531428,0.0,0.0,2019
2019-10-17,117798.79027531428,117798.79027531428,0.0,0.0,2019
2019-10-18,117798.79027531428,117798.79027531428,0.0,0.0,2019
2019-10-21,117798.79027531428,117798.79027531428,0.0,0.0,2019
2019-10-22,117798.79027531428,117798.79027531428,0.0,0.0,2019
2019-10-23,117798.79027531428,117798.79027531428,0.0,0.0,2019
2019-10-24,117798.79027531428,117798.79027531428,0.0,0.0,2019
2019-10-25,117798.79027531428,117798.79027531428,0.0,0.0,2019
2019-10-28,117798.79027531428,117798.79027531428,0.0,0.0,2019
2019-10-29,117798.79027531428,117798.79027531428,0.0,0.0,2019
2019-10-30,117798.79027531428,117798.79027531428,0.0,0.0,2019
2019-10-31,117798.79027531428,117798.79027531428,0.0,0.0,2019
2019-11-01,117798.79027531428,117798.79027531428,0.0,0.0,2019
2019-11-04,117798.79027531428,117798.79027531428,0.0,0.0,2019
2019-11-05,117798.79027531428,117798.79027531428,0.0,0.0,2019
2019-11-06,117798.79027531428,117798.79027531428,0.0,0.0,2019
2019-11-07,117798.79027531428,117798.79027531428,0.0,0.0,2019
2019-11-08,117798.79027531428,117798.79027531428,0.0,0.0,2019
2019-11-11,117798.79027531428,117798.79027531428,0.0,0.0,2019
2019-11-12,117798.79027531428,117798.79027531428,0.0,0.0,2019
2019-11-13,117798.79027531428,117798.79027531428,0.0,0.0,2019
2019-11-14,117798.79027531428,117798.79027531428,0.0,0.0,2019
2019-11-15,117798.79027531428,117798.79027531428,0.0,0.0,2019
2019-11-18,117798.79027531428,117798.79027531428,0.0,0.0,2019
2019-11-19,117798.79027531428,117798.79027531428,0.0,0.0,2019
2019-11-20,117798.79027531428,117798.79027531428,0.0,0.0,2019
2019-11-21,117798.79027531428,117798.79027531428,0.0,0.0,2019
2019-11-22,117798.79027531428,117798.79027531428,0.0,0.0,2019
2019-11-25,117798.79027531428,117798.79027531428,0.0,0.0,2019
2019-11-26,117798.79027531428,117798.79027531428,0.0,0.0,2019
2019-11-27,117798.79027531428,117798.79027531428,0.0,0.0,2019
2019-11-28,117798.79027531428,117798.79027531428,0.0,0.0,2019
2019-11-29,117798.79027531428,117798.79027531428,0.0,0.0,2019
2019-12-02,117798.79027531428,117798.79027531428,0.0,0.0,2019
2019-12-03,117798.79027531428,117798.79027531428,0.0,0.0,2019
2019-12-04,117798.79027531428,117798.79027531428,0.0,0.0,2019
2019-12-05,117798.79027531428,117798.79027531428,0.0,0.0,2019
2019-12-06,117798.79027531428,117798.79027531428,0.0,0.0,2019
2019-12-09,117798.79027531428,117798.79027531428,0.0,0.0,2019
2019-12-10,117798.79027531428,117798.79027531428,0.0,0.0,2019
2019-12-11,117798.79027531428,117798.79027531428,0.0,0.0,2019
2019-12-12,117798.79027531428,117798.79027531428,0.0,0.0,2019
2019-12-13,117798.79027531428,117798.79027531428,0.0,0.0,2019
2019-12-16,117798.79027531428,117798.79027531428,0.0,0.0,2019
2019-12-17,117798.79027531428,117798.79027531428,0.0,0.0,2019
2019-12-18,117798.79027531428,117798.79027531428,0.0,0.0,2019
2019-12-19,117798.79027531428,117798.79027531428,0.0,0.0,2019
2019-12-20,117798.79027531428,117798.79027531428,0.0,0.0,2019
2019-12-23,117798.79027531428,117798.79027531428,0.0,0.0,2019
2019-12-24,117798.79027531428,117798.79027531428,0.0,0.0,2019
2019-12-25,117798.79027531428,117798.79027531428,0.0,0.0,2019
2019-12-26,117798.79027531428,117798.79027531428,0.0,0.0,2019
2019-12-27,117798.79027531428,117798.79027531428,0.0,0.0,2019
2019-12-30,117798.79027531428,117798.79027531428,0.0,0.0,2019
2019-12-31,117798.79027531428,117798.79027531428,0.0,0.0,2019
2020-01-02,117798.79027531428,117798.79027531428,0.0,0.0,2020
2020-01-03,117798.79027531428,117798.79027531428,0.0,0.0,2020
2020-01-06,117798.79027531428,117798.79027531428,0.0,0.0,2020
2020-01-07,117798.79027531428,117798.79027531428,0.0,0.0,2020
2020-01-08,117798.79027531428,117798.79027531428,0.0,0.0,2020
2020-01-09,117798.79027531428,117798.79027531428,0.0,0.0,2020
2020-01-10,117798.79027531428,117798.79027531428,0.0,0.0,2020
2020-01-13,117798.79027531428,117798.79027531428,0.0,0.0,2020
2020-01-14,117798.79027531428,117798.79027531428,0.0,0.0,2020
2020-01-15,117798.79027531428,117798.79027531428,0.0,0.0,2020
2020-01-16,117798.79027531428,117798.79027531428,0.0,0.0,2020
2020-01-17,117798.79027531428,117798.79027531428,0.0,0.0,2020
2020-01-20,117798.79027531428,117798.79027531428,0.0,0.0,2020
2020-01-21,117798.79027531428,117798.79027531428,0.0,0.0,2020
2020-01-22,117798.79027531428,117798.79027531428,0.0,0.0,2020
2020-01-23,117798.79027531428,117798.79027531428,0.0,0.0,2020
2020-02-03,117798.79027531428,0.0,61.127175031686974,1.0,2020
2020-02-04,120570.90766300129,0.0,61.127175031686974,1.0,2020
2020-02-05,122187.11017083909,0.0,61.127175031686974,1.0,2020
2020-02-06,123811.87048318134,0.0,61.127175031686974,1.0,2020
2020-02-07,123267.83862539931,0.0,61.127175031686974,1.0,2020
2020-02-10,124144.40231535371,0.0,61.127175031686974,1.0,2020
2020-02-11,124601.02231284042,0.0,61.127175031686974,1.0,2020
2020-02-12,125321.71170646399,0.0,61.127175031686974,1.0,2020
2020-02-13,124453.70582101405,0.0,61.127175031686974,1.0,2020
2020-02-14,124810.07725144878,0.0,61.127175031686974,1.0,2020
2020-02-17,127576.08192163262,0.0,61.127175031686974,1.0,2020
2020-02-18,127368.24952652487,0.0,61.127175031686974,1.0,2020
2020-02-19,126830.94165799634,0.0,61.127175031686974,1.0,2020
2020-02-20,128682.48378970614,0.0,61.127175031686974,1.0,2020
2020-02-21,128941.66301184052,0.0,61.127175031686974,1.0,2020
2020-02-24,128313.88692426508,0.0,61.127175031686974,1.0,2020
2020-02-25,127423.2639840534,0.0,61.127175031686974,1.0,2020
2020-02-26,126512.46907608125,0.0,61.127175031686974,1.0,2020
2020-02-27,127232.54719795454,0.0,61.127175031686974,1.0,2020
2020-02-28,123291.67822366167,0.0,61.127175031686974,1.0,2020
2020-03-02,127104.180130388,0.0,61.127175031686974,1.0,2020
2020-03-03,127343.79865651223,0.0,61.127175031686974,1.0,2020
2020-03-04,127916.56028655912,0.0,61.127175031686974,1.0,2020
2020-03-05,130056.62268441847,0.0,61.127175031686974,1.0,2020
2020-03-06,129101.20493867323,0.0,61.127175031686974,1.0,2020
2020-03-09,125750.82447518643,0.0,61.127175031686974,1.0,2020
2020-03-10,127186.70181668077,0.0,61.127175031686974,1.0,2020
2020-03-11,125947.65397878848,0.0,61.127175031686974,1.0,2020
2020-03-12,123760.52365615472,0.0,61.127175031686974,1.0,2020
2020-03-13,121905.92516569333,0.0,61.127175031686974,1.0,2020
2020-03-16,118509.6993209328,0.0,61.127175031686974,1.0,2020
2020-03-17,118175.94494525979,0.0,61.127175031686974,1.0,2020
2020-03-18,116317.06755254618,0.0,61.127175031686974,1.0,2020
2020-03-19,114720.42574071854,0.0,61.127175031686974,1.0,2020
2020-03-20,116367.19183607218,0.0,61.127175031686974,1.0,2020
2020-03-23,113266.2102467147,0.0,61.127175031686974,1.0,2020
2020-03-24,116069.50249366785,0.0,61.127175031686974,1.0,2020
2020-03-25,118376.44207936373,0.0,61.127175031686974,1.0,2020
2020-03-26,117612.35239146763,0.0,61.127175031686974,1.0,2020
2020-03-27,118356.27011160327,0.0,61.127175031686974,1.0,2020
2020-03-30,117620.29892422176,0.0,61.127175031686974,1.0,2020
2020-03-31,117597.07059770971,0.0,61.127175031686974,1.0,2020
2020-04-01,116840.31617081743,0.0,61.127175031686974,1.0,2020
2020-04-02,117735.82928503164,0.0,61.127175031686974,1.0,2020
2020-04-03,117277.9867440443,0.0,61.127175031686974,1.0,2020
2020-04-07,119613.04483025474,0.0,61.127175031686974,1.0,2020
2020-04-08,119445.55637066792,0.0,61.127175031686974,1.0,2020
2020-04-09,120133.84836152472,0.0,61.127175031686974,1.0,2020
2020-04-10,119254.22831281876,0.0,61.127175031686974,1.0,2020
2020-04-13,119358.75578212294,0.0,61.127175031686974,1.0,2020
2020-04-14,120584.35564150827,0.0,61.127175031686974,1.0,2020
2020-04-15,119954.13446693156,0.0,61.127175031686974,1.0,2020
2020-04-16,120154.63160103551,0.0,61.127175031686974,1.0,2020
2020-04-17,120245.09982008241,0.0,61.127175031686974,1.0,2020
2020-04-20,120575.1865652535,0.0,61.127175031686974,1.0,2020
2020-04-21,119330.63728160836,0.0,61.127175031686974,1.0,2020
2020-04-22,120075.77754524462,0.0,61.127175031686974,1.0,2020
2020-04-23,119817.2095948606,0.0,61.127175031686974,1.0,2020
2020-04-24,119026.22394995057,0.0,61.127175031686974,1.0,2020
2020-04-27,119679.6734510393,0.0,61.127175031686974,1.0,2020
2020-04-28,118922.3077523967,0.0,61.127175031686974,1.0,2020
2020-04-29,120193.75299305578,0.0,61.127175031686974,1.0,2020
2020-04-30,121159.56235855643,0.0,61.127175031686974,1.0,2020
2020-05-06,121417.51903719016,0.0,61.127175031686974,1.0,2020
2020-05-07,121277.53780636759,0.0,61.127175031686974,1.0,2020
2020-05-08,122353.9873586756,0.0,61.127175031686974,1.0,2020
2020-05-11,122246.40353061982,0.0,61.127175031686974,1.0,2020
2020-05-12,121756.77485861602,0.0,61.127175031686974,1.0,2020
2020-05-13,122326.48012991135,0.0,61.127175031686974,1.0,2020
2020-05-14,120937.67071319142,0.0,61.127175031686974,1.0,2020
2020-05-15,120721.28051357924,0.0,61.127175031686974,1.0,2020
2020-05-18,121084.98720501777,0.0,61.127175031686974,1.0,2020
2020-05-19,121805.67659864137,0.0,61.127175031686974,1.0,2020
2020-05-20,121192.57103307355,0.0,61.127175031686974,1.0,2020
2020-05-21,120497.55505296326,0.0,61.127175031686974,1.0,2020
2020-05-22,118392.94641662228,0.0,61.127175031686974,1.0,2020
2020-05-25,118976.09966642458,0.0,61.127175031686974,1.0,2020
2020-05-26,120061.10702323701,0.0,61.127175031686974,1.0,2020
2020-05-27,120246.32236358304,0.0,61.127175031686974,1.0,2020
2020-05-28,120415.64463842081,0.0,61.127175031686974,1.0,2020
2020-05-29,120281.16485335109,0.0,61.127175031686974,1.0,2020
2020-06-01,122445.67812122313,0.0,61.127175031686974,1.0,2020
2020-06-02,122579.54663454252,0.0,61.127175031686974,1.0,2020
2020-06-03,122412.66944670602,0.0,61.127175031686974,1.0,2020
2020-06-04,122388.82984844367,0.0,61.127175031686974,1.0,2020
2020-06-05,122102.75466929536,0.0,61.127175031686974,1.0,2020
2020-06-08,122656.56687508244,0.0,61.127175031686974,1.0,2020
2020-06-09,123498.89934701909,0.0,61.127175031686974,1.0,2020
2020-06-10,123051.44842578714,0.0,61.127175031686974,1.0,2020
2020-06-11,121854.57833866672,0.0,61.127175031686974,1.0,2020
2020-06-12,121673.64190057293,0.0,61.127175031686974,1.0,2020
2020-06-15,120645.48281653995,0.0,61.127175031686974,1.0,2020
2020-06-16,121883.91938268192,0.0,61.127175031686974,1.0,2020
2020-06-17,122160.21421382515,0.0,61.127175031686974,1.0,2020
2020-06-18,122761.70561613695,0.0,61.127175031686974,1.0,2020
2020-06-19,123284.34296265787,0.0,61.127175031686974,1.0,2020
2020-06-22,122748.8689093803,0.0,61.127175031686974,1.0,2020
2020-06-23,122578.32409104188,0.0,61.127175031686974,1.0,2020
2020-06-24,122805.71718215976,0.0,61.127175031686974,1.0,2020
2020-06-29,122140.0422460647,0.0,61.127175031686974,1.0,2020
2020-06-30,122745.8125506287,0.0,61.127175031686974,1.0,2020
2020-07-01,124915.21599250328,0.0,61.127175031686974,1.0,2020
2020-07-02,127557.13249737279,127557.13249737279,0.0,0.0,2020
2020-07-03,127557.13249737279,127557.13249737279,0.0,0.0,2020
2020-07-06,127557.13249737279,127557.13249737279,0.0,0.0,2020
2020-07-07,127557.13249737279,127557.13249737279,0.0,0.0,2020
2020-07-08,127557.13249737279,127557.13249737279,0.0,0.0,2020
2020-07-09,127557.13249737279,127557.13249737279,0.0,0.0,2020
2020-07-10,127557.13249737279,127557.13249737279,0.0,0.0,2020
2020-07-13,127557.13249737279,127557.13249737279,0.0,0.0,2020
2020-07-14,127557.13249737279,127557.13249737279,0.0,0.0,2020
2020-07-15,127557.13249737279,127557.13249737279,0.0,0.0,2020
2020-07-16,127557.13249737279,127557.13249737279,0.0,0.0,2020
2020-07-17,127557.13249737279,127557.13249737279,0.0,0.0,2020
2020-07-20,127557.13249737279,127557.13249737279,0.0,0.0,2020
2020-07-21,127557.13249737279,127557.13249737279,0.0,0.0,2020
2020-07-22,127557.13249737279,127557.13249737279,0.0,0.0,2020
2020-07-23,127557.13249737279,127557.13249737279,0.0,0.0,2020
2020-07-24,127557.13249737279,127557.13249737279,0.0,0.0,2020
2020-07-27,127557.13249737279,127557.13249737279,0.0,0.0,2020
2020-07-28,127557.13249737279,127557.13249737279,0.0,0.0,2020
2020-07-29,127557.13249737279,127557.13249737279,0.0,0.0,2020
2020-07-30,127557.13249737279,127557.13249737279,0.0,0.0,2020
2020-07-31,127557.13249737279,127557.13249737279,0.0,0.0,2020
2020-08-03,127557.13249737279,127557.13249737279,0.0,0.0,2020
2020-08-04,127557.13249737279,127557.13249737279,0.0,0.0,2020
2020-08-05,127557.13249737279,127557.13249737279,0.0,0.0,2020
2020-08-06,127557.13249737279,127557.13249737279,0.0,0.0,2020
2020-08-07,127557.13249737279,127557.13249737279,0.0,0.0,2020
2020-08-10,127557.13249737279,127557.13249737279,0.0,0.0,2020
2020-08-11,127557.13249737279,127557.13249737279,0.0,0.0,2020
2020-08-12,127557.13249737279,127557.13249737279,0.0,0.0,2020
2020-08-13,127557.13249737279,127557.13249737279,0.0,0.0,2020
2020-08-14,127557.13249737279,127557.13249737279,0.0,0.0,2020
2020-08-17,127557.13249737279,127557.13249737279,0.0,0.0,2020
2020-08-18,127557.13249737279,127557.13249737279,0.0,0.0,2020
2020-08-19,127557.13249737279,127557.13249737279,0.0,0.0,2020
2020-08-20,127557.13249737279,127557.13249737279,0.0,0.0,2020
2020-08-21,127557.13249737279,127557.13249737279,0.0,0.0,2020
2020-08-24,127557.13249737279,127557.13249737279,0.0,0.0,2020
2020-08-25,127557.13249737279,127557.13249737279,0.0,0.0,2020
2020-08-26,127557.13249737279,127557.13249737279,0.0,0.0,2020
2020-08-27,127557.13249737279,127557.13249737279,0.0,0.0,2020
2020-08-28,127557.13249737279,127557.13249737279,0.0,0.0,2020
2020-08-31,127557.13249737279,127557.13249737279,0.0,0.0,2020
2020-09-01,127557.13249737279,127557.13249737279,0.0,0.0,2020
2020-09-02,127557.13249737279,127557.13249737279,0.0,0.0,2020
2020-09-03,127557.13249737279,127557.13249737279,0.0,0.0,2020
2020-09-04,127557.13249737279,127557.13249737279,0.0,0.0,2020
2020-09-07,127557.13249737279,127557.13249737279,0.0,0.0,2020
2020-09-08,127557.13249737279,127557.13249737279,0.0,0.0,2020
2020-09-09,127557.13249737279,127557.13249737279,0.0,0.0,2020
2020-09-10,127557.13249737279,127557.13249737279,0.0,0.0,2020
2020-09-11,127557.13249737279,127557.13249737279,0.0,0.0,2020
2020-09-14,127557.13249737279,127557.13249737279,0.0,0.0,2020
2020-09-15,127557.13249737279,127557.13249737279,0.0,0.0,2020
2020-09-16,127557.13249737279,127557.13249737279,0.0,0.0,2020
2020-09-17,127557.13249737279,127557.13249737279,0.0,0.0,2020
2020-09-18,127557.13249737279,127557.13249737279,0.0,0.0,2020
2020-09-21,127557.13249737279,127557.13249737279,0.0,0.0,2020
2020-09-22,127557.13249737279,127557.13249737279,0.0,0.0,2020
2020-09-23,127557.13249737279,127557.13249737279,0.0,0.0,2020
2020-09-24,127557.13249737279,127557.13249737279,0.0,0.0,2020
2020-09-25,127557.13249737279,127557.13249737279,0.0,0.0,2020
2020-09-28,127557.13249737279,127557.13249737279,0.0,0.0,2020
2020-09-29,127557.13249737279,127557.13249737279,0.0,0.0,2020
2020-09-30,127557.13249737279,127557.13249737279,0.0,0.0,2020
2020-10-09,127557.13249737279,127557.13249737279,0.0,0.0,2020
2020-10-12,127557.13249737279,127557.13249737279,0.0,0.0,2020
2020-10-13,127557.13249737279,127557.13249737279,0.0,0.0,2020
2020-10-14,127557.13249737279,127557.13249737279,0.0,0.0,2020
2020-10-15,127557.13249737279,127557.13249737279,0.0,0.0,2020
2020-10-16,127557.13249737279,127557.13249737279,0.0,0.0,2020
2020-10-19,127557.13249737279,127557.13249737279,0.0,0.0,2020
2020-10-20,127557.13249737279,127557.13249737279,0.0,0.0,2020
2020-10-21,127557.13249737279,127557.13249737279,0.0,0.0,2020
2020-10-22,127557.13249737279,127557.13249737279,0.0,0.0,2020
2020-10-23,127557.13249737279,127557.13249737279,0.0,0.0,2020
2020-10-26,127557.13249737279,127557.13249737279,0.0,0.0,2020
2020-10-27,127557.13249737279,127557.13249737279,0.0,0.0,2020
2020-10-28,127557.13249737279,127557.13249737279,0.0,0.0,2020
2020-10-29,127557.13249737279,127557.13249737279,0.0,0.0,2020
2020-10-30,127557.13249737279,127557.13249737279,0.0,0.0,2020
2020-11-02,127557.13249737279,127557.13249737279,0.0,0.0,2020
2020-11-03,127557.13249737279,127557.13249737279,0.0,0.0,2020
2020-11-04,127557.13249737279,127557.13249737279,0.0,0.0,2020
2020-11-05,127557.13249737279,127557.13249737279,0.0,0.0,2020
2020-11-06,127557.13249737279,127557.13249737279,0.0,0.0,2020
2020-11-09,127557.13249737279,127557.13249737279,0.0,0.0,2020
2020-11-10,127557.13249737279,127557.13249737279,0.0,0.0,2020
2020-11-11,127557.13249737279,127557.13249737279,0.0,0.0,2020
2020-11-12,127557.13249737279,127557.13249737279,0.0,0.0,2020
2020-11-13,127557.13249737279,127557.13249737279,0.0,0.0,2020
2020-11-16,127557.13249737279,127557.13249737279,0.0,0.0,2020
2020-11-17,127557.13249737279,127557.13249737279,0.0,0.0,2020
2020-11-18,127557.13249737279,127557.13249737279,0.0,0.0,2020
2020-11-19,127557.13249737279,127557.13249737279,0.0,0.0,2020
2020-11-20,127557.13249737279,127557.13249737279,0.0,0.0,2020
2020-11-23,127557.13249737279,127557.13249737279,0.0,0.0,2020
2020-11-24,127557.13249737279,127557.13249737279,0.0,0.0,2020
2020-11-25,127557.13249737279,127557.13249737279,0.0,0.0,2020
2020-11-26,127557.13249737279,127557.13249737279,0.0,0.0,2020
2020-11-27,127557.13249737279,127557.13249737279,0.0,0.0,2020
2020-11-30,127557.13249737279,127557.13249737279,0.0,0.0,2020
2020-12-01,127557.13249737279,127557.13249737279,0.0,0.0,2020
2020-12-02,127557.13249737279,127557.13249737279,0.0,0.0,2020
2020-12-03,127557.13249737279,127557.13249737279,0.0,0.0,2020
2020-12-04,127557.13249737279,127557.13249737279,0.0,0.0,2020
2020-12-07,127557.13249737279,127557.13249737279,0.0,0.0,2020
2020-12-08,127557.13249737279,127557.13249737279,0.0,0.0,2020
2020-12-09,127557.13249737279,127557.13249737279,0.0,0.0,2020
2020-12-10,127557.13249737279,127557.13249737279,0.0,0.0,2020
2020-12-11,127557.13249737279,127557.13249737279,0.0,0.0,2020
2020-12-14,127557.13249737279,127557.13249737279,0.0,0.0,2020
2020-12-15,127557.13249737279,127557.13249737279,0.0,0.0,2020
2020-12-16,127557.13249737279,127557.13249737279,0.0,0.0,2020
2020-12-17,127557.13249737279,127557.13249737279,0.0,0.0,2020
2020-12-18,127557.13249737279,127557.13249737279,0.0,0.0,2020
2020-12-21,127557.13249737279,127557.13249737279,0.0,0.0,2020
2020-12-22,127557.13249737279,127557.13249737279,0.0,0.0,2020
2020-12-23,127557.13249737279,127557.13249737279,0.0,0.0,2020
2020-12-24,127557.13249737279,0.0,57.43591784145456,1.0,2020
2020-12-25,128624.29185086701,0.0,57.43591784145456,1.0,2020
2020-12-28,128530.67130478543,0.0,57.43591784145456,1.0,2020
2020-12-29,127713.93255307995,0.0,57.43591784145456,1.0,2020
2020-12-30,128051.6557499877,0.0,57.43591784145456,1.0,2020
2020-12-31,129005.66634533426,0.0,57.43591784145456,1.0,2020
2021-01-04,129258.38438383666,0.0,57.43591784145456,1.0,2021
2021-01-05,129384.16904390945,0.0,57.43591784145456,1.0,2021
2021-01-06,130183.6770202625,0.0,57.43591784145456,1.0,2021
2021-01-07,129893.05127598475,0.0,57.43591784145456,1.0,2021
2021-01-08,130592.62075529365,0.0,57.43591784145456,1.0,2021
2021-01-11,129074.58944674402,0.0,57.43591784145456,1.0,2021
2021-01-12,130459.9437850799,0.0,57.43591784145456,1.0,2021
2021-01-13,131713.76987155885,0.0,57.43591784145456,1.0,2021
2021-01-14,132025.07254625953,0.0,57.43591784145456,1.0,2021
2021-01-15,132102.6110353455,0.0,57.43591784145456,1.0,2021
2021-01-18,132497.7701500947,0.0,57.43591784145456,1.0,2021
2021-01-19,132476.51886049338,0.0,57.43591784145456,1.0,2021
2021-01-20,131808.53913599724,0.0,57.43591784145456,1.0,2021
2021-01-21,132067.5751254622,0.0,57.43591784145456,1.0,2021
2021-01-22,130468.55917275611,0.0,57.43591784145456,1.0,2021
2021-01-25,129787.36918715647,0.0,57.43591784145456,1.0,2021
2021-01-26,129013.70737383205,0.0,57.43591784145456,1.0,2021
2021-01-27,129864.90767624242,0.0,57.43591784145456,1.0,2021
2021-01-28,128261.296850109,0.0,57.43591784145456,1.0,2021
2021-01-29,127694.97870019228,0.0,57.43591784145456,1.0,2021
2021-02-01,128979.82018230562,0.0,57.43591784145456,1.0,2021
2021-02-02,129029.21507164925,0.0,57.43591784145456,1.0,2021
2021-02-03,128744.33291915565,0.0,57.43591784145456,1.0,2021
2021-02-04,127931.04032252064,0.0,57.43591784145456,1.0,2021
2021-02-05,129016.00481054574,0.0,57.43591784145456,1.0,2021
2021-02-08,130097.52314350032,0.0,57.43591784145456,1.0,2021
2021-02-09,131486.3236369067,0.0,57.43591784145456,1.0,2021
2021-02-10,132019.9033136538,0.0,57.43591784145456,1.0,2021
2021-02-18,133944.0065613425,0.0,57.43591784145456,1.0,2021
2021-02-19,136301.75098873425,0.0,57.43591784145456,1.0,2021
2021-02-22,136819.24860848574,0.0,57.43591784145456,1.0,2021
2021-02-23,136488.41772171896,0.0,57.43591784145456,1.0,2021
2021-02-24,134942.8171726054,0.0,57.43591784145456,1.0,2021
2021-02-25,136248.33558514167,0.0,57.43591784145456,1.0,2021
2021-02-26,133718.85776340403,0.0,57.43591784145456,1.0,2021
2021-03-01,134915.2479320415,0.0,57.43591784145456,1.0,2021
2021-03-02,134189.25793052552,0.0,57.43591784145456,1.0,2021
2021-03-03,137275.8641553253,0.0,57.43591784145456,1.0,2021
2021-03-04,136583.76134533578,0.0,57.43591784145456,1.0,2021
2021-03-05,136439.59719155374,0.0,57.43591784145456,1.0,2021
2021-03-08,135893.95597205992,0.0,57.43591784145456,1.0,2021
2021-03-09,134969.8120539909,0.0,57.43591784145456,1.0,2021
2021-03-10,133998.5706832919,0.0,57.43591784145456,1.0,2021
2021-03-11,136772.72551503417,0.0,57.43591784145456,1.0,2021
2021-03-12,138271.22861151773,0.0,57.43591784145456,1.0,2021
2021-03-15,138997.2186130337,0.0,57.43591784145456,1.0,2021
2021-03-16,140126.4087577967,0.0,57.43591784145456,1.0,2021
2021-03-17,138540.0287070157,0.0,57.43591784145456,1.0,2021
2021-03-18,138873.73138967456,0.0,57.43591784145456,1.0,2021
2021-03-19,137402.79753375493,0.0,57.43591784145456,1.0,2021
2021-03-22,139627.86499093287,0.0,57.43591784145456,1.0,2021
2021-03-23,138542.9005029078,0.0,57.43591784145456,1.0,2021
2021-03-24,137650.92069882998,0.0,57.43591784145456,1.0,2021
2021-03-25,136741.71011939977,0.0,57.43591784145456,1.0,2021
2021-03-26,138412.5209694077,0.0,57.43591784145456,1.0,2021
2021-03-29,139773.17786307176,0.0,57.43591784145456,1.0,2021
2021-03-30,139731.82400222588,0.0,57.43591784145456,1.0,2021
2021-03-31,140331.45498449067,0.0,57.43591784145456,1.0,2021
2021-04-01,140272.29598911398,0.0,57.43591784145456,1.0,2021
2021-04-02,139011.57759249405,0.0,57.43591784145456,1.0,2021
2021-04-06,138975.39296425393,0.0,57.43591784145456,1.0,2021
2021-04-07,139603.74190543944,0.0,57.43591784145456,1.0,2021
2021-04-08,138871.4339529609,0.0,57.43591784145456,1.0,2021
2021-04-09,138827.208296223,0.0,57.43591784145456,1.0,2021
2021-04-12,138698.55184025815,0.0,57.43591784145456,1.0,2021
2021-04-13,137232.7872169442,0.0,57.43591784145456,1.0,2021
2021-04-14,137553.85399767794,0.0,57.43591784145456,1.0,2021
2021-04-15,137211.53592734286,0.0,57.43591784145456,1.0,2021
2021-04-16,138532.5620376963,0.0,57.43591784145456,1.0,2021
2021-04-19,139075.33146129808,0.0,57.43591784145456,1.0,2021
2021-04-20,138707.74158711277,0.0,57.43591784145456,1.0,2021
2021-04-21,138457.89534450244,0.0,57.43591784145456,1.0,2021
2021-04-22,138248.25424438113,0.0,57.43591784145456,1.0,2021
2021-04-23,138153.48497994273,0.0,57.43591784145456,1.0,2021
2021-04-26,137309.17698767336,0.0,57.43591784145456,1.0,2021
2021-04-27,136901.38197099903,0.0,57.43591784145456,1.0,2021
2021-04-28,137401.6488153981,0.0,57.43591784145456,1.0,2021
2021-04-29,138390.12096144952,0.0,57.43591784145456,1.0,2021
2021-04-30,136958.24352966205,0.0,57.43591784145456,1.0,2021
2021-05-06,137734.77713887853,0.0,57.43591784145456,1.0,2021
2021-05-07,137965.66952860117,0.0,57.43591784145456,1.0,2021
2021-05-10,138559.5569190818,0.0,57.43591784145456,1.0,2021
2021-05-11,138876.0288263882,0.0,57.43591784145456,1.0,2021
2021-05-12,139610.63421558042,0.0,57.43591784145456,1.0,2021
2021-05-13,138705.4441503991,0.0,57.43591784145456,1.0,2021
2021-05-14,139710.57271262456,0.0,57.43591784145456,1.0,2021
2021-05-17,139940.89074316877,0.0,57.43591784145456,1.0,2021
2021-05-18,140288.3780461096,0.0,57.43591784145456,1.0,2021
2021-05-19,139440.62389876973,0.0,57.43591784145456,1.0,2021
2021-05-20,138973.6698867187,0.0,57.43591784145456,1.0,2021
2021-05-21,138884.64421406444,0.0,57.43591784145456,1.0,2021
2021-05-24,138702.57235450702,0.0,57.43591784145456,1.0,2021
2021-05-25,140399.80372672202,0.0,57.43591784145456,1.0,2021
2021-05-26,141466.38872103783,0.0,57.43591784145456,1.0,2021
2021-05-27,141736.33753489266,0.0,57.43591784145456,1.0,2021
2021-05-28,141646.73750306,0.0,57.43591784145456,1.0,2021
2021-05-31,142327.92748865965,0.0,57.43591784145456,1.0,2021
2021-06-01,141870.16322346326,0.0,57.43591784145456,1.0,2021
2021-06-02,141851.20937057558,0.0,57.43591784145456,1.0,2021
2021-06-03,142177.44538391504,0.0,57.43591784145456,1.0,2021
2021-06-04,141690.96315979792,0.0,57.43591784145456,1.0,2021
2021-06-07,140730.63461348877,0.0,57.43591784145456,1.0,2021
2021-06-08,140446.90117935202,0.0,57.43591784145456,1.0,2021
2021-06-09,140325.13703352812,0.0,57.43591784145456,1.0,2021
2021-06-10,139950.08049002342,0.0,57.43591784145456,1.0,2021
2021-06-11,139842.1009644815,0.0,57.43591784145456,1.0,2021
2021-06-15,138869.13651624724,0.0,57.43591784145456,1.0,2021
2021-06-16,138594.01846978668,0.0,57.43591784145456,1.0,2021
2021-06-17,138086.85931524663,0.0,57.43591784145456,1.0,2021
2021-06-18,137822.07973399753,0.0,57.43591784145456,1.0,2021
2021-06-21,137852.52077045353,0.0,57.43591784145456,1.0,2021
2021-06-22,139700.23424741311,0.0,57.43591784145456,1.0,2021
2021-06-23,139815.68044227443,0.0,57.43591784145456,1.0,2021
2021-06-24,140424.50117139384,0.0,57.43591784145456,1.0,2021
2021-06-25,140634.14227151516,0.0,57.43591784145456,1.0,2021
2021-06-28,140094.24464380546,0.0,57.43591784145456,1.0,2021
2021-06-29,138872.00831213934,0.0,57.43591784145456,1.0,2021
2021-06-30,138595.1671881435,0.0,57.43591784145456,1.0,2021
2021-07-01,138612.39796349595,0.0,57.43591784145456,1.0,2021
2021-07-02,138093.1772662092,0.0,57.43591784145456,1.0,2021
2021-07-05,137978.8797897047,0.0,57.43591784145456,1.0,2021
2021-07-06,137941.54644310774,0.0,57.43591784145456,1.0,2021
2021-07-07,137160.41796046396,0.0,57.43591784145456,1.0,2021
2021-07-08,135439.0635027556,0.0,57.43591784145456,1.0,2021
2021-07-09,135993.3201099256,0.0,57.43591784145456,1.0,2021
2021-07-12,135431.5968334362,0.0,57.43591784145456,1.0,2021
2021-07-13,136208.13044265268,0.0,57.43591784145456,1.0,2021
2021-07-14,135340.27372406828,0.0,57.43591784145456,1.0,2021
2021-07-15,135340.27372406828,0.0,57.43591784145456,1.0,2021
2021-07-16,134954.30435617373,0.0,57.43591784145456,1.0,2021
2021-07-19,134603.37089816242,0.0,57.43591784145456,1.0,2021
2021-07-20,134083.00148251886,0.0,57.43591784145456,1.0,2021
2021-07-21,133464.4166473664,0.0,57.43591784145456,1.0,2021
2021-07-22,134155.37073899907,0.0,57.43591784145456,1.0,2021
2021-07-23,133301.87299987508,0.0,57.43591784145456,1.0,2021
2021-07-26,130831.5541735141,0.0,57.43591784145456,1.0,2021
2021-07-27,128425.56357513557,0.0,57.43591784145456,1.0,2021
2021-07-28,127353.80934821404,0.0,57.43591784145456,1.0,2021
2021-07-29,127410.09654769866,0.0,57.43591784145456,1.0,2021
2021-07-30,127999.9634239304,0.0,57.43591784145456,1.0,2021
2021-08-02,129424.37418639846,0.0,57.43591784145456,1.0,2021
2021-08-03,129569.11269935893,0.0,57.43591784145456,1.0,2021
2021-08-04,129763.24610166304,0.0,57.43591784145456,1.0,2021
2021-08-05,129528.90755686992,0.0,57.43591784145456,1.0,2021
2021-08-06,130051.00005004875,0.0,57.43591784145456,1.0,2021
2021-08-09,131586.83649312923,0.0,57.43591784145456,1.0,2021
2021-08-10,132490.3034807753,0.0,57.43591784145456,1.0,2021
2021-08-11,133626.38593567928,0.0,57.43591784145456,1.0,2021
2021-08-12,133340.92942400725,0.0,57.43591784145456,1.0,2021
2021-08-13,133386.87815828042,0.0,57.43591784145456,1.0,2021
2021-08-16,134753.2786437286,0.0,57.43591784145456,1.0,2021
2021-08-17,133314.50890180017,0.0,57.43591784145456,1.0,2021
2021-08-18,135100.19158749102,0.0,57.43591784145456,1.0,2021
2021-08-19,133377.68841142577,0.0,57.43591784145456,1.0,2021
2021-08-20,132937.72928076025,0.0,57.43591784145456,1.0,2021
2021-08-23,134000.29376082716,0.0,57.43591784145456,1.0,2021
2021-08-24,134873.89407119568,0.0,57.43591784145456,1.0,2021
2021-08-25,136270.16123392142,0.0,57.43591784145456,1.0,2021
2021-08-26,135853.7508295709,0.0,57.43591784145456,1.0,2021
2021-08-27,136260.39712788837,0.0,57.43591784145456,1.0,2021
2021-08-30,136804.31526984696,136804.31526984696,0.0,0.0,2021
2021-08-31,136804.31526984696,136804.31526984696,0.0,0.0,2021
2021-09-01,136804.31526984696,136804.31526984696,0.0,0.0,2021
2021-09-02,136804.31526984696,136804.31526984696,0.0,0.0,2021
2021-09-03,136804.31526984696,136804.31526984696,0.0,0.0,2021
2021-09-06,136804.31526984696,136804.31526984696,0.0,0.0,2021
2021-09-07,136804.31526984696,136804.31526984696,0.0,0.0,2021
2021-09-08,136804.31526984696,136804.31526984696,0.0,0.0,2021
2021-09-09,136804.31526984696,136804.31526984696,0.0,0.0,2021
2021-09-10,136804.31526984696,136804.31526984696,0.0,0.0,2021
2021-09-13,136804.31526984696,136804.31526984696,0.0,0.0,2021
2021-09-14,136804.31526984696,136804.31526984696,0.0,0.0,2021
2021-09-15,136804.31526984696,136804.31526984696,0.0,0.0,2021
2021-09-16,136804.31526984696,136804.31526984696,0.0,0.0,2021
2021-09-17,136804.31526984696,136804.31526984696,0.0,0.0,2021
2021-09-22,136804.31526984696,136804.31526984696,0.0,0.0,2021
2021-09-23,136804.31526984696,136804.31526984696,0.0,0.0,2021
2021-09-24,136804.31526984696,136804.31526984696,0.0,0.0,2021
2021-09-27,136804.31526984696,136804.31526984696,0.0,0.0,2021
2021-09-28,136804.31526984696,136804.31526984696,0.0,0.0,2021
2021-09-29,136804.31526984696,136804.31526984696,0.0,0.0,2021
2021-09-30,136804.31526984696,136804.31526984696,0.0,0.0,2021
2021-10-08,136804.31526984696,136804.31526984696,0.0,0.0,2021
2021-10-11,136804.31526984696,136804.31526984696,0.0,0.0,2021
2021-10-12,136804.31526984696,136804.31526984696,0.0,0.0,2021
2021-10-13,136804.31526984696,136804.31526984696,0.0,0.0,2021
2021-10-14,136804.31526984696,136804.31526984696,0.0,0.0,2021
2021-10-15,136804.31526984696,136804.31526984696,0.0,0.0,2021
2021-10-18,136804.31526984696,136804.31526984696,0.0,0.0,2021
2021-10-19,136804.31526984696,136804.31526984696,0.0,0.0,2021
2021-10-20,136804.31526984696,136804.31526984696,0.0,0.0,2021
2021-10-21,136804.31526984696,136804.31526984696,0.0,0.0,2021
2021-10-22,136804.31526984696,136804.31526984696,0.0,0.0,2021
2021-10-25,136804.31526984696,136804.31526984696,0.0,0.0,2021
2021-10-26,136804.31526984696,136804.31526984696,0.0,0.0,2021
2021-10-27,136804.31526984696,136804.31526984696,0.0,0.0,2021
2021-10-28,136804.31526984696,136804.31526984696,0.0,0.0,2021
2021-10-29,136804.31526984696,136804.31526984696,0.0,0.0,2021
2021-11-01,136804.31526984696,136804.31526984696,0.0,0.0,2021
2021-11-02,136804.31526984696,0.0,57.75575123163926,1.0,2021
2021-11-03,137901.6745432481,0.0,57.75575123163926,1.0,2021
2021-11-04,138930.8820301959,0.0,57.75575123163926,1.0,2021
2021-11-05,136577.91272501895,0.0,57.75575123163926,1.0,2021
2021-11-08,136400.60256873778,0.0,57.75575123163926,1.0,2021
2021-11-09,136448.53984226007,0.0,57.75575123163926,1.0,2021
2021-11-10,136050.60271627406,0.0,57.75575123163926,1.0,2021
2021-11-11,137057.28546024155,0.0,57.75575123163926,1.0,2021
2021-11-12,137196.4768207098,0.0,57.75575123163926,1.0,2021
2021-11-15,137363.39094176923,0.0,57.75575123163926,1.0,2021
2021-11-16,136488.9688681222,0.0,57.75575123163926,1.0,2021
2021-11-17,137076.344858148,0.0,57.75575123163926,1.0,2021
2021-11-18,136932.5330375812,0.0,57.75575123163926,1.0,2021
2021-11-19,138421.47630433287,0.0,57.75575123163926,1.0,2021
2021-11-22,138251.67439571183,0.0,57.75575123163926,1.0,2021
2021-11-23,138579.14950519524,0.0,57.75575123163926,1.0,2021
2021-11-24,139336.32740384203,0.0,57.75575123163926,1.0,2021
2021-11-25,139387.15246492586,0.0,57.75575123163926,1.0,2021
2021-11-26,138423.2089768698,0.0,57.75575123163926,1.0,2021
2021-11-29,138517.35085137738,0.0,57.75575123163926,1.0,2021
2021-11-30,138402.99446393872,0.0,57.75575123163926,1.0,2021
2021-12-01,140244.8253707157,0.0,57.75575123163926,1.0,2021
2021-12-02,140336.07945766172,0.0,57.75575123163926,1.0,2021
2021-12-03,142344.8244854981,0.0,57.75575123163926,1.0,2021
2021-12-06,141794.9897337729,0.0,57.75575123163926,1.0,2021
2021-12-07,143366.5237247858,0.0,57.75575123163926,1.0,2021
2021-12-08,143844.16378747148,0.0,57.75575123163926,1.0,2021
2021-12-09,144986.5725468333,144986.5725468333,0.0,0.0,2021
2021-12-10,144986.5725468333,144986.5725468333,0.0,0.0,2021
2021-12-13,144986.5725468333,144986.5725468333,0.0,0.0,2021
2021-12-14,144986.5725468333,144986.5725468333,0.0,0.0,2021
2021-12-15,144986.5725468333,144986.5725468333,0.0,0.0,2021
2021-12-16,144986.5725468333,144986.5725468333,0.0,0.0,2021
2021-12-17,144986.5725468333,144986.5725468333,0.0,0.0,2021
2021-12-20,144986.5725468333,144986.5725468333,0.0,0.0,2021
2021-12-21,144986.5725468333,144986.5725468333,0.0,0.0,2021
2021-12-22,144986.5725468333,144986.5725468333,0.0,0.0,2021
2021-12-23,144986.5725468333,144986.5725468333,0.0,0.0,2021
2021-12-24,144986.5725468333,144986.5725468333,0.0,0.0,2021
2021-12-27,144986.5725468333,144986.5725468333,0.0,0.0,2021
2021-12-28,144986.5725468333,144986.5725468333,0.0,0.0,2021
2021-12-29,144986.5725468333,144986.5725468333,0.0,0.0,2021
2021-12-30,144986.5725468333,144986.5725468333,0.0,0.0,2021
2021-12-31,144986.5725468333,144986.5725468333,0.0,0.0,2021
2022-01-04,144986.5725468333,144986.5725468333,0.0,0.0,2022
2022-01-05,144986.5725468333,144986.5725468333,0.0,0.0,2022
2022-01-06,144986.5725468333,144986.5725468333,0.0,0.0,2022
2022-01-07,144986.5725468333,144986.5725468333,0.0,0.0,2022
2022-01-10,144986.5725468333,144986.5725468333,0.0,0.0,2022
2022-01-11,144986.5725468333,144986.5725468333,0.0,0.0,2022
2022-01-12,144986.5725468333,144986.5725468333,0.0,0.0,2022
2022-01-13,144986.5725468333,144986.5725468333,0.0,0.0,2022
2022-01-14,144986.5725468333,144986.5725468333,0.0,0.0,2022
2022-01-17,144986.5725468333,144986.5725468333,0.0,0.0,2022
2022-01-18,144986.5725468333,144986.5725468333,0.0,0.0,2022
2022-01-19,144986.5725468333,144986.5725468333,0.0,0.0,2022
2022-01-20,144986.5725468333,144986.5725468333,0.0,0.0,2022
2022-01-21,144986.5725468333,144986.5725468333,0.0,0.0,2022
2022-01-24,144986.5725468333,144986.5725468333,0.0,0.0,2022
2022-01-25,144986.5725468333,144986.5725468333,0.0,0.0,2022
2022-01-26,144986.5725468333,144986.5725468333,0.0,0.0,2022
2022-01-27,144986.5725468333,144986.5725468333,0.0,0.0,2022
2022-01-28,144986.5725468333,144986.5725468333,0.0,0.0,2022
2022-02-07,144986.5725468333,144986.5725468333,0.0,0.0,2022
2022-02-08,144986.5725468333,144986.5725468333,0.0,0.0,2022
2022-02-09,144986.5725468333,144986.5725468333,0.0,0.0,2022
2022-02-10,144986.5725468333,144986.5725468333,0.0,0.0,2022
2022-02-11,144986.5725468333,144986.5725468333,0.0,0.0,2022
2022-02-14,144986.5725468333,144986.5725468333,0.0,0.0,2022
2022-02-15,144986.5725468333,144986.5725468333,0.0,0.0,2022
2022-02-16,144986.5725468333,144986.5725468333,0.0,0.0,2022
2022-02-17,144986.5725468333,144986.5725468333,0.0,0.0,2022
2022-02-18,144986.5725468333,144986.5725468333,0.0,0.0,2022
2022-02-21,144986.5725468333,144986.5725468333,0.0,0.0,2022
2022-02-22,144986.5725468333,144986.5725468333,0.0,0.0,2022
2022-02-23,144986.5725468333,144986.5725468333,0.0,0.0,2022
2022-02-24,144986.5725468333,144986.5725468333,0.0,0.0,2022
2022-02-25,144986.5725468333,144986.5725468333,0.0,0.0,2022
2022-02-28,144986.5725468333,144986.5725468333,0.0,0.0,2022
2022-03-01,144986.5725468333,144986.5725468333,0.0,0.0,2022
2022-03-02,144986.5725468333,144986.5725468333,0.0,0.0,2022
2022-03-03,144986.5725468333,144986.5725468333,0.0,0.0,2022
2022-03-04,144986.5725468333,144986.5725468333,0.0,0.0,2022
2022-03-07,144986.5725468333,144986.5725468333,0.0,0.0,2022
2022-03-08,144986.5725468333,144986.5725468333,0.0,0.0,2022
2022-03-09,144986.5725468333,144986.5725468333,0.0,0.0,2022
2022-03-10,144986.5725468333,144986.5725468333,0.0,0.0,2022
2022-03-11,144986.5725468333,144986.5725468333,0.0,0.0,2022
2022-03-14,144986.5725468333,144986.5725468333,0.0,0.0,2022
2022-03-15,144986.5725468333,0.0,60.764773513674726,1.0,2022
2022-03-16,148513.360001567,0.0,60.764773513674726,1.0,2022
2022-03-17,149804.00379099743,0.0,60.764773513674726,1.0,2022
2022-03-18,153093.80862902777,0.0,60.764773513674726,1.0,2022
2022-03-21,153022.7138440168,0.0,60.764773513674726,1.0,2022
2022-03-22,154776.38520762144,0.0,60.764773513674726,1.0,2022
2022-03-23,154330.9794177662,0.0,60.764773513674726,1.0,2022
2022-03-24,154191.82808641988,0.0,60.764773513674726,1.0,2022
2022-03-25,153728.80051224568,0.0,60.764773513674726,1.0,2022
2022-03-28,155091.14673442228,0.0,60.764773513674726,1.0,2022
2022-03-29,155005.468403768,0.0,60.764773513674726,1.0,2022
2022-03-30,157227.02852342793,0.0,60.764773513674726,1.0,2022
2022-03-31,158367.5833222796,0.0,60.764773513674726,1.0,2022
2022-04-01,159535.48226921246,0.0,60.764773513674726,1.0,2022
2022-04-06,162248.0217588629,0.0,60.764773513674726,1.0,2022
2022-04-07,159372.02502846066,0.0,60.764773513674726,1.0,2022
2022-04-08,160835.24077466995,0.0,60.764773513674726,1.0,2022
2022-04-11,158643.4553940317,0.0,60.764773513674726,1.0,2022
2022-04-12,159859.35851204034,0.0,60.764773513674726,1.0,2022
2022-04-13,158405.2574818581,0.0,60.764773513674726,1.0,2022
2022-04-14,159725.0683625751,0.0,60.764773513674726,1.0,2022
2022-04-15,159099.19119538428,0.0,60.764773513674726,1.0,2022
2022-04-18,157797.0020989862,0.0,60.764773513674726,1.0,2022
2022-04-19,159345.89617584978,0.0,60.764773513674726,1.0,2022
2022-04-20,156132.65495244667,0.0,60.764773513674726,1.0,2022
2022-04-21,153158.82693668743,0.0,60.764773513674726,1.0,2022
2022-04-22,155121.52912117913,0.0,60.764773513674726,1.0,2022
2022-04-25,149535.423492067,0.0,60.764773513674726,1.0,2022
2022-04-26,148450.1646371128,0.0,60.764773513674726,1.0,2022
2022-04-27,150852.80378184348,0.0,60.764773513674726,1.0,2022
2022-04-28,153201.362278147,0.0,60.764773513674726,1.0,2022
2022-04-29,155552.35136539105,0.0,60.764773513674726,1.0,2022
2022-05-05,155958.86770019756,0.0,60.764773513674726,1.0,2022
2022-05-06,152185.37526499835,0.0,60.764773513674726,1.0,2022
2022-05-09,153887.3965711164,0.0,60.764773513674726,1.0,2022
2022-05-10,156215.9026921604,0.0,60.764773513674726,1.0,2022
2022-05-11,155841.59168731616,0.0,60.764773513674726,1.0,2022
2022-05-12,155917.54765420826,0.0,60.764773513674726,1.0,2022
2022-05-13,157561.23477775315,0.0,60.764773513674726,1.0,2022
2022-05-16,157322.42921784442,0.0,60.764773513674726,1.0,2022
2022-05-17,155814.85518697015,0.0,60.764773513674726,1.0,2022
2022-05-18,155389.5017723744,0.0,60.764773513674726,1.0,2022
2022-05-19,156198.8885555766,0.0,60.764773513674726,1.0,2022
2022-05-20,157612.27718750463,0.0,60.764773513674726,1.0,2022
2022-05-23,157129.80488580605,0.0,60.764773513674726,1.0,2022
2022-05-24,153333.8294844068,0.0,60.764773513674726,1.0,2022
2022-05-25,156542.81717366396,0.0,60.764773513674726,1.0,2022
2022-05-26,157998.74114705162,0.0,60.764773513674726,1.0,2022
2022-05-27,158888.33743129182,0.0,60.764773513674726,1.0,2022
2022-05-30,158684.775440021,0.0,60.764773513674726,1.0,2022
2022-05-31,158374.87509510128,0.0,60.764773513674726,1.0,2022
2022-06-01,157833.4609630944,0.0,60.764773513674726,1.0,2022
2022-06-02,156980.3235429624,0.0,60.764773513674726,1.0,2022
2022-06-06,157075.7242373789,0.0,60.764773513674726,1.0,2022
2022-06-07,157530.8523909963,0.0,60.764773513674726,1.0,2022
2022-06-08,157814.62388330518,0.0,60.764773513674726,1.0,2022
2022-06-09,158184.0737062683,0.0,60.764773513674726,1.0,2022
2022-06-10,158763.7696455888,0.0,60.764773513674726,1.0,2022
2022-06-13,156390.9052398798,0.0,60.764773513674726,1.0,2022
2022-06-14,158446.5775278474,0.0,60.764773513674726,1.0,2022
2022-06-15,159463.17218873117,0.0,60.764773513674726,1.0,2022
2022-06-16,157533.890629672,0.0,60.764773513674726,1.0,2022
2022-06-17,157023.46653215712,0.0,60.764773513674726,1.0,2022
2022-06-20,156402.4505468474,0.0,60.764773513674726,1.0,2022
2022-06-21,156717.2120736482,0.0,60.764773513674726,1.0,2022
2022-06-22,154821.95878775668,0.0,60.764773513674726,1.0,2022
2022-06-23,155994.71891657062,0.0,60.764773513674726,1.0,2022
2022-06-24,155559.64313821273,0.0,60.764773513674726,1.0,2022
2022-06-27,156123.54023641962,0.0,60.764773513674726,1.0,2022
2022-06-28,156967.56294052454,0.0,60.764773513674726,1.0,2022
2022-06-29,156358.69990991752,0.0,60.764773513674726,1.0,2022
2022-06-30,156549.5012987505,0.0,60.764773513674726,1.0,2022
2022-07-01,156532.48716216662,0.0,60.764773513674726,1.0,2022
2022-07-04,156833.88043879447,0.0,60.764773513674726,1.0,2022
2022-07-05,156875.8081325189,0.0,60.764773513674726,1.0,2022
2022-07-06,154731.41927522133,0.0,60.764773513674726,1.0,2022
2022-07-07,154251.3775644633,0.0,60.764773513674726,1.0,2022
2022-07-08,154453.1166125287,0.0,60.764773513674726,1.0,2022
2022-07-11,154320.04175853374,0.0,60.764773513674726,1.0,2022
2022-07-12,154654.24801285897,0.0,60.764773513674726,1.0,2022
2022-07-13,154648.77918324273,0.0,60.764773513674726,1.0,2022
2022-07-14,152718.88997644844,0.0,60.764773513674726,1.0,2022
2022-07-15,148935.67517748702,0.0,60.764773513674726,1.0,2022
2022-07-18,151426.42324381258,0.0,60.764773513674726,1.0,2022
2022-07-19,151949.6079437653,0.0,60.764773513674726,1.0,2022
2022-07-20,152566.37039492908,0.0,60.764773513674726,1.0,2022
2022-07-21,150803.5843152974,0.0,60.764773513674726,1.0,2022
2022-07-22,151197.340047666,0.0,60.764773513674726,1.0,2022
2022-07-25,150945.16623758426,0.0,60.764773513674726,1.0,2022
2022-07-26,152006.72683086814,0.0,60.764773513674726,1.0,2022
2022-07-27,151513.31686993712,0.0,60.764773513674726,1.0,2022
2022-07-28,151324.33842430956,0.0,60.764773513674726,1.0,2022
2022-07-29,150197.75952336605,0.0,60.764773513674726,1.0,2022
2022-08-01,149585.2506063482,0.0,60.764773513674726,1.0,2022
2022-08-02,145796.5669777706,0.0,60.764773513674726,1.0,2022
2022-08-03,144364.94891378842,0.0,60.764773513674726,1.0,2022
2022-08-04,145388.2276997587,0.0,60.764773513674726,1.0,2022
2022-08-05,146372.61703068024,0.0,60.764773513674726,1.0,2022
2022-08-08,146630.86731811336,0.0,60.764773513674726,1.0,2022
2022-08-09,146547.01193066448,0.0,60.764773513674726,1.0,2022
2022-08-10,145928.42653629527,0.0,60.764773513674726,1.0,2022
2022-08-11,147952.5011420358,0.0,60.764773513674726,1.0,2022
2022-08-12,148547.99592246977,0.0,60.764773513674726,1.0,2022
2022-08-15,147914.82698245728,0.0,60.764773513674726,1.0,2022
2022-08-16,148191.91434967966,0.0,60.764773513674726,1.0,2022
2022-08-17,148975.77992800603,0.0,60.764773513674726,1.0,2022
2022-08-18,147657.79199049444,0.0,60.764773513674726,1.0,2022
2022-08-19,148201.63671344184,0.0,60.764773513674726,1.0,2022
2022-08-22,148954.51225727625,0.0,60.764773513674726,1.0,2022
2022-08-23,149274.74261369332,0.0,60.764773513674726,1.0,2022
2022-08-24,147885.6598911707,0.0,60.764773513674726,1.0,2022
2022-08-25,149954.70042931134,0.0,60.764773513674726,1.0,2022
2022-08-26,149918.24156520315,0.0,60.764773513674726,1.0,2022
2022-08-29,150387.95326446387,0.0,60.764773513674726,1.0,2022
2022-08-30,150826.06728149747,0.0,60.764773513674726,1.0,2022
2022-08-31,150268.85430837705,0.0,60.764773513674726,1.0,2022
2022-09-01,150668.0788703619,0.0,60.764773513674726,1.0,2022
2022-09-02,150970.07979472485,0.0,60.764773513674726,1.0,2022
2022-09-05,152694.58406704295,0.0,60.764773513674726,1.0,2022
2022-09-06,153706.92519378077,153706.92519378077,0.0,0.0,2022
2022-09-07,153706.92519378077,76853.46259689039,30.495348566521457,0.5,2022
2022-09-08,153746.56914691726,76853.46259689039,30.495348566521457,0.5,2022
2022-09-09,154388.80118772818,154388.80118772818,0.0,0.0,2022
2022-09-13,154388.80118772818,154388.80118772818,0.0,0.0,2022
2022-09-14,154388.80118772818,77194.40059386409,30.689571783370013,0.5,2022
2022-09-15,154378.36673332183,77194.40059386409,30.689571783370013,0.5,2022
2022-09-16,152405.94795480464,77194.40059386409,30.689571783370013,0.5,2022
2022-09-19,152172.09341781537,77194.40059386409,30.689571783370013,0.5,2022
2022-09-20,152111.63496140213,77194.40059386409,30.689571783370013,0.5,2022
2022-09-21,152727.8815628122,77194.40059386409,30.689571783370013,0.5,2022
2022-09-22,152441.85475379118,77194.40059386409,30.689571783370013,0.5,2022
2022-09-23,152356.84463995125,77194.40059386409,30.689571783370013,0.5,2022
2022-09-26,150653.57340597422,77194.40059386409,30.689571783370013,0.5,2022
2022-09-27,151417.43684766232,77194.40059386409,30.689571783370013,0.5,2022
2022-09-28,150781.24202459306,77194.40059386409,30.689571783370013,0.5,2022
2022-09-29,150169.29196323265,77194.40059386409,30.689571783370013,0.5,2022
2022-09-30,150503.50139995356,77194.40059386409,30.689571783370013,0.5,2022
2022-10-10,150480.79111683386,77194.40059386409,30.689571783370013,0.5,2022
2022-10-11,150604.77698683867,77194.40059386409,30.689571783370013,0.5,2022
2022-10-12,151470.83670256537,77194.40059386409,30.689571783370013,0.5,2022
2022-10-13,151195.2443479507,77194.40059386409,30.689571783370013,0.5,2022
2022-10-14,152035.52482337938,77194.40059386409,30.689571783370013,0.5,2022
2022-10-17,152049.3351306819,77194.40059386409,30.689571783370013,0.5,2022
2022-10-18,152078.18332815825,77194.40059386409,30.689571783370013,0.5,2022
2022-10-19,151559.2226693015,77194.40059386409,30.689571783370013,0.5,2022
2022-10-20,151209.05465525322,77194.40059386409,30.689571783370013,0.5,2022
2022-10-21,151405.4679146668,38597.200296932046,46.65122806880335,1.0,2022
2022-10-24,149339.2850234995,38597.200296932046,46.65122806880335,1.0,2022
2022-10-25,148996.86500947445,38597.200296932046,46.65122806880335,1.0,2022
2022-10-26,149058.911142806,38597.200296932046,46.65122806880335,1.0,2022
2022-10-27,149652.78127612185,38597.200296932046,46.65122806880335,1.0,2022
2022-10-28,147511.95642004447,38597.200296932046,46.65122806880335,1.0,2022
2022-10-31,146459.03820253158,38597.200296932046,46.65122806880335,1.0,2022
2022-11-01,147733.54975337128,38597.200296932046,46.65122806880335,1.0,2022
2022-11-02,148097.89584458864,38597.200296932046,46.65122806880335,1.0,2022
2022-11-03,147619.25424460272,38597.200296932046,46.65122806880335,1.0,2022
2022-11-04,149002.46315684274,38597.200296932046,46.65122806880335,1.0,2022
2022-11-07,149323.42360595608,38597.200296932046,46.65122806880335,1.0,2022
2022-11-08,149378.4720550773,38597.200296932046,46.65122806880335,1.0,2022
2022-11-09,149440.9847006895,38597.200296932046,46.65122806880335,1.0,2022
2022-11-10,149695.23389366447,38597.200296932046,46.65122806880335,1.0,2022
2022-11-11,151398.0037181758,38597.200296932046,46.65122806880335,1.0,2022
2022-11-14,152090.7744549975,38597.200296932046,46.65122806880335,1.0,2022
2022-11-15,152883.84533216717,38597.200296932046,46.65122806880335,1.0,2022
2022-11-16,152488.24291814372,38597.200296932046,46.65122806880335,1.0,2022
2022-11-17,152859.12018129072,38597.200296932046,46.65122806880335,1.0,2022
2022-11-18,152584.34444796544,38597.200296932046,46.65122806880335,1.0,2022
2022-11-21,152270.3816830624,38597.200296932046,46.65122806880335,1.0,2022
2022-11-22,153424.9995777653,38597.200296932046,46.65122806880335,1.0,2022
2022-11-23,153864.92065845412,38597.200296932046,46.65122806880335,1.0,2022
2022-11-24,154136.43080581454,38597.200296932046,46.65122806880335,1.0,2022
2022-11-25,155643.73198471757,38597.200296932046,46.65122806880335,1.0,2022
2022-11-28,155281.25194262297,38597.200296932046,46.65122806880335,1.0,2022
2022-11-29,157829.8085320217,157829.8085320217,0.0,0.0,2022
2022-11-30,157829.8085320217,157829.8085320217,0.0,0.0,2022
2022-12-01,157829.8085320217,157829.8085320217,0.0,0.0,2022
2022-12-02,157829.8085320217,157829.8085320217,0.0,0.0,2022
2022-12-05,157829.8085320217,157829.8085320217,0.0,0.0,2022
2022-12-06,157829.8085320217,157829.8085320217,0.0,0.0,2022
2022-12-07,157829.8085320217,157829.8085320217,0.0,0.0,2022
2022-12-08,157829.8085320217,157829.8085320217,0.0,0.0,2022
2022-12-09,157829.8085320217,157829.8085320217,0.0,0.0,2022
2022-12-12,157829.8085320217,157829.8085320217,0.0,0.0,2022
2022-12-13,157829.8085320217,157829.8085320217,0.0,0.0,2022
2022-12-14,157829.8085320217,157829.8085320217,0.0,0.0,2022
2022-12-15,157829.8085320217,157829.8085320217,0.0,0.0,2022
2022-12-16,157829.8085320217,157829.8085320217,0.0,0.0,2022
2022-12-19,157829.8085320217,78914.90426601085,31.638730787214936,0.5,2022
2022-12-20,157164.76241087445,78914.90426601085,31.638730787214936,0.5,2022
2022-12-21,157249.2378220763,78914.90426601085,31.638730787214936,0.5,2022
2022-12-22,156825.9116041434,78914.90426601085,31.638730787214936,0.5,2022
2022-12-23,156547.174385908,78914.90426601085,31.638730787214936,0.5,2022
2022-12-26,156430.11108199533,78914.90426601085,31.638730787214936,0.5,2022
2022-12-27,157275.81435593756,78914.90426601085,31.638730787214936,0.5,2022
2022-12-28,157404.58399024152,78914.90426601085,31.638730787214936,0.5,2022
2022-12-29,156975.5628007669,78914.90426601085,31.638730787214936,0.5,2022
2022-12-30,157739.954536586,78914.90426601085,31.638730787214936,0.5,2022
2023-01-03,158208.2077522368,78914.90426601085,31.638730787214936,0.5,2023
2023-01-04,158873.57026069192,78914.90426601085,31.638730787214936,0.5,2023
2023-01-05,158869.77361299747,78914.90426601085,31.638730787214936,0.5,2023
2023-01-06,158613.49989362102,78914.90426601085,31.638730787214936,0.5,2023
2023-01-09,158629.31925901462,78914.90426601085,31.638730787214936,0.5,2023
2023-01-10,158080.07089254857,78914.90426601085,31.638730787214936,0.5,2023
2023-01-11,158118.98653141683,78914.90426601085,31.638730787214936,0.5,2023
2023-01-12,158041.78802829603,78914.90426601085,31.638730787214936,0.5,2023
2023-01-13,158892.23711185638,78914.90426601085,31.638730787214936,0.5,2023
2023-01-16,159274.43297976593,78914.90426601085,31.638730787214936,0.5,2023
2023-01-17,159089.03001735287,78914.90426601085,31.638730787214936,0.5,2023
2023-01-18,159321.5746886389,78914.90426601085,31.638730787214936,0.5,2023
2023-01-19,159627.52121535127,78914.90426601085,31.638730787214936,0.5,2023
2023-01-20,160262.82692955853,78914.90426601085,31.638730787214936,0.5,2023
2023-01-30,160325.47161651723,78914.90426601085,31.638730787214936,0.5,2023
2023-01-31,160369.13306500358,160369.13306500358,0.0,0.0,2023
2023-02-01,160369.13306500358,160369.13306500358,0.0,0.0,2023
2023-02-02,160369.13306500358,160369.13306500358,0.0,0.0,2023
2023-02-03,160369.13306500358,160369.13306500358,0.0,0.0,2023
2023-02-06,160369.13306500358,160369.13306500358,0.0,0.0,2023
2023-02-07,160369.13306500358,160369.13306500358,0.0,0.0,2023
2023-02-08,160369.13306500358,160369.13306500358,0.0,0.0,2023
2023-02-09,160369.13306500358,160369.13306500358,0.0,0.0,2023
2023-02-10,160369.13306500358,160369.13306500358,0.0,0.0,2023
2023-02-13,160369.13306500358,160369.13306500358,0.0,0.0,2023
2023-02-14,160369.13306500358,160369.13306500358,0.0,0.0,2023
2023-02-15,160369.13306500358,160369.13306500358,0.0,0.0,2023
2023-02-16,160369.13306500358,160369.13306500358,0.0,0.0,2023
2023-02-17,160369.13306500358,160369.13306500358,0.0,0.0,2023
2023-02-20,160369.13306500358,160369.13306500358,0.0,0.0,2023
2023-02-21,160369.13306500358,160369.13306500358,0.0,0.0,2023
2023-02-22,160369.13306500358,160369.13306500358,0.0,0.0,2023
2023-02-23,160369.13306500358,160369.13306500358,0.0,0.0,2023
2023-02-24,160369.13306500358,160369.13306500358,0.0,0.0,2023
2023-02-27,160369.13306500358,160369.13306500358,0.0,0.0,2023
2023-02-28,160369.13306500358,160369.13306500358,0.0,0.0,2023
2023-03-01,160369.13306500358,160369.13306500358,0.0,0.0,2023
2023-03-02,160369.13306500358,160369.13306500358,0.0,0.0,2023
2023-03-03,160369.13306500358,160369.13306500358,0.0,0.0,2023
2023-03-06,160369.13306500358,160369.13306500358,0.0,0.0,2023
2023-03-07,160369.13306500358,160369.13306500358,0.0,0.0,2023
2023-03-08,160369.13306500358,160369.13306500358,0.0,0.0,2023
2023-03-09,160369.13306500358,160369.13306500358,0.0,0.0,2023
2023-03-10,160369.13306500358,160369.13306500358,0.0,0.0,2023
2023-03-13,160369.13306500358,160369.13306500358,0.0,0.0,2023
2023-03-14,160369.13306500358,160369.13306500358,0.0,0.0,2023
2023-03-15,160369.13306500358,160369.13306500358,0.0,0.0,2023
2023-03-16,160369.13306500358,160369.13306500358,0.0,0.0,2023
2023-03-17,160369.13306500358,160369.13306500358,0.0,0.0,2023
2023-03-20,160369.13306500358,160369.13306500358,0.0,0.0,2023
2023-03-21,160369.13306500358,160369.13306500358,0.0,0.0,2023
2023-03-22,160369.13306500358,160369.13306500358,0.0,0.0,2023
2023-03-23,160369.13306500358,160369.13306500358,0.0,0.0,2023
2023-03-24,160369.13306500358,160369.13306500358,0.0,0.0,2023
2023-03-27,160369.13306500358,160369.13306500358,0.0,0.0,2023
2023-03-28,160369.13306500358,160369.13306500358,0.0,0.0,2023
2023-03-29,160369.13306500358,160369.13306500358,0.0,0.0,2023
2023-03-30,160369.13306500358,160369.13306500358,0.0,0.0,2023
2023-03-31,160369.13306500358,160369.13306500358,0.0,0.0,2023
2023-04-03,160369.13306500358,160369.13306500358,0.0,0.0,2023
2023-04-04,160369.13306500358,160369.13306500358,0.0,0.0,2023
2023-04-06,160369.13306500358,160369.13306500358,0.0,0.0,2023
2023-04-07,160369.13306500358,160369.13306500358,0.0,0.0,2023
2023-04-10,160369.13306500358,160369.13306500358,0.0,0.0,2023
2023-04-11,160369.13306500358,160369.13306500358,0.0,0.0,2023
2023-04-12,160369.13306500358,160369.13306500358,0.0,0.0,2023
2023-04-13,160369.13306500358,160369.13306500358,0.0,0.0,2023
2023-04-14,160369.13306500358,160369.13306500358,0.0,0.0,2023
2023-04-17,160369.13306500358,160369.13306500358,0.0,0.0,2023
2023-04-18,160369.13306500358,160369.13306500358,0.0,0.0,2023
2023-04-19,160369.13306500358,160369.13306500358,0.0,0.0,2023
2023-04-20,160369.13306500358,160369.13306500358,0.0,0.0,2023
2023-04-21,160369.13306500358,160369.13306500358,0.0,0.0,2023
2023-04-24,160369.13306500358,160369.13306500358,0.0,0.0,2023
2023-04-25,160369.13306500358,160369.13306500358,0.0,0.0,2023
2023-04-26,160369.13306500358,160369.13306500358,0.0,0.0,2023
2023-04-27,160369.13306500358,160369.13306500358,0.0,0.0,2023
2023-04-28,160369.13306500358,160369.13306500358,0.0,0.0,2023
2023-05-04,160369.13306500358,160369.13306500358,0.0,0.0,2023
2023-05-05,160369.13306500358,160369.13306500358,0.0,0.0,2023
2023-05-08,160369.13306500358,160369.13306500358,0.0,0.0,2023
2023-05-09,160369.13306500358,160369.13306500358,0.0,0.0,2023
2023-05-10,160369.13306500358,160369.13306500358,0.0,0.0,2023
2023-05-11,160369.13306500358,160369.13306500358,0.0,0.0,2023
2023-05-12,160369.13306500358,160369.13306500358,0.0,0.0,2023
2023-05-15,160369.13306500358,160369.13306500358,0.0,0.0,2023
2023-05-16,160369.13306500358,160369.13306500358,0.0,0.0,2023
2023-05-17,160369.13306500358,160369.13306500358,0.0,0.0,2023
2023-05-18,160369.13306500358,160369.13306500358,0.0,0.0,2023
2023-05-19,160369.13306500358,160369.13306500358,0.0,0.0,2023
2023-05-22,160369.13306500358,160369.13306500358,0.0,0.0,2023
2023-05-23,160369.13306500358,160369.13306500358,0.0,0.0,2023
2023-05-24,160369.13306500358,160369.13306500358,0.0,0.0,2023
2023-05-25,160369.13306500358,160369.13306500358,0.0,0.0,2023
2023-05-26,160369.13306500358,160369.13306500358,0.0,0.0,2023
2023-05-29,160369.13306500358,160369.13306500358,0.0,0.0,2023
2023-05-30,160369.13306500358,160369.13306500358,0.0,0.0,2023
2023-05-31,160369.13306500358,160369.13306500358,0.0,0.0,2023
2023-06-01,160369.13306500358,160369.13306500358,0.0,0.0,2023
2023-06-02,160369.13306500358,160369.13306500358,0.0,0.0,2023
2023-06-05,160369.13306500358,160369.13306500358,0.0,0.0,2023
2023-06-06,160369.13306500358,160369.13306500358,0.0,0.0,2023
2023-06-07,160369.13306500358,160369.13306500358,0.0,0.0,2023
2023-06-08,160369.13306500358,160369.13306500358,0.0,0.0,2023
2023-06-09,160369.13306500358,0.0,54.880715183052004,1.0,2023
2023-06-12,158906.56200537525,0.0,54.880715183052004,1.0,2023
2023-06-13,158322.63119582756,0.0,54.880715183052004,1.0,2023
2023-06-14,157214.58955628175,0.0,54.880715183052004,1.0,2023
2023-06-15,157207.45506330798,0.0,54.880715183052004,1.0,2023
2023-06-16,156941.28359467015,0.0,54.880715183052004,1.0,2023
2023-06-19,155090.1570715458,0.0,54.880715183052004,1.0,2023
2023-06-20,153991.99396073294,0.0,54.880715183052004,1.0,2023
2023-06-21,152624.36653837128,0.0,54.880715183052004,1.0,2023
2023-06-26,150213.45672037982,0.0,54.880715183052004,1.0,2023
2023-06-27,152886.14754979443,0.0,54.880715183052004,1.0,2023
2023-06-28,153229.1520196885,0.0,54.880715183052004,1.0,2023
2023-06-29,153001.39705167885,0.0,54.880715183052004,1.0,2023
2023-06-30,153512.33651003306,0.0,54.880715183052004,1.0,2023
2023-07-03,155143.3913652734,0.0,54.880715183052004,1.0,2023
2023-07-04,154189.0157282401,0.0,54.880715183052004,1.0,2023
2023-07-05,153639.65976925773,0.0,54.880715183052004,1.0,2023
2023-07-06,152641.92836722988,0.0,54.880715183052004,1.0,2023
2023-07-07,153158.90470425424,0.0,54.880715183052004,1.0,2023
2023-07-10,153432.75947301765,0.0,54.880715183052004,1.0,2023
2023-07-11,153787.83770025198,0.0,54.880715183052004,1.0,2023
2023-07-12,152685.8329393763,0.0,54.880715183052004,1.0,2023
2023-07-13,154440.9182109303,0.0,54.880715183052004,1.0,2023
2023-07-14,154276.27606538116,0.0,54.880715183052004,1.0,2023
2023-07-17,153547.46016775022,0.0,54.880715183052004,1.0,2023
2023-07-18,153099.6335318565,0.0,54.880715183052004,1.0,2023
2023-07-19,153858.63382283814,0.0,54.880715183052004,1.0,2023
2023-07-20,152711.62687551233,0.0,54.880715183052004,1.0,2023
2023-07-21,152810.96096999367,0.0,54.880715183052004,1.0,2023
2023-07-24,153009.0803518045,0.0,54.880715183052004,1.0,2023
2023-07-25,155161.50200128378,0.0,54.880715183052004,1.0,2023
2023-07-26,155058.32625673965,0.0,54.880715183052004,1.0,2023
2023-07-27,155308.58231797436,0.0,54.880715183052004,1.0,2023
2023-07-28,158148.11052154546,0.0,54.880715183052004,1.0,2023
2023-07-31,159575.00911630483,0.0,54.880715183052004,1.0,2023
2023-08-01,159708.91806135146,0.0,54.880715183052004,1.0,2023
2023-08-02,158163.47712179672,0.0,54.880715183052004,1.0,2023
2023-08-03,158950.4665775217,0.0,54.880715183052004,1.0,2023
2023-08-04,158972.4188635949,0.0,54.880715183052004,1.0,2023
2023-08-07,157735.95635052075,0.0,54.880715183052004,1.0,2023
2023-08-08,157731.0170861543,0.0,54.880715183052004,1.0,2023
2023-08-09,156966.52872365437,0.0,54.880715183052004,1.0,2023
2023-08-10,157198.67414887866,0.0,54.880715183052004,1.0,2023
2023-08-11,154479.88351871027,0.0,54.880715183052004,1.0,2023
2023-08-14,154226.33461456458,0.0,54.880715183052004,1.0,2023
2023-08-15,155409.01402675937,0.0,54.880715183052004,1.0,2023
2023-08-16,154971.6147267504,0.0,54.880715183052004,1.0,2023
2023-08-17,154875.57347518008,0.0,54.880715183052004,1.0,2023
2023-08-18,154392.62318156922,0.0,54.880715183052004,1.0,2023
2023-08-21,152899.8677285902,0.0,54.880715183052004,1.0,2023
2023-08-22,154198.89425697306,0.0,54.880715183052004,1.0,2023
2023-08-23,153722.52964918417,0.0,54.880715183052004,1.0,2023
2023-08-24,152525.03244388997,0.0,54.880715183052004,1.0,2023
2023-08-25,153039.26474515515,0.0,54.880715183052004,1.0,2023
2023-08-28,154955.15051219548,0.0,54.880715183052004,1.0,2023
2023-08-29,154468.35856852183,0.0,54.880715183052004,1.0,2023
2023-08-30,152513.50749370153,0.0,54.880715183052004,1.0,2023
2023-08-31,151586.02340710795,0.0,54.880715183052004,1.0,2023
2023-09-01,152525.5812510418,0.0,54.880715183052004,1.0,2023
2023-09-04,154651.66015723321,0.0,54.880715183052004,1.0,2023
2023-09-05,153054.6313454064,0.0,54.880715183052004,1.0,2023
2023-09-06,153049.14327388813,0.0,54.880715183052004,1.0,2023
2023-09-07,152473.99337876972,0.0,54.880715183052004,1.0,2023
2023-09-08,152077.20580799627,0.0,54.880715183052004,1.0,2023
2023-09-11,153625.939590462,0.0,54.880715183052004,1.0,2023
2023-09-12,153492.57945256718,0.0,54.880715183052004,1.0,2023
2023-09-13,153434.95470162496,0.0,54.880715183052004,1.0,2023
2023-09-14,154718.06582260472,0.0,54.880715183052004,1.0,2023
2023-09-15,154315.79018031296,0.0,54.880715183052004,1.0,2023
2023-09-18,154375.06135271065,0.0,54.880715183052004,1.0,2023
2023-09-19,155109.3653218599,0.0,54.880715183052004,1.0,2023
2023-09-20,155275.1050817127,0.0,54.880715183052004,1.0,2023
2023-09-21,154280.11771544398,0.0,54.880715183052004,1.0,2023
2023-09-22,155524.26352864376,0.0,54.880715183052004,1.0,2023
2023-09-25,155373.34156189035,0.0,54.880715183052004,1.0,2023
2023-09-26,154964.48023377662,0.0,54.880715183052004,1.0,2023
2023-09-27,154674.16125045827,0.0,54.880715183052004,1.0,2023
2023-09-28,154708.7361010236,0.0,54.880715183052004,1.0,2023
2023-10-09,153852.04813701616,0.0,54.880715183052004,1.0,2023
2023-10-10,152358.7438768853,0.0,54.880715183052004,1.0,2023
2023-10-11,152072.26654362978,0.0,54.880715183052004,1.0,2023
2023-10-12,153569.96126097528,0.0,54.880715183052004,1.0,2023
2023-10-13,153247.81146285078,0.0,54.880715183052004,1.0,2023
2023-10-16,153591.9135470485,0.0,54.880715183052004,1.0,2023
2023-10-17,154084.7423693923,0.0,54.880715183052004,1.0,2023
2023-10-18,152627.65938128225,0.0,54.880715183052004,1.0,2023
2023-10-19,149911.0639797212,0.0,54.880715183052004,1.0,2023
2023-10-20,149323.2915201107,0.0,54.880715183052004,1.0,2023
2023-10-23,147332.7679804214,0.0,54.880715183052004,1.0,2023
2023-10-24,148259.70325986313,0.0,54.880715183052004,1.0,2023
2023-10-25,148885.89222010178,0.0,54.880715183052004,1.0,2023
2023-10-26,150172.84499114435,0.0,54.880715183052004,1.0,2023
2023-10-27,151183.74776481616,0.0,54.880715183052004,1.0,2023
2023-10-30,149372.13535662362,0.0,54.880715183052004,1.0,2023
2023-10-31,149502.20265160745,0.0,54.880715183052004,1.0,2023
2023-11-01,149433.0529504768,0.0,54.880715183052004,1.0,2023
2023-11-02,149742.0313769574,0.0,54.880715183052004,1.0,2023
2023-11-03,149287.61905524172,0.0,54.880715183052004,1.0,2023
2023-11-06,149576.29161710458,0.0,54.880715183052004,1.0,2023
2023-11-07,149307.37611270763,0.0,54.880715183052004,1.0,2023
2023-11-08,149128.46498121088,0.0,54.880715183052004,1.0,2023
2023-11-09,149284.32621233072,0.0,54.880715183052004,1.0,2023
2023-11-10,148623.01359437496,0.0,54.880715183052004,1.0,2023
2023-11-13,148670.2110094324,0.0,54.880715183052004,1.0,2023
2023-11-14,148771.1915253692,0.0,54.880715183052004,1.0,2023
2023-11-15,149497.8121943928,0.0,54.880715183052004,1.0,2023
2023-11-16,149309.02253416312,0.0,54.880715183052004,1.0,2023
2023-11-17,149086.75563767174,0.0,54.880715183052004,1.0,2023
2023-11-20,149537.87511647644,0.0,54.880715183052004,1.0,2023
2023-11-21,149964.8470806006,0.0,54.880715183052004,1.0,2023
2023-11-22,149622.39141785834,0.0,54.880715183052004,1.0,2023
2023-11-23,150395.66069478754,0.0,54.880715183052004,1.0,2023
2023-11-24,150516.9470753421,0.0,54.880715183052004,1.0,2023
2023-11-27,149729.95761961714,0.0,54.880715183052004,1.0,2023
2023-11-28,149569.15712413078,0.0,54.880715183052004,1.0,2023
2023-11-29,148371.6599188366,0.0,54.880715183052004,1.0,2023
2023-11-30,148955.59072838427,0.0,54.880715183052004,1.0,2023
2023-12-01,149673.97929013043,0.0,54.880715183052004,1.0,2023
2023-12-04,149871.00105763756,0.0,54.880715183052004,1.0,2023
2023-12-05,148006.7031628693,0.0,54.880715183052004,1.0,2023
2023-12-06,147576.987162986,0.0,54.880715183052004,1.0,2023
2023-12-07,147812.4254311213,0.0,54.880715183052004,1.0,2023
2023-12-08,147489.72682584493,0.0,54.880715183052004,1.0,2023
2023-12-11,148919.36945636346,0.0,54.880715183052004,1.0,2023
2023-12-12,150053.2050320453,0.0,54.880715183052004,1.0,2023
2023-12-13,149296.399969671,0.0,54.880715183052004,1.0,2023
2023-12-14,149101.57343077118,0.0,54.880715183052004,1.0,2023
2023-12-15,148041.82682058643,0.0,54.880715183052004,1.0,2023
2023-12-18,147840.41459586463,0.0,54.880715183052004,1.0,2023
2023-12-19,147452.95674667228,0.0,54.880715183052004,1.0,2023
2023-12-20,146787.8024786537,0.0,54.880715183052004,1.0,2023
2023-12-21,147133.55098430693,0.0,54.880715183052004,1.0,2023
2023-12-22,146911.28408781558,0.0,54.880715183052004,1.0,2023
2023-12-25,146703.83498442362,0.0,54.880715183052004,1.0,2023
2023-12-26,146420.65049407908,0.0,54.880715183052004,1.0,2023
2023-12-27,147337.7072447879,0.0,54.880715183052004,1.0,2023
2023-12-28,147492.47086160412,0.0,54.880715183052004,1.0,2023
2023-12-29,148103.29322159145,0.0,54.880715183052004,1.0,2023
2024-01-02,148990.16557894959,0.0,54.880715183052004,1.0,2024
2024-01-03,150376.45244447349,0.0,54.880715183052004,1.0,2024
2024-01-04,150895.07520295333,0.0,54.880715183052004,1.0,2024
2024-01-05,151447.17519769483,0.0,54.880715183052004,1.0,2024
2024-01-08,150041.13127470503,0.0,54.880715183052004,1.0,2024
2024-01-09,151109.1099921672,0.0,54.880715183052004,1.0,2024
2024-01-10,150386.3309732064,0.0,54.880715183052004,1.0,2024
2024-01-11,149749.71467708301,0.0,54.880715183052004,1.0,2024
2024-01-12,150643.72152741492,0.0,54.880715183052004,1.0,2024
2024-01-15,151615.65899330677,0.0,54.880715183052004,1.0,2024
2024-01-16,152369.72001992192,0.0,54.880715183052004,1.0,2024
2024-01-17,150749.0925005664,0.0,54.880715183052004,1.0,2024
2024-01-18,149745.87302702022,0.0,54.880715183052004,1.0,2024
2024-01-19,149163.03983177617,0.0,54.880715183052004,1.0,2024
2024-01-22,145315.35289029242,0.0,54.880715183052004,1.0,2024
2024-01-23,146141.30765379735,0.0,54.880715183052004,1.0,2024
2024-01-24,149751.90990569032,0.0,54.880715183052004,1.0,2024
2024-01-25,153368.54903625348,0.0,54.880715183052004,1.0,2024
2024-01-26,155459.50428472774,0.0,54.880715183052004,1.0,2024
2024-01-29,156214.66292564655,0.0,54.880715183052004,1.0,2024
2024-01-30,154432.68610365284,0.0,54.880715183052004,1.0,2024
2024-01-31,153942.05250991636,0.0,54.880715183052004,1.0,2024
2024-02-01,152308.2536189169,0.0,54.880715183052004,1.0,2024
2024-02-02,151971.8348348448,0.0,54.880715183052004,1.0,2024
2024-02-05,151497.66545566323,0.0,54.880715183052004,1.0,2024
2024-02-06,154855.26761056235,0.0,54.880715183052004,1.0,2024
2024-02-07,156278.87336241073,0.0,54.880715183052004,1.0,2024
2024-02-08,156402.35497157258,0.0,54.880715183052004,1.0,2024
2024-02-19,159317.61856209632,0.0,54.880715183052004,1.0,2024
2024-02-20,160846.0464799443,0.0,54.880715183052004,1.0,2024
2024-02-21,161782.860288119,0.0,54.880715183052004,1.0,2024
2024-02-22,162894.19477057582,0.0,54.880715183052004,1.0,2024
2024-02-23,163272.32289818703,0.0,54.880715183052004,1.0,2024
2024-02-26,160010.76199485827,0.0,54.880715183052004,1.0,2024
2024-02-27,160702.80781331653,0.0,54.880715183052004,1.0,2024
2024-02-28,159595.86378807438,0.0,54.880715183052004,1.0,2024
2024-02-29,161356.98593829852,0.0,54.880715183052004,1.0,2024
2024-03-01,161100.69299839364,0.0,54.880715183052004,1.0,2024
2024-03-04,161161.61059224684,161161.61059224684,0.0,0.0,2024
2024-03-05,161161.61059224684,161161.61059224684,0.0,0.0,2024
2024-03-06,161161.61059224684,161161.61059224684,0.0,0.0,2024
2024-03-07,161161.61059224684,161161.61059224684,0.0,0.0,2024
2024-03-08,161161.61059224684,161161.61059224684,0.0,0.0,2024
2024-03-11,161161.61059224684,161161.61059224684,0.0,0.0,2024
2024-03-12,161161.61059224684,161161.61059224684,0.0,0.0,2024
2024-03-13,161161.61059224684,161161.61059224684,0.0,0.0,2024
2024-03-14,161161.61059224684,161161.61059224684,0.0,0.0,2024
2024-03-15,161161.61059224684,161161.61059224684,0.0,0.0,2024
2024-03-18,161161.61059224684,161161.61059224684,0.0,0.0,2024
2024-03-19,161161.61059224684,161161.61059224684,0.0,0.0,2024
2024-03-20,161161.61059224684,161161.61059224684,0.0,0.0,2024
2024-03-21,161161.61059224684,161161.61059224684,0.0,0.0,2024
2024-03-22,161161.61059224684,161161.61059224684,0.0,0.0,2024
2024-03-25,161161.61059224684,161161.61059224684,0.0,0.0,2024
2024-03-26,161161.61059224684,161161.61059224684,0.0,0.0,2024
2024-03-27,161161.61059224684,161161.61059224684,0.0,0.0,2024
2024-03-28,161161.61059224684,161161.61059224684,0.0,0.0,2024
2024-03-29,161161.61059224684,161161.61059224684,0.0,0.0,2024
2024-04-01,161161.61059224684,161161.61059224684,0.0,0.0,2024
2024-04-02,161161.61059224684,161161.61059224684,0.0,0.0,2024
2024-04-03,161161.61059224684,161161.61059224684,0.0,0.0,2024
2024-04-08,161161.61059224684,161161.61059224684,0.0,0.0,2024
2024-04-09,161161.61059224684,161161.61059224684,0.0,0.0,2024
2024-04-10,161161.61059224684,161161.61059224684,0.0,0.0,2024
2024-04-11,161161.61059224684,161161.61059224684,0.0,0.0,2024
2024-04-12,161161.61059224684,161161.61059224684,0.0,0.0,2024
2024-04-15,161161.61059224684,161161.61059224684,0.0,0.0,2024
2024-04-16,161161.61059224684,161161.61059224684,0.0,0.0,2024
2024-04-17,161161.61059224684,161161.61059224684,0.0,0.0,2024
2024-04-18,161161.61059224684,161161.61059224684,0.0,0.0,2024
2024-04-19,161161.61059224684,161161.61059224684,0.0,0.0,2024
2024-04-22,161161.61059224684,161161.61059224684,0.0,0.0,2024
2024-04-23,161161.61059224684,161161.61059224684,0.0,0.0,2024
2024-04-24,161161.61059224684,161161.61059224684,0.0,0.0,2024
2024-04-25,161161.61059224684,161161.61059224684,0.0,0.0,2024
2024-04-26,161161.61059224684,161161.61059224684,0.0,0.0,2024
2024-04-29,161161.61059224684,161161.61059224684,0.0,0.0,2024
2024-04-30,161161.61059224684,161161.61059224684,0.0,0.0,2024
2024-05-06,161161.61059224684,161161.61059224684,0.0,0.0,2024
2024-05-07,161161.61059224684,161161.61059224684,0.0,0.0,2024
2024-05-08,161161.61059224684,161161.61059224684,0.0,0.0,2024
2024-05-09,161161.61059224684,161161.61059224684,0.0,0.0,2024
2024-05-10,161161.61059224684,161161.61059224684,0.0,0.0,2024
2024-05-13,161161.61059224684,161161.61059224684,0.0,0.0,2024
2024-05-14,161161.61059224684,161161.61059224684,0.0,0.0,2024
2024-05-15,161161.61059224684,161161.61059224684,0.0,0.0,2024
2024-05-16,161161.61059224684,161161.61059224684,0.0,0.0,2024
2024-05-17,161161.61059224684,161161.61059224684,0.0,0.0,2024
2024-05-20,161161.61059224684,161161.61059224684,0.0,0.0,2024
2024-05-21,161161.61059224684,161161.61059224684,0.0,0.0,2024
2024-05-22,161161.61059224684,161161.61059224684,0.0,0.0,2024
2024-05-23,161161.61059224684,161161.61059224684,0.0,0.0,2024
2024-05-24,161161.61059224684,161161.61059224684,0.0,0.0,2024
2024-05-27,161161.61059224684,161161.61059224684,0.0,0.0,2024
2024-05-28,161161.61059224684,161161.61059224684,0.0,0.0,2024
2024-05-29,161161.61059224684,161161.61059224684,0.0,0.0,2024
2024-05-30,161161.61059224684,161161.61059224684,0.0,0.0,2024
2024-05-31,161161.61059224684,161161.61059224684,0.0,0.0,2024
2024-06-03,161161.61059224684,161161.61059224684,0.0,0.0,2024
2024-06-04,161161.61059224684,161161.61059224684,0.0,0.0,2024
2024-06-05,161161.61059224684,161161.61059224684,0.0,0.0,2024
2024-06-06,161161.61059224684,161161.61059224684,0.0,0.0,2024
2024-06-07,161161.61059224684,161161.61059224684,0.0,0.0,2024
2024-06-11,161161.61059224684,161161.61059224684,0.0,0.0,2024
2024-06-12,161161.61059224684,161161.61059224684,0.0,0.0,2024
2024-06-13,161161.61059224684,161161.61059224684,0.0,0.0,2024
2024-06-14,161161.61059224684,161161.61059224684,0.0,0.0,2024
2024-06-17,161161.61059224684,161161.61059224684,0.0,0.0,2024
2024-06-18,161161.61059224684,161161.61059224684,0.0,0.0,2024
2024-06-19,161161.61059224684,161161.61059224684,0.0,0.0,2024
2024-06-20,161161.61059224684,161161.61059224684,0.0,0.0,2024
2024-06-21,161161.61059224684,161161.61059224684,0.0,0.0,2024
2024-06-24,161161.61059224684,161161.61059224684,0.0,0.0,2024
2024-06-25,161161.61059224684,0.0,52.85200229306622,1.0,2024
2024-06-26,161528.93200818365,0.0,52.85200229306622,1.0,2024
2024-06-27,161279.99907738328,0.0,52.85200229306622,1.0,2024
2024-06-28,162955.4075500735,0.0,52.85200229306622,1.0,2024
2024-07-01,165605.40694504784,0.0,52.85200229306622,1.0,2024
2024-07-02,166794.57699664184,0.0,52.85200229306622,1.0,2024
2024-07-03,166123.35656751986,0.0,52.85200229306622,1.0,2024
2024-07-04,165236.49996904223,0.0,52.85200229306622,1.0,2024
2024-07-05,164005.0483156138,0.0,52.85200229306622,1.0,2024
2024-07-08,163480.75645286657,0.0,52.85200229306622,1.0,2024
2024-07-09,165538.28490213564,0.0,52.85200229306622,1.0,2024
2024-07-10,163558.9774162603,0.0,52.85200229306622,1.0,2024
2024-07-11,163224.95276176813,0.0,52.85200229306622,1.0,2024
2024-07-12,163702.73486249745,0.0,52.85200229306622,1.0,2024
2024-07-15,164590.11998099805,0.0,52.85200229306622,1.0,2024
2024-07-16,163462.78677208693,0.0,52.85200229306622,1.0,2024
2024-07-17,162626.66809581063,0.0,52.85200229306622,1.0,2024
2024-07-18,163615.5290587139,0.0,52.85200229306622,1.0,2024
2024-07-19,162971.2631507614,0.0,52.85200229306622,1.0,2024
2024-07-22,161644.1493731825,0.0,52.85200229306622,1.0,2024
2024-07-23,161379.36084169426,0.0,52.85200229306622,1.0,2024
2024-07-24,162010.4137490735,0.0,52.85200229306622,1.0,2024
2024-07-25,161665.29017409973,0.0,52.85200229306622,1.0,2024
2024-07-26,160888.89426041459,0.0,52.85200229306622,1.0,2024
2024-07-29,162463.35540872504,0.0,52.85200229306622,1.0,2024
2024-07-30,162176.3690362737,0.0,52.85200229306622,1.0,2024
2024-07-31,162781.52446252928,0.0,52.85200229306622,1.0,2024
2024-08-01,163717.00490311658,0.0,52.85200229306622,1.0,2024
2024-08-02,163427.9044505735,0.0,52.85200229306622,1.0,2024
2024-08-05,161406.84388288666,0.0,52.85200229306622,1.0,2024
2024-08-06,160107.21314650014,0.0,52.85200229306622,1.0,2024
2024-08-07,160279.51067397557,0.0,52.85200229306622,1.0,2024
2024-08-08,160744.60829415452,0.0,52.85200229306622,1.0,2024
2024-08-09,160309.10779525968,0.0,52.85200229306622,1.0,2024
2024-08-12,160516.8161642714,0.0,52.85200229306622,1.0,2024
2024-08-13,161305.8965585069,0.0,52.85200229306622,1.0,2024
2024-08-14,161244.58823584692,0.0,52.85200229306622,1.0,2024
2024-08-15,162762.49774170382,0.0,52.85200229306622,1.0,2024
2024-08-16,163020.9440329169,0.0,52.85200229306622,1.0,2024
2024-08-19,165202.14616755175,0.0,52.85200229306622,1.0,2024
2024-08-20,164194.7870038459,0.0,52.85200229306622,1.0,2024
2024-08-21,162918.93966849128,0.0,52.85200229306622,1.0,2024
2024-08-22,163592.27417770494,0.0,52.85200229306622,1.0,2024
2024-08-23,163538.89365538897,0.0,52.85200229306622,1.0,2024
2024-08-26,162960.6927503028,0.0,52.85200229306622,1.0,2024
2024-08-27,162872.9584264963,0.0,52.85200229306622,1.0,2024
2024-08-28,161590.24033084358,0.0,52.85200229306622,1.0,2024
2024-08-29,158003.70345523613,0.0,52.85200229306622,1.0,2024
2024-08-30,157056.06705412143,0.0,52.85200229306622,1.0,2024
2024-09-02,157315.57038538042,0.0,52.85200229306622,1.0,2024
2024-09-03,155426.1113034033,0.0,52.85200229306622,1.0,2024
2024-09-04,155245.357455561,0.0,52.85200229306622,1.0,2024
2024-09-05,155592.0665906035,0.0,52.85200229306622,1.0,2024
2024-09-06,154981.09744409568,0.0,52.85200229306622,1.0,2024
2024-09-09,152783.51118874998,0.0,52.85200229306622,1.0,2024
2024-09-10,153104.8513626918,0.0,52.85200229306622,1.0,2024
2024-09-11,149705.4105752018,0.0,52.85200229306622,1.0,2024
2024-09-12,150516.16029037745,0.0,52.85200229306622,1.0,2024
2024-09-13,149975.48430691936,0.0,52.85200229306622,1.0,2024
2024-09-18,151108.6312360827,0.0,52.85200229306622,1.0,2024
2024-09-19,151141.92799752732,0.0,52.85200229306622,1.0,2024
2024-09-20,151180.50995920127,0.0,52.85200229306622,1.0,2024
2024-09-23,152849.04767159338,0.0,52.85200229306622,1.0,2024
2024-09-24,158706.10656571097,0.0,52.85200229306622,1.0,2024
2024-09-25,161448.59696469817,0.0,52.85200229306622,1.0,2024
2024-09-26,166333.70753664628,0.0,52.85200229306622,1.0,2024
2024-09-27,167186.21033363344,0.0,52.85200229306622,1.0,2024
2024-09-30,177725.9566309167,0.0,52.85200229306622,1.0,2024
2024-10-08,181495.3614344582,0.0,52.85200229306622,1.0,2024
2024-10-09,168990.0491718958,0.0,52.85200229306622,1.0,2024
2024-10-10,174302.20392237187,0.0,52.85200229306622,1.0,2024
2024-10-11,171715.6269301492,0.0,52.85200229306622,1.0,2024
2024-10-14,176113.44204095524,0.0,52.85200229306622,1.0,2024
2024-10-15,171950.81834035338,0.0,52.85200229306622,1.0,2024
2024-10-16,174842.35138580704,0.0,52.85200229306622,1.0,2024
2024-10-17,172054.9367848707,0.0,52.85200229306622,1.0,2024
2024-10-18,173885.73014430254,0.0,52.85200229306622,1.0,2024
2024-10-21,172746.76949488695,0.0,52.85200229306622,1.0,2024
2024-10-22,173589.75893146134,0.0,52.85200229306622,1.0,2024
2024-10-23,174107.7085539334,0.0,52.85200229306622,1.0,2024
2024-10-24,173496.73940742554,0.0,52.85200229306622,1.0,2024
2024-10-25,172848.77385931255,0.0,52.85200229306622,1.0,2024
2024-10-28,173413.2332438025,0.0,52.85200229306622,1.0,2024
2024-10-29,171776.93525280917,0.0,52.85200229306622,1.0,2024
2024-10-30,170325.09074981863,0.0,52.85200229306622,1.0,2024
2024-10-31,170258.49722692938,0.0,52.85200229306622,1.0,2024
2024-11-01,171376.84559545066,0.0,52.85200229306622,1.0,2024
2024-11-04,172942.32190337128,0.0,52.85200229306622,1.0,2024
2024-11-05,175005.66407289257,0.0,52.85200229306622,1.0,2024
2024-11-06,173893.12942462356,0.0,52.85200229306622,1.0,2024
2024-11-07,178196.86797134794,0.0,52.85200229306622,1.0,2024
2024-11-08,175878.77915077406,0.0,52.85200229306622,1.0,2024
2024-11-11,174539.50941266774,0.0,52.85200229306622,1.0,2024
2024-11-12,173023.1854668797,0.0,52.85200229306622,1.0,2024
2024-11-13,174031.07315060846,0.0,52.85200229306622,1.0,2024
2024-11-14,172844.0171791062,0.0,52.85200229306622,1.0,2024
2024-11-15,172628.9095297734,0.0,52.85200229306622,1.0,2024
2024-11-18,175888.82103120972,0.0,52.85200229306622,1.0,2024
2024-11-19,175713.88090361966,0.0,52.85200229306622,1.0,2024
2024-11-20,175893.0491913932,0.0,52.85200229306622,1.0,2024
2024-11-21,175741.36394481207,0.0,52.85200229306622,1.0,2024
2024-11-22,171233.61666923645,0.0,52.85200229306622,1.0,2024
2024-11-25,171988.87178200437,0.0,52.85200229306622,1.0,2024
2024-11-26,172356.1931979412,0.0,52.85200229306622,1.0,2024
2024-11-27,174024.20239031035,0.0,52.85200229306622,1.0,2024
2024-11-28,173861.94674327064,0.0,52.85200229306622,1.0,2024
2024-11-29,174656.31233773543,0.0,52.85200229306622,1.0,2024
2024-12-02,175190.64608091832,0.0,52.85200229306622,1.0,2024
2024-12-03,177181.0524872752,0.0,52.85200229306622,1.0,2024
2024-12-04,177293.62725215944,0.0,52.85200229306622,1.0,2024
2024-12-05,177000.2986394329,0.0,52.85200229306622,1.0,2024
2024-12-06,179220.6112557646,0.0,52.85200229306622,1.0,2024
2024-12-09,179613.83015282502,0.0,52.85200229306622,1.0,2024
2024-12-10,179837.92264254764,0.0,52.85200229306622,1.0,2024
2024-12-11,179761.28723922267,0.0,52.85200229306622,1.0,2024
2024-12-12,181415.02639097275,0.0,52.85200229306622,1.0,2024
2024-12-13,178702.13311326964,0.0,52.85200229306622,1.0,2024
2024-12-16,180696.76767980997,0.0,52.85200229306622,1.0,2024
2024-12-17,179626.51463337537,0.0,52.85200229306622,1.0,2024
2024-12-18,180707.8666002915,0.0,52.85200229306622,1.0,2024
2024-12-19,179021.8877271427,0.0,52.85200229306622,1.0,2024
2024-12-20,178331.11205717231,0.0,52.85200229306622,1.0,2024
2024-12-23,179562.03519057782,0.0,52.85200229306622,1.0,2024
2024-12-24,182316.15303006952,0.0,52.85200229306622,1.0,2024
2024-12-25,183427.10211826977,0.0,52.85200229306622,1.0,2024
2024-12-26,182214.1486656439,182214.1486656439,0.0,0.0,2024
2024-12-27,182214.1486656439,182214.1486656439,0.0,0.0,2024
2024-12-30,182214.1486656439,182214.1486656439,0.0,0.0,2024
2024-12-31,182214.1486656439,182214.1486656439,0.0,0.0,2024
2025-01-02,182214.1486656439,182214.1486656439,0.0,0.0,2025
2025-01-03,182214.1486656439,182214.1486656439,0.0,0.0,2025
2025-01-06,182214.1486656439,182214.1486656439,0.0,0.0,2025
2025-01-07,182214.1486656439,182214.1486656439,0.0,0.0,2025
2025-01-08,182214.1486656439,182214.1486656439,0.0,0.0,2025
2025-01-09,182214.1486656439,182214.1486656439,0.0,0.0,2025
2025-01-10,182214.1486656439,182214.1486656439,0.0,0.0,2025
2025-01-13,182214.1486656439,182214.1486656439,0.0,0.0,2025
2025-01-14,182214.1486656439,182214.1486656439,0.0,0.0,2025
2025-01-15,182214.1486656439,182214.1486656439,0.0,0.0,2025
2025-01-16,182214.1486656439,182214.1486656439,0.0,0.0,2025
2025-01-17,182214.1486656439,182214.1486656439,0.0,0.0,2025
2025-01-20,182214.1486656439,182214.1486656439,0.0,0.0,2025
2025-01-21,182214.1486656439,182214.1486656439,0.0,0.0,2025
2025-01-22,182214.1486656439,182214.1486656439,0.0,0.0,2025
2025-01-23,182214.1486656439,182214.1486656439,0.0,0.0,2025
2025-01-24,182214.1486656439,182214.1486656439,0.0,0.0,2025
2025-01-27,182214.1486656439,182214.1486656439,0.0,0.0,2025
2025-02-05,182214.1486656439,182214.1486656439,0.0,0.0,2025
2025-02-06,182214.1486656439,182214.1486656439,0.0,0.0,2025
2025-02-07,182214.1486656439,182214.1486656439,0.0,0.0,2025
2025-02-10,182214.1486656439,182214.1486656439,0.0,0.0,2025
2025-02-11,182214.1486656439,182214.1486656439,0.0,0.0,2025
2025-02-12,182214.1486656439,182214.1486656439,0.0,0.0,2025
2025-02-13,182214.1486656439,182214.1486656439,0.0,0.0,2025
2025-02-14,182214.1486656439,182214.1486656439,0.0,0.0,2025
2025-02-17,182214.1486656439,182214.1486656439,0.0,0.0,2025
2025-02-18,182214.1486656439,182214.1486656439,0.0,0.0,2025
2025-02-19,182214.1486656439,182214.1486656439,0.0,0.0,2025
2025-02-20,182214.1486656439,182214.1486656439,0.0,0.0,2025
2025-02-21,182214.1486656439,182214.1486656439,0.0,0.0,2025
2025-02-24,182214.1486656439,182214.1486656439,0.0,0.0,2025
2025-02-25,182214.1486656439,182214.1486656439,0.0,0.0,2025
2025-02-26,182214.1486656439,182214.1486656439,0.0,0.0,2025
2025-02-27,182214.1486656439,182214.1486656439,0.0,0.0,2025
2025-02-28,182214.1486656439,182214.1486656439,0.0,0.0,2025
2025-03-03,182214.1486656439,182214.1486656439,0.0,0.0,2025
2025-03-04,182214.1486656439,182214.1486656439,0.0,0.0,2025
2025-03-05,182214.1486656439,182214.1486656439,0.0,0.0,2025
2025-03-06,182214.1486656439,182214.1486656439,0.0,0.0,2025
2025-03-07,182214.1486656439,182214.1486656439,0.0,0.0,2025
2025-03-10,182214.1486656439,182214.1486656439,0.0,0.0,2025
2025-03-11,182214.1486656439,182214.1486656439,0.0,0.0,2025
2025-03-12,182214.1486656439,182214.1486656439,0.0,0.0,2025
2025-03-13,182214.1486656439,182214.1486656439,0.0,0.0,2025
2025-03-14,182214.1486656439,182214.1486656439,0.0,0.0,2025
2025-03-17,182214.1486656439,182214.1486656439,0.0,0.0,2025
2025-03-18,182214.1486656439,182214.1486656439,0.0,0.0,2025
2025-03-19,182214.1486656439,182214.1486656439,0.0,0.0,2025
2025-03-20,182214.1486656439,182214.1486656439,0.0,0.0,2025
2025-03-21,182214.1486656439,182214.1486656439,0.0,0.0,2025
2025-03-24,182214.1486656439,182214.1486656439,0.0,0.0,2025
2025-03-25,182214.1486656439,182214.1486656439,0.0,0.0,2025
2025-03-26,182214.1486656439,182214.1486656439,0.0,0.0,2025
2025-03-27,182214.1486656439,182214.1486656439,0.0,0.0,2025
2025-03-28,182214.1486656439,182214.1486656439,0.0,0.0,2025
2025-03-31,182214.1486656439,182214.1486656439,0.0,0.0,2025
2025-04-01,182214.1486656439,182214.1486656439,0.0,0.0,2025
2025-04-02,182214.1486656439,182214.1486656439,0.0,0.0,2025
2025-04-03,182214.1486656439,182214.1486656439,0.0,0.0,2025
2025-04-07,182214.1486656439,182214.1486656439,0.0,0.0,2025
2025-04-08,182214.1486656439,182214.1486656439,0.0,0.0,2025
2025-04-09,182214.1486656439,182214.1486656439,0.0,0.0,2025
2025-04-10,182214.1486656439,182214.1486656439,0.0,0.0,2025
2025-04-11,182214.1486656439,182214.1486656439,0.0,0.0,2025
2025-04-14,182214.1486656439,182214.1486656439,0.0,0.0,2025
2025-04-15,182214.1486656439,182214.1486656439,0.0,0.0,2025
2025-04-16,182214.1486656439,182214.1486656439,0.0,0.0,2025
2025-04-17,182214.1486656439,182214.1486656439,0.0,0.0,2025
2025-04-18,182214.1486656439,182214.1486656439,0.0,0.0,2025
2025-04-21,182214.1486656439,182214.1486656439,0.0,0.0,2025
2025-04-22,182214.1486656439,182214.1486656439,0.0,0.0,2025
2025-04-23,182214.1486656439,182214.1486656439,0.0,0.0,2025
2025-04-24,182214.1486656439,182214.1486656439,0.0,0.0,2025
2025-04-25,182214.1486656439,182214.1486656439,0.0,0.0,2025
2025-04-28,182214.1486656439,182214.1486656439,0.0,0.0,2025
2025-04-29,182214.1486656439,182214.1486656439,0.0,0.0,2025
2025-04-30,182214.1486656439,182214.1486656439,0.0,0.0,2025
2025-05-06,182214.1486656439,182214.1486656439,0.0,0.0,2025
2025-05-07,182214.1486656439,182214.1486656439,0.0,0.0,2025
2025-05-08,182214.1486656439,182214.1486656439,0.0,0.0,2025
2025-05-09,182214.1486656439,182214.1486656439,0.0,0.0,2025
2025-05-12,182214.1486656439,182214.1486656439,0.0,0.0,2025
2025-05-13,182214.1486656439,182214.1486656439,0.0,0.0,2025
2025-05-14,182214.1486656439,182214.1486656439,0.0,0.0,2025
2025-05-15,182214.1486656439,182214.1486656439,0.0,0.0,2025
2025-05-16,182214.1486656439,182214.1486656439,0.0,0.0,2025
2025-05-19,182214.1486656439,182214.1486656439,0.0,0.0,2025
2025-05-20,182214.1486656439,182214.1486656439,0.0,0.0,2025
2025-05-21,182214.1486656439,182214.1486656439,0.0,0.0,2025
2025-05-22,182214.1486656439,182214.1486656439,0.0,0.0,2025
2025-05-23,182214.1486656439,182214.1486656439,0.0,0.0,2025
2025-05-26,182214.1486656439,182214.1486656439,0.0,0.0,2025
2025-05-27,182214.1486656439,182214.1486656439,0.0,0.0,2025
2025-05-28,182214.1486656439,182214.1486656439,0.0,0.0,2025
2025-05-29,182214.1486656439,182214.1486656439,0.0,0.0,2025
2025-05-30,182214.1486656439,182214.1486656439,0.0,0.0,2025
2025-06-03,182214.1486656439,182214.1486656439,0.0,0.0,2025
2025-06-04,182214.1486656439,182214.1486656439,0.0,0.0,2025
2025-06-05,182214.1486656439,182214.1486656439,0.0,0.0,2025
2025-06-06,182214.1486656439,182214.1486656439,0.0,0.0,2025
2025-06-09,182214.1486656439,182214.1486656439,0.0,0.0,2025
2025-06-10,182214.1486656439,182214.1486656439,0.0,0.0,2025
2025-06-11,182214.1486656439,182214.1486656439,0.0,0.0,2025
2025-06-12,182214.1486656439,182214.1486656439,0.0,0.0,2025
2025-06-13,182214.1486656439,182214.1486656439,0.0,0.0,2025
2025-06-16,182214.1486656439,182214.1486656439,0.0,0.0,2025
2025-06-17,182214.1486656439,182214.1486656439,0.0,0.0,2025
2025-06-18,182214.1486656439,182214.1486656439,0.0,0.0,2025
2025-06-19,182214.1486656439,182214.1486656439,0.0,0.0,2025
2025-06-20,182214.1486656439,182214.1486656439,0.0,0.0,2025
2025-06-23,182214.1486656439,182214.1486656439,0.0,0.0,2025
2025-06-24,182214.1486656439,182214.1486656439,0.0,0.0,2025
2025-06-25,182214.1486656439,182214.1486656439,0.0,0.0,2025
2025-06-26,182214.1486656439,182214.1486656439,0.0,0.0,2025
2025-06-27,182214.1486656439,182214.1486656439,0.0,0.0,2025
2025-06-30,182214.1486656439,182214.1486656439,0.0,0.0,2025
2025-07-01,182214.1486656439,182214.1486656439,0.0,0.0,2025
2025-07-02,182214.1486656439,182214.1486656439,0.0,0.0,2025
2025-07-03,182214.1486656439,182214.1486656439,0.0,0.0,2025
2025-07-04,182214.1486656439,182214.1486656439,0.0,0.0,2025
2025-07-07,182214.1486656439,182214.1486656439,0.0,0.0,2025
2025-07-08,182214.1486656439,182214.1486656439,0.0,0.0,2025
2025-07-09,182214.1486656439,182214.1486656439,0.0,0.0,2025
2025-07-10,182214.1486656439,182214.1486656439,0.0,0.0,2025
2025-07-11,182214.1486656439,182214.1486656439,0.0,0.0,2025
2025-07-14,182214.1486656439,182214.1486656439,0.0,0.0,2025
2025-07-15,182214.1486656439,182214.1486656439,0.0,0.0,2025
2025-07-16,182214.1486656439,182214.1486656439,0.0,0.0,2025
2025-07-17,182214.1486656439,182214.1486656439,0.0,0.0,2025
2025-07-18,182214.1486656439,182214.1486656439,0.0,0.0,2025
2025-07-21,182214.1486656439,182214.1486656439,0.0,0.0,2025
2025-07-22,182214.1486656439,182214.1486656439,0.0,0.0,2025
2025-07-23,182214.1486656439,182214.1486656439,0.0,0.0,2025
2025-07-24,182214.1486656439,182214.1486656439,0.0,0.0,2025
2025-07-25,182214.1486656439,182214.1486656439,0.0,0.0,2025
2025-07-28,182214.1486656439,182214.1486656439,0.0,0.0,2025
2025-07-29,182214.1486656439,182214.1486656439,0.0,0.0,2025
2025-07-30,182214.1486656439,182214.1486656439,0.0,0.0,2025
2025-07-31,182214.1486656439,182214.1486656439,0.0,0.0,2025
2025-08-01,182214.1486656439,182214.1486656439,0.0,0.0,2025
2025-08-04,182214.1486656439,182214.1486656439,0.0,0.0,2025
2025-08-05,182214.1486656439,182214.1486656439,0.0,0.0,2025
2025-08-06,182214.1486656439,182214.1486656439,0.0,0.0,2025
2025-08-07,182214.1486656439,182214.1486656439,0.0,0.0,2025
2025-08-08,182214.1486656439,182214.1486656439,0.0,0.0,2025
2025-08-11,182214.1486656439,182214.1486656439,0.0,0.0,2025
2025-08-12,182214.1486656439,182214.1486656439,0.0,0.0,2025
2025-08-13,182214.1486656439,182214.1486656439,0.0,0.0,2025
2025-08-14,182214.1486656439,182214.1486656439,0.0,0.0,2025
2025-08-15,182214.1486656439,182214.1486656439,0.0,0.0,2025
2025-08-18,182214.1486656439,182214.1486656439,0.0,0.0,2025
2025-08-19,182214.1486656439,182214.1486656439,0.0,0.0,2025
2025-08-20,182214.1486656439,182214.1486656439,0.0,0.0,2025
2025-08-21,182214.1486656439,182214.1486656439,0.0,0.0,2025
2025-08-22,182214.1486656439,182214.1486656439,0.0,0.0,2025
2025-08-25,182214.1486656439,182214.1486656439,0.0,0.0,2025
2025-08-26,182214.1486656439,182214.1486656439,0.0,0.0,2025
2025-08-27,182214.1486656439,182214.1486656439,0.0,0.0,2025
2025-08-28,182214.1486656439,182214.1486656439,0.0,0.0,2025
2025-08-29,182214.1486656439,182214.1486656439,0.0,0.0,2025
2025-09-01,182214.1486656439,182214.1486656439,0.0,0.0,2025
2025-09-02,182214.1486656439,182214.1486656439,0.0,0.0,2025
2025-09-03,182214.1486656439,182214.1486656439,0.0,0.0,2025
2025-09-04,182214.1486656439,182214.1486656439,0.0,0.0,2025
2025-09-05,182214.1486656439,182214.1486656439,0.0,0.0,2025
2025-09-08,182214.1486656439,182214.1486656439,0.0,0.0,2025
2025-09-09,182214.1486656439,182214.1486656439,0.0,0.0,2025
2025-09-10,182214.1486656439,182214.1486656439,0.0,0.0,2025
2025-09-11,182214.1486656439,182214.1486656439,0.0,0.0,2025
2025-09-12,182214.1486656439,182214.1486656439,0.0,0.0,2025
2025-09-15,182214.1486656439,182214.1486656439,0.0,0.0,2025
2025-09-16,182214.1486656439,182214.1486656439,0.0,0.0,2025
2025-09-17,182214.1486656439,182214.1486656439,0.0,0.0,2025
2025-09-18,182214.1486656439,0.0,54.01530472868278,1.0,2025
2025-09-19,182156.8924426315,0.0,54.01530472868278,1.0,2025
2025-09-22,181147.34639725243,0.0,54.01530472868278,1.0,2025
2025-09-23,182351.88769270203,0.0,54.01530472868278,1.0,2025
2025-09-24,182684.08181678344,0.0,54.01530472868278,1.0,2025
2025-09-25,181210.544303785,0.0,54.01530472868278,1.0,2025
2025-09-26,181464.4162360098,0.0,54.01530472868278,1.0,2025
2025-09-29,181783.64668695632,0.0,54.01530472868278,1.0,2025
2025-09-30,180703.88074542995,0.0,54.01530472868278,1.0,2025
2025-10-09,181909.50234697413,0.0,54.01530472868278,1.0,2025
2025-10-10,183774.65081925556,0.0,54.01530472868278,1.0,2025
2025-10-13,184220.2770832672,0.0,54.01530472868278,1.0,2025
2025-10-14,186758.456252468,0.0,54.01530472868278,1.0,2025
2025-10-15,187341.2813904905,0.0,54.01530472868278,1.0,2025
2025-10-16,188491.80738121143,0.0,54.01530472868278,1.0,2025
2025-10-17,187702.64377912536,0.0,54.01530472868278,1.0,2025
2025-10-20,188102.35703411762,0.0,54.01530472868278,1.0,2025
2025-10-21,189081.11435580137,0.0,54.01530472868278,1.0,2025
2025-10-22,190060.41183053236,0.0,54.01530472868278,1.0,2025
2025-10-23,191636.03826946806,0.0,54.01530472868278,1.0,2025
2025-10-24,190200.85162282694,0.0,54.01530472868278,1.0,2025
2025-10-27,190906.29150258357,0.0,54.01530472868278,1.0,2025
2025-10-28,190584.3602864006,0.0,54.01530472868278,1.0,2025
2025-10-29,189645.03413716878,0.0,54.01530472868278,1.0,2025
2025-10-30,189463.54271328045,0.0,54.01530472868278,1.0,2025
2025-10-31,188695.98523308584,0.0,54.01530472868278,1.0,2025
2025-11-03,190419.07345393085,0.0,54.01530472868278,1.0,2025
2025-11-04,192026.02876960914,192026.02876960914,0.0,0.0,2025
2025-11-05,192026.02876960914,192026.02876960914,0.0,0.0,2025
2025-11-06,192026.02876960914,192026.02876960914,0.0,0.0,2025
2025-11-07,192026.02876960914,192026.02876960914,0.0,0.0,2025
2025-11-10,192026.02876960914,192026.02876960914,0.0,0.0,2025
2025-11-11,192026.02876960914,192026.02876960914,0.0,0.0,2025
2025-11-12,192026.02876960914,192026.02876960914,0.0,0.0,2025
2025-11-13,192026.02876960914,192026.02876960914,0.0,0.0,2025
2025-11-14,192026.02876960914,192026.02876960914,0.0,0.0,2025
2025-11-17,192026.02876960914,192026.02876960914,0.0,0.0,2025
2025-11-18,192026.02876960914,192026.02876960914,0.0,0.0,2025
2025-11-19,192026.02876960914,192026.02876960914,0.0,0.0,2025
2025-11-20,192026.02876960914,192026.02876960914,0.0,0.0,2025
2025-11-21,192026.02876960914,192026.02876960914,0.0,0.0,2025
2025-11-24,192026.02876960914,192026.02876960914,0.0,0.0,2025
2025-11-25,192026.02876960914,192026.02876960914,0.0,0.0,2025
2025-11-26,192026.02876960914,192026.02876960914,0.0,0.0,2025
2025-11-27,192026.02876960914,192026.02876960914,0.0,0.0,2025
2025-11-28,192026.02876960914,192026.02876960914,0.0,0.0,2025
2025-12-01,192026.02876960914,192026.02876960914,0.0,0.0,2025
2025-12-02,192026.02876960914,192026.02876960914,0.0,0.0,2025
2025-12-03,192026.02876960914,192026.02876960914,0.0,0.0,2025
2025-12-04,192026.02876960914,192026.02876960914,0.0,0.0,2025
2025-12-05,192026.02876960914,192026.02876960914,0.0,0.0,2025
2025-12-08,192026.02876960914,192026.02876960914,0.0,0.0,2025
2025-12-09,192026.02876960914,192026.02876960914,0.0,0.0,2025
2025-12-10,192026.02876960914,192026.02876960914,0.0,0.0,2025
2025-12-11,192026.02876960914,192026.02876960914,0.0,0.0,2025
2025-12-12,192026.02876960914,0.0,55.74584176992546,1.0,2025
2025-12-15,192508.230300919,0.0,55.74584176992546,1.0,2025
2025-12-16,191561.10844924796,0.0,55.74584176992546,1.0,2025
2025-12-17,191811.96473721263,0.0,55.74584176992546,1.0,2025
2025-12-18,193624.8195115706,0.0,55.74584176992546,1.0,2025
2025-12-19,193562.3841687883,0.0,55.74584176992546,1.0,2025
2025-12-22,192441.33529079508,0.0,55.74584176992546,1.0,2025
2025-12-23,192524.39659503227,0.0,55.74584176992546,1.0,2025
2025-12-24,192662.6462826217,0.0,55.74584176992546,1.0,2025
2025-12-25,193102.48097418642,0.0,55.74584176992546,1.0,2025
2025-12-26,192698.32362135444,0.0,55.74584176992546,1.0,2025
2025-12-29,192540.56288914557,0.0,55.74584176992546,1.0,2025
2025-12-30,191888.33654043742,0.0,55.74584176992546,1.0,2025
2025-12-31,191919.5542118286,0.0,55.74584176992546,1.0,2025
2026-01-05,192575.68276946063,0.0,55.74584176992546,1.0,2026
2026-01-06,194154.9624668026,0.0,55.74584176992546,1.0,2026
2026-01-07,193347.76267797407,0.0,55.74584176992546,1.0,2026
2026-01-08,192089.02157080916,0.0,55.74584176992546,1.0,2026
2026-01-09,192397.29607579685,0.0,55.74584176992546,1.0,2026
2026-01-12,192843.26280995624,0.0,55.74584176992546,1.0,2026
2026-01-13,192972.5931628625,0.0,55.74584176992546,1.0,2026
2026-01-14,190837.52742307432,0.0,55.74584176992546,1.0,2026
2026-01-15,190123.9806484193,0.0,55.74584176992546,1.0,2026
2026-01-16,188614.3832532897,0.0,55.74584176992546,1.0,2026
2026-01-19,189232.0471801005,0.0,55.74584176992546,1.0,2026
2026-01-20,191948.54204954897,0.0,55.74584176992546,1.0,2026
2026-01-21,190340.8319729043,0.0,55.74584176992546,1.0,2026
2026-01-22,191115.14171508857,0.0,55.74584176992546,1.0,2026
2026-01-23,190431.69769498927,0.0,55.74584176992546,1.0,2026
2026-01-26,191169.7726400231,0.0,55.74584176992546,1.0,2026
2026-01-27,190222.09332993435,0.0,55.74584176992546,1.0,2026
2026-01-28,191214.92677185673,0.0,55.74584176992546,1.0,2026
2026-01-29,194251.40277306456,0.0,55.74584176992546,1.0,2026
2026-01-30,193347.76267797407,0.0,55.74584176992546,1.0,2026
2026-02-02,190729.9379484584,0.0,55.74584176992546,1.0,2026
2026-02-03,190815.78654478406,0.0,55.74584176992546,1.0,2026
2026-02-04,193683.35264542903,0.0,55.74584176992546,1.0,2026
2026-02-05,194778.75843620807,0.0,55.74584176992546,1.0,2026
2026-02-06,194322.75745053007,0.0,55.74584176992546,1.0,2026
2026-02-09,195690.76040756403,0.0,55.74584176992546,1.0,2026
2026-02-10,196123.90559811634,0.0,55.74584176992546,1.0,2026
2026-02-11,196645.68667708288,0.0,55.74584176992546,1.0,2026
2026-02-12,194779.87335304348,0.0,55.74584176992546,1.0,2026
2026-02-13,192722.2943333155,0.0,55.74584176992546,1.0,2026
2026-02-24,193751.92003080604,0.0,55.74584176992546,1.0,2026
2026-02-25,193681.12281175825,0.0,55.74584176992546,1.0,2026
2026-02-26,193285.32733519177,0.0,55.74584176992546,1.0,2026
2026-02-27,194107.02104288046,0.0,55.74584176992546,1.0,2026
2026-03-02,195377.46877681706,0.0,55.74584176992546,1.0,2026
2026-03-03,195796.6775069269,0.0,55.74584176992546,1.0,2026
2026-03-04,193191.67432101828,0.0,55.74584176992546,1.0,2026
2026-03-05,193821.60233301844,0.0,55.74584176992546,1.0,2026
2026-03-06,195453.84058004184,0.0,55.74584176992546,1.0,2026
2026-03-09,194356.76241400972,0.0,55.74584176992546,1.0,2026
2026-03-10,194777.64351937268,0.0,55.74584176992546,1.0,2026
2026-03-11,197045.9418209909,0.0,55.74584176992546,1.0,2026
2026-03-12,198243.3625022089,0.0,55.74584176992546,1.0,2026
2026-03-13,198069.43547588677,0.0,55.74584176992546,1.0,2026
2026-03-16,197951.8117497522,0.0,55.74584176992546,1.0,2026
2026-03-17,198076.12497689915,0.0,55.74584176992546,1.0,2026
2026-03-18,197312.96440306888,0.0,55.74584176992546,1.0,2026
2026-03-19,195961.1277401482,0.0,55.74584176992546,1.0,2026
2026-03-20,194829.4871522187,0.0,55.74584176992546,1.0,2026
2026-03-23,187404.69848688232,0.0,55.74584176992546,1.0,2026
2026-03-24,191601.24545532232,0.0,55.74584176992546,1.0,2026
2026-03-25,194137.68125585394,0.0,55.74584176992546,1.0,2026
2026-03-26,194181.16301243447,0.0,55.74584176992546,1.0,2026
2026-03-27,193249.09253804132,0.0,55.74584176992546,1.0,2026
2026-03-30,193620.91730264673,0.0,55.74584176992546,1.0,2026
2026-03-31,193555.1372093582,0.0,55.74584176992546,1.0,2026
2026-04-01,193631.50901258297,0.0,55.74584176992546,1.0,2026
2026-04-02,193774.7758259317,0.0,55.74584176992546,1.0,2026
2026-04-03,191236.1101917293,0.0,55.74584176992546,1.0,2026
2026-04-07,190178.61157335382,0.0,55.74584176992546,1.0,2026
2026-04-08,193011.61525210142,0.0,55.74584176992546,1.0,2026
2026-04-09,191126.29088344256,0.0,55.74584176992546,1.0,2026
2026-04-10,191508.14989956655,0.0,55.74584176992546,1.0,2026
2026-04-13,190717.67386326898,0.0,55.74584176992546,1.0,2026
2026-04-14,191211.02456293284,0.0,55.74584176992546,1.0,2026
2026-04-15,192591.29160515618,0.0,55.74584176992546,1.0,2026
2026-04-16,192623.06673496505,0.0,55.74584176992546,1.0,2026
2026-04-17,191784.64927474537,0.0,55.74584176992546,1.0,2026
2026-04-20,192293.05135168709,0.0,55.74584176992546,1.0,2026
2026-04-21,193417.4449801865,0.0,55.74584176992546,1.0,2026
2026-04-22,193440.85823372987,0.0,55.74584176992546,1.0,2026
2026-04-23,194778.75843620807,0.0,55.74584176992546,1.0,2026
2026-04-24,193761.95428232462,0.0,55.74584176992546,1.0,2026
2026-04-27,192349.9121102924,0.0,55.74584176992546,1.0,2026
2026-04-28,193623.1471363175,0.0,55.74584176992546,1.0,2026
2026-04-29,194074.6884546539,0.0,55.74584176992546,1.0,2026
2026-04-30,192890.6467754607,0.0,55.74584176992546,1.0,2026
2026-05-06,192575.68276946063,0.0,55.74584176992546,1.0,2026
2026-05-07,192083.44698663216,0.0,55.74584176992546,1.0,2026
2026-05-08,192043.86743897552,0.0,55.74584176992546,1.0,2026
2026-05-11,192099.05582232773,0.0,55.74584176992546,1.0,2026
2026-05-12,192111.87736593484,0.0,55.74584176992546,1.0,2026
2026-05-13,192044.98235581093,0.0,55.74584176992546,1.0,2026
2026-05-14,191117.92900717707,0.0,55.74584176992546,1.0,2026
2026-05-15,189281.6609792757,0.0,55.74584176992546,1.0,2026
2026-05-18,188113.78559419577,0.0,55.74584176992546,1.0,2026
2026-05-19,189993.53537867765,0.0,55.74584176992546,1.0,2026
2026-05-20,188471.67389835868,0.0,55.74584176992546,1.0,2026
2026-05-21,187361.21673030176,0.0,55.74584176992546,1.0,2026
2026-05-22,186973.22567158312,0.0,55.74584176992546,1.0,2026
2026-05-25,187234.11621106634,0.0,55.74584176992546,1.0,2026
2026-05-26,187369.02114814956,0.0,55.74584176992546,1.0,2026
2026-05-27,185999.90327428022,0.0,55.74584176992546,1.0,2026
2026-05-28,184837.04501495956,0.0,55.74584176992546,1.0,2026
2026-05-29,187974.97844818866,0.0,55.74584176992546,1.0,2026
2026-06-01,190151.85356930425,0.0,55.74584176992546,1.0,2026
2026-06-02,189859.74535842985,0.0,55.74584176992546,1.0,2026
