日期,持仓市值,现金,持仓点数,累计投入
2020-04-24,100000.0,100000.0,0.0,0.0
2020-04-27,100000.0,100000.0,0.0,0.0
2020-04-28,100000.0,100000.0,0.0,0.0
2020-04-29,100000.0,100000.0,0.0,0.0
2020-04-30,100000.0,100000.0,0.0,0.0
2020-05-06,100000.0,100000.0,0.0,0.0
2020-05-07,100000.0,100000.0,0.0,0.0
2020-05-08,100000.0,100000.0,0.0,0.0
2020-05-11,100000.0,100000.0,0.0,0.0
2020-05-12,100000.0,100000.0,0.0,0.0
2020-05-13,100000.0,100000.0,0.0,0.0
2020-05-14,100000.0,100000.0,0.0,0.0
2020-05-15,100000.0,100000.0,0.0,0.0
2020-05-18,100000.0,100000.0,0.0,0.0
2020-05-19,100000.0,100000.0,0.0,0.0
2020-05-20,100000.0,100000.0,0.0,0.0
2020-05-21,100000.0,100000.0,0.0,0.0
2020-05-22,100000.0,100000.0,0.0,0.0
2020-05-25,100000.0,100000.0,0.0,0.0
2020-05-26,100000.0,100000.0,0.0,0.0
2020-05-27,100000.0,100000.0,0.0,0.0
2020-05-28,100000.0,100000.0,0.0,0.0
2020-05-29,100000.0,100000.0,0.0,0.0
2020-06-01,100000.0,100000.0,0.0,0.0
2020-06-02,100000.0,100000.0,0.0,0.0
2020-06-03,100000.0,100000.0,0.0,0.0
2020-06-04,100000.0,100000.0,0.0,0.0
2020-06-05,100000.0,100000.0,0.0,0.0
2020-06-08,100000.0,100000.0,0.0,0.0
2020-06-09,100000.0,100000.0,0.0,0.0
2020-06-10,100000.0,100000.0,0.0,0.0
2020-06-11,100000.0,100000.0,0.0,0.0
2020-06-12,100000.0,100000.0,0.0,0.0
2020-06-15,100000.0,100000.0,0.0,0.0
2020-06-16,100000.0,100000.0,0.0,0.0
2020-06-17,100000.0,100000.0,0.0,0.0
2020-06-18,100000.0,100000.0,0.0,0.0
2020-06-19,100000.0,100000.0,0.0,0.0
2020-06-22,100000.0,100000.0,0.0,0.0
2020-06-23,100000.0,100000.0,0.0,0.0
2020-06-24,100000.0,100000.0,0.0,0.0
2020-06-29,100000.0,100000.0,0.0,0.0
2020-06-30,100000.0,100000.0,0.0,0.0
2020-07-01,100000.0,100000.0,0.0,0.0
2020-07-02,100000.0,100000.0,0.0,0.0
2020-07-03,100000.0,100000.0,0.0,0.0
2020-07-06,100000.0,100000.0,0.0,0.0
2020-07-07,100000.0,100000.0,0.0,0.0
2020-07-08,100000.0,100000.0,0.0,0.0
2020-07-09,100000.0,100000.0,0.0,0.0
2020-07-10,100000.0,100000.0,0.0,0.0
2020-07-13,100000.0,100000.0,0.0,0.0
2020-07-14,100000.0,100000.0,0.0,0.0
2020-07-15,100000.0,100000.0,0.0,0.0
2020-07-16,100000.0,100000.0,0.0,0.0
2020-07-17,100000.0,100000.0,0.0,0.0
2020-07-20,100000.0,100000.0,0.0,0.0
2020-07-21,100000.0,100000.0,0.0,0.0
2020-07-22,100000.0,100000.0,0.0,0.0
2020-07-23,100000.0,100000.0,0.0,0.0
2020-07-24,100000.0,100000.0,0.0,0.0
2020-07-27,100000.0,100000.0,0.0,0.0
2020-07-28,100000.0,100000.0,0.0,0.0
2020-07-29,100000.0,100000.0,0.0,0.0
2020-07-30,100000.0,100000.0,0.0,0.0
2020-07-31,100000.0,100000.0,0.0,0.0
2020-08-03,100000.0,100000.0,0.0,0.0
2020-08-04,100000.0,100000.0,0.0,0.0
2020-08-05,100000.0,100000.0,0.0,0.0
2020-08-06,100000.0,100000.0,0.0,0.0
2020-08-07,100000.0,100000.0,0.0,0.0
2020-08-10,100000.0,100000.0,0.0,0.0
2020-08-11,100000.0,100000.0,0.0,0.0
2020-08-12,100000.0,100000.0,0.0,0.0
2020-08-13,100000.0,100000.0,0.0,0.0
2020-08-14,100000.0,100000.0,0.0,0.0
2020-08-17,100000.0,100000.0,0.0,0.0
2020-08-18,100000.0,100000.0,0.0,0.0
2020-08-19,100000.0,100000.0,0.0,0.0
2020-08-20,100000.0,100000.0,0.0,0.0
2020-08-21,100000.0,100000.0,0.0,0.0
2020-08-24,100000.0,100000.0,0.0,0.0
2020-08-25,100000.0,100000.0,0.0,0.0
2020-08-26,100000.0,100000.0,0.0,0.0
2020-08-27,100000.0,100000.0,0.0,0.0
2020-08-28,100000.0,100000.0,0.0,0.0
2020-08-31,100000.0,100000.0,0.0,0.0
2020-09-01,100000.0,100000.0,0.0,0.0
2020-09-02,100000.0,100000.0,0.0,0.0
2020-09-03,100000.0,100000.0,0.0,0.0
2020-09-04,100000.0,100000.0,0.0,0.0
2020-09-07,100000.0,100000.0,0.0,0.0
2020-09-08,100000.0,100000.0,0.0,0.0
2020-09-09,100000.0,100000.0,0.0,0.0
2020-09-10,100000.0,100000.0,0.0,0.0
2020-09-11,100000.0,100000.0,0.0,0.0
2020-09-14,100000.0,100000.0,0.0,0.0
2020-09-15,100000.0,100000.0,0.0,0.0
2020-09-16,100000.0,100000.0,0.0,0.0
2020-09-17,100000.0,100000.0,0.0,0.0
2020-09-18,100000.0,100000.0,0.0,0.0
2020-09-21,100000.0,100000.0,0.0,0.0
2020-09-22,100000.0,100000.0,0.0,0.0
2020-09-23,100000.0,100000.0,0.0,0.0
2020-09-24,100000.0,100000.0,0.0,0.0
2020-09-25,100000.0,100000.0,0.0,0.0
2020-09-28,100000.0,100000.0,0.0,0.0
2020-09-29,100000.0,100000.0,0.0,0.0
2020-09-30,100000.0,100000.0,0.0,0.0
2020-10-09,100000.0,100000.0,0.0,0.0
2020-10-12,100000.0,100000.0,0.0,0.0
2020-10-13,100000.0,100000.0,0.0,0.0
2020-10-14,100000.0,100000.0,0.0,0.0
2020-10-15,100000.0,100000.0,0.0,0.0
2020-10-16,100000.0,100000.0,0.0,0.0
2020-10-19,100000.0,100000.0,0.0,0.0
2020-10-20,100000.0,100000.0,0.0,0.0
2020-10-21,100000.0,100000.0,0.0,0.0
2020-10-22,100000.0,100000.0,0.0,0.0
2020-10-23,100000.0,100000.0,0.0,0.0
2020-10-26,100000.0,100000.0,0.0,0.0
2020-10-27,100000.0,100000.0,0.0,0.0
2020-10-28,100000.0,100000.0,0.0,0.0
2020-10-29,100000.0,100000.0,0.0,0.0
2020-10-30,100000.0,100000.0,0.0,0.0
2020-11-02,100000.0,100000.0,0.0,0.0
2020-11-03,100000.0,100000.0,0.0,0.0
2020-11-04,100000.0,100000.0,0.0,0.0
2020-11-05,100000.0,100000.0,0.0,0.0
2020-11-06,100000.0,100000.0,0.0,0.0
2020-11-09,100000.0,100000.0,0.0,0.0
2020-11-10,100000.0,100000.0,0.0,0.0
2020-11-11,100000.0,100000.0,0.0,0.0
2020-11-12,100000.0,100000.0,0.0,0.0
2020-11-13,100000.0,100000.0,0.0,0.0
2020-11-16,100000.0,100000.0,0.0,0.0
2020-11-17,100000.0,100000.0,0.0,0.0
2020-11-18,100000.0,100000.0,0.0,0.0
2020-11-19,100000.0,100000.0,0.0,0.0
2020-11-20,100000.0,100000.0,0.0,0.0
2020-11-23,100000.0,100000.0,0.0,0.0
2020-11-24,100000.0,100000.0,0.0,0.0
2020-11-25,100000.0,100000.0,0.0,0.0
2020-11-26,100000.0,100000.0,0.0,0.0
2020-11-27,100000.0,100000.0,0.0,0.0
2020-11-30,100000.0,100000.0,0.0,0.0
2020-12-01,100000.0,100000.0,0.0,0.0
2020-12-02,100000.0,100000.0,0.0,0.0
2020-12-03,100000.0,100000.0,0.0,0.0
2020-12-04,100000.0,100000.0,0.0,0.0
2020-12-07,100000.0,100000.0,0.0,0.0
2020-12-08,100000.0,100000.0,0.0,0.0
2020-12-09,100000.0,100000.0,0.0,0.0
2020-12-10,100000.0,100000.0,0.0,0.0
2020-12-11,100000.0,100000.0,0.0,0.0
2020-12-14,100000.0,100000.0,0.0,0.0
2020-12-15,100000.0,100000.0,0.0,0.0
2020-12-16,100000.0,100000.0,0.0,0.0
2020-12-17,100000.0,100000.0,0.0,0.0
2020-12-18,100000.0,100000.0,0.0,0.0
2020-12-21,100000.0,100000.0,0.0,0.0
2020-12-22,100000.0,100000.0,0.0,0.0
2020-12-23,100000.0,100000.0,0.0,0.0
2020-12-24,100000.0,100000.0,0.0,0.0
2020-12-25,100000.0,100000.0,0.0,0.0
2020-12-28,100000.0,100000.0,0.0,0.0
2020-12-29,100000.0,100000.0,0.0,0.0
2020-12-30,100000.0,100000.0,0.0,0.0
2020-12-31,100000.0,100000.0,0.0,0.0
2021-01-04,100000.0,100000.0,0.0,0.0
2021-01-05,100000.0,100000.0,0.0,0.0
2021-01-06,100000.0,100000.0,0.0,0.0
2021-01-07,100000.0,100000.0,0.0,0.0
2021-01-08,100000.0,100000.0,0.0,0.0
2021-01-11,100000.0,100000.0,0.0,0.0
2021-01-12,100000.0,100000.0,0.0,0.0
2021-01-13,100000.0,100000.0,0.0,0.0
2021-01-14,100000.0,100000.0,0.0,0.0
2021-01-15,100000.0,100000.0,0.0,0.0
2021-01-18,100000.0,100000.0,0.0,0.0
2021-01-19,100000.0,100000.0,0.0,0.0
2021-01-20,100000.0,100000.0,0.0,0.0
2021-01-21,100000.0,100000.0,0.0,0.0
2021-01-22,100000.0,100000.0,0.0,0.0
2021-01-25,100000.0,100000.0,0.0,0.0
2021-01-26,100000.0,100000.0,0.0,0.0
2021-01-27,100000.0,100000.0,0.0,0.0
2021-01-28,100000.0,100000.0,0.0,0.0
2021-01-29,100000.0,100000.0,0.0,0.0
2021-02-01,100000.0,100000.0,0.0,0.0
2021-02-02,100000.0,100000.0,0.0,0.0
2021-02-03,100000.0,100000.0,0.0,0.0
2021-02-04,100000.0,100000.0,0.0,0.0
2021-02-05,100000.0,100000.0,0.0,0.0
2021-02-08,100000.0,100000.0,0.0,0.0
2021-02-09,100000.0,100000.0,0.0,0.0
2021-02-10,100000.0,100000.0,0.0,0.0
2021-02-18,100000.0,100000.0,0.0,0.0
2021-02-19,100000.0,100000.0,0.0,0.0
2021-02-22,100000.0,100000.0,0.0,0.0
2021-02-23,100000.0,100000.0,0.0,0.0
2021-02-24,100000.0,100000.0,0.0,0.0
2021-02-25,100000.0,100000.0,0.0,0.0
2021-02-26,100000.0,100000.0,0.0,0.0
2021-03-01,100000.0,100000.0,0.0,0.0
2021-03-02,100000.0,100000.0,0.0,0.0
2021-03-03,100000.0,100000.0,0.0,0.0
2021-03-04,100000.0,100000.0,0.0,0.0
2021-03-05,100000.0,100000.0,0.0,0.0
2021-03-08,100000.0,100000.0,0.0,0.0
2021-03-09,100000.0,100000.0,0.0,0.0
2021-03-10,100000.0,100000.0,0.0,0.0
2021-03-11,100000.0,100000.0,0.0,0.0
2021-03-12,100000.0,100000.0,0.0,0.0
2021-03-15,100000.0,100000.0,0.0,0.0
2021-03-16,100000.0,100000.0,0.0,0.0
2021-03-17,100000.0,100000.0,0.0,0.0
2021-03-18,100000.0,100000.0,0.0,0.0
2021-03-19,100000.0,100000.0,0.0,0.0
2021-03-22,100000.0,100000.0,0.0,0.0
2021-03-23,100000.0,100000.0,0.0,0.0
2021-03-24,100000.0,100000.0,0.0,0.0
2021-03-25,100000.0,100000.0,0.0,0.0
2021-03-26,100000.0,100000.0,0.0,0.0
2021-03-29,100000.0,100000.0,0.0,0.0
2021-03-30,100000.0,100000.0,0.0,0.0
2021-03-31,100000.0,100000.0,0.0,0.0
2021-04-01,100000.0,100000.0,0.0,0.0
2021-04-02,100000.0,100000.0,0.0,0.0
2021-04-06,100000.0,100000.0,0.0,0.0
2021-04-07,100000.0,100000.0,0.0,0.0
2021-04-08,100000.0,100000.0,0.0,0.0
2021-04-09,100000.0,100000.0,0.0,0.0
2021-04-12,100000.0,100000.0,0.0,0.0
2021-04-13,100000.0,100000.0,0.0,0.0
2021-04-14,100000.0,100000.0,0.0,0.0
2021-04-15,100000.0,100000.0,0.0,0.0
2021-04-16,100000.0,100000.0,0.0,0.0
2021-04-19,100000.0,100000.0,0.0,0.0
2021-04-20,100000.0,100000.0,0.0,0.0
2021-04-21,100000.0,100000.0,0.0,0.0
2021-04-22,100000.0,100000.0,0.0,0.0
2021-04-23,100000.0,100000.0,0.0,0.0
2021-04-26,100000.0,100000.0,0.0,0.0
2021-04-27,100000.0,100000.0,0.0,0.0
2021-04-28,100000.0,100000.0,0.0,0.0
2021-04-29,100000.0,100000.0,0.0,0.0
2021-04-30,100000.0,100000.0,0.0,0.0
2021-05-06,100000.0,100000.0,0.0,0.0
2021-05-07,100000.0,100000.0,0.0,0.0
2021-05-10,100000.0,100000.0,0.0,0.0
2021-05-11,100000.0,100000.0,0.0,0.0
2021-05-12,100000.0,100000.0,0.0,0.0
2021-05-13,100000.0,100000.0,0.0,0.0
2021-05-14,100000.0,100000.0,0.0,0.0
2021-05-17,100000.0,100000.0,0.0,0.0
2021-05-18,100000.0,100000.0,0.0,0.0
2021-05-19,100000.0,100000.0,0.0,0.0
2021-05-20,100000.0,100000.0,0.0,0.0
2021-05-21,100000.0,100000.0,0.0,0.0
2021-05-24,100000.0,100000.0,0.0,0.0
2021-05-25,100000.0,100000.0,0.0,0.0
2021-05-26,100000.0,100000.0,0.0,0.0
2021-05-27,100000.0,100000.0,0.0,0.0
2021-05-28,100000.0,100000.0,0.0,0.0
2021-05-31,100000.0,100000.0,0.0,0.0
2021-06-01,100000.0,100000.0,0.0,0.0
2021-06-02,100000.0,100000.0,0.0,0.0
2021-06-03,100000.0,100000.0,0.0,0.0
2021-06-04,100000.0,100000.0,0.0,0.0
2021-06-07,100000.0,100000.0,0.0,0.0
2021-06-08,100000.0,100000.0,0.0,0.0
2021-06-09,100000.0,100000.0,0.0,0.0
2021-06-10,100000.0,100000.0,0.0,0.0
2021-06-11,100000.0,100000.0,0.0,0.0
2021-06-15,100000.0,100000.0,0.0,0.0
2021-06-16,100000.0,100000.0,0.0,0.0
2021-06-17,100000.0,100000.0,0.0,0.0
2021-06-18,100000.0,100000.0,0.0,0.0
2021-06-21,100000.0,100000.0,0.0,0.0
2021-06-22,100000.0,100000.0,0.0,0.0
2021-06-23,100000.0,100000.0,0.0,0.0
2021-06-24,100000.0,100000.0,0.0,0.0
2021-06-25,100000.0,100000.0,0.0,0.0
2021-06-28,100000.0,100000.0,0.0,0.0
2021-06-29,100000.0,100000.0,0.0,0.0
2021-06-30,100000.0,100000.0,0.0,0.0
2021-07-01,100000.0,100000.0,0.0,0.0
2021-07-02,100000.0,100000.0,0.0,0.0
2021-07-05,100000.0,100000.0,0.0,0.0
2021-07-06,100000.0,100000.0,0.0,0.0
2021-07-07,100000.0,100000.0,0.0,0.0
2021-07-08,100000.0,100000.0,0.0,0.0
2021-07-09,100000.0,100000.0,0.0,0.0
2021-07-12,100000.0,100000.0,0.0,0.0
2021-07-13,100000.0,100000.0,0.0,0.0
2021-07-14,100000.0,100000.0,0.0,0.0
2021-07-15,100000.0,100000.0,0.0,0.0
2021-07-16,100000.0,100000.0,0.0,0.0
2021-07-19,100000.0,100000.0,0.0,0.0
2021-07-20,100000.0,100000.0,0.0,0.0
2021-07-21,100000.0,100000.0,0.0,0.0
2021-07-22,100000.0,100000.0,0.0,0.0
2021-07-23,100000.0,100000.0,0.0,0.0
2021-07-26,100000.0,80000.0,8.780132316594011,20000.0
2021-07-27,99632.20025725788,80000.0,8.780132316594011,20000.0
2021-07-28,99468.36298823023,80000.0,8.780132316594011,20000.0
2021-07-29,99476.9675179005,80000.0,8.780132316594011,20000.0
2021-07-30,99567.13947679193,80000.0,8.780132316594011,20000.0
2021-08-02,99784.88675824345,80000.0,8.780132316594011,20000.0
2021-08-03,99807.01269168126,80000.0,8.780132316594011,20000.0
2021-08-04,99836.68953891135,80000.0,8.780132316594011,20000.0
2021-08-05,99800.86659905965,80000.0,8.780132316594011,20000.0
2021-08-06,99880.67800181749,80000.0,8.780132316594011,20000.0
2021-08-09,100115.45873996321,80000.0,8.780132316594011,20000.0
2021-08-10,100253.57022130323,80000.0,8.780132316594011,20000.0
2021-08-11,100427.24123852547,80000.0,8.780132316594011,20000.0
2021-08-12,100383.603980912,80000.0,8.780132316594011,20000.0
2021-08-13,100390.62808676527,80000.0,8.780132316594011,20000.0
2021-08-16,100599.50743457704,80000.0,8.780132316594011,20000.0
2021-08-17,100379.56512004636,80000.0,8.780132316594011,20000.0
2021-08-18,100652.53943376927,80000.0,8.780132316594011,20000.0
2021-08-19,100389.22326559461,80000.0,8.780132316594011,20000.0
2021-08-20,100321.9674520495,64000.0,15.692953006666336,36000.0
2021-08-23,100612.28708267282,64000.0,15.692953006666336,36000.0
2021-08-24,100850.97689790421,64000.0,15.692953006666336,36000.0
2021-08-25,101232.47258549629,64000.0,15.692953006666336,36000.0
2021-08-26,101118.69867619795,64000.0,15.692953006666336,36000.0
2021-08-27,101229.80478348515,64000.0,15.692953006666336,36000.0
2021-08-30,101378.41704845827,64000.0,15.692953006666336,36000.0
2021-08-31,101986.51897746659,64000.0,15.692953006666336,36000.0
2021-09-01,102235.09535309218,64000.0,15.692953006666336,36000.0
2021-09-02,103111.86063757465,64000.0,15.692953006666336,36000.0
2021-09-03,103279.30444615576,64000.0,15.692953006666336,36000.0
2021-09-06,103867.31939531557,64000.0,15.692953006666336,36000.0
2021-09-07,104518.89080415235,64000.0,15.692953006666336,36000.0
2021-09-08,105338.6906692206,64000.0,15.692953006666336,36000.0
2021-09-09,105946.16488010864,64000.0,15.692953006666336,36000.0
2021-09-10,105428.76821947886,64000.0,15.692953006666336,36000.0
2021-09-13,106109.99930949823,64000.0,15.692953006666336,36000.0
2021-09-14,105039.42605538346,64000.0,15.692953006666336,36000.0
2021-09-15,105139.23323650587,64000.0,15.692953006666336,36000.0
2021-09-16,104613.51931078255,64000.0,15.692953006666336,36000.0
2021-09-17,104588.88137456207,64000.0,15.692953006666336,36000.0
2021-09-22,105636.07212869692,64000.0,15.692953006666336,36000.0
2021-09-23,106330.4852992419,64000.0,15.692953006666336,36000.0
2021-09-24,105471.13919259686,64000.0,15.692953006666336,36000.0
2021-09-27,104295.42315333741,64000.0,15.692953006666336,36000.0
2021-09-28,105231.03701159486,64000.0,15.692953006666336,36000.0
2021-09-29,104236.88843862255,64000.0,15.692953006666336,36000.0
2021-09-30,104565.96966317235,64000.0,15.692953006666336,36000.0
2021-10-08,104612.10694501194,64000.0,15.692953006666336,36000.0
2021-10-11,104341.08964658683,64000.0,15.692953006666336,36000.0
2021-10-12,103626.1187076031,64000.0,15.692953006666336,36000.0
2021-10-13,102844.92350693126,64000.0,15.692953006666336,36000.0
2021-10-14,102686.73854062405,64000.0,15.692953006666336,36000.0
2021-10-15,102712.31805402492,64000.0,15.692953006666336,36000.0
2021-10-18,103228.77313747432,64000.0,15.692953006666336,36000.0
2021-10-19,103378.17005009777,64000.0,15.692953006666336,36000.0
2021-10-20,103315.71209713124,64000.0,15.692953006666336,36000.0
2021-10-21,103418.97172791511,64000.0,15.692953006666336,36000.0
2021-10-22,102872.07231563277,64000.0,15.692953006666336,36000.0
2021-10-25,103021.31229872617,64000.0,15.692953006666336,36000.0
2021-10-26,102716.86901039685,64000.0,15.692953006666336,36000.0
2021-10-27,102510.03588976899,64000.0,15.692953006666336,36000.0
2021-10-28,101894.40134331747,64000.0,15.692953006666336,36000.0
2021-10-29,101927.6704036916,64000.0,15.692953006666336,36000.0
2021-11-01,102121.47837332393,64000.0,15.692953006666336,36000.0
2021-11-02,101171.42699830035,51200.0,21.09682944365418,48800.0
2021-11-03,101572.26675772978,51200.0,21.09682944365418,48800.0
2021-11-04,101948.21225841569,51200.0,21.09682944365418,48800.0
2021-11-05,101088.72742688122,40960.0,25.427096913788443,59040.0
2021-11-08,101010.6662393559,40960.0,25.427096913788443,59040.0
2021-11-09,101031.77072979434,40960.0,25.427096913788443,59040.0
2021-11-10,100856.57803205833,40960.0,25.427096913788443,59040.0
2021-11-11,101299.77233126567,40960.0,25.427096913788443,59040.0
2021-11-12,101361.05163482789,40960.0,25.427096913788443,59040.0
2021-11-15,101434.53594490874,40960.0,25.427096913788443,59040.0
2021-11-16,101049.569697634,40960.0,25.427096913788443,59040.0
2021-11-17,101308.16327324722,40960.0,25.427096913788443,59040.0
2021-11-18,101244.84980193188,40960.0,25.427096913788443,59040.0
2021-11-19,101900.36036036935,40960.0,25.427096913788443,59040.0
2021-11-22,101825.6046954428,40960.0,25.427096913788443,59040.0
2021-11-23,101969.77633494399,40960.0,25.427096913788443,59040.0
2021-11-24,102303.12557548376,40960.0,25.427096913788443,59040.0
2021-11-25,102325.50142076789,40960.0,25.427096913788443,59040.0
2021-11-26,101901.12317327675,40960.0,25.427096913788443,59040.0
2021-11-29,101942.56934124624,40960.0,25.427096913788443,59040.0
2021-11-30,101892.22368935694,40960.0,25.427096913788443,59040.0
2021-12-01,102703.09380993765,40960.0,25.427096913788443,59040.0
2021-12-02,102743.26862306145,40960.0,25.427096913788443,59040.0
2021-12-03,103627.62305372299,40960.0,25.427096913788443,59040.0
2021-12-06,103385.55709110372,40960.0,25.427096913788443,59040.0
2021-12-07,104077.42839812791,40960.0,25.427096913788443,59040.0
2021-12-08,104287.71048960494,40960.0,25.427096913788443,59040.0
2021-12-09,104790.65846655969,40960.0,25.427096913788443,59040.0
2021-12-10,104229.48243767237,40960.0,25.427096913788443,59040.0
2021-12-13,104209.6493020796,40960.0,25.427096913788443,59040.0
2021-12-14,103692.71642182229,40960.0,25.427096913788443,59040.0
2021-12-15,104043.86463020172,40960.0,25.427096913788443,59040.0
2021-12-16,104728.10780815176,40960.0,25.427096913788443,59040.0
2021-12-17,104724.80228555297,40960.0,25.427096913788443,59040.0
2021-12-20,104615.21149785454,40960.0,25.427096913788443,59040.0
2021-12-21,105386.16107628061,40960.0,25.427096913788443,59040.0
2021-12-22,105164.43679119236,40960.0,25.427096913788443,59040.0
2021-12-23,105437.26954107732,40960.0,25.427096913788443,59040.0
2021-12-24,105073.40778424102,40960.0,25.427096913788443,59040.0
2021-12-27,105502.61718014575,40960.0,25.427096913788443,59040.0
2021-12-28,105240.71808193374,40960.0,25.427096913788443,59040.0
2021-12-29,105105.70019732151,40960.0,25.427096913788443,59040.0
2021-12-30,105418.45348936113,40960.0,25.427096913788443,59040.0
2021-12-31,106100.9167705272,40960.0,25.427096913788443,59040.0
2022-01-04,106977.13453017635,40960.0,25.427096913788443,59040.0
2022-01-05,106706.33594804449,40960.0,25.427096913788443,59040.0
2022-01-06,107068.92635003512,40960.0,25.427096913788443,59040.0
2022-01-07,107572.89141086642,40960.0,25.427096913788443,59040.0
2022-01-10,107946.6697354991,40960.0,25.427096913788443,59040.0
2022-01-11,108316.88826656387,40960.0,25.427096913788443,59040.0
2022-01-12,108068.211258747,40960.0,25.427096913788443,59040.0
2022-01-13,107795.6327798312,40960.0,25.427096913788443,59040.0
2022-01-14,106789.99109689087,40960.0,25.427096913788443,59040.0
2022-01-17,106856.86436177413,40960.0,25.427096913788443,59040.0
2022-01-18,107441.17904885298,40960.0,25.427096913788443,59040.0
2022-01-19,107846.48697365877,40960.0,25.427096913788443,59040.0
2022-01-20,107732.573579485,40960.0,25.427096913788443,59040.0
2022-01-21,106906.44720075603,40960.0,25.427096913788443,59040.0
2022-01-24,106773.4634838969,40960.0,25.427096913788443,59040.0
2022-01-25,104834.13880228226,40960.0,25.427096913788443,59040.0
2022-01-26,105324.3732307801,40960.0,25.427096913788443,59040.0
2022-01-27,104603.51503327419,40960.0,25.427096913788443,59040.0
2022-01-28,104302.2039348458,40960.0,25.427096913788443,59040.0
2022-02-07,106186.8603580958,40960.0,25.427096913788443,59040.0
2022-02-08,107740.71025049742,40960.0,25.427096913788443,59040.0
2022-02-09,107999.30382611064,40960.0,25.427096913788443,59040.0
2022-02-10,108553.61453883123,40960.0,25.427096913788443,59040.0
2022-02-11,108279.76470506973,40960.0,25.427096913788443,59040.0
2022-02-14,107307.43251908646,40960.0,25.427096913788443,59040.0
2022-02-15,107050.11029831892,40960.0,25.427096913788443,59040.0
2022-02-16,107576.45120443434,40960.0,25.427096913788443,59040.0
2022-02-17,107224.79445411665,40960.0,25.427096913788443,59040.0
2022-02-18,108328.33046017506,40960.0,25.427096913788443,59040.0
2022-02-21,108525.13619028778,40960.0,25.427096913788443,59040.0
2022-02-22,107892.76429004187,40960.0,25.427096913788443,59040.0
2022-02-23,107526.86836545245,40960.0,25.427096913788443,59040.0
2022-02-24,106497.07094044401,40960.0,25.427096913788443,59040.0
2022-02-25,106591.65974096331,40960.0,25.427096913788443,59040.0
2022-02-28,106482.06895326488,40960.0,25.427096913788443,59040.0
2022-03-01,106971.79483982445,40960.0,25.427096913788443,59040.0
2022-03-02,107364.89775811162,40960.0,25.427096913788443,59040.0
2022-03-03,108526.15327416435,40960.0,25.427096913788443,59040.0
2022-03-04,108041.00426504925,40960.0,25.427096913788443,59040.0
2022-03-07,107492.03324268057,40960.0,25.427096913788443,59040.0
2022-03-08,105636.36370991229,40960.0,25.427096913788443,59040.0
2022-03-09,105032.97870014809,40960.0,25.427096913788443,59040.0
2022-03-10,106096.59416405184,40960.0,25.427096913788443,59040.0
2022-03-11,106298.73958451647,40960.0,25.427096913788443,59040.0
2022-03-14,104998.39784834534,40960.0,25.427096913788443,59040.0
2022-03-15,101629.81604920664,32768.0,28.860415019595997,67232.0
2022-03-16,103304.874536944,32768.0,28.860415019595997,67232.0
2022-03-17,103917.86975196021,32768.0,28.860415019595997,67232.0
2022-03-18,105480.37262112113,32768.0,28.860415019595997,67232.0
2022-03-21,105446.60593554821,32768.0,28.860415019595997,67232.0
2022-03-22,106279.51751301375,32768.0,28.860415019595997,67232.0
2022-03-23,106067.97067092011,32768.0,28.860415019595997,67232.0
2022-03-24,106001.88032052523,32768.0,28.860415019595997,67232.0
2022-03-25,105781.96395807591,32768.0,28.860415019595997,67232.0
2022-03-28,106429.01446281526,32768.0,28.860415019595997,67232.0
2022-03-29,106388.32127763762,32768.0,28.860415019595997,67232.0
2022-03-30,107443.45805075405,32768.0,28.860415019595997,67232.0
2022-03-31,107985.16804067187,32768.0,28.860415019595997,67232.0
2022-04-01,108539.8652173485,32768.0,28.860415019595997,67232.0
2022-04-06,109828.19414382328,32768.0,28.860415019595997,67232.0
2022-04-07,108462.23070094579,32768.0,28.860415019595997,67232.0
2022-04-08,109157.18949461766,32768.0,28.860415019595997,67232.0
2022-04-11,108116.19432486084,32768.0,28.860415019595997,67232.0
2022-04-12,108693.69122940295,32768.0,28.860415019595997,67232.0
2022-04-13,108003.06149798403,32768.0,28.860415019595997,67232.0
2022-04-14,108629.90971220964,32768.0,28.860415019595997,67232.0
2022-04-15,108332.64743750781,32768.0,28.860415019595997,67232.0
2022-04-18,107714.16874363786,32768.0,28.860415019595997,67232.0
2022-04-19,108449.82072248738,32768.0,28.860415019595997,67232.0
2022-04-20,106923.68197625113,32768.0,28.860415019595997,67232.0
2022-04-21,105511.2532651921,32768.0,28.860415019595997,67232.0
2022-04-22,106443.44467032506,32768.0,28.860415019595997,67232.0
2022-04-25,103790.30671757358,26214.4,31.523516580413425,73785.6
2022-04-26,103227.29671144742,26214.4,31.523516580413425,73785.6
2022-04-27,104473.73655703696,26214.4,31.523516580413425,73785.6
2022-04-28,105692.12047286992,26214.4,31.523516580413425,73785.6
2022-04-29,106911.76532936611,26214.4,31.523516580413425,73785.6
2022-05-05,107122.6576552891,26214.4,31.523516580413425,73785.6
2022-05-06,105165.04727564543,26214.4,31.523516580413425,73785.6
2022-05-09,106048.0209750628,26214.4,31.523516580413425,73785.6
2022-05-10,107256.00213042425,26214.4,31.523516580413425,73785.6
2022-05-11,107061.8172682889,26214.4,31.523516580413425,73785.6
2022-05-12,107101.22166401442,26214.4,31.523516580413425,73785.6
2022-05-13,107953.93278751458,26214.4,31.523516580413425,73785.6
2022-05-16,107830.04536735357,26214.4,31.523516580413425,73785.6
2022-05-17,107047.9469209935,26214.4,31.523516580413425,73785.6
2022-05-18,106827.28230493062,26214.4,31.523516580413425,73785.6
2022-05-19,107247.17554578173,26214.4,31.523516580413425,73785.6
2022-05-20,107980.41254144214,26214.4,31.523516580413425,73785.6
2022-05-23,107730.11581979366,26214.4,31.523516580413425,73785.6
2022-05-24,105760.84173901525,26214.4,31.523516580413425,73785.6
2022-05-25,107425.59864962686,26214.4,31.523516580413425,73785.6
2022-05-26,108180.90210689357,26214.4,31.523516580413425,73785.6
2022-05-27,108642.40638963084,26214.4,31.523516580413425,73785.6
2022-05-30,108536.80260908644,26214.4,31.523516580413425,73785.6
2022-05-31,108376.03267452633,26214.4,31.523516580413425,73785.6
2022-06-01,108095.15814179485,26214.4,31.523516580413425,73785.6
2022-06-02,107652.56796900585,26214.4,31.523516580413425,73785.6
2022-06-06,107702.05989003708,26214.4,31.523516580413425,73785.6
2022-06-07,107938.17102922438,26214.4,31.523516580413425,73785.6
2022-06-08,108085.38585165492,26214.4,31.523516580413425,73785.6
2022-06-09,108277.04883246383,26214.4,31.523516580413425,73785.6
2022-06-10,108577.78318064098,26214.4,31.523516580413425,73785.6
2022-06-13,107346.78985817585,26214.4,31.523516580413425,73785.6
2022-06-14,108413.23042409122,26214.4,31.523516580413425,73785.6
2022-06-15,108940.61885648154,26214.4,31.523516580413425,73785.6
2022-06-16,107939.74720505343,26214.4,31.523516580413425,73785.6
2022-06-17,107674.94966577794,26214.4,31.523516580413425,73785.6
2022-06-20,107352.77932632613,26214.4,31.523516580413425,73785.6
2022-06-21,107516.07114221266,26214.4,31.523516580413425,73785.6
2022-06-22,106532.85266006956,26214.4,31.523516580413425,73785.6
2022-06-23,107141.25653007155,26214.4,31.523516580413425,73785.6
2022-06-24,106915.54815135579,26214.4,31.523516580413425,73785.6
2022-06-27,107208.086385222,26214.4,31.523516580413425,73785.6
2022-06-28,107645.94803052396,26214.4,31.523516580413425,73785.6
2022-06-29,107330.08239438821,26214.4,31.523516580413425,73785.6
2022-06-30,107429.06623645072,26214.4,31.523516580413425,73785.6
2022-07-01,107420.2396518082,26214.4,31.523516580413425,73785.6
2022-07-04,107576.59629404705,26214.4,31.523516580413425,73785.6
2022-07-05,107598.34752048753,26214.4,31.523516580413425,73785.6
2022-07-06,106485.88262036475,26214.4,31.523516580413425,73785.6
2022-07-07,106236.84683937949,26214.4,31.523516580413425,73785.6
2022-07-08,106341.50491442645,26214.4,31.523516580413425,73785.6
2022-07-11,106272.46841311536,26214.4,31.523516580413425,73785.6
2022-07-12,106445.84775430762,26214.4,31.523516580413425,73785.6
2022-07-13,106443.01063781537,26214.4,31.523516580413425,73785.6
2022-07-14,105441.82375122147,26214.4,31.523516580413425,73785.6
2022-07-15,103479.16960892492,20971.52,33.66257705319619,79028.48000000001
2022-07-18,104858.99864233544,20971.52,33.66257705319619,79028.48000000001
2022-07-19,105148.83343076345,20971.52,33.66257705319619,79028.48000000001
2022-07-20,105490.5085878534,20971.52,33.66257705319619,79028.48000000001
2022-07-21,104513.95722754019,16777.216,35.35262927420064,83222.78400000001
2022-07-22,104743.04226523699,16777.216,35.35262927420064,83222.78400000001
2022-07-25,104596.32885374907,16777.216,35.35262927420064,83222.78400000001
2022-07-26,105213.93928716934,16777.216,35.35262927420064,83222.78400000001
2022-07-27,104926.87593746284,16777.216,35.35262927420064,83222.78400000001
2022-07-28,104816.92926042007,16777.216,35.35262927420064,83222.78400000001
2022-07-29,104161.49151367639,16777.216,35.35262927420064,83222.78400000001
2022-08-01,103805.13701059246,16777.216,35.35262927420064,83222.78400000001
2022-08-02,101600.90057534605,16777.216,35.35262927420064,83222.78400000001
2022-08-03,100767.99262964589,16777.216,35.35262927420064,83222.78400000001
2022-08-04,101363.3309066234,16777.216,35.35262927420064,83222.78400000001
2022-08-05,101936.04350086547,16777.216,35.35262927420064,83222.78400000001
2022-08-08,102086.29217528082,16777.216,35.35262927420064,83222.78400000001
2022-08-09,102037.50554688243,16777.216,35.35262927420064,83222.78400000001
2022-08-10,101677.61578087107,16777.216,35.35262927420064,83222.78400000001
2022-08-11,102855.21186199469,16777.216,35.35262927420064,83222.78400000001
2022-08-12,103201.66762888184,16777.216,35.35262927420064,83222.78400000001
2022-08-15,102833.29323184467,16777.216,35.35262927420064,83222.78400000001
2022-08-16,102994.50122133504,16777.216,35.35262927420064,83222.78400000001
2022-08-17,103450.55013897222,16777.216,35.35262927420064,83222.78400000001
2022-08-18,102683.7516100148,16777.216,35.35262927420064,83222.78400000001
2022-08-19,103000.15764201891,16777.216,35.35262927420064,83222.78400000001
2022-08-22,103438.17671872624,16777.216,35.35262927420064,83222.78400000001
2022-08-23,103624.48507500128,16777.216,35.35262927420064,83222.78400000001
2022-08-24,102816.32396979305,16777.216,35.35262927420064,83222.78400000001
2022-08-25,104020.08099657959,16777.216,35.35262927420064,83222.78400000001
2022-08-26,103998.86941901507,16777.216,35.35262927420064,83222.78400000001
2022-08-29,104272.14524330465,16777.216,35.35262927420064,83222.78400000001
2022-08-30,104527.03770037163,16777.216,35.35262927420064,83222.78400000001
2022-08-31,104202.8540899272,16777.216,35.35262927420064,83222.78400000001
2022-09-01,104435.12086425872,16777.216,35.35262927420064,83222.78400000001
2022-09-02,104610.82343175149,16777.216,35.35262927420064,83222.78400000001
2022-09-05,105614.1310505533,16777.216,35.35262927420064,83222.78400000001
2022-09-06,106203.10585426148,16777.216,35.35262927420064,83222.78400000001
2022-09-07,105871.85171796224,13421.7728,36.68406453452038,86578.22720000001
2022-09-08,105919.5410018571,13421.7728,36.68406453452038,86578.22720000001
2022-09-09,106692.10740095412,13421.7728,36.68406453452038,86578.22720000001
2022-09-13,106433.11790534039,13421.7728,36.68406453452038,86578.22720000001
2022-09-14,105694.30084561514,10737.41824,37.75126230181135,89262.58176000002
2022-09-15,105681.46541643252,10737.41824,37.75126230181135,89262.58176000002
2022-09-16,103255.19178829511,10737.41824,37.75126230181135,89262.58176000002
2022-09-19,102967.52716955531,10737.41824,37.75126230181135,89262.58176000002
2022-09-20,102893.15718282075,10737.41824,37.75126230181135,89262.58176000002
2022-09-21,103651.20252984112,10737.41824,37.75126230181135,89262.58176000002
2022-09-22,103299.36076518823,10737.41824,37.75126230181135,89262.58176000002
2022-09-23,103194.78976861222,10737.41824,37.75126230181135,89262.58176000002
2022-09-26,101099.59471086168,10737.41824,37.75126230181135,89262.58176000002
2022-09-27,102039.22362955377,10737.41824,37.75126230181135,89262.58176000002
2022-09-28,101256.63996203722,10737.41824,37.75126230181135,89262.58176000002
2022-09-29,100503.8797917391,10737.41824,37.75126230181135,89262.58176000002
2022-09-30,100914.99103820583,10737.41824,37.75126230181135,89262.58176000002
2022-10-10,100887.05510410247,10737.41824,37.75126230181135,89262.58176000002
2022-10-11,101039.57020380182,10737.41824,37.75126230181135,89262.58176000002
2022-10-12,102104.91082595893,10737.41824,37.75126230181135,89262.58176000002
2022-10-13,101765.90449048865,10737.41824,37.75126230181135,89262.58176000002
2022-10-14,102799.53405231226,10737.41824,37.75126230181135,89262.58176000002
2022-10-17,102816.52212034806,10737.41824,37.75126230181135,89262.58176000002
2022-10-18,102852.00830691177,10737.41824,37.75126230181135,89262.58176000002
2022-10-19,102213.63446138814,10737.41824,37.75126230181135,89262.58176000002
2022-10-20,101782.89255852446,10737.41824,37.75126230181135,89262.58176000002
2022-10-21,102024.50063725606,10737.41824,37.75126230181135,89262.58176000002
2022-10-24,100352.49722990884,10737.41824,37.75126230181135,89262.58176000002
2022-10-25,100075.40296461353,10737.41824,37.75126230181135,89262.58176000002
2022-10-26,100125.61214347497,10737.41824,37.75126230181135,89262.58176000002
2022-10-27,100606.18571257702,10737.41824,37.75126230181135,89262.58176000002
2022-10-28,98873.78028554689,10737.41824,37.75126230181135,89262.58176000002
2022-10-31,98021.73429539501,10737.41824,37.75126230181135,89262.58176000002
2022-11-01,99053.09878148048,10737.41824,37.75126230181135,89262.58176000002
2022-11-02,99347.93614005763,10737.41824,37.75126230181135,89262.58176000002
2022-11-03,98960.60818884106,10737.41824,37.75126230181135,89262.58176000002
2022-11-04,100079.93311608977,10737.41824,37.75126230181135,89262.58176000002
2022-11-07,100339.66180072622,10737.41824,37.75126230181135,89262.58176000002
2022-11-08,100384.20829024236,10737.41824,37.75126230181135,89262.58176000002
2022-11-09,100434.7949817268,10737.41824,37.75126230181135,89262.58176000002
2022-11-10,100640.53936127166,10737.41824,37.75126230181135,89262.58176000002
2022-11-11,102018.46043528778,10737.41824,37.75126230181135,89262.58176000002
2022-11-14,102579.06668046967,10737.41824,37.75126230181135,89262.58176000002
2022-11-15,103220.83813960047,10737.41824,37.75126230181135,89262.58176000002
2022-11-16,102900.7074352811,10737.41824,37.75126230181135,89262.58176000002
2022-11-17,103200.82997058051,10737.41824,37.75126230181135,89262.58176000002
2022-11-18,102978.47503562283,10737.41824,37.75126230181135,89262.58176000002
2022-11-21,102724.40904033164,10737.41824,37.75126230181135,89262.58176000002
2022-11-22,103658.75278230147,10737.41824,37.75126230181135,89262.58176000002
2022-11-23,104014.74718580756,10737.41824,37.75126230181135,89262.58176000002
2022-11-24,104234.4595324041,10737.41824,37.75126230181135,89262.58176000002
2022-11-25,105454.20281737561,10737.41824,37.75126230181135,89262.58176000002
2022-11-28,105160.87550929055,10737.41824,37.75126230181135,89262.58176000002
2022-11-29,107223.2269688385,10737.41824,37.75126230181135,89262.58176000002
2022-11-30,107206.6164134257,10737.41824,37.75126230181135,89262.58176000002
2022-12-01,106749.44862695078,10737.41824,37.75126230181135,89262.58176000002
2022-12-02,106670.17097611696,10737.41824,37.75126230181135,89262.58176000002
2022-12-05,109138.72601803242,10737.41824,37.75126230181135,89262.58176000002
2022-12-06,108569.81449514412,10737.41824,37.75126230181135,89262.58176000002
2022-12-07,108493.17943267143,10737.41824,37.75126230181135,89262.58176000002
2022-12-08,108587.93510104899,10737.41824,37.75126230181135,89262.58176000002
2022-12-09,107966.9268361842,10737.41824,37.75126230181135,89262.58176000002
2022-12-12,107022.76776601588,10737.41824,37.75126230181135,89262.58176000002
2022-12-13,107536.93995856655,10737.41824,37.75126230181135,89262.58176000002
2022-12-14,107083.92481094482,10737.41824,37.75126230181135,89262.58176000002
2022-12-15,106249.99942669782,10737.41824,37.75126230181135,89262.58176000002
2022-12-16,106911.02402960253,10737.41824,37.75126230181135,89262.58176000002
2022-12-19,104898.50423629297,8589.934592000001,38.61223600051838,91410.06540800001
2022-12-20,104086.87503556207,8589.934592000001,38.61223600051838,91410.06540800001
2022-12-21,104189.96970568347,8589.934592000001,38.61223600051838,91410.06540800001
2022-12-22,103673.33798799652,8589.934592000001,38.61223600051838,91410.06540800001
2022-12-23,103333.16418883196,8589.934592000001,38.61223600051838,91410.06540800001
2022-12-26,103190.29891563005,8589.934592000001,38.61223600051838,91410.06540800001
2022-12-27,104222.40398392388,8589.934592000001,38.61223600051838,91410.06540800001
2022-12-28,104379.555784446,8589.934592000001,38.61223600051838,91410.06540800001
2022-12-29,103855.97386427897,8589.934592000001,38.61223600051838,91410.06540800001
2022-12-30,104788.84548605149,8589.934592000001,38.61223600051838,91410.06540800001
2023-01-03,105360.30657885918,8589.934592000001,38.61223600051838,91410.06540800001
2023-01-04,106172.32190195007,8589.934592000001,38.61223600051838,91410.06540800001
2023-01-05,106167.68843363001,8589.934592000001,38.61223600051838,91410.06540800001
2023-01-06,105854.92932202581,6871.9476736000015,39.29424206573422,93128.05232640001
2023-01-09,105874.57644305869,6871.9476736000015,39.29424206573422,93128.05232640001
2023-01-10,105192.42840079752,6871.9476736000015,39.29424206573422,93128.05232640001
2023-01-11,105240.76031853838,6871.9476736000015,39.29424206573422,93128.05232640001
2023-01-12,105144.88236789798,6871.9476736000015,39.29424206573422,93128.05232640001
2023-01-13,106201.11159462493,6871.9476736000015,39.29424206573422,93128.05232640001
2023-01-16,106675.786038779,6871.9476736000015,39.29424206573422,93128.05232640001
2023-01-17,106445.5217802738,6871.9476736000015,39.29424206573422,93128.05232640001
2023-01-18,106734.33445945695,6871.9476736000015,39.29424206573422,93128.05232640001
2023-01-19,107114.30978023261,6871.9476736000015,39.29424206573422,93128.05232640001
2023-01-20,107903.33816091254,6871.9476736000015,39.29424206573422,93128.05232640001
2023-01-30,107981.1407602027,6871.9476736000015,39.29424206573422,93128.05232640001
2023-01-31,108035.36681425342,6871.9476736000015,39.29424206573422,93128.05232640001
2023-02-01,108594.13093642815,6871.9476736000015,39.29424206573422,93128.05232640001
2023-02-02,108177.61197053136,6871.9476736000015,39.29424206573422,93128.05232640001
2023-02-03,107491.14156164299,6871.9476736000015,39.29424206573422,93128.05232640001
2023-02-06,107106.45093181945,6871.9476736000015,39.29424206573422,93128.05232640001
2023-02-07,107581.12537597351,6871.9476736000015,39.29424206573422,93128.05232640001
2023-02-08,107041.61543241098,6871.9476736000015,39.29424206573422,93128.05232640001
2023-02-09,107757.55652284867,6871.9476736000015,39.29424206573422,93128.05232640001
2023-02-10,107948.13359686747,6871.9476736000015,39.29424206573422,93128.05232640001
2023-02-13,108076.62576842243,6871.9476736000015,39.29424206573422,93128.05232640001
2023-02-14,108250.69926077362,6871.9476736000015,39.29424206573422,93128.05232640001
2023-02-15,107816.1049435266,6871.9476736000015,39.29424206573422,93128.05232640001
2023-02-16,107230.62073674718,6871.9476736000015,39.29424206573422,93128.05232640001
2023-02-17,107012.53769328234,6871.9476736000015,39.29424206573422,93128.05232640001
2023-02-20,108940.70615144793,6871.9476736000015,39.29424206573422,93128.05232640001
2023-02-21,109613.81651803394,6871.9476736000015,39.29424206573422,93128.05232640001
2023-02-22,109512.43737350435,6871.9476736000015,39.29424206573422,93128.05232640001
2023-02-23,109733.66395633444,6871.9476736000015,39.29424206573422,93128.05232640001
2023-02-24,109444.06539230999,6871.9476736000015,39.29424206573422,93128.05232640001
2023-02-27,109043.26412323948,6871.9476736000015,39.29424206573422,93128.05232640001
2023-02-28,109753.31107736731,6871.9476736000015,39.29424206573422,93128.05232640001
2023-03-01,110530.55118542754,6871.9476736000015,39.29424206573422,93128.05232640001
2023-03-02,111143.54136165298,6871.9476736000015,39.29424206573422,93128.05232640001
2023-03-03,112179.33758250573,6871.9476736000015,39.29424206573422,93128.05232640001
2023-03-06,112127.46918297897,6871.9476736000015,39.29424206573422,93128.05232640001
2023-03-07,111789.53870121366,6871.9476736000015,39.29424206573422,93128.05232640001
2023-03-08,111821.75997970755,6871.9476736000015,39.29424206573422,93128.05232640001
2023-03-09,111609.57107255259,6871.9476736000015,39.29424206573422,93128.05232640001
2023-03-10,109944.67403622743,6871.9476736000015,39.29424206573422,93128.05232640001
2023-03-13,111488.15186456947,6871.9476736000015,39.29424206573422,93128.05232640001
2023-03-14,110697.5517142069,6871.9476736000015,39.29424206573422,93128.05232640001
2023-03-15,112193.09056722875,6871.9476736000015,39.29424206573422,93128.05232640001
2023-03-16,111984.83108428035,6871.9476736000015,39.29424206573422,93128.05232640001
2023-03-17,112958.14946024859,6871.9476736000015,39.29424206573422,93128.05232640001
2023-03-20,112553.02582455087,6871.9476736000015,39.29424206573422,93128.05232640001
2023-03-21,112485.04678577714,6871.9476736000015,39.29424206573422,93128.05232640001
2023-03-22,113125.93587386927,6871.9476736000015,39.29424206573422,93128.05232640001
2023-03-23,113374.66842614536,6871.9476736000015,39.29424206573422,93128.05232640001
2023-03-24,112277.57318767006,6871.9476736000015,39.29424206573422,93128.05232640001
2023-03-27,111153.36492216942,6871.9476736000015,39.29424206573422,93128.05232640001
2023-03-28,111742.77855315544,6871.9476736000015,39.29424206573422,93128.05232640001
2023-03-29,111139.61193744642,6871.9476736000015,39.29424206573422,93128.05232640001
2023-03-30,111382.8432958333,6871.9476736000015,39.29424206573422,93128.05232640001
2023-03-31,111763.60450145026,6871.9476736000015,39.29424206573422,93128.05232640001
2023-04-03,112504.69390681002,6871.9476736000015,39.29424206573422,93128.05232640001
2023-04-04,113765.64613469943,6871.9476736000015,39.29424206573422,93128.05232640001
2023-04-06,113217.49145788242,6871.9476736000015,39.29424206573422,93128.05232640001
2023-04-07,113126.32881628994,6871.9476736000015,39.29424206573422,93128.05232640001
2023-04-10,113077.21101370777,6871.9476736000015,39.29424206573422,93128.05232640001
2023-04-11,113923.21604538301,6871.9476736000015,39.29424206573422,93128.05232640001
2023-04-12,115442.72438606496,6871.9476736000015,39.29424206573422,93128.05232640001
2023-04-13,115406.96662578515,6871.9476736000015,39.29424206573422,93128.05232640001
2023-04-14,115527.59994892695,6871.9476736000015,39.29424206573422,93128.05232640001
2023-04-17,117041.6070957197,6871.9476736000015,39.29424206573422,93128.05232640001
2023-04-18,117616.48185714139,6871.9476736000015,39.29424206573422,93128.05232640001
2023-04-19,117508.42269146061,6871.9476736000015,39.29424206573422,93128.05232640001
2023-04-20,118287.62751162412,6871.9476736000015,39.29424206573422,93128.05232640001
2023-04-21,117068.32718032438,6871.9476736000015,39.29424206573422,93128.05232640001
2023-04-24,117627.09130249913,6871.9476736000015,39.29424206573422,93128.05232640001
2023-04-25,118672.71108386831,6871.9476736000015,39.29424206573422,93128.05232640001
2023-04-26,118632.63095696126,6871.9476736000015,39.29424206573422,93128.05232640001
2023-04-27,119763.5192436131,6871.9476736000015,39.29424206573422,93128.05232640001
2023-04-28,121868.51179107449,6871.9476736000015,39.29424206573422,93128.05232640001
2023-05-04,126051.38385897188,6871.9476736000015,39.29424206573422,93128.05232640001
2023-05-05,126572.03256634287,6871.9476736000015,39.29424206573422,93128.05232640001
2023-05-08,129768.2262159697,6871.9476736000015,39.29424206573422,93128.05232640001
2023-05-09,127971.30052630366,6871.9476736000015,39.29424206573422,93128.05232640001
2023-05-10,125375.1299530206,6871.9476736000015,39.29424206573422,93128.05232640001
2023-05-11,124724.02436199138,6871.9476736000015,39.29424206573422,93128.05232640001
2023-05-12,123725.95061352174,6871.9476736000015,39.29424206573422,93128.05232640001
2023-05-15,123513.76170636677,6871.9476736000015,39.29424206573422,93128.05232640001
2023-05-16,122443.38655249616,6871.9476736000015,39.29424206573422,93128.05232640001
2023-05-17,122300.3555113769,6871.9476736000015,39.29424206573422,93128.05232640001
2023-05-18,123263.8503268287,6871.9476736000015,39.29424206573422,93128.05232640001
2023-05-19,121378.51259251477,6871.9476736000015,39.29424206573422,93128.05232640001
2023-05-22,121080.6622376565,6871.9476736000015,39.29424206573422,93128.05232640001
2023-05-23,119240.51288171818,6871.9476736000015,39.29424206573422,93128.05232640001
2023-05-24,117607.83712388691,6871.9476736000015,39.29424206573422,93128.05232640001
2023-05-25,117249.8665786681,6871.9476736000015,39.29424206573422,93128.05232640001
2023-05-26,118495.8869945725,6871.9476736000015,39.29424206573422,93128.05232640001
2023-05-29,119603.1987359849,6871.9476736000015,39.29424206573422,93128.05232640001
2023-05-30,119986.71053854647,6871.9476736000015,39.29424206573422,93128.05232640001
2023-05-31,119513.60786407502,6871.9476736000015,39.29424206573422,93128.05232640001
2023-06-01,119650.74476888444,6871.9476736000015,39.29424206573422,93128.05232640001
2023-06-02,119535.21969721119,6871.9476736000015,39.29424206573422,93128.05232640001
2023-06-05,120449.20376766015,6871.9476736000015,39.29424206573422,93128.05232640001
2023-06-06,119675.1071989652,6871.9476736000015,39.29424206573422,93128.05232640001
2023-06-07,120753.34120124894,6871.9476736000015,39.29424206573422,93128.05232640001
2023-06-08,121635.10399320403,6871.9476736000015,39.29424206573422,93128.05232640001
2023-06-09,121695.22418356458,6871.9476736000015,39.29424206573422,93128.05232640001
2023-06-12,120648.03263251277,6871.9476736000015,39.29424206573422,93128.05232640001
2023-06-13,120229.94189693336,6871.9476736000015,39.29424206573422,93128.05232640001
2023-06-14,119436.59114962618,6871.9476736000015,39.29424206573422,93128.05232640001
2023-06-15,119431.48289815766,6871.9476736000015,39.29424206573422,93128.05232640001
2023-06-16,119240.90582413883,6871.9476736000015,39.29424206573422,93128.05232640001
2023-06-19,117915.5110392616,6871.9476736000015,39.29424206573422,93128.05232640001
2023-06-20,117129.23325552628,6871.9476736000015,39.29424206573422,93128.05232640001
2023-06-21,116150.02074324818,6871.9476736000015,39.29424206573422,93128.05232640001
2023-06-26,114423.82468930048,6871.9476736000015,39.29424206573422,93128.05232640001
2023-06-27,116337.45427790174,6871.9476736000015,39.29424206573422,93128.05232640001
2023-06-28,116583.04329081257,6871.9476736000015,39.29424206573422,93128.05232640001
2023-06-29,116419.97218623977,6871.9476736000015,39.29424206573422,93128.05232640001
2023-06-30,116785.80157987175,6871.9476736000015,39.29424206573422,93128.05232640001
2023-07-03,117953.62645406538,6871.9476736000015,39.29424206573422,93128.05232640001
2023-07-04,117270.29958454227,6871.9476736000015,39.29424206573422,93128.05232640001
2023-07-05,116876.96422146427,6871.9476736000015,39.29424206573422,93128.05232640001
2023-07-06,116162.59490070921,6871.9476736000015,39.29424206573422,93128.05232640001
2023-07-07,116532.74666096843,6871.9476736000015,39.29424206573422,93128.05232640001
2023-07-10,116728.82492887645,6871.9476736000015,39.29424206573422,93128.05232640001
2023-07-11,116983.05867504174,6871.9476736000015,39.29424206573422,93128.05232640001
2023-07-12,116194.0302943618,6871.9476736000015,39.29424206573422,93128.05232640001
2023-07-13,117450.66015562398,6871.9476736000015,39.29424206573422,93128.05232640001
2023-07-14,117332.77742942677,6871.9476736000015,39.29424206573422,93128.05232640001
2023-07-17,116810.94989479384,6871.9476736000015,39.29424206573422,93128.05232640001
2023-07-18,116490.30887953744,6871.9476736000015,39.29424206573422,93128.05232640001
2023-07-19,117033.74824730655,6871.9476736000015,39.29424206573422,93128.05232640001
2023-07-20,116212.4985881327,6871.9476736000015,39.29424206573422,93128.05232640001
2023-07-21,116283.62116627168,6871.9476736000015,39.29424206573422,93128.05232640001
2023-07-24,116425.47338012898,6871.9476736000015,39.29424206573422,93128.05232640001
2023-07-25,117966.59355394707,6871.9476736000015,39.29424206573422,93128.05232640001
2023-07-26,117892.72037886348,6871.9476736000015,39.29424206573422,93128.05232640001
2023-07-27,118071.90212268323,6871.9476736000015,39.29424206573422,93128.05232640001
2023-07-28,120104.98620716433,6871.9476736000015,39.29424206573422,93128.05232640001
2023-07-31,121126.63650087341,6871.9476736000015,39.29424206573422,93128.05232640001
2023-08-01,121222.51445151381,6871.9476736000015,39.29424206573422,93128.05232640001
2023-08-02,120115.98859494273,6871.9476736000015,39.29424206573422,93128.05232640001
2023-08-03,120679.46802616536,6871.9476736000015,39.29424206573422,93128.05232640001
2023-08-04,120695.18572299166,6871.9476736000015,39.29424206573422,93128.05232640001
2023-08-07,119809.88644925065,6871.9476736000015,39.29424206573422,93128.05232640001
2023-08-08,119806.34996746476,6871.9476736000015,39.29424206573422,93128.05232640001
2023-08-09,119258.98117548907,6871.9476736000015,39.29424206573422,93128.05232640001
2023-08-10,119425.19581942713,6871.9476736000015,39.29424206573422,93128.05232640001
2023-08-11,117478.55906749066,6871.9476736000015,39.29424206573422,93128.05232640001
2023-08-14,117297.01966914696,6871.9476736000015,39.29424206573422,93128.05232640001
2023-08-15,118143.81058566354,6871.9476736000015,39.29424206573422,93128.05232640001
2023-08-16,117830.63547639964,6871.9476736000015,39.29424206573422,93128.05232640001
2023-08-17,117761.87055278459,6871.9476736000015,39.29424206573422,93128.05232640001
2023-08-18,117416.08122260612,6871.9476736000015,39.29424206573422,93128.05232640001
2023-08-21,116347.27783841816,6871.9476736000015,39.29424206573422,93128.05232640001
2023-08-22,117277.3725481141,6871.9476736000015,39.29424206573422,93128.05232640001
2023-08-23,116936.29852698353,6871.9476736000015,39.29424206573422,93128.05232640001
2023-08-24,116078.8981651092,6871.9476736000015,39.29424206573422,93128.05232640001
2023-08-25,116447.08521326512,6871.9476736000015,39.29424206573422,93128.05232640001
2023-08-28,117818.84720377991,6871.9476736000015,39.29424206573422,93128.05232640001
2023-08-29,117470.30727665685,6871.9476736000015,39.29424206573422,93128.05232640001
2023-08-30,116070.6463742754,6871.9476736000015,39.29424206573422,93128.05232640001
2023-08-31,115406.57368336448,6871.9476736000015,39.29424206573422,93128.05232640001
2023-09-01,116079.29110752985,6871.9476736000015,39.29424206573422,93128.05232640001
2023-09-04,117601.5500451564,6871.9476736000015,39.29424206573422,93128.05232640001
2023-09-05,116458.08760104355,6871.9476736000015,39.29424206573422,93128.05232640001
2023-09-06,116454.15817683697,6871.9476736000015,39.29424206573422,93128.05232640001
2023-09-07,116042.35451998808,6871.9476736000015,39.29424206573422,93128.05232640001
2023-09-08,115758.25714985281,6871.9476736000015,39.29424206573422,93128.05232640001
2023-09-11,116867.14066094783,6871.9476736000015,39.29424206573422,93128.05232640001
2023-09-12,116771.6556527281,6871.9476736000015,39.29424206573422,93128.05232640001
2023-09-13,116730.39669855907,6871.9476736000015,39.29424206573422,93128.05232640001
2023-09-14,117649.09607805594,6871.9476736000015,39.29424206573422,93128.05232640001
2023-09-15,117361.06928371411,6871.9476736000015,39.29424206573422,93128.05232640001
2023-09-18,117403.50706514511,6871.9476736000015,39.29424206573422,93128.05232640001
2023-09-19,117929.26402398464,6871.9476736000015,39.29424206573422,93128.05232640001
2023-09-20,118047.93263502314,6871.9476736000015,39.29424206573422,93128.05232640001
2023-09-21,117335.52802637138,6871.9476736000015,39.29424206573422,93128.05232640001
2023-09-22,118226.32849400157,6871.9476736000015,39.29424206573422,93128.05232640001
2023-09-25,118118.2693283208,6871.9476736000015,39.29424206573422,93128.05232640001
2023-09-26,117825.52722493108,6871.9476736000015,39.29424206573422,93128.05232640001
2023-09-27,117617.66068440335,6871.9476736000015,39.29424206573422,93128.05232640001
2023-09-28,117642.41605690477,6871.9476736000015,39.29424206573422,93128.05232640001
2023-10-09,117029.03293825865,6871.9476736000015,39.29424206573422,93128.05232640001
2023-10-10,115959.83661165003,6871.9476736000015,39.29424206573422,93128.05232640001
2023-10-11,115754.72066806689,6871.9476736000015,39.29424206573422,93128.05232640001
2023-10-12,116827.06053404078,6871.9476736000015,39.29424206573422,93128.05232640001
2023-10-13,116596.40333311493,6871.9476736000015,39.29424206573422,93128.05232640001
2023-10-16,116842.77823086707,6871.9476736000015,39.29424206573422,93128.05232640001
2023-10-17,117195.64052461737,6871.9476736000015,39.29424206573422,93128.05232640001
2023-10-18,116152.37839777212,6871.9476736000015,39.29424206573422,93128.05232640001
2023-10-19,114207.31341551828,6871.9476736000015,39.29424206573422,93128.05232640001
2023-10-20,113786.47208299427,6871.9476736000015,39.29424206573422,93128.05232640001
2023-10-23,112361.26992327008,5497.558138880001,39.80619525604935,94502.44186112001
2023-10-24,113033.59656114476,5497.558138880001,39.80619525604935,94502.44186112001
2023-10-25,113487.78524901629,5497.558138880001,39.80619525604935,94502.44186112001
2023-10-26,114421.24052777064,5497.558138880001,39.80619525604935,94502.44186112001
2023-10-27,115154.47064438707,5497.558138880001,39.80619525604935,94502.44186112001
2023-10-30,113840.46813898488,5497.558138880001,39.80619525604935,94502.44186112001
2023-10-31,113934.80882174172,5497.558138880001,39.80619525604935,94502.44186112001
2023-11-01,113884.65301571909,5497.558138880001,39.80619525604935,94502.44186112001
2023-11-02,114108.76189501066,5497.558138880001,39.80619525604935,94502.44186112001
2023-11-03,113779.16659829055,5497.558138880001,39.80619525604935,94502.44186112001
2023-11-06,113988.54718533739,5497.558138880001,39.80619525604935,94502.44186112001
2023-11-07,113793.49682858275,5497.558138880001,39.80619525604935,94502.44186112001
2023-11-08,113663.72863204803,5497.558138880001,39.80619525604935,94502.44186112001
2023-11-09,113776.7782265752,5497.558138880001,39.80619525604935,94502.44186112001
2023-11-10,113297.1135737398,4398.046511104001,40.212202260113436,95601.953488896
2023-11-13,113331.69606768349,4398.046511104001,40.212202260113436,95601.953488896
2023-11-14,113405.6865198421,4398.046511104001,40.212202260113436,95601.953488896
2023-11-15,113938.09607776601,4398.046511104001,40.212202260113436,95601.953488896
2023-11-16,113799.76610199122,4398.046511104001,40.212202260113436,95601.953488896
2023-11-17,113636.90668283775,3518.437208883201,40.53599753878234,96481.5627911168
2023-11-20,113970.11258260655,3518.437208883201,40.53599753878234,96481.5627911168
2023-11-21,114285.48264345826,3518.437208883201,40.53599753878234,96481.5627911168
2023-11-22,114032.53801881628,3518.437208883201,40.53599753878234,96481.5627911168
2023-11-23,114603.69022413771,3518.437208883201,40.53599753878234,96481.5627911168
2023-11-24,114693.27477869843,3518.437208883201,40.53599753878234,96481.5627911168
2023-11-27,114111.98857399229,3518.437208883201,40.53599753878234,96481.5627911168
2023-11-28,113993.21810120365,2814.7497671065607,40.794198298969704,97185.25023289344
2023-11-29,113103.08869432013,2814.7497671065607,40.794198298969704,97185.25023289344
2023-11-30,113537.13896422117,2814.7497671065607,40.794198298969704,97185.25023289344
2023-12-01,114071.13501995469,2814.7497671065607,40.794198298969704,97185.25023289344
2023-12-04,114217.58619184798,2814.7497671065607,40.794198298969704,97185.25023289344
2023-12-05,112831.80727563199,2814.7497671065607,40.794198298969704,97185.25023289344
2023-12-06,112512.38870295105,2814.7497671065607,40.794198298969704,97185.25023289344
2023-12-07,112687.39581365364,2814.7497671065607,40.794198298969704,97185.25023289344
2023-12-08,112447.52592765569,2814.7497671065607,40.794198298969704,97185.25023289344
2023-12-11,113510.21479334385,2814.7497671065607,40.794198298969704,97185.25023289344
2023-12-12,114353.02293020056,2814.7497671065607,40.794198298969704,97185.25023289344
2023-12-13,113790.47093565777,2814.7497671065607,40.794198298969704,97185.25023289344
2023-12-14,113645.65153169642,2814.7497671065607,40.794198298969704,97185.25023289344
2023-12-15,112857.91556254332,2814.7497671065607,40.794198298969704,97185.25023289344
2023-12-18,112708.2008547861,2814.7497671065607,40.794198298969704,97185.25023289344
2023-12-19,112420.19381479538,2814.7497671065607,40.794198298969704,97185.25023289344
2023-12-20,111925.76813141187,2814.7497671065607,40.794198298969704,97185.25023289344
2023-12-21,112182.77158069536,2814.7497671065607,40.794198298969704,97185.25023289344
2023-12-22,112017.55507758455,2814.7497671065607,40.794198298969704,97185.25023289344
2023-12-25,111863.35300801444,2814.7497671065607,40.794198298969704,97185.25023289344
2023-12-26,111652.85494479176,2814.7497671065607,40.794198298969704,97185.25023289344
2023-12-27,112334.52599836754,2814.7497671065607,40.794198298969704,97185.25023289344
2023-12-28,112449.56563757065,2814.7497671065607,40.794198298969704,97185.25023289344
2023-12-29,112903.60506463816,2814.7497671065607,40.794198298969704,97185.25023289344
2024-01-02,113562.83930914952,2814.7497671065607,40.794198298969704,97185.25023289344
2024-01-03,114593.30075818149,2814.7497671065607,40.794198298969704,97185.25023289344
2024-01-04,114978.80593210677,2814.7497671065607,40.794198298969704,97185.25023289344
2024-01-05,115389.1955669944,2814.7497671065607,40.794198298969704,97185.25023289344
2024-01-08,114344.04820657478,2251.7998136852484,41.00010914350648,97748.20018631475
2024-01-09,115141.91033050742,2251.7998136852484,41.00010914350648,97748.20018631475
2024-01-10,114601.93889308743,1801.4398509481987,41.16445969774153,98198.5601490518
2024-01-11,114124.43116059364,1801.4398509481987,41.16445969774153,98198.5601490518
2024-01-12,114795.00020906984,1801.4398509481987,41.16445969774153,98198.5601490518
2024-01-15,115524.02279031684,1801.4398509481987,41.16445969774153,98198.5601490518
2024-01-16,116089.62246656383,1801.4398509481987,41.16445969774153,98198.5601490518
2024-01-17,114874.0359716895,1441.151880758559,41.295623747540255,98558.84811924145
2024-01-18,114119.15196958448,1441.151880758559,41.295623747540255,98558.84811924145
2024-01-19,113680.59244538558,1441.151880758559,41.295623747540255,98558.84811924145
2024-01-22,110785.35626444555,1441.151880758559,41.295623747540255,98558.84811924145
2024-01-23,111406.85540184601,1441.151880758559,41.295623747540255,98558.84811924145
2024-01-24,114123.69448819669,1441.151880758559,41.295623747540255,98558.84811924145
2024-01-25,116845.07609315959,1441.151880758559,41.295623747540255,98558.84811924145
2024-01-26,118418.43935794088,1441.151880758559,41.295623747540255,98558.84811924145
2024-01-29,118986.66714070704,1441.151880758559,41.295623747540255,98558.84811924145
2024-01-30,117645.79823762439,1441.151880758559,41.295623747540255,98558.84811924145
2024-01-31,117276.6153613214,1441.151880758559,41.295623747540255,98558.84811924145
2024-02-01,116047.24464235712,1441.151880758559,41.295623747540255,98558.84811924145
2024-02-02,115794.10246878471,1441.151880758559,41.295623747540255,98558.84811924145
2024-02-05,115437.30827960593,1152.921504606847,41.40003650619966,98847.07849539316
2024-02-06,117970.16251305524,1152.921504606847,41.40003650619966,98847.07849539316
2024-02-07,119044.07946002607,1152.921504606847,41.40003650619966,98847.07849539316
2024-02-08,119137.22954216502,1152.921504606847,41.40003650619966,98847.07849539316
2024-02-19,121336.39948137433,1152.921504606847,41.40003650619966,98847.07849539316
2024-02-20,122489.390498072,1152.921504606847,41.40003650619966,98847.07849539316
2024-02-21,123196.08912123283,1152.921504606847,41.40003650619966,98847.07849539316
2024-02-22,124034.43986048337,1152.921504606847,41.40003650619966,98847.07849539316
2024-02-23,124319.68611201108,1152.921504606847,41.40003650619966,98847.07849539316
2024-02-26,121859.28194244765,1152.921504606847,41.40003650619966,98847.07849539316
2024-02-27,122381.33640279081,1152.921504606847,41.40003650619966,98847.07849539316
2024-02-28,121546.29766646077,1152.921504606847,41.40003650619966,98847.07849539316
2024-02-29,122874.8248379447,1152.921504606847,41.40003650619966,98847.07849539316
2024-03-01,122681.48666746076,1152.921504606847,41.40003650619966,98847.07849539316
2024-03-04,122727.44070798265,1152.921504606847,41.40003650619966,98847.07849539316
2024-03-05,124017.46584551582,1152.921504606847,41.40003650619966,98847.07849539316
2024-03-06,123550.88743409095,1152.921504606847,41.40003650619966,98847.07849539316
2024-03-07,124016.22384442065,1152.921504606847,41.40003650619966,98847.07849539316
2024-03-08,124883.55460922552,1152.921504606847,41.40003650619966,98847.07849539316
2024-03-11,124538.27830476382,1152.921504606847,41.40003650619966,98847.07849539316
2024-03-12,122435.15645024888,1152.921504606847,41.40003650619966,98847.07849539316
2024-03-13,121858.45394171753,1152.921504606847,41.40003650619966,98847.07849539316
2024-03-14,122291.49832357236,1152.921504606847,41.40003650619966,98847.07849539316
2024-03-15,122926.98888394253,1152.921504606847,41.40003650619966,98847.07849539316
2024-03-18,123342.64525046478,1152.921504606847,41.40003650619966,98847.07849539316
2024-03-19,122304.74633525434,1152.921504606847,41.40003650619966,98847.07849539316
2024-03-20,123218.85914131123,1152.921504606847,41.40003650619966,98847.07849539316
2024-03-21,123502.86339174377,1152.921504606847,41.40003650619966,98847.07849539316
2024-03-22,122780.84675507563,1152.921504606847,41.40003650619966,98847.07849539316
2024-03-25,123106.66504237942,1152.921504606847,41.40003650619966,98847.07849539316
2024-03-26,123917.69175753588,1152.921504606847,41.40003650619966,98847.07849539316
2024-03-27,123733.04759471823,1152.921504606847,41.40003650619966,98847.07849539316
2024-03-28,123473.05536545931,1152.921504606847,41.40003650619966,98847.07849539316
2024-03-29,124466.24224124303,1152.921504606847,41.40003650619966,98847.07849539316
2024-04-01,125123.67482096149,1152.921504606847,41.40003650619966,98847.07849539316
2024-04-02,125630.82526816243,1152.921504606847,41.40003650619966,98847.07849539316
2024-04-03,125903.65150873829,1152.921504606847,41.40003650619966,98847.07849539316
2024-04-08,126416.5979610501,1152.921504606847,41.40003650619966,98847.07849539316
2024-04-09,125867.21947661282,1152.921504606847,41.40003650619966,98847.07849539316
2024-04-10,125880.05348792975,1152.921504606847,41.40003650619966,98847.07849539316
2024-04-11,126715.50622462486,1152.921504606847,41.40003650619966,98847.07849539316
2024-04-12,126206.69977596366,1152.921504606847,41.40003650619966,98847.07849539316
2024-04-15,128733.75800430209,1152.921504606847,41.40003650619966,98847.07849539316
2024-04-16,127807.63918765841,1152.921504606847,41.40003650619966,98847.07849539316
2024-04-17,130677.0757179031,1152.921504606847,41.40003650619966,98847.07849539316
2024-04-18,131168.90815159676,1152.921504606847,41.40003650619966,98847.07849539316
2024-04-19,131487.27443232943,1152.921504606847,41.40003650619966,98847.07849539316
2024-04-22,129841.622981208,1152.921504606847,41.40003650619966,98847.07849539316
2024-04-23,128735.00000539728,1152.921504606847,41.40003650619966,98847.07849539316
2024-04-24,128879.90013316898,1152.921504606847,41.40003650619966,98847.07849539316
2024-04-25,129580.38875085388,1152.921504606847,41.40003650619966,98847.07849539316
2024-04-26,128515.57981191442,1152.921504606847,41.40003650619966,98847.07849539316
2024-04-29,128010.08536617372,1152.921504606847,41.40003650619966,98847.07849539316
2024-04-30,128498.19179658181,1152.921504606847,41.40003650619966,98847.07849539316
2024-05-06,129695.06685197605,1152.921504606847,41.40003650619966,98847.07849539316
2024-05-07,129353.93055116496,1152.921504606847,41.40003650619966,98847.07849539316
2024-05-08,129213.17042704388,1152.921504606847,41.40003650619966,98847.07849539316
2024-05-09,130186.48528530463,1152.921504606847,41.40003650619966,98847.07849539316
2024-05-10,130713.09374966349,1152.921504606847,41.40003650619966,98847.07849539316
2024-05-13,131910.3828054228,1152.921504606847,41.40003650619966,98847.07849539316
2024-05-14,131789.49469882468,1152.921504606847,41.40003650619966,98847.07849539316
2024-05-15,131074.10206799756,1152.921504606847,41.40003650619966,98847.07849539316
2024-05-16,131471.12841809203,1152.921504606847,41.40003650619966,98847.07849539316
2024-05-17,132504.47332928676,1152.921504606847,41.40003650619966,98847.07849539316
2024-05-20,132757.84155270472,1152.921504606847,41.40003650619966,98847.07849539316
2024-05-21,133365.5940886157,1152.921504606847,41.40003650619966,98847.07849539316
2024-05-22,133271.20200538158,1152.921504606847,41.40003650619966,98847.07849539316
2024-05-23,131997.73688245087,1152.921504606847,41.40003650619966,98847.07849539316
2024-05-24,131952.6108426591,1152.921504606847,41.40003650619966,98847.07849539316
2024-05-27,133878.54054092753,1152.921504606847,41.40003650619966,98847.07849539316
2024-05-28,133216.96795755846,1152.921504606847,41.40003650619966,98847.07849539316
2024-05-29,132942.8997158874,1152.921504606847,41.40003650619966,98847.07849539316
2024-05-30,131955.9228455796,1152.921504606847,41.40003650619966,98847.07849539316
2024-05-31,132234.9590916314,1152.921504606847,41.40003650619966,98847.07849539316
2024-06-03,131445.87439582325,1152.921504606847,41.40003650619966,98847.07849539316
2024-06-04,132411.73724751288,1152.921504606847,41.40003650619966,98847.07849539316
2024-06-05,130841.01986246766,1152.921504606847,41.40003650619966,98847.07849539316
2024-06-06,130648.92369307889,1152.921504606847,41.40003650619966,98847.07849539316
2024-06-07,131787.01069663433,1152.921504606847,41.40003650619966,98847.07849539316
2024-06-11,129606.47077385276,1152.921504606847,41.40003650619966,98847.07849539316
2024-06-12,130338.00941891733,1152.921504606847,41.40003650619966,98847.07849539316
2024-06-13,129067.028298177,1152.921504606847,41.40003650619966,98847.07849539316
2024-06-14,128686.56196268502,1152.921504606847,41.40003650619966,98847.07849539316
2024-06-17,127858.56123256103,1152.921504606847,41.40003650619966,98847.07849539316
2024-06-18,128781.36804628422,1152.921504606847,41.40003650619966,98847.07849539316
2024-06-19,128623.6339071956,1152.921504606847,41.40003650619966,98847.07849539316
2024-06-20,127988.97134755556,1152.921504606847,41.40003650619966,98847.07849539316
2024-06-21,128117.31146072478,1152.921504606847,41.40003650619966,98847.07849539316
2024-06-24,127086.45055172041,1152.921504606847,41.40003650619966,98847.07849539316
2024-06-25,127394.05282296147,1152.921504606847,41.40003650619966,98847.07849539316
2024-06-26,127681.78307667955,1152.921504606847,41.40003650619966,98847.07849539316
2024-06-27,127486.78890473535,1152.921504606847,41.40003650619966,98847.07849539316
2024-06-28,128799.17006198187,1152.921504606847,41.40003650619966,98847.07849539316
2024-07-01,130874.96789240274,1152.921504606847,41.40003650619966,98847.07849539316
2024-07-02,131806.46871379224,1152.921504606847,41.40003650619966,98847.07849539316
2024-07-03,131280.68825016348,1152.921504606847,41.40003650619966,98847.07849539316
2024-07-04,130585.99563758947,1152.921504606847,41.40003650619966,98847.07849539316
2024-07-05,129621.374786995,1152.921504606847,41.40003650619966,98847.07849539316
2024-07-08,129210.6864248535,1152.921504606847,41.40003650619966,98847.07849539316
2024-07-09,130822.38984603986,1152.921504606847,41.40003650619966,98847.07849539316
2024-07-10,129271.95847888268,1152.921504606847,41.40003650619966,98847.07849539316
2024-07-11,129010.31024816351,1152.921504606847,41.40003650619966,98847.07849539316
2024-07-12,129384.56657817955,1152.921504606847,41.40003650619966,98847.07849539316
2024-07-15,130079.67319111865,1152.921504606847,41.40003650619966,98847.07849539316
2024-07-16,129196.61041244141,1152.921504606847,41.40003650619966,98847.07849539316
2024-07-17,128541.66183491332,1152.921504606847,41.40003650619966,98847.07849539316
2024-07-18,129316.25651794432,1152.921504606847,41.40003650619966,98847.07849539316
2024-07-19,128811.59007293374,1152.921504606847,41.40003650619966,98847.07849539316
2024-07-22,127772.03515626307,1152.921504606847,41.40003650619966,98847.07849539316
2024-07-23,127564.62097336701,1152.921504606847,41.40003650619966,98847.07849539316
2024-07-24,128058.93740925104,1152.921504606847,41.40003650619966,98847.07849539316
2024-07-25,127788.59517086555,1152.921504606847,41.40003650619966,98847.07849539316
2024-07-26,127180.42863458948,1152.921504606847,41.40003650619966,98847.07849539316
2024-07-29,128413.73572210917,1152.921504606847,41.40003650619966,98847.07849539316
2024-07-30,128188.9335238805,1152.921504606847,41.40003650619966,98847.07849539316
2024-07-31,128662.96394187649,1152.921504606847,41.40003650619966,98847.07849539316
2024-08-01,129395.74458803622,1152.921504606847,41.40003650619966,98847.07849539316
2024-08-02,129169.2863883473,1152.921504606847,41.40003650619966,98847.07849539316
2024-08-05,127586.14899235024,1152.921504606847,41.40003650619966,98847.07849539316
2024-08-06,126568.12209466279,1152.921504606847,41.40003650619966,98847.07849539316
2024-08-07,126703.086213673,1152.921504606847,41.40003650619966,98847.07849539316
2024-08-08,127067.40653492755,1152.921504606847,41.40003650619966,98847.07849539316
2024-08-09,126726.27023411647,1152.921504606847,41.40003650619966,98847.07849539316
2024-08-12,126888.97237758583,1152.921504606847,41.40003650619966,98847.07849539316
2024-08-13,127507.0749226234,1152.921504606847,41.40003650619966,98847.07849539316
2024-08-14,127459.0508802762,1152.921504606847,41.40003650619966,98847.07849539316
2024-08-15,128648.05992873426,1152.921504606847,41.40003650619966,98847.07849539316
2024-08-16,128850.50610724957,1152.921504606847,41.40003650619966,98847.07849539316
2024-08-19,130559.08561386043,1152.921504606847,41.40003650619966,98847.07849539316
2024-08-20,129770.00091805228,1152.921504606847,41.40003650619966,98847.07849539316
2024-08-21,128770.60403679262,1152.921504606847,41.40003650619966,98847.07849539316
2024-08-22,129298.0405018816,1152.921504606847,41.40003650619966,98847.07849539316
2024-08-23,129256.22646501035,1152.921504606847,41.40003650619966,98847.07849539316
2024-08-26,128803.31006563251,1152.921504606847,41.40003650619966,98847.07849539316
2024-08-27,128734.58600503221,1152.921504606847,41.40003650619966,98847.07849539316
2024-08-28,127729.80711902675,1152.921504606847,41.40003650619966,98847.07849539316
2024-08-29,124920.40064171604,1152.921504606847,41.40003650619966,98847.07849539316
2024-08-30,124178.09798715988,1152.921504606847,41.40003650619966,98847.07849539316
2024-09-02,124381.37216640533,1152.921504606847,41.40003650619966,98847.07849539316
2024-09-03,122901.32086130869,1152.921504606847,41.40003650619966,98847.07849539316
2024-09-04,122759.73273645749,1152.921504606847,41.40003650619966,98847.07849539316
2024-09-05,123031.31697593816,1152.921504606847,41.40003650619966,98847.07849539316
2024-09-06,122552.73255392649,1152.921504606847,41.40003650619966,98847.07849539316
2024-09-09,120831.3190359987,922.3372036854777,41.47980193315065,99077.66279631453
2024-09-10,121083.51623175226,922.3372036854777,41.47980193315065,99077.66279631453
2024-09-11,118415.535371412,922.3372036854777,41.47980193315065,99077.66279631453
2024-09-12,119051.83553306654,922.3372036854777,41.47980193315065,99077.66279631453
2024-09-13,118627.4971592904,922.3372036854777,41.47980193315065,99077.66279631453
2024-09-18,119516.82411273716,922.3372036854777,41.47980193315065,99077.66279631453
2024-09-19,119542.95638795503,922.3372036854777,41.47980193315065,99077.66279631453
2024-09-20,119573.23664336622,922.3372036854777,41.47980193315065,99077.66279631453
2024-09-23,120882.75399039581,922.3372036854777,41.47980193315065,99077.66279631453
2024-09-24,125479.54564062756,922.3372036854777,41.47980193315065,99077.66279631453
2024-09-25,127631.93256293875,922.3372036854777,41.47980193315065,99077.66279631453
2024-09-26,131465.91065561987,922.3372036854777,41.47980193315065,99077.66279631453
2024-09-27,132134.9798608016,922.3372036854777,41.47980193315065,99077.66279631453
2024-09-30,140406.8819623105,922.3372036854777,41.47980193315065,99077.66279631453
2024-10-08,143365.22143618282,922.3372036854777,41.47980193315065,99077.66279631453
2024-10-09,133550.68550078003,922.3372036854777,41.47980193315065,99077.66279631453
2024-10-10,137719.820393081,922.3372036854777,41.47980193315065,99077.66279631453
2024-10-11,135689.7988864726,922.3372036854777,41.47980193315065,99077.66279631453
2024-10-14,139141.33320533007,922.3372036854777,41.47980193315065,99077.66279631453
2024-10-15,135874.38400507512,922.3372036854777,41.47980193315065,99077.66279631453
2024-10-16,138143.7439688378,922.3372036854777,41.47980193315065,99077.66279631453
2024-10-17,135956.09921488343,922.3372036854777,41.47980193315065,99077.66279631453
2024-10-18,137392.9595538478,922.3372036854777,41.47980193315065,99077.66279631453
2024-10-21,136499.06982218838,922.3372036854777,41.47980193315065,99077.66279631453
2024-10-22,137160.67266302212,922.3372036854777,41.47980193315065,99077.66279631453
2024-10-23,137567.174721967,922.3372036854777,41.47980193315065,99077.66279631453
2024-10-24,137087.66821161978,922.3372036854777,41.47980193315065,99077.66279631453
2024-10-25,136579.12583991935,922.3372036854777,41.47980193315065,99077.66279631453
2024-10-28,137022.13012456542,922.3372036854777,41.47980193315065,99077.66279631453
2024-10-29,135737.91545671507,922.3372036854777,41.47980193315065,99077.66279631453
2024-10-30,134598.4652976114,922.3372036854777,41.47980193315065,99077.66279631453
2024-10-31,134546.20074717564,922.3372036854777,41.47980193315065,99077.66279631453
2024-11-01,135423.91335608112,922.3372036854777,41.47980193315065,99077.66279631453
2024-11-04,136652.54508934103,922.3372036854777,41.47980193315065,99077.66279631453
2024-11-05,138271.91655681122,922.3372036854777,41.47980193315065,99077.66279631453
2024-11-06,137398.76672611843,922.3372036854777,41.47980193315065,99077.66279631453
2024-11-07,140776.46699753485,922.3372036854777,41.47980193315065,99077.66279631453
2024-11-08,138957.16288474688,922.3372036854777,41.47980193315065,99077.66279631453
2024-11-11,137906.06470376084,922.3372036854777,41.47980193315065,99077.66279631453
2024-11-12,136716.00918629876,922.3372036854777,41.47980193315065,99077.66279631453
2024-11-13,137507.02900916393,922.3372036854777,41.47980193315065,99077.66279631453
2024-11-14,136575.39265774537,922.3372036854777,41.47980193315065,99077.66279631453
2024-11-15,136406.56986387743,922.3372036854777,41.47980193315065,99077.66279631453
2024-11-18,138965.04404711418,922.3372036854777,41.47980193315065,99077.66279631453
2024-11-19,138827.74590271545,922.3372036854777,41.47980193315065,99077.66279631453
2024-11-20,138968.36243126885,922.3372036854777,41.47980193315065,99077.66279631453
2024-11-21,138849.31539972068,922.3372036854777,41.47980193315065,99077.66279631453
2024-11-22,135311.50309284226,922.3372036854777,41.47980193315065,99077.66279631453
2024-11-25,135904.24946246698,922.3372036854777,41.47980193315065,99077.66279631453
2024-11-26,136192.53408590239,922.3372036854777,41.47980193315065,99077.66279631453
2024-11-27,137501.63663491263,922.3372036854777,41.47980193315065,99077.66279631453
2024-11-28,137374.29364297783,922.3372036854777,41.47980193315065,99077.66279631453
2024-11-29,137997.7350660331,922.3372036854777,41.47980193315065,99077.66279631453
2024-12-02,138417.09586357724,922.3372036854777,41.47980193315065,99077.66279631453
2024-12-03,139979.2252043797,922.3372036854777,41.47980193315065,99077.66279631453
2024-12-04,140067.57718249733,922.3372036854777,41.47980193315065,99077.66279631453
2024-12-05,139837.36428176833,922.3372036854777,41.47980193315065,99077.66279631453
2024-12-06,141579.93076098,922.3372036854777,41.47980193315065,99077.66279631453
2024-12-09,141888.54048736262,922.3372036854777,41.47980193315065,99077.66279631453
2024-12-10,142064.4148475592,922.3372036854777,41.47980193315065,99077.66279631453
2024-12-11,142004.26913475612,922.3372036854777,41.47980193315065,99077.66279631453
2024-12-12,143302.17213724443,922.3372036854777,41.47980193315065,99077.66279631453
2024-12-13,141173.0139040158,922.3372036854777,41.47980193315065,99077.66279631453
2024-12-16,142738.4616289729,922.3372036854777,41.47980193315065,99077.66279631453
2024-12-17,141898.4956398266,922.3372036854777,41.47980193315065,99077.66279631453
2024-12-18,142747.17238737887,922.3372036854777,41.47980193315065,99077.66279631453
2024-12-19,141423.96670571135,922.3372036854777,41.47980193315065,99077.66279631453
2024-12-20,140881.82569444505,922.3372036854777,41.47980193315065,99077.66279631453
2024-12-23,141847.89028146814,922.3372036854777,41.47980193315065,99077.66279631453
2024-12-24,144009.40276020463,922.3372036854777,41.47980193315065,99077.66279631453
2024-12-25,144881.30819683944,922.3372036854777,41.47980193315065,99077.66279631453
2024-12-26,143929.34674247366,922.3372036854777,41.47980193315065,99077.66279631453
2024-12-27,144942.6983037005,922.3372036854777,41.47980193315065,99077.66279631453
2024-12-30,146160.1304904385,922.3372036854777,41.47980193315065,99077.66279631453
2024-12-31,145015.70275510286,922.3372036854777,41.47980193315065,99077.66279631453
2025-01-02,141306.1640682212,922.3372036854777,41.47980193315065,99077.66279631453
2025-01-03,139853.9562025416,922.3372036854777,41.47980193315065,99077.66279631453
2025-01-06,140364.57256433868,922.3372036854777,41.47980193315065,99077.66279631453
2025-01-07,139875.94049756616,922.3372036854777,41.47980193315065,99077.66279631453
2025-01-08,140499.3819206214,922.3372036854777,41.47980193315065,99077.66279631453
2025-01-09,138453.5980892784,922.3372036854777,41.47980193315065,99077.66279631453
2025-01-10,137013.41936615945,922.3372036854777,41.47980193315065,99077.66279631453
2025-01-13,135567.4334707698,922.3372036854777,41.47980193315065,99077.66279631453
2025-01-14,137815.22393752725,922.3372036854777,41.47980193315065,99077.66279631453
2025-01-15,138124.66325994855,922.3372036854777,41.47980193315065,99077.66279631453
2025-01-16,138895.77277788584,922.3372036854777,41.47980193315065,99077.66279631453
2025-01-17,138652.2863405382,922.3372036854777,41.47980193315065,99077.66279631453
2025-01-20,138489.68551696028,922.3372036854777,41.47980193315065,99077.66279631453
2025-01-21,137841.35621274513,922.3372036854777,41.47980193315065,99077.66279631453
2025-01-22,136303.28515706392,922.3372036854777,41.47980193315065,99077.66279631453
2025-01-23,138091.0646203827,922.3372036854777,41.47980193315065,99077.66279631453
2025-01-24,138375.6160616441,922.3372036854777,41.47980193315065,99077.66279631453
2025-01-27,140107.8125903725,922.3372036854777,41.47980193315065,99077.66279631453
2025-02-05,137509.93259529924,922.3372036854777,41.47980193315065,99077.66279631453
2025-02-06,137759.6410029368,922.3372036854777,41.47980193315065,99077.66279631453
2025-02-07,138009.76420859373,922.3372036854777,41.47980193315065,99077.66279631453
2025-02-10,137957.49965815793,922.3372036854777,41.47980193315065,99077.66279631453
2025-02-11,138737.3199345012,922.3372036854777,41.47980193315065,99077.66279631453
2025-02-12,138756.81544140977,922.3372036854777,41.47980193315065,99077.66279631453
2025-02-13,138521.21016642946,922.3372036854777,41.47980193315065,99077.66279631453
2025-02-14,138823.59792252214,922.3372036854777,41.47980193315065,99077.66279631453
2025-02-17,138992.42071639007,922.3372036854777,41.47980193315065,99077.66279631453
2025-02-18,139216.8264448484,922.3372036854777,41.47980193315065,99077.66279631453
2025-02-19,138928.95661943234,922.3372036854777,41.47980193315065,99077.66279631453
2025-02-20,138356.12055473553,922.3372036854777,41.47980193315065,99077.66279631453
2025-02-21,137333.22863906404,922.3372036854777,41.47980193315065,99077.66279631453
2025-02-24,137290.08964505355,922.3372036854777,41.47980193315065,99077.66279631453
2025-02-25,136105.01170382343,922.3372036854777,41.47980193315065,99077.66279631453
2025-02-26,137031.2556809907,922.3372036854777,41.47980193315065,99077.66279631453
2025-02-27,137796.97282467666,922.3372036854777,41.47980193315065,99077.66279631453
2025-02-28,136879.02480789603,922.3372036854777,41.47980193315065,99077.66279631453
2025-03-03,136703.15044769947,922.3372036854777,41.47980193315065,99077.66279631453
2025-03-04,137085.1794235038,922.3372036854777,41.47980193315065,99077.66279631453
2025-03-05,137818.12752366258,922.3372036854777,41.47980193315065,99077.66279631453
2025-03-06,137299.21520147886,922.3372036854777,41.47980193315065,99077.66279631453
2025-03-07,136799.7983862037,922.3372036854777,41.47980193315065,99077.66279631453
2025-03-10,136102.93771372677,922.3372036854777,41.47980193315065,99077.66279631453
2025-03-11,136682.4105467329,922.3372036854777,41.47980193315065,99077.66279631453
2025-03-12,136547.18639243083,922.3372036854777,41.47980193315065,99077.66279631453
2025-03-13,137353.96854003062,922.3372036854777,41.47980193315065,99077.66279631453
2025-03-14,138737.3199345012,922.3372036854777,41.47980193315065,99077.66279631453
2025-03-17,139057.1292074058,922.3372036854777,41.47980193315065,99077.66279631453
2025-03-18,139108.9789598222,922.3372036854777,41.47980193315065,99077.66279631453
2025-03-19,139738.64235316744,922.3372036854777,41.47980193315065,99077.66279631453
2025-03-20,139259.13584282022,922.3372036854777,41.47980193315065,99077.66279631453
2025-03-21,138909.87591054308,922.3372036854777,41.47980193315065,99077.66279631453
2025-03-24,139642.82401070185,922.3372036854777,41.47980193315065,99077.66279631453
2025-03-25,140766.0970470516,922.3372036854777,41.47980193315065,99077.66279631453
2025-03-26,140476.98282757754,922.3372036854777,41.47980193315065,99077.66279631453
2025-03-27,140589.8078888357,922.3372036854777,41.47980193315065,99077.66279631453
2025-03-28,140303.1824574776,922.3372036854777,41.47980193315065,99077.66279631453
2025-03-31,140483.61959588682,922.3372036854777,41.47980193315065,99077.66279631453
2025-04-01,141248.92194155348,922.3372036854777,41.47980193315065,99077.66279631453
2025-04-02,141843.3275032555,922.3372036854777,41.47980193315065,99077.66279631453
2025-04-03,142461.79135007877,922.3372036854777,41.47980193315065,99077.66279631453
2025-04-07,134190.71884460855,922.3372036854777,41.47980193315065,99077.66279631453
2025-04-08,137799.876410812,922.3372036854777,41.47980193315065,99077.66279631453
2025-04-09,138348.65419038758,922.3372036854777,41.47980193315065,99077.66279631453
2025-04-10,138822.76832648346,922.3372036854777,41.47980193315065,99077.66279631453
2025-04-11,138255.7394340573,922.3372036854777,41.47980193315065,99077.66279631453
2025-04-14,139092.80183706828,922.3372036854777,41.47980193315065,99077.66279631453
2025-04-15,139907.05034901603,922.3372036854777,41.47980193315065,99077.66279631453
2025-04-16,141098.35026053613,922.3372036854777,41.47980193315065,99077.66279631453
2025-04-17,140907.1283736243,922.3372036854777,41.47980193315065,99077.66279631453
2025-04-18,141158.4959733392,922.3372036854777,41.47980193315065,99077.66279631453
2025-04-21,140259.21386742848,922.3372036854777,41.47980193315065,99077.66279631453
2025-04-22,141308.6528563372,922.3372036854777,41.47980193315065,99077.66279631453
2025-04-23,140596.444657145,922.3372036854777,41.47980193315065,99077.66279631453
2025-04-24,141417.32993740204,922.3372036854777,41.47980193315065,99077.66279631453
2025-04-25,141518.1258560996,922.3372036854777,41.47980193315065,99077.66279631453
2025-04-28,142272.64345326362,922.3372036854777,41.47980193315065,99077.66279631453
2025-04-29,141645.8836460537,922.3372036854777,41.47980193315065,99077.66279631453
2025-04-30,140227.68921795927,922.3372036854777,41.47980193315065,99077.66279631453
2025-05-06,140131.04127945504,922.3372036854777,41.47980193315065,99077.66279631453
2025-05-07,141482.4532264371,922.3372036854777,41.47980193315065,99077.66279631453
2025-05-08,142237.38562162043,922.3372036854777,41.47980193315065,99077.66279631453
2025-05-09,143430.75952323718,922.3372036854777,41.47980193315065,99077.66279631453
2025-05-12,143722.77732884657,922.3372036854777,41.47980193315065,99077.66279631453
2025-05-13,144718.7073732615,922.3372036854777,41.47980193315065,99077.66279631453
2025-05-14,145717.9558018311,922.3372036854777,41.47980193315065,99077.66279631453
2025-05-15,145386.94698240457,922.3372036854777,41.47980193315065,99077.66279631453
2025-05-16,144101.48792049623,922.3372036854777,41.47980193315065,99077.66279631453
2025-05-19,144892.09294534207,922.3372036854777,41.47980193315065,99077.66279631453
2025-05-20,145223.10176476862,922.3372036854777,41.47980193315065,99077.66279631453
2025-05-21,146027.80992227173,922.3372036854777,41.47980193315065,99077.66279631453
2025-05-22,146599.8163909299,922.3372036854777,41.47980193315065,99077.66279631453
2025-05-23,145011.55477490954,922.3372036854777,41.47980193315065,99077.66279631453
2025-05-26,144237.9564688563,922.3372036854777,41.47980193315065,99077.66279631453
2025-05-27,144341.24117566983,922.3372036854777,41.47980193315065,99077.66279631453
2025-05-28,144807.0593513791,922.3372036854777,41.47980193315065,99077.66279631453
2025-05-29,144794.61541079916,922.3372036854777,41.47980193315065,99077.66279631453
2025-05-30,145484.42451694747,922.3372036854777,41.47980193315065,99077.66279631453
2025-06-03,146715.54503832338,922.3372036854777,41.47980193315065,99077.66279631453
2025-06-04,146902.61894504188,922.3372036854777,41.47980193315065,99077.66279631453
2025-06-05,145906.2741026076,922.3372036854777,41.47980193315065,99077.66279631453
2025-06-06,146111.18432415737,922.3372036854777,41.47980193315065,99077.66279631453
2025-06-09,146472.47339899512,922.3372036854777,41.47980193315065,99077.66279631453
2025-06-10,146414.81647430806,922.3372036854777,41.47980193315065,99077.66279631453
2025-06-11,146705.58988585943,922.3372036854777,41.47980193315065,99077.66279631453
2025-06-12,146898.8857628679,922.3372036854777,41.47980193315065,99077.66279631453
2025-06-13,145919.96243724556,922.3372036854777,41.47980193315065,99077.66279631453
2025-06-16,146333.10126449974,922.3372036854777,41.47980193315065,99077.66279631453
2025-06-17,146458.37026633785,922.3372036854777,41.47980193315065,99077.66279631453
2025-06-18,146622.63028199313,922.3372036854777,41.47980193315065,99077.66279631453
2025-06-19,145936.5543580188,922.3372036854777,41.47980193315065,99077.66279631453
2025-06-20,146670.74685223558,922.3372036854777,41.47980193315065,99077.66279631453
2025-06-23,147061.07178842652,922.3372036854777,41.47980193315065,99077.66279631453
2025-06-24,147429.82722761223,922.3372036854777,41.47980193315065,99077.66279631453
2025-06-25,148548.12268772998,922.3372036854777,41.47980193315065,99077.66279631453
2025-06-26,148792.85351913556,922.3372036854777,41.47980193315065,99077.66279631453
2025-06-27,146483.67294551706,922.3372036854777,41.47980193315065,99077.66279631453
2025-06-30,145784.7382829435,922.3372036854777,41.47980193315065,99077.66279631453
2025-07-01,147198.36993282524,922.3372036854777,41.47980193315065,99077.66279631453
2025-07-02,147929.65884090672,922.3372036854777,41.47980193315065,99077.66279631453
2025-07-03,147821.39655786118,922.3372036854777,41.47980193315065,99077.66279631453
2025-07-04,149026.3848040192,922.3372036854777,41.47980193315065,99077.66279631453
2025-07-07,149636.55269045584,922.3372036854777,41.47980193315065,99077.66279631453
2025-07-08,149250.3757344582,922.3372036854777,41.47980193315065,99077.66279631453
2025-07-09,150045.95833553604,922.3372036854777,41.47980193315065,99077.66279631453
2025-07-10,151004.14176019182,922.3372036854777,41.47980193315065,99077.66279631453
2025-07-11,149512.1132846564,922.3372036854777,41.47980193315065,99077.66279631453
2025-07-14,150464.48953704152,922.3372036854777,41.47980193315065,99077.66279631453
2025-07-15,149011.45207532326,922.3372036854777,41.47980193315065,99077.66279631453
2025-07-16,148480.51061057893,922.3372036854777,41.47980193315065,99077.66279631453
2025-07-17,147942.10278148664,922.3372036854777,41.47980193315065,99077.66279631453
2025-07-18,148560.98142632924,922.3372036854777,41.47980193315065,99077.66279631453
2025-07-21,148958.35792884883,922.3372036854777,41.47980193315065,99077.66279631453
2025-07-22,149435.7904490994,922.3372036854777,41.47980193315065,99077.66279631453
2025-07-23,149463.99671441395,922.3372036854777,41.47980193315065,99077.66279631453
2025-07-24,149091.50809305423,922.3372036854777,41.47980193315065,99077.66279631453
2025-07-25,148066.5421872861,922.3372036854777,41.47980193315065,99077.66279631453
2025-07-28,147768.30241138674,922.3372036854777,41.47980193315065,99077.66279631453
2025-07-29,146749.55847590856,922.3372036854777,41.47980193315065,99077.66279631453
2025-07-30,147320.73534852805,922.3372036854777,41.47980193315065,99077.66279631453
2025-07-31,145303.98737853827,922.3372036854777,41.47980193315065,99077.66279631453
2025-08-01,145333.4380379108,922.3372036854777,41.47980193315065,99077.66279631453
2025-08-04,145871.01627096444,922.3372036854777,41.47980193315065,99077.66279631453
2025-08-05,147398.30257814305,922.3372036854777,41.47980193315065,99077.66279631453
2025-08-06,147263.49322186032,922.3372036854777,41.47980193315065,99077.66279631453
2025-08-07,147665.84730061187,922.3372036854777,41.47980193315065,99077.66279631453
2025-08-08,147786.55352423733,922.3372036854777,41.47980193315065,99077.66279631453
2025-08-11,146990.9709231595,922.3372036854777,41.47980193315065,99077.66279631453
2025-08-12,147588.6948690162,922.3372036854777,41.47980193315065,99077.66279631453
2025-08-13,146988.4821350435,922.3372036854777,41.47980193315065,99077.66279631453
2025-08-14,146666.18407402292,922.3372036854777,41.47980193315065,99077.66279631453
2025-08-15,146450.9039019899,922.3372036854777,41.47980193315065,99077.66279631453
2025-08-18,147161.03811108542,922.3372036854777,41.47980193315065,99077.66279631453
2025-08-19,147074.76012306445,922.3372036854777,41.47980193315065,99077.66279631453
2025-08-20,147940.02879138998,922.3372036854777,41.47980193315065,99077.66279631453
2025-08-21,148643.52623217623,922.3372036854777,41.47980193315065,99077.66279631453
2025-08-22,148399.21019878995,922.3372036854777,41.47980193315065,99077.66279631453
2025-08-25,149695.86880722025,922.3372036854777,41.47980193315065,99077.66279631453
2025-08-26,149265.30846315416,922.3372036854777,41.47980193315065,99077.66279631453
2025-08-27,146443.85233566124,922.3372036854777,41.47980193315065,99077.66279631453
2025-08-28,146669.9172561969,922.3372036854777,41.47980193315065,99077.66279631453
2025-08-29,146220.27620324158,922.3372036854777,41.47980193315065,99077.66279631453
2025-09-01,145768.56116018954,922.3372036854777,41.47980193315065,99077.66279631453
2025-09-02,146911.32970344785,922.3372036854777,41.47980193315065,99077.66279631453
2025-09-03,145179.96277075814,922.3372036854777,41.47980193315065,99077.66279631453
2025-09-04,145489.81689119877,922.3372036854777,41.47980193315065,99077.66279631453
2025-09-05,144880.4786008008,922.3372036854777,41.47980193315065,99077.66279631453
2025-09-08,144983.348509595,922.3372036854777,41.47980193315065,99077.66279631453
2025-09-09,145314.35732902156,922.3372036854777,41.47980193315065,99077.66279631453
2025-09-10,145272.8775270884,922.3372036854777,41.47980193315065,99077.66279631453
2025-09-11,145987.9893124159,922.3372036854777,41.47980193315065,99077.66279631453
2025-09-12,144696.3082802176,922.3372036854777,41.47980193315065,99077.66279631453
2025-09-15,143971.65614044547,922.3372036854777,41.47980193315065,99077.66279631453
2025-09-16,143315.86047188236,922.3372036854777,41.47980193315065,99077.66279631453
2025-09-17,143339.9187570036,922.3372036854777,41.47980193315065,99077.66279631453
2025-09-18,140849.47144893723,737.8697629483821,41.53448520059668,99262.13023705162
2025-09-19,140805.44489462458,737.8697629483821,41.53448520059668,99262.13023705162
2025-09-22,140029.16536622544,737.8697629483821,41.53448520059668,99262.13023705162
2025-09-23,140955.38438619874,737.8697629483821,41.53448520059668,99262.13023705162
2025-09-24,141210.8214701824,737.8697629483821,41.53448520059668,99262.13023705162
2025-09-25,140077.76071391013,737.8697629483821,41.53448520059668,99262.13023705162
2025-09-26,140272.97279435294,737.8697629483821,41.53448520059668,99262.13023705162
2025-09-29,140518.44160188845,737.8697629483821,41.53448520059668,99262.13023705162
2025-09-30,139688.16724272852,737.8697629483821,41.53448520059668,99262.13023705162
2025-10-09,140615.21695240584,737.8697629483821,41.53448520059668,99262.13023705162
2025-10-10,142049.40272638245,737.8697629483821,41.53448520059668,99262.13023705162
2025-10-13,142392.06222928737,737.8697629483821,41.53448520059668,99262.13023705162
2025-10-14,144343.76768886342,737.8697629483821,41.53448520059668,99262.13023705162
2025-10-15,144791.92478417786,737.8697629483821,41.53448520059668,99262.13023705162
2025-10-16,145676.60931895056,737.8697629483821,41.53448520059668,99262.13023705162
2025-10-17,145069.79049016983,737.8697629483821,41.53448520059668,99262.13023705162
2025-10-20,145377.14568065424,737.8697629483821,41.53448520059668,99262.13023705162
2025-10-21,146129.75055248907,737.8697629483821,41.53448520059668,99262.13023705162
2025-10-22,146882.77076917587,737.8697629483821,41.53448520059668,99262.13023705162
2025-10-23,148094.3317024773,737.8697629483821,41.53448520059668,99262.13023705162
2025-10-24,146990.76043069744,737.8697629483821,41.53448520059668,99262.13023705162
2025-10-27,147533.20080741725,737.8697629483821,41.53448520059668,99262.13023705162
2025-10-28,147285.65527562168,737.8697629483821,41.53448520059668,99262.13023705162
2025-10-29,146563.3705779833,737.8697629483821,41.53448520059668,99262.13023705162
2025-10-30,146423.8147077093,737.8697629483821,41.53448520059668,99262.13023705162
2025-10-31,145833.60967300882,737.8697629483821,41.53448520059668,99262.13023705162
2025-11-03,147158.55975090785,737.8697629483821,41.53448520059668,99262.13023705162
2025-11-04,148394.2106856256,737.8697629483821,41.53448520059668,99262.13023705162
2025-11-05,148318.2025777085,737.8697629483821,41.53448520059668,99262.13023705162
2025-11-06,148656.70863209336,737.8697629483821,41.53448520059668,99262.13023705162
2025-11-07,148638.8488034571,737.8697629483821,41.53448520059668,99262.13023705162
2025-11-10,149720.82214293265,737.8697629483821,41.53448520059668,99262.13023705162
2025-11-11,150196.3919984795,737.8697629483821,41.53448520059668,99262.13023705162
2025-11-12,150995.51549373896,737.8697629483821,41.53448520059668,99262.13023705162
2025-11-13,150678.60737165844,737.8697629483821,41.53448520059668,99262.13023705162
2025-11-14,150315.18062615322,737.8697629483821,41.53448520059668,99262.13023705162
2025-11-17,148814.53967585563,737.8697629483821,41.53448520059668,99262.13023705162
2025-11-18,147864.645999318,737.8697629483821,41.53448520059668,99262.13023705162
2025-11-19,148257.56222931563,737.8697629483821,41.53448520059668,99262.13023705162
2025-11-20,148804.1560545555,737.8697629483821,41.53448520059668,99262.13023705162
2025-11-21,146298.7959072555,737.8697629483821,41.53448520059668,99262.13023705162
2025-11-24,145434.4632702311,737.8697629483821,41.53448520059668,99262.13023705162
2025-11-25,146601.58230436785,737.8697629483821,41.53448520059668,99262.13023705162
2025-11-26,146006.80847629532,737.8697629483821,41.53448520059668,99262.13023705162
2025-11-27,146452.0581576457,737.8697629483821,41.53448520059668,99262.13023705162
2025-11-28,146145.5336568653,737.8697629483821,41.53448520059668,99262.13023705162
2025-12-01,146981.62284395332,737.8697629483821,41.53448520059668,99262.13023705162
2025-12-02,147495.40442588468,737.8697629483821,41.53448520059668,99262.13023705162
2025-12-03,147319.29820863417,737.8697629483821,41.53448520059668,99262.13023705162
2025-12-04,146761.07472753813,737.8697629483821,41.53448520059668,99262.13023705162
2025-12-05,146592.0293727717,737.8697629483821,41.53448520059668,99262.13023705162
2025-12-08,146326.6240123399,737.8697629483821,41.53448520059668,99262.13023705162
2025-12-09,145593.95569340137,737.8697629483821,41.53448520059668,99262.13023705162
2025-12-10,145179.85687595143,737.8697629483821,41.53448520059668,99262.13023705162
2025-12-11,144265.26751183427,737.8697629483821,41.53448520059668,99262.13023705162
2025-12-12,143810.46489888776,737.8697629483821,41.53448520059668,99262.13023705162
2025-12-15,144169.73819587292,737.8697629483821,41.53448520059668,99262.13023705162
2025-12-16,143464.06729231478,590.2958103587057,41.577430421978114,99409.7041896413
2025-12-17,143651.16572921368,590.2958103587057,41.577430421978114,99409.7041896413
2025-12-18,145003.2637665364,590.2958103587057,41.577430421978114,99409.7041896413
2025-12-19,144956.69704446377,590.2958103587057,41.577430421978114,99409.7041896413
2025-12-22,144120.5749186778,590.2958103587057,41.577430421978114,99409.7041896413
2025-12-23,144182.52529000657,590.2958103587057,41.577430421978114,99409.7041896413
2025-12-24,144285.63731745307,590.2958103587057,41.577430421978114,99409.7041896413
2025-12-25,144613.68324348246,590.2958103587057,41.577430421978114,99409.7041896413
2025-12-26,144312.24687292313,590.2958103587057,41.577430421978114,99409.7041896413
2025-12-29,144194.58274482892,590.2958103587057,41.577430421978114,99409.7041896413
2025-12-30,143708.12680889174,472.23664828696457,41.61172801133136,99527.76335171305
2025-12-31,143731.4293765781,472.23664828696457,41.61172801133136,99527.76335171305
2026-01-05,144221.1994152715,472.23664828696457,41.61172801133136,99527.76335171305
2026-01-06,145400.0596698325,472.23664828696457,41.61172801133136,99527.76335171305
2026-01-07,144797.5218482284,472.23664828696457,41.61172801133136,99527.76335171305
2026-01-08,143857.92902973256,472.23664828696457,41.61172801133136,99527.76335171305
2026-01-09,144088.0418856352,472.23664828696457,41.61172801133136,99527.76335171305
2026-01-12,144420.93570972586,472.23664828696457,41.61172801133136,99527.76335171305
2026-01-13,144517.47491871216,472.23664828696457,41.61172801133136,99527.76335171305
2026-01-14,142923.74573587815,377.78931862957165,41.63931716513024,99622.21068137044
2026-01-15,142390.7624761645,377.78931862957165,41.63931716513024,99622.21068137044
2026-01-16,141263.16976733276,377.78931862957165,41.63931716513024,99622.21068137044
2026-01-19,141724.53340152244,377.78931862957165,41.63931716513024,99622.21068137044
2026-01-20,143753.6173269792,377.78931862957165,41.63931716513024,99622.21068137044
2026-01-21,142552.73941993687,377.78931862957165,41.63931716513024,99622.21068137044
2026-01-22,143131.1095353605,377.78931862957165,41.63931716513024,99622.21068137044
2026-01-23,142620.61150691603,377.78931862957165,41.63931716513024,99622.21068137044
2026-01-26,143171.91606618234,377.78931862957165,41.63931716513024,99622.21068137044
2026-01-27,142464.04767437512,377.78931862957165,41.63931716513024,99622.21068137044
2026-01-28,143205.6439130861,377.78931862957165,41.63931716513024,99622.21068137044
2026-01-29,145473.73751907074,377.78931862957165,41.63931716513024,99622.21068137044
2026-01-30,144798.76418782398,377.78931862957165,41.63931716513024,99622.21068137044
2026-02-02,142843.38185374948,302.2314549036573,41.66140093845415,99697.76854509636
2026-02-03,142907.5404111947,302.2314549036573,41.66140093845415,99697.76854509636
2026-02-04,145050.60287546876,302.2314549036573,41.66140093845415,99697.76854509636
2026-02-05,145869.2494039094,302.2314549036573,41.66140093845415,99697.76854509636
2026-02-06,145528.45914423282,302.2314549036573,41.66140093845415,99697.76854509636
2026-02-09,146550.8299232625,302.2314549036573,41.66140093845415,99697.76854509636
2026-02-10,146874.53900855427,302.2314549036573,41.66140093845415,99697.76854509636
2026-02-11,147264.4897213382,302.2314549036573,41.66140093845415,99697.76854509636
2026-02-12,145870.08263192818,302.2314549036573,41.66140093845415,99697.76854509636
2026-02-13,144332.36032328982,302.2314549036573,41.66140093845415,99697.76854509636
2026-02-24,145101.84639862308,302.2314549036573,41.66140093845415,99697.76854509636
2026-02-25,145048.93641943124,302.2314549036573,41.66140093845415,99697.76854509636
2026-02-26,144753.14047276822,302.2314549036573,41.66140093845415,99697.76854509636
2026-02-27,145367.22952260103,302.2314549036573,41.66140093845415,99697.76854509636
2026-03-02,146316.69284998838,302.2314549036573,41.66140093845415,99697.76854509636
2026-03-03,146629.98658504555,302.2314549036573,41.66140093845415,99697.76854509636
2026-03-04,144683.1493191916,302.2314549036573,41.66140093845415,99697.76854509636
2026-03-05,145153.92314979614,302.2314549036573,41.66140093845415,99697.76854509636
2026-03-06,146373.76896927407,302.2314549036573,41.66140093845415,99697.76854509636
2026-03-09,145553.8725988053,302.2314549036573,41.66140093845415,99697.76854509636
2026-03-10,145868.41617589063,302.2314549036573,41.66140093845415,99697.76854509636
2026-03-11,147563.61858007632,302.2314549036573,41.66140093845415,99697.76854509636
2026-03-12,148458.5054722343,302.2314549036573,41.66140093845415,99697.76854509636
2026-03-13,148328.52190130635,302.2314549036573,41.66140093845415,99697.76854509636
2026-03-16,148240.61634532618,302.2314549036573,41.66140093845415,99697.76854509636
2026-03-17,148333.52126941894,302.2314549036573,41.66140093845415,99697.76854509636
2026-03-18,147763.17669057153,302.2314549036573,41.66140093845415,99697.76854509636
2026-03-19,146752.887717814,302.2314549036573,41.66140093845415,99697.76854509636
2026-03-20,145907.16127876338,302.2314549036573,41.66140093845415,99697.76854509636
2026-03-23,140358.27928777068,241.78516392292585,41.67938143413968,99758.2148360771
2026-03-24,143495.90312213273,241.78516392292585,41.67938143413968,99758.2148360771
2026-03-25,145392.31497738606,241.78516392292585,41.67938143413968,99758.2148360771
2026-03-26,145424.82489490468,241.78516392292585,41.67938143413968,99758.2148360771
2026-03-27,144727.9456373259,193.4281311383407,41.69333080623074,99806.57186886168
2026-03-30,145006.04015380348,193.4281311383407,41.69333080623074,99806.57186886168
2026-03-31,144956.8420234521,193.4281311383407,41.69333080623074,99806.57186886168
2026-04-01,145013.96188665665,193.4281311383407,41.69333080623074,99806.57186886168
2026-04-02,145121.11374682866,193.4281311383407,41.69333080623074,99806.57186886168
2026-04-03,143222.3994619129,193.4281311383407,41.69333080623074,99806.57186886168
2026-04-07,142431.47697651872,193.4281311383407,41.69333080623074,99806.57186886168
2026-04-08,144550.33204809134,193.4281311383407,41.69333080623074,99806.57186886168
2026-04-09,143140.26360022463,193.4281311383407,41.69333080623074,99806.57186886168
2026-04-10,143425.8629162473,193.4281311383407,41.69333080623074,99806.57186886168
2026-04-13,142834.65148541494,193.4281311383407,41.69333080623074,99806.57186886168
2026-04-14,143203.6374630501,193.4281311383407,41.69333080623074,99806.57186886168
2026-04-15,144235.9643338124,193.4281311383407,41.69333080623074,99806.57186886168
2026-04-16,144259.72953237194,193.4281311383407,41.69333080623074,99806.57186886168
2026-04-17,143632.66183704624,193.4281311383407,41.69333080623074,99806.57186886168
2026-04-20,144012.90501399906,193.4281311383407,41.69333080623074,99806.57186886168
2026-04-21,144853.85949636073,193.4281311383407,41.69333080623074,99806.57186886168
2026-04-22,144871.37069529935,193.4281311383407,41.69333080623074,99806.57186886168
2026-04-23,145872.01063464888,193.4281311383407,41.69333080623074,99806.57186886168
2026-04-24,145111.5242807432,154.74250491067255,41.70446076621925,99845.25749508935
2026-04-27,144055.15028953488,154.74250491067255,41.70446076621925,99845.25749508935
2026-04-28,145007.68017343534,154.74250491067255,41.70446076621925,99845.25749508935
2026-04-29,145345.4863056417,154.74250491067255,41.70446076621925,99845.25749508935
2026-04-30,144459.6835589672,154.74250491067255,41.70446076621925,99845.25749508935
2026-05-06,144224.05335563808,154.74250491067255,41.70446076621925,99845.25749508935
2026-05-07,143855.80296707235,154.74250491067255,41.70446076621925,99845.25749508935
2026-05-08,143826.19279992834,154.74250491067255,41.70446076621925,99845.25749508935
2026-05-11,143867.4802160869,154.74250491067255,41.70446076621925,99845.25749508935
2026-05-12,143877.07224206312,154.74250491067255,41.70446076621925,99845.25749508935
2026-05-13,143827.02688914366,154.74250491067255,41.70446076621925,99845.25749508935
2026-05-14,143133.48170660142,154.74250491067255,41.70446076621925,99845.25749508935
2026-05-15,141759.73676896218,154.74250491067255,41.70446076621925,99845.25749508935
2026-05-18,140886.02831590988,154.74250491067255,41.70446076621925,99845.25749508935
2026-05-19,142292.3027329468,154.74250491067255,41.70446076621925,99845.25749508935
2026-05-20,141153.770954029,154.74250491067255,41.70446076621925,99845.25749508935
2026-05-21,140323.0180955659,154.74250491067255,41.70446076621925,99845.25749508935
2026-05-22,140032.75504863303,154.74250491067255,41.70446076621925,99845.25749508935
2026-05-25,140227.93192501893,154.74250491067255,41.70446076621925,99845.25749508935
2026-05-26,140328.85672007318,154.74250491067255,41.70446076621925,99845.25749508935
2026-05-27,139304.59516365486,154.74250491067255,41.70446076621925,99845.25749508935
2026-05-28,138434.6401120715,154.74250491067255,41.70446076621925,99845.25749508935
2026-05-29,140782.184208602,154.74250491067255,41.70446076621925,99845.25749508935
2026-06-01,142410.74340152286,154.74250491067255,41.70446076621925,99845.25749508935
2026-06-02,142192.21202710786,154.74250491067255,41.70446076621925,99845.25749508935
