日期,持仓市值,现金,持仓点数,持仓状态,年份
2010-01-01,100000.0,100000.0,0.0,0.0,2010
2010-01-04,100000.0,100000.0,0.0,0.0,2010
2010-01-05,100000.0,100000.0,0.0,0.0,2010
2010-01-06,100000.0,100000.0,0.0,0.0,2010
2010-01-07,100000.0,100000.0,0.0,0.0,2010
2010-01-08,100000.0,100000.0,0.0,0.0,2010
2010-01-11,100000.0,100000.0,0.0,0.0,2010
2010-01-12,100000.0,100000.0,0.0,0.0,2010
2010-01-13,100000.0,100000.0,0.0,0.0,2010
2010-01-14,100000.0,100000.0,0.0,0.0,2010
2010-01-15,100000.0,100000.0,0.0,0.0,2010
2010-01-18,100000.0,100000.0,0.0,0.0,2010
2010-01-19,100000.0,100000.0,0.0,0.0,2010
2010-01-20,100000.0,100000.0,0.0,0.0,2010
2010-01-21,100000.0,100000.0,0.0,0.0,2010
2010-01-22,100000.0,100000.0,0.0,0.0,2010
2010-01-25,100000.0,100000.0,0.0,0.0,2010
2010-01-26,100000.0,100000.0,0.0,0.0,2010
2010-01-27,100000.0,100000.0,0.0,0.0,2010
2010-01-28,100000.0,100000.0,0.0,0.0,2010
2010-01-29,100000.0,100000.0,0.0,0.0,2010
2010-02-01,100000.0,100000.0,0.0,0.0,2010
2010-02-02,100000.0,100000.0,0.0,0.0,2010
2010-02-03,100000.0,100000.0,0.0,0.0,2010
2010-02-04,100000.0,100000.0,0.0,0.0,2010
2010-02-05,100000.0,100000.0,0.0,0.0,2010
2010-02-08,100000.0,100000.0,0.0,0.0,2010
2010-02-09,100000.0,100000.0,0.0,0.0,2010
2010-02-10,100000.0,100000.0,0.0,0.0,2010
2010-02-11,100000.0,100000.0,0.0,0.0,2010
2010-02-12,100000.0,100000.0,0.0,0.0,2010
2010-02-22,100000.0,100000.0,0.0,0.0,2010
2010-02-23,100000.0,100000.0,0.0,0.0,2010
2010-02-24,100000.0,100000.0,0.0,0.0,2010
2010-02-25,100000.0,100000.0,0.0,0.0,2010
2010-02-26,100000.0,100000.0,0.0,0.0,2010
2010-03-01,100000.0,100000.0,0.0,0.0,2010
2010-03-02,100000.0,100000.0,0.0,0.0,2010
2010-03-03,100000.0,100000.0,0.0,0.0,2010
2010-03-04,100000.0,100000.0,0.0,0.0,2010
2010-03-05,100000.0,100000.0,0.0,0.0,2010
2010-03-08,100000.0,100000.0,0.0,0.0,2010
2010-03-09,100000.0,100000.0,0.0,0.0,2010
2010-03-10,100000.0,100000.0,0.0,0.0,2010
2010-03-11,100000.0,100000.0,0.0,0.0,2010
2010-03-12,100000.0,100000.0,0.0,0.0,2010
2010-03-15,100000.0,100000.0,0.0,0.0,2010
2010-03-16,100000.0,100000.0,0.0,0.0,2010
2010-03-17,100000.0,100000.0,0.0,0.0,2010
2010-03-18,100000.0,100000.0,0.0,0.0,2010
2010-03-19,100000.0,100000.0,0.0,0.0,2010
2010-03-22,100000.0,100000.0,0.0,0.0,2010
2010-03-23,100000.0,100000.0,0.0,0.0,2010
2010-03-24,100000.0,100000.0,0.0,0.0,2010
2010-03-25,100000.0,100000.0,0.0,0.0,2010
2010-03-26,100000.0,100000.0,0.0,0.0,2010
2010-03-29,100000.0,100000.0,0.0,0.0,2010
2010-03-30,100000.0,100000.0,0.0,0.0,2010
2010-03-31,100000.0,100000.0,0.0,0.0,2010
2010-04-01,100000.0,100000.0,0.0,0.0,2010
2010-04-02,100000.0,100000.0,0.0,0.0,2010
2010-04-06,100000.0,100000.0,0.0,0.0,2010
2010-04-07,100000.0,100000.0,0.0,0.0,2010
2010-04-08,100000.0,100000.0,0.0,0.0,2010
2010-04-09,100000.0,100000.0,0.0,0.0,2010
2010-04-12,100000.0,100000.0,0.0,0.0,2010
2010-04-13,100000.0,100000.0,0.0,0.0,2010
2010-04-14,100000.0,100000.0,0.0,0.0,2010
2010-04-15,100000.0,100000.0,0.0,0.0,2010
2010-04-16,100000.0,100000.0,0.0,0.0,2010
2010-04-19,100000.0,100000.0,0.0,0.0,2010
2010-04-20,100000.0,100000.0,0.0,0.0,2010
2010-04-21,100000.0,100000.0,0.0,0.0,2010
2010-04-22,100000.0,100000.0,0.0,0.0,2010
2010-04-23,100000.0,100000.0,0.0,0.0,2010
2010-04-26,100000.0,100000.0,0.0,0.0,2010
2010-04-27,100000.0,100000.0,0.0,0.0,2010
2010-04-28,100000.0,100000.0,0.0,0.0,2010
2010-04-29,100000.0,100000.0,0.0,0.0,2010
2010-04-30,100000.0,100000.0,0.0,0.0,2010
2010-05-04,100000.0,100000.0,0.0,0.0,2010
2010-05-05,100000.0,100000.0,0.0,0.0,2010
2010-05-06,100000.0,100000.0,0.0,0.0,2010
2010-05-07,100000.0,100000.0,0.0,0.0,2010
2010-05-10,100000.0,100000.0,0.0,0.0,2010
2010-05-11,100000.0,100000.0,0.0,0.0,2010
2010-05-12,100000.0,100000.0,0.0,0.0,2010
2010-05-13,100000.0,100000.0,0.0,0.0,2010
2010-05-14,100000.0,100000.0,0.0,0.0,2010
2010-05-17,100000.0,100000.0,0.0,0.0,2010
2010-05-18,100000.0,100000.0,0.0,0.0,2010
2010-05-19,100000.0,100000.0,0.0,0.0,2010
2010-05-20,100000.0,100000.0,0.0,0.0,2010
2010-05-21,100000.0,100000.0,0.0,0.0,2010
2010-05-24,100000.0,100000.0,0.0,0.0,2010
2010-05-25,100000.0,100000.0,0.0,0.0,2010
2010-05-26,100000.0,100000.0,0.0,0.0,2010
2010-05-27,100000.0,100000.0,0.0,0.0,2010
2010-05-28,100000.0,100000.0,0.0,0.0,2010
2010-05-31,100000.0,100000.0,0.0,0.0,2010
2010-06-01,100000.0,100000.0,0.0,0.0,2010
2010-06-02,100000.0,100000.0,0.0,0.0,2010
2010-06-03,100000.0,100000.0,0.0,0.0,2010
2010-06-04,100000.0,100000.0,0.0,0.0,2010
2010-06-07,100000.0,100000.0,0.0,0.0,2010
2010-06-08,100000.0,100000.0,0.0,0.0,2010
2010-06-09,100000.0,100000.0,0.0,0.0,2010
2010-06-10,100000.0,100000.0,0.0,0.0,2010
2010-06-11,100000.0,100000.0,0.0,0.0,2010
2010-06-17,100000.0,100000.0,0.0,0.0,2010
2010-06-18,100000.0,100000.0,0.0,0.0,2010
2010-06-21,100000.0,100000.0,0.0,0.0,2010
2010-06-22,100000.0,100000.0,0.0,0.0,2010
2010-06-23,100000.0,100000.0,0.0,0.0,2010
2010-06-24,100000.0,100000.0,0.0,0.0,2010
2010-06-25,100000.0,100000.0,0.0,0.0,2010
2010-06-28,100000.0,100000.0,0.0,0.0,2010
2010-06-29,100000.0,100000.0,0.0,0.0,2010
2010-06-30,100000.0,100000.0,0.0,0.0,2010
2010-07-01,100000.0,100000.0,0.0,0.0,2010
2010-07-02,100000.0,100000.0,0.0,0.0,2010
2010-07-05,100000.0,100000.0,0.0,0.0,2010
2010-07-06,100000.0,100000.0,0.0,0.0,2010
2010-07-07,100000.0,100000.0,0.0,0.0,2010
2010-07-08,100000.0,100000.0,0.0,0.0,2010
2010-07-09,100000.0,100000.0,0.0,0.0,2010
2010-07-12,100000.0,100000.0,0.0,0.0,2010
2010-07-13,100000.0,100000.0,0.0,0.0,2010
2010-07-14,100000.0,100000.0,0.0,0.0,2010
2010-07-15,100000.0,100000.0,0.0,0.0,2010
2010-07-16,100000.0,100000.0,0.0,0.0,2010
2010-07-19,100000.0,100000.0,0.0,0.0,2010
2010-07-20,100000.0,100000.0,0.0,0.0,2010
2010-07-21,100000.0,100000.0,0.0,0.0,2010
2010-07-22,100000.0,100000.0,0.0,0.0,2010
2010-07-23,100000.0,100000.0,0.0,0.0,2010
2010-07-26,100000.0,100000.0,0.0,0.0,2010
2010-07-27,100000.0,100000.0,0.0,0.0,2010
2010-07-28,100000.0,100000.0,0.0,0.0,2010
2010-07-29,100000.0,100000.0,0.0,0.0,2010
2010-07-30,100000.0,100000.0,0.0,0.0,2010
2010-08-02,100000.0,100000.0,0.0,0.0,2010
2010-08-03,100000.0,100000.0,0.0,0.0,2010
2010-08-04,100000.0,100000.0,0.0,0.0,2010
2010-08-05,100000.0,100000.0,0.0,0.0,2010
2010-08-06,100000.0,100000.0,0.0,0.0,2010
2010-08-09,100000.0,100000.0,0.0,0.0,2010
2010-08-10,100000.0,100000.0,0.0,0.0,2010
2010-08-11,100000.0,100000.0,0.0,0.0,2010
2010-08-12,100000.0,100000.0,0.0,0.0,2010
2010-08-13,100000.0,100000.0,0.0,0.0,2010
2010-08-16,100000.0,100000.0,0.0,0.0,2010
2010-08-17,100000.0,100000.0,0.0,0.0,2010
2010-08-18,100000.0,100000.0,0.0,0.0,2010
2010-08-19,100000.0,100000.0,0.0,0.0,2010
2010-08-20,100000.0,100000.0,0.0,0.0,2010
2010-08-23,100000.0,100000.0,0.0,0.0,2010
2010-08-24,100000.0,100000.0,0.0,0.0,2010
2010-08-25,100000.0,100000.0,0.0,0.0,2010
2010-08-26,100000.0,100000.0,0.0,0.0,2010
2010-08-27,100000.0,100000.0,0.0,0.0,2010
2010-08-30,100000.0,100000.0,0.0,0.0,2010
2010-08-31,100000.0,100000.0,0.0,0.0,2010
2010-09-01,100000.0,100000.0,0.0,0.0,2010
2010-09-02,100000.0,100000.0,0.0,0.0,2010
2010-09-03,100000.0,100000.0,0.0,0.0,2010
2010-09-06,100000.0,100000.0,0.0,0.0,2010
2010-09-07,100000.0,100000.0,0.0,0.0,2010
2010-09-08,100000.0,100000.0,0.0,0.0,2010
2010-09-09,100000.0,100000.0,0.0,0.0,2010
2010-09-10,100000.0,100000.0,0.0,0.0,2010
2010-09-13,100000.0,100000.0,0.0,0.0,2010
2010-09-14,100000.0,100000.0,0.0,0.0,2010
2010-09-15,100000.0,100000.0,0.0,0.0,2010
2010-09-16,100000.0,100000.0,0.0,0.0,2010
2010-09-17,100000.0,100000.0,0.0,0.0,2010
2010-09-20,100000.0,100000.0,0.0,0.0,2010
2010-09-21,100000.0,100000.0,0.0,0.0,2010
2010-09-27,100000.0,100000.0,0.0,0.0,2010
2010-09-28,100000.0,100000.0,0.0,0.0,2010
2010-09-29,100000.0,100000.0,0.0,0.0,2010
2010-09-30,100000.0,100000.0,0.0,0.0,2010
2010-10-08,100000.0,100000.0,0.0,0.0,2010
2010-10-11,100000.0,100000.0,0.0,0.0,2010
2010-10-12,100000.0,100000.0,0.0,0.0,2010
2010-10-13,100000.0,100000.0,0.0,0.0,2010
2010-10-14,100000.0,100000.0,0.0,0.0,2010
2010-10-15,100000.0,100000.0,0.0,0.0,2010
2010-10-18,100000.0,100000.0,0.0,0.0,2010
2010-10-19,100000.0,100000.0,0.0,0.0,2010
2010-10-20,100000.0,100000.0,0.0,0.0,2010
2010-10-21,100000.0,100000.0,0.0,0.0,2010
2010-10-22,100000.0,100000.0,0.0,0.0,2010
2010-10-25,100000.0,100000.0,0.0,0.0,2010
2010-10-26,100000.0,100000.0,0.0,0.0,2010
2010-10-27,100000.0,100000.0,0.0,0.0,2010
2010-10-28,100000.0,100000.0,0.0,0.0,2010
2010-10-29,100000.0,100000.0,0.0,0.0,2010
2010-11-01,100000.0,100000.0,0.0,0.0,2010
2010-11-02,100000.0,100000.0,0.0,0.0,2010
2010-11-03,100000.0,100000.0,0.0,0.0,2010
2010-11-04,100000.0,100000.0,0.0,0.0,2010
2010-11-05,100000.0,100000.0,0.0,0.0,2010
2010-11-08,100000.0,100000.0,0.0,0.0,2010
2010-11-09,100000.0,100000.0,0.0,0.0,2010
2010-11-10,100000.0,100000.0,0.0,0.0,2010
2010-11-11,100000.0,100000.0,0.0,0.0,2010
2010-11-12,100000.0,100000.0,0.0,0.0,2010
2010-11-15,100000.0,100000.0,0.0,0.0,2010
2010-11-16,100000.0,100000.0,0.0,0.0,2010
2010-11-17,100000.0,100000.0,0.0,0.0,2010
2010-11-18,100000.0,100000.0,0.0,0.0,2010
2010-11-19,100000.0,100000.0,0.0,0.0,2010
2010-11-22,100000.0,100000.0,0.0,0.0,2010
2010-11-23,100000.0,100000.0,0.0,0.0,2010
2010-11-24,100000.0,100000.0,0.0,0.0,2010
2010-11-25,100000.0,100000.0,0.0,0.0,2010
2010-11-26,100000.0,100000.0,0.0,0.0,2010
2010-11-29,100000.0,100000.0,0.0,0.0,2010
2010-11-30,100000.0,100000.0,0.0,0.0,2010
2010-12-01,100000.0,100000.0,0.0,0.0,2010
2010-12-02,100000.0,100000.0,0.0,0.0,2010
2010-12-03,100000.0,100000.0,0.0,0.0,2010
2010-12-06,100000.0,100000.0,0.0,0.0,2010
2010-12-07,100000.0,100000.0,0.0,0.0,2010
2010-12-08,100000.0,100000.0,0.0,0.0,2010
2010-12-09,100000.0,100000.0,0.0,0.0,2010
2010-12-10,100000.0,100000.0,0.0,0.0,2010
2010-12-13,100000.0,100000.0,0.0,0.0,2010
2010-12-14,100000.0,100000.0,0.0,0.0,2010
2010-12-15,100000.0,100000.0,0.0,0.0,2010
2010-12-16,100000.0,100000.0,0.0,0.0,2010
2010-12-17,100000.0,100000.0,0.0,0.0,2010
2010-12-20,100000.0,100000.0,0.0,0.0,2010
2010-12-21,100000.0,100000.0,0.0,0.0,2010
2010-12-22,100000.0,100000.0,0.0,0.0,2010
2010-12-23,100000.0,100000.0,0.0,0.0,2010
2010-12-24,100000.0,100000.0,0.0,0.0,2010
2010-12-27,100000.0,100000.0,0.0,0.0,2010
2010-12-28,100000.0,100000.0,0.0,0.0,2010
2010-12-29,100000.0,100000.0,0.0,0.0,2010
2010-12-30,100000.0,100000.0,0.0,0.0,2010
2010-12-31,100000.0,100000.0,0.0,0.0,2010
2011-01-04,100000.0,100000.0,0.0,0.0,2011
2011-01-05,100000.0,100000.0,0.0,0.0,2011
2011-01-06,100000.0,100000.0,0.0,0.0,2011
2011-01-07,100000.0,100000.0,0.0,0.0,2011
2011-01-10,100000.0,100000.0,0.0,0.0,2011
2011-01-11,100000.0,100000.0,0.0,0.0,2011
2011-01-12,100000.0,100000.0,0.0,0.0,2011
2011-01-13,100000.0,100000.0,0.0,0.0,2011
2011-01-14,100000.0,100000.0,0.0,0.0,2011
2011-01-17,100000.0,50000.0,51.28310324314345,0.5,2011
2011-01-18,100175.38821309156,50000.0,51.28310324314345,0.5,2011
2011-01-19,101027.71338899259,50000.0,51.28310324314345,0.5,2011
2011-01-20,99528.19545016308,50000.0,51.28310324314345,0.5,2011
2011-01-21,100072.30917557282,50000.0,51.28310324314345,0.5,2011
2011-01-24,99629.73599458451,25000.0,77.11595436325588,1.0,2011
2011-01-25,99540.28148752314,25000.0,77.11595436325588,1.0,2011
2011-01-26,100237.40971496697,25000.0,77.11595436325588,1.0,2011
2011-01-27,101184.39363454774,25000.0,77.11595436325588,1.0,2011
2011-01-28,101526.01731237698,25000.0,77.11595436325588,1.0,2011
2011-01-31,102408.22383029261,25000.0,77.11595436325588,1.0,2011
2011-02-01,102239.3398902371,25000.0,77.11595436325588,1.0,2011
2011-02-09,101812.88866260828,25000.0,77.11595436325588,1.0,2011
2011-02-10,103416.900513364,25000.0,77.11595436325588,1.0,2011
2011-02-11,104080.097720888,25000.0,77.11595436325588,1.0,2011
2011-02-14,105951.70193328423,105951.70193328423,0.0,0.0,2011
2011-02-15,105951.70193328423,105951.70193328423,0.0,0.0,2011
2011-02-16,105951.70193328423,105951.70193328423,0.0,0.0,2011
2011-02-17,105951.70193328423,105951.70193328423,0.0,0.0,2011
2011-02-18,105951.70193328423,105951.70193328423,0.0,0.0,2011
2011-02-21,105951.70193328423,105951.70193328423,0.0,0.0,2011
2011-02-22,105951.70193328423,105951.70193328423,0.0,0.0,2011
2011-02-23,105951.70193328423,105951.70193328423,0.0,0.0,2011
2011-02-24,105951.70193328423,105951.70193328423,0.0,0.0,2011
2011-02-25,105951.70193328423,105951.70193328423,0.0,0.0,2011
2011-02-28,105951.70193328423,105951.70193328423,0.0,0.0,2011
2011-03-01,105951.70193328423,105951.70193328423,0.0,0.0,2011
2011-03-02,105951.70193328423,105951.70193328423,0.0,0.0,2011
2011-03-03,105951.70193328423,105951.70193328423,0.0,0.0,2011
2011-03-04,105951.70193328423,105951.70193328423,0.0,0.0,2011
2011-03-07,105951.70193328423,105951.70193328423,0.0,0.0,2011
2011-03-08,105951.70193328423,105951.70193328423,0.0,0.0,2011
2011-03-09,105951.70193328423,105951.70193328423,0.0,0.0,2011
2011-03-10,105951.70193328423,105951.70193328423,0.0,0.0,2011
2011-03-11,105951.70193328423,105951.70193328423,0.0,0.0,2011
2011-03-14,105951.70193328423,105951.70193328423,0.0,0.0,2011
2011-03-15,105951.70193328423,105951.70193328423,0.0,0.0,2011
2011-03-16,105951.70193328423,105951.70193328423,0.0,0.0,2011
2011-03-17,105951.70193328423,105951.70193328423,0.0,0.0,2011
2011-03-18,105951.70193328423,105951.70193328423,0.0,0.0,2011
2011-03-21,105951.70193328423,105951.70193328423,0.0,0.0,2011
2011-03-22,105951.70193328423,105951.70193328423,0.0,0.0,2011
2011-03-23,105951.70193328423,105951.70193328423,0.0,0.0,2011
2011-03-24,105951.70193328423,105951.70193328423,0.0,0.0,2011
2011-03-25,105951.70193328423,105951.70193328423,0.0,0.0,2011
2011-03-28,105951.70193328423,105951.70193328423,0.0,0.0,2011
2011-03-29,105951.70193328423,105951.70193328423,0.0,0.0,2011
2011-03-30,105951.70193328423,105951.70193328423,0.0,0.0,2011
2011-03-31,105951.70193328423,105951.70193328423,0.0,0.0,2011
2011-04-01,105951.70193328423,105951.70193328423,0.0,0.0,2011
2011-04-06,105951.70193328423,105951.70193328423,0.0,0.0,2011
2011-04-07,105951.70193328423,105951.70193328423,0.0,0.0,2011
2011-04-08,105951.70193328423,105951.70193328423,0.0,0.0,2011
2011-04-11,105951.70193328423,105951.70193328423,0.0,0.0,2011
2011-04-12,105951.70193328423,105951.70193328423,0.0,0.0,2011
2011-04-13,105951.70193328423,105951.70193328423,0.0,0.0,2011
2011-04-14,105951.70193328423,105951.70193328423,0.0,0.0,2011
2011-04-15,105951.70193328423,105951.70193328423,0.0,0.0,2011
2011-04-18,105951.70193328423,105951.70193328423,0.0,0.0,2011
2011-04-19,105951.70193328423,105951.70193328423,0.0,0.0,2011
2011-04-20,105951.70193328423,105951.70193328423,0.0,0.0,2011
2011-04-21,105951.70193328423,105951.70193328423,0.0,0.0,2011
2011-04-22,105951.70193328423,105951.70193328423,0.0,0.0,2011
2011-04-25,105951.70193328423,105951.70193328423,0.0,0.0,2011
2011-04-26,105951.70193328423,105951.70193328423,0.0,0.0,2011
2011-04-27,105951.70193328423,105951.70193328423,0.0,0.0,2011
2011-04-28,105951.70193328423,0.0,101.14527830808407,1.0,2011
2011-04-29,107594.3012530075,0.0,101.14527830808407,1.0,2011
2011-05-03,109054.83907177625,0.0,101.14527830808407,1.0,2011
2011-05-04,107238.26987336305,0.0,101.14527830808407,1.0,2011
2011-05-05,107673.19457008781,0.0,101.14527830808407,1.0,2011
2011-05-06,107841.09573207924,0.0,101.14527830808407,1.0,2011
2011-05-09,108246.68829809465,0.0,101.14527830808407,1.0,2011
2011-05-10,108706.89931439643,0.0,101.14527830808407,1.0,2011
2011-05-11,108503.5973049972,0.0,101.14527830808407,1.0,2011
2011-05-12,107301.99139869714,0.0,101.14527830808407,1.0,2011
2011-05-13,107811.76360136991,0.0,101.14527830808407,1.0,2011
2011-05-16,107175.55980081203,0.0,101.14527830808407,1.0,2011
2011-05-17,106737.60074573803,0.0,101.14527830808407,1.0,2011
2011-05-18,107501.24759696407,0.0,101.14527830808407,1.0,2011
2011-05-19,106975.29214976206,0.0,101.14527830808407,1.0,2011
2011-05-20,106786.15047932592,0.0,101.14527830808407,1.0,2011
2011-05-23,103210.66489113515,0.0,101.14527830808407,1.0,2011
2011-05-24,102999.27125947126,0.0,101.14527830808407,1.0,2011
2011-05-25,101857.34106737298,0.0,101.14527830808407,1.0,2011
2011-05-26,101172.58753322726,0.0,101.14527830808407,1.0,2011
2011-05-27,99765.65671196181,0.0,101.14527830808407,1.0,2011
2011-05-30,98999.9869551696,0.0,101.14527830808407,1.0,2011
2011-05-31,100694.17036683002,0.0,101.14527830808407,1.0,2011
2011-06-01,101090.65985779771,0.0,101.14527830808407,1.0,2011
2011-06-02,99289.26245113072,0.0,101.14527830808407,1.0,2011
2011-06-03,100558.63569389719,0.0,101.14527830808407,1.0,2011
2011-06-07,100965.2397126957,0.0,101.14527830808407,1.0,2011
2011-06-08,101050.20174647447,0.0,101.14527830808407,1.0,2011
2011-06-09,98921.0936380893,0.0,101.14527830808407,1.0,2011
2011-06-10,99120.34983635622,0.0,101.14527830808407,1.0,2011
2011-06-13,98726.89470373778,0.0,101.14527830808407,1.0,2011
2011-06-14,99847.58438739135,0.0,101.14527830808407,1.0,2011
2011-06-15,98744.08940105015,0.0,101.14527830808407,1.0,2011
2011-06-16,96828.39782989505,0.0,101.14527830808407,1.0,2011
2011-06-17,95871.56349710056,0.0,101.14527830808407,1.0,2011
2011-06-20,94889.44284472907,0.0,101.14527830808407,1.0,2011
2011-06-21,96125.43814565385,0.0,101.14527830808407,1.0,2011
2011-06-22,95796.71599115258,0.0,101.14527830808407,1.0,2011
2011-06-23,97203.64681241804,0.0,101.14527830808407,1.0,2011
2011-06-24,99372.20157934337,0.0,101.14527830808407,1.0,2011
2011-06-27,99815.21789833278,0.0,101.14527830808407,1.0,2011
2011-06-28,99725.19860063857,0.0,101.14527830808407,1.0,2011
2011-06-29,98536.74158051859,0.0,101.14527830808407,1.0,2011
2011-06-30,99580.560852658,0.0,101.14527830808407,1.0,2011
2011-07-01,99516.83932732392,0.0,101.14527830808407,1.0,2011
2011-07-04,101620.66111613208,0.0,101.14527830808407,1.0,2011
2011-07-05,101699.55443321238,0.0,101.14527830808407,1.0,2011
2011-07-06,101406.23312611894,0.0,101.14527830808407,1.0,2011
2011-07-07,101221.13726681513,101221.13726681513,0.0,0.0,2011
2011-07-08,101221.13726681513,50610.568633407565,50.537289563540426,0.5,2011
2011-07-11,101498.08161362333,101498.08161362333,0.0,0.0,2011
2011-07-12,101498.08161362333,50749.04080681167,51.02559955640739,0.5,2011
2011-07-13,102213.46051940417,102213.46051940417,0.0,0.0,2011
2011-07-14,102213.46051940417,51106.73025970208,50.55217292273963,0.5,2011
2011-07-15,102466.22138401787,51106.73025970208,50.55217292273963,0.5,2011
2011-07-18,102449.53916695336,51106.73025970208,50.55217292273963,0.5,2011
2011-07-19,101823.19774444061,51106.73025970208,50.55217292273963,0.5,2011
2011-07-20,101865.15604796649,51106.73025970208,50.55217292273963,0.5,2011
2011-07-21,101488.03683796285,51106.73025970208,50.55217292273963,0.5,2011
2011-07-22,101601.77922703902,51106.73025970208,50.55217292273963,0.5,2011
2011-07-25,100115.03982138124,25553.36512985104,76.91052203446269,1.0,2011
2011-07-26,100376.5355962984,25553.36512985104,76.91052203446269,1.0,2011
2011-07-27,100998.74171955722,25553.36512985104,76.91052203446269,1.0,2011
2011-07-28,100435.75669826494,25553.36512985104,76.91052203446269,1.0,2011
2011-07-29,100373.45917541704,25553.36512985104,76.91052203446269,1.0,2011
2011-08-01,100429.60385650219,25553.36512985104,76.91052203446269,1.0,2011
2011-08-02,99749.71484171753,25553.36512985104,76.91052203446269,1.0,2011
2011-08-03,99785.86278707373,25553.36512985104,76.91052203446269,1.0,2011
2011-08-04,99955.06593554954,25553.36512985104,76.91052203446269,1.0,2011
2011-08-05,98570.67653892923,25553.36512985104,76.91052203446269,1.0,2011
2011-08-08,95633.4637024331,25553.36512985104,76.91052203446269,1.0,2011
2011-08-09,95729.60185497618,25553.36512985104,76.91052203446269,1.0,2011
2011-08-10,96360.26813565877,25553.36512985104,76.91052203446269,1.0,2011
2011-08-11,97582.37633078637,25553.36512985104,76.91052203446269,1.0,2011
2011-08-12,98056.91425173901,25553.36512985104,76.91052203446269,1.0,2011
2011-08-15,99089.0534574415,25553.36512985104,76.91052203446269,1.0,2011
2011-08-16,98602.9789581837,25553.36512985104,76.91052203446269,1.0,2011
2011-08-17,98289.95313350344,25553.36512985104,76.91052203446269,1.0,2011
2011-08-18,97170.905037902,25553.36512985104,76.91052203446269,1.0,2011
2011-08-19,96680.21590732213,25553.36512985104,76.91052203446269,1.0,2011
2011-08-22,96174.14467233537,25553.36512985104,76.91052203446269,1.0,2011
2011-08-23,97188.59445796993,25553.36512985104,76.91052203446269,1.0,2011
2011-08-24,96953.24826054448,25553.36512985104,76.91052203446269,1.0,2011
2011-08-25,98756.80000225262,25553.36512985104,76.91052203446269,1.0,2011
2011-08-26,98642.97242964162,25553.36512985104,76.91052203446269,1.0,2011
2011-08-29,97852.33226312733,25553.36512985104,76.91052203446269,1.0,2011
2011-08-30,97532.38449146398,25553.36512985104,76.91052203446269,1.0,2011
2011-08-31,97497.77475654846,25553.36512985104,76.91052203446269,1.0,2011
2011-09-01,97094.76362108788,25553.36512985104,76.91052203446269,1.0,2011
2011-09-02,96275.66656142086,25553.36512985104,76.91052203446269,1.0,2011
2011-09-05,95012.02668439463,25553.36512985104,76.91052203446269,1.0,2011
2011-09-06,94534.41234256062,25553.36512985104,76.91052203446269,1.0,2011
2011-09-07,95981.86836724922,25553.36512985104,76.91052203446269,1.0,2011
2011-09-08,95367.35329619385,25553.36512985104,76.91052203446269,1.0,2011
2011-09-09,95151.23472927701,25553.36512985104,76.91052203446269,1.0,2011
2011-09-13,94372.1311410679,25553.36512985104,76.91052203446269,1.0,2011
2011-09-14,94763.60569822331,25553.36512985104,76.91052203446269,1.0,2011
2011-09-15,94689.0024918499,25553.36512985104,76.91052203446269,1.0,2011
2011-09-16,94715.15206934161,25553.36512985104,76.91052203446269,1.0,2011
2011-09-19,93442.28292967126,25553.36512985104,76.91052203446269,1.0,2011
2011-09-20,93746.84859692772,25553.36512985104,76.91052203446269,1.0,2011
2011-09-21,95340.43461348179,25553.36512985104,76.91052203446269,1.0,2011
2011-09-22,93663.01612791016,25553.36512985104,76.91052203446269,1.0,2011
2011-09-23,93246.93020370371,25553.36512985104,76.91052203446269,1.0,2011
2011-09-26,92240.1714702726,25553.36512985104,76.91052203446269,1.0,2011
2011-09-27,92820.07680641246,25553.36512985104,76.91052203446269,1.0,2011
2011-09-28,92013.28543027093,25553.36512985104,76.91052203446269,1.0,2011
2011-09-29,91131.89084775599,25553.36512985104,76.91052203446269,1.0,2011
2011-09-30,91006.52669683982,25553.36512985104,76.91052203446269,1.0,2011
2011-10-10,90641.97082239647,25553.36512985104,76.91052203446269,1.0,2011
2011-10-11,90585.05703609096,25553.36512985104,76.91052203446269,1.0,2011
2011-10-12,92463.98108939288,25553.36512985104,76.91052203446269,1.0,2011
2011-10-13,92980.05069224414,25553.36512985104,76.91052203446269,1.0,2011
2011-10-14,92824.69143773451,25553.36512985104,76.91052203446269,1.0,2011
2011-10-17,93146.94652505891,25553.36512985104,76.91052203446269,1.0,2011
2011-10-18,91511.0597213859,25553.36512985104,76.91052203446269,1.0,2011
2011-10-19,91321.09073196076,25553.36512985104,76.91052203446269,1.0,2011
2011-10-20,89830.56481493289,25553.36512985104,76.91052203446269,1.0,2011
2011-10-21,89637.5194046264,25553.36512985104,76.91052203446269,1.0,2011
2011-10-24,90974.22427758535,25553.36512985104,76.91052203446269,1.0,2011
2011-10-25,92076.3520583392,25553.36512985104,76.91052203446269,1.0,2011
2011-10-26,92517.81845481701,25553.36512985104,76.91052203446269,1.0,2011
2011-10-27,92998.5092175324,25553.36512985104,76.91052203446269,1.0,2011
2011-10-28,94061.41263204868,25553.36512985104,76.91052203446269,1.0,2011
2011-10-31,94052.18336940453,25553.36512985104,76.91052203446269,1.0,2011
2011-11-01,94092.94594608281,25553.36512985104,76.91052203446269,1.0,2011
2011-11-02,95103.55020561564,25553.36512985104,76.91052203446269,1.0,2011
2011-11-03,95281.9826167356,25553.36512985104,76.91052203446269,1.0,2011
2011-11-04,95562.7060221614,25553.36512985104,76.91052203446269,1.0,2011
2011-11-07,95251.98751314216,95251.98751314216,0.0,0.0,2011
2011-11-08,95251.98751314216,47625.99375657108,52.80043653721849,0.5,2011
2011-11-09,95616.83852961432,95616.83852961432,0.0,0.0,2011
2011-11-10,95616.83852961432,47808.41926480716,53.31476856187791,0.5,2011
2011-11-11,95607.77501895881,95607.77501895881,0.0,0.0,2011
2011-11-14,95607.77501895881,47803.887509479406,52.323600084804845,0.5,2011
2011-11-15,95686.26041908601,95686.26041908601,0.0,0.0,2011
2011-11-16,95686.26041908601,47843.13020954301,53.437502328291885,0.5,2011
2011-11-17,95617.32604108252,47843.13020954301,53.437502328291885,0.5,2011
2011-11-18,94752.70725341076,47843.13020954301,53.437502328291885,0.5,2011
2011-11-21,94798.1291303898,47843.13020954301,53.437502328291885,0.5,2011
2011-11-22,94802.40413057606,47843.13020954301,53.437502328291885,0.5,2011
2011-11-23,94534.14786888805,23921.565104771504,80.81554536665698,1.0,2011
2011-11-24,94652.94672057703,23921.565104771504,80.81554536665698,1.0,2011
2011-11-25,94144.61694022075,23921.565104771504,80.81554536665698,1.0,2011
2011-11-28,94445.25076898471,23921.565104771504,80.81554536665698,1.0,2011
2011-11-29,95168.5499000163,23921.565104771504,80.81554536665698,1.0,2011
2011-11-30,92933.19191517457,23921.565104771504,80.81554536665698,1.0,2011
2011-12-01,94267.45656917807,23921.565104771504,80.81554536665698,1.0,2011
2011-12-02,93319.49022202719,23921.565104771504,80.81554536665698,1.0,2011
2011-12-05,92188.07258689399,23921.565104771504,80.81554536665698,1.0,2011
2011-12-06,92109.68150788834,23921.565104771504,80.81554536665698,1.0,2011
2011-12-07,92301.2143504073,23921.565104771504,80.81554536665698,1.0,2011
2011-12-08,92252.72502318732,23921.565104771504,80.81554536665698,1.0,2011
2011-12-09,91883.3979808617,23921.565104771504,80.81554536665698,1.0,2011
2011-12-12,91410.62704046674,23921.565104771504,80.81554536665698,1.0,2011
2011-12-13,90149.09637729323,23921.565104771504,80.81554536665698,1.0,2011
2011-12-14,89580.96309336564,23921.565104771504,80.81554536665698,1.0,2011
2011-12-15,88697.64918250807,23921.565104771504,80.81554536665698,1.0,2011
2011-12-16,89985.84897565258,23921.565104771504,80.81554536665698,1.0,2011
2011-12-19,89986.65713110626,23921.565104771504,80.81554536665698,1.0,2011
2011-12-20,89741.78602864529,23921.565104771504,80.81554536665698,1.0,2011
2011-12-21,88928.78164225671,23921.565104771504,80.81554536665698,1.0,2011
2011-12-22,88677.4452961664,23921.565104771504,80.81554536665698,1.0,2011
2011-12-23,89096.87797661936,23921.565104771504,80.81554536665698,1.0,2011
2011-12-26,88805.13385784572,23921.565104771504,80.81554536665698,1.0,2011
2011-12-27,87693.11195360053,23921.565104771504,80.81554536665698,1.0,2011
2011-12-28,87206.60237049326,23921.565104771504,80.81554536665698,1.0,2011
2011-12-29,87165.38644235626,23921.565104771504,80.81554536665698,1.0,2011
2011-12-30,88013.94966870616,23921.565104771504,80.81554536665698,1.0,2011
2012-01-04,86924.55611716362,23921.565104771504,80.81554536665698,1.0,2012
2012-01-05,85987.90394636407,23921.565104771504,80.81554536665698,1.0,2012
2012-01-06,86224.69349428837,23921.565104771504,80.81554536665698,1.0,2012
2012-01-09,88159.41765036613,23921.565104771504,80.81554536665698,1.0,2012
2012-01-10,89938.16780388626,23921.565104771504,80.81554536665698,1.0,2012
2012-01-11,89634.30135330763,23921.565104771504,80.81554536665698,1.0,2012
2012-01-12,89606.0159124293,23921.565104771504,80.81554536665698,1.0,2012
2012-01-13,88348.52602652411,23921.565104771504,80.81554536665698,1.0,2012
2012-01-16,87185.59032869792,23921.565104771504,80.81554536665698,1.0,2012
2012-01-17,89737.74525137695,23921.565104771504,80.81554536665698,1.0,2012
2012-01-18,88729.16724520107,23921.565104771504,80.81554536665698,1.0,2012
2012-01-19,89677.94174780563,23921.565104771504,80.81554536665698,1.0,2012
2012-01-20,90635.60596040051,23921.565104771504,80.81554536665698,1.0,2012
2012-01-30,89604.39960152196,23921.565104771504,80.81554536665698,1.0,2012
2012-01-31,89744.21049500628,23921.565104771504,80.81554536665698,1.0,2012
2012-02-01,89239.11333646467,23921.565104771504,80.81554536665698,1.0,2012
2012-02-02,90437.6078742522,23921.565104771504,80.81554536665698,1.0,2012
2012-02-03,91237.68177338211,23921.565104771504,80.81554536665698,1.0,2012
2012-02-06,91473.66316585275,23921.565104771504,80.81554536665698,1.0,2012
2012-02-07,90215.36512449388,23921.565104771504,80.81554536665698,1.0,2012
2012-02-08,91677.31834017672,23921.565104771504,80.81554536665698,1.0,2012
2012-02-09,91922.99759809136,23921.565104771504,80.81554536665698,1.0,2012
2012-02-10,91935.11992989636,23921.565104771504,80.81554536665698,1.0,2012
2012-02-13,92116.95490697134,23921.565104771504,80.81554536665698,1.0,2012
2012-02-14,91848.64729635403,23921.565104771504,80.81554536665698,1.0,2012
2012-02-15,92549.31807468295,23921.565104771504,80.81554536665698,1.0,2012
2012-02-16,92415.97242482795,23921.565104771504,80.81554536665698,1.0,2012
2012-02-17,92296.3654176853,23921.565104771504,80.81554536665698,1.0,2012
2012-02-20,92385.26251758864,23921.565104771504,80.81554536665698,1.0,2012
2012-02-21,92849.14374799324,92849.14374799324,0.0,0.0,2012
2012-02-22,92849.14374799324,46424.57187399662,53.57155272273695,0.5,2012
2012-02-23,92915.0367578422,92915.0367578422,0.0,0.0,2012
2012-02-24,92915.0367578422,46457.5183789211,52.814240347097794,0.5,2012
2012-02-27,93139.49727931737,93139.49727931737,0.0,0.0,2012
2012-02-28,93139.49727931737,46569.74863965868,52.542815957733865,0.5,2012
2012-02-29,92608.81483814426,92608.81483814426,0.0,0.0,2012
2012-03-01,92608.81483814426,46304.40741907213,52.623428742467645,0.5,2012
2012-03-02,93400.27120643097,93400.27120643097,0.0,0.0,2012
2012-03-05,93400.27120643097,46700.13560321549,52.47913831439687,0.5,2012
2012-03-06,92808.30652624459,46700.13560321549,52.47913831439687,0.5,2012
2012-03-07,92580.5470659601,46700.13560321549,52.47913831439687,0.5,2012
2012-03-08,93123.18135613095,46700.13560321549,52.47913831439687,0.5,2012
2012-03-09,93536.19217466527,93536.19217466527,0.0,0.0,2012
2012-03-12,93536.19217466527,46768.09608733263,52.46236071986699,0.5,2012
2012-03-13,93954.3171896026,46768.09608733263,52.46236071986699,0.5,2012
2012-03-14,92397.75894704415,46768.09608733263,52.46236071986699,0.5,2012
2012-03-15,92091.90338404733,46768.09608733263,52.46236071986699,0.5,2012
2012-03-16,92971.1725497123,46768.09608733263,52.46236071986699,0.5,2012
2012-03-19,93136.42898597987,46768.09608733263,52.46236071986699,0.5,2012
2012-03-20,92289.16186035403,46768.09608733263,52.46236071986699,0.5,2012
2012-03-21,92334.2794905731,46768.09608733263,52.46236071986699,0.5,2012
2012-03-22,92278.66938821005,46768.09608733263,52.46236071986699,0.5,2012
2012-03-23,91580.39536702863,46768.09608733263,52.46236071986699,0.5,2012
2012-03-26,91685.84471207556,46768.09608733263,52.46236071986699,0.5,2012
2012-03-27,91541.57322009592,46768.09608733263,52.46236071986699,0.5,2012
2012-03-28,90198.01216206013,23384.048043666317,80.70976422501457,1.0,2012
2012-03-29,89470.81718639276,23384.048043666317,80.70976422501457,1.0,2012
2012-03-30,89761.37233760279,23384.048043666317,80.70976422501457,1.0,2012
2012-04-05,91259.34556161908,23384.048043666317,80.70976422501457,1.0,2012
2012-04-06,91580.57042323463,23384.048043666317,80.70976422501457,1.0,2012
2012-04-09,90955.06975049077,23384.048043666317,80.70976422501457,1.0,2012
2012-04-10,91601.55496193313,23384.048043666317,80.70976422501457,1.0,2012
2012-04-11,91833.19198525892,23384.048043666317,80.70976422501457,1.0,2012
2012-04-12,93072.89396375515,23384.048043666317,80.70976422501457,1.0,2012
2012-04-13,93328.74391634844,23384.048043666317,80.70976422501457,1.0,2012
2012-04-16,93457.07244146623,23384.048043666317,80.70976422501457,1.0,2012
2012-04-17,92890.48989660662,23384.048043666317,80.70976422501457,1.0,2012
2012-04-18,94217.35842046585,23384.048043666317,80.70976422501457,1.0,2012
2012-04-19,94038.98984152857,23384.048043666317,80.70976422501457,1.0,2012
2012-04-20,94828.33133564921,94828.33133564921,0.0,0.0,2012
2012-04-23,94828.33133564921,47414.16566782461,53.92814648130095,0.5,2012
2012-04-24,94739.34989395506,94739.34989395506,0.0,0.0,2012
2012-04-25,94739.34989395506,47369.67494697753,53.383304160677895,0.5,2012
2012-04-26,94516.74151560504,47369.67494697753,53.383304160677895,0.5,2012
2012-04-27,94343.77961012445,94343.77961012445,0.0,0.0,2012
2012-05-02,94343.77961012445,47171.88980506222,52.817558649060274,0.5,2012
2012-05-03,94326.87799135674,94326.87799135674,0.0,0.0,2012
2012-05-04,94326.87799135674,47163.43899567837,52.56326300408837,0.5,2012
2012-05-07,94587.06614322698,94587.06614322698,0.0,0.0,2012
2012-05-08,94587.06614322698,47293.53307161349,52.60682210413069,0.5,2012
2012-05-09,93687.48948524635,47293.53307161349,52.60682210413069,0.5,2012
2012-05-10,93680.12453015178,47293.53307161349,52.60682210413069,0.5,2012
2012-05-11,93394.99555434738,47293.53307161349,52.60682210413069,0.5,2012
2012-05-14,93209.81954054085,47293.53307161349,52.60682210413069,0.5,2012
2012-05-15,93194.0374939096,47293.53307161349,52.60682210413069,0.5,2012
2012-05-16,92638.50945248999,47293.53307161349,52.60682210413069,0.5,2012
2012-05-17,93386.05239458967,47293.53307161349,52.60682210413069,0.5,2012
2012-05-18,92873.1358790744,47293.53307161349,52.60682210413069,0.5,2012
2012-05-21,92732.67566405638,47293.53307161349,52.60682210413069,0.5,2012
2012-05-22,93243.48790668749,47293.53307161349,52.60682210413069,0.5,2012
2012-05-23,93125.1225569532,47293.53307161349,52.60682210413069,0.5,2012
2012-05-24,92772.6568488555,23646.766535806746,79.95961910567694,1.0,2012
2012-05-25,92065.01421977027,23646.766535806746,79.95961910567694,1.0,2012
2012-05-28,93086.89815194083,23646.766535806746,79.95961910567694,1.0,2012
2012-05-29,93843.31614868053,23646.766535806746,79.95961910567694,1.0,2012
2012-05-30,93746.56500956266,23646.766535806746,79.95961910567694,1.0,2012
2012-05-31,93510.6841332009,23646.766535806746,79.95961910567694,1.0,2012
2012-06-01,93412.33380170092,23646.766535806746,79.95961910567694,1.0,2012
2012-06-04,91383.7582649899,23646.766535806746,79.95961910567694,1.0,2012
2012-06-05,91544.47709939232,23646.766535806746,79.95961910567694,1.0,2012
2012-06-06,91374.16311069722,23646.766535806746,79.95961910567694,1.0,2012
2012-06-07,91034.33472949809,23646.766535806746,79.95961910567694,1.0,2012
2012-06-08,90640.93340349817,23646.766535806746,79.95961910567694,1.0,2012
2012-06-11,91422.13888216064,23646.766535806746,79.95961910567694,1.0,2012
2012-06-12,91032.73553711598,23646.766535806746,79.95961910567694,1.0,2012
2012-06-13,92048.22269975809,23646.766535806746,79.95961910567694,1.0,2012
2012-06-14,91637.2302575549,23646.766535806746,79.95961910567694,1.0,2012
2012-06-15,92123.38474171741,23646.766535806746,79.95961910567694,1.0,2012
2012-06-18,92415.23735145314,23646.766535806746,79.95961910567694,1.0,2012
2012-06-19,91899.49780822152,23646.766535806746,79.95961910567694,1.0,2012
2012-06-20,91820.33778530691,23646.766535806746,79.95961910567694,1.0,2012
2012-06-21,91119.89152194117,23646.766535806746,79.95961910567694,1.0,2012
2012-06-25,89794.16103716905,23646.766535806746,79.95961910567694,1.0,2012
2012-06-26,89690.21353233168,23646.766535806746,79.95961910567694,1.0,2012
2012-06-27,89446.33669405936,23646.766535806746,79.95961910567694,1.0,2012
2012-06-28,88838.64358885621,23646.766535806746,79.95961910567694,1.0,2012
2012-06-29,89521.4987360187,23646.766535806746,79.95961910567694,1.0,2012
2012-07-02,89738.98889998613,23646.766535806746,79.95961910567694,1.0,2012
2012-07-03,89730.99293807556,23646.766535806746,79.95961910567694,1.0,2012
2012-07-04,89532.69308269348,23646.766535806746,79.95961910567694,1.0,2012
2012-07-05,88658.73444586844,23646.766535806746,79.95961910567694,1.0,2012
2012-07-06,89523.89752459186,23646.766535806746,79.95961910567694,1.0,2012
2012-07-09,88015.05951206773,23646.766535806746,79.95961910567694,1.0,2012
2012-07-10,87653.64203371009,23646.766535806746,79.95961910567694,1.0,2012
2012-07-11,88185.37350076283,23646.766535806746,79.95961910567694,1.0,2012
2012-07-12,88446.84145523839,23646.766535806746,79.95961910567694,1.0,2012
2012-07-13,88234.94846460834,23646.766535806746,79.95961910567694,1.0,2012
2012-07-16,86605.37142723464,23646.766535806746,79.95961910567694,1.0,2012
2012-07-17,86781.28258926715,23646.766535806746,79.95961910567694,1.0,2012
2012-07-18,86988.37800275083,23646.766535806746,79.95961910567694,1.0,2012
2012-07-19,87493.72279549873,23646.766535806746,79.95961910567694,1.0,2012
2012-07-20,87094.7242961614,23646.766535806746,79.95961910567694,1.0,2012
2012-07-23,86286.332547003,23646.766535806746,79.95961910567694,1.0,2012
2012-07-24,86534.2073662306,23646.766535806746,79.95961910567694,1.0,2012
2012-07-25,85936.90901151119,23646.766535806746,79.95961910567694,1.0,2012
2012-07-26,85537.1109159828,23646.766535806746,79.95961910567694,1.0,2012
2012-07-27,85421.96906447064,23646.766535806746,79.95961910567694,1.0,2012
2012-07-30,84979.79237081623,23646.766535806746,79.95961910567694,1.0,2012
2012-07-31,84893.43598218211,23646.766535806746,79.95961910567694,1.0,2012
2012-08-01,85639.45922843806,23646.766535806746,79.95961910567694,1.0,2012
2012-08-02,85278.04175008042,23646.766535806746,79.95961910567694,1.0,2012
2012-08-03,85958.49810866972,23646.766535806746,79.95961910567694,1.0,2012
2012-08-06,86691.72781586878,23646.766535806746,79.95961910567694,1.0,2012
2012-08-07,86888.42847886874,23646.766535806746,79.95961910567694,1.0,2012
2012-08-08,86696.52539301512,23646.766535806746,79.95961910567694,1.0,2012
2012-08-09,87289.82576677925,23646.766535806746,79.95961910567694,1.0,2012
2012-08-10,87189.07664670609,23646.766535806746,79.95961910567694,1.0,2012
2012-08-13,86251.94991078756,23646.766535806746,79.95961910567694,1.0,2012
2012-08-14,86417.46632233632,23646.766535806746,79.95961910567694,1.0,2012
2012-08-15,85825.7651409543,23646.766535806746,79.95961910567694,1.0,2012
2012-08-16,85573.09274458037,23646.766535806746,79.95961910567694,1.0,2012
2012-08-17,85577.8903217267,23646.766535806746,79.95961910567694,1.0,2012
2012-08-20,85313.22398248692,23646.766535806746,79.95961910567694,1.0,2012
2012-08-21,85860.9473733608,23646.766535806746,79.95961910567694,1.0,2012
2012-08-22,85469.94483593403,23646.766535806746,79.95961910567694,1.0,2012
2012-08-23,85585.08668744622,23646.766535806746,79.95961910567694,1.0,2012
2012-08-24,84827.86909451545,23646.766535806746,79.95961910567694,1.0,2012
2012-08-27,83884.34558906847,23646.766535806746,79.95961910567694,1.0,2012
2012-08-28,84399.28553610902,23646.766535806746,79.95961910567694,1.0,2012
2012-08-29,84105.03413780013,23646.766535806746,79.95961910567694,1.0,2012
2012-08-30,83812.38193187336,23646.766535806746,79.95961910567694,1.0,2012
2012-08-31,83825.97506712133,23646.766535806746,79.95961910567694,1.0,2012
2012-09-03,84222.57477788549,23646.766535806746,79.95961910567694,1.0,2012
2012-09-04,83529.32488023926,23646.766535806746,79.95961910567694,1.0,2012
2012-09-05,83598.8897488612,23646.766535806746,79.95961910567694,1.0,2012
2012-09-06,84077.8478673042,23646.766535806746,79.95961910567694,1.0,2012
2012-09-07,85933.71062674696,23646.766535806746,79.95961910567694,1.0,2012
2012-09-10,86106.42340401522,23646.766535806746,79.95961910567694,1.0,2012
2012-09-11,85884.93525909251,23646.766535806746,79.95961910567694,1.0,2012
2012-09-12,86023.26540014532,23646.766535806746,79.95961910567694,1.0,2012
2012-09-13,85647.45519034864,23646.766535806746,79.95961910567694,1.0,2012
2012-09-14,85821.76715999903,23646.766535806746,79.95961910567694,1.0,2012
2012-09-17,84352.90895702774,23646.766535806746,79.95961910567694,1.0,2012
2012-09-18,83993.0906710522,23646.766535806746,79.95961910567694,1.0,2012
2012-09-19,84265.75297220255,23646.766535806746,79.95961910567694,1.0,2012
2012-09-20,82912.83621693449,23646.766535806746,79.95961910567694,1.0,2012
2012-09-21,82784.90082636541,23646.766535806746,79.95961910567694,1.0,2012
2012-09-24,82888.84833120278,23646.766535806746,79.95961910567694,1.0,2012
2012-09-25,82681.75291771907,23646.766535806746,79.95961910567694,1.0,2012
2012-09-26,81860.56762950378,23646.766535806746,79.95961910567694,1.0,2012
2012-09-27,83143.11991995884,23646.766535806746,79.95961910567694,1.0,2012
2012-09-28,83926.72418719447,23646.766535806746,79.95961910567694,1.0,2012
2012-10-08,83595.69136409697,23646.766535806746,79.95961910567694,1.0,2012
2012-10-09,84838.2638449992,23646.766535806746,79.95961910567694,1.0,2012
2012-10-10,85029.36733466176,23646.766535806746,79.95961910567694,1.0,2012
2012-10-11,84412.07907516594,23646.766535806746,79.95961910567694,1.0,2012
2012-10-12,84422.47382564968,23646.766535806746,79.95961910567694,1.0,2012
2012-10-15,84270.55054934887,23646.766535806746,79.95961910567694,1.0,2012
2012-10-16,84411.27947897487,23646.766535806746,79.95961910567694,1.0,2012
2012-10-17,84483.24313616999,23646.766535806746,79.95961910567694,1.0,2012
2012-10-18,85282.03973103571,23646.766535806746,79.95961910567694,1.0,2012
2012-10-19,85101.33099185687,23646.766535806746,79.95961910567694,1.0,2012
2012-10-22,85254.85346053977,23646.766535806746,79.95961910567694,1.0,2012
2012-10-23,84708.729262048,84708.729262048,0.0,0.0,2012
2012-10-24,84708.729262048,42354.364631024,55.47468156887975,0.5,2012
2012-10-25,84462.97642269786,42354.364631024,55.47468156887975,0.5,2012
2012-10-26,83686.88562754924,42354.364631024,55.47468156887975,0.5,2012
2012-10-29,83610.88531379988,21177.182315512,83.95011832498034,1.0,2012
2012-10-30,83850.14315102607,21177.182315512,83.95011832498034,1.0,2012
2012-10-31,84091.07999061876,21177.182315512,83.95011832498034,1.0,2012
2012-11-01,85006.13628036105,21177.182315512,83.95011832498034,1.0,2012
2012-11-02,85301.64069686498,21177.182315512,83.95011832498034,1.0,2012
2012-11-05,85222.7275856395,21177.182315512,83.95011832498034,1.0,2012
2012-11-06,84920.50715966956,21177.182315512,83.95011832498034,1.0,2012
2012-11-07,84807.17449993084,21177.182315512,83.95011832498034,1.0,2012
2012-11-08,83778.78555044984,21177.182315512,83.95011832498034,1.0,2012
2012-11-09,83679.72441082637,21177.182315512,83.95011832498034,1.0,2012
2012-11-12,83997.05585809478,21177.182315512,83.95011832498034,1.0,2012
2012-11-13,83014.83947369253,21177.182315512,83.95011832498034,1.0,2012
2012-11-14,83202.88773874048,21177.182315512,83.95011832498034,1.0,2012
2012-11-15,82319.73249396168,21177.182315512,83.95011832498034,1.0,2012
2012-11-16,81894.94489523728,21177.182315512,83.95011832498034,1.0,2012
2012-11-19,82015.83306562525,21177.182315512,83.95011832498034,1.0,2012
2012-11-20,81788.32824496456,21177.182315512,83.95011832498034,1.0,2012
2012-11-21,82369.26306377343,21177.182315512,83.95011832498034,1.0,2012
2012-11-22,81820.22928992804,21177.182315512,83.95011832498034,1.0,2012
2012-11-23,82111.53620051572,21177.182315512,83.95011832498034,1.0,2012
2012-11-26,81718.64964675481,21177.182315512,83.95011832498034,1.0,2012
2012-11-27,80628.97711089658,21177.182315512,83.95011832498034,1.0,2012
2012-11-28,79889.3765684535,21177.182315512,83.95011832498034,1.0,2012
2012-11-29,79696.29129630605,21177.182315512,83.95011832498034,1.0,2012
2012-11-30,80346.90471332465,21177.182315512,83.95011832498034,1.0,2012
2012-12-03,79406.66338808485,21177.182315512,83.95011832498034,1.0,2012
2012-12-04,79975.00568914498,21177.182315512,83.95011832498034,1.0,2012
2012-12-05,81739.63717633607,21177.182315512,83.95011832498034,1.0,2012
2012-12-06,81751.39019290156,21177.182315512,83.95011832498034,1.0,2012
2012-12-07,82761.31011635109,21177.182315512,83.95011832498034,1.0,2012
2012-12-10,83481.6021315794,21177.182315512,83.95011832498034,1.0,2012
2012-12-11,83130.69063698099,21177.182315512,83.95011832498034,1.0,2012
2012-12-12,83212.12225175623,21177.182315512,83.95011832498034,1.0,2012
2012-12-13,82574.10135248638,21177.182315512,83.95011832498034,1.0,2012
2012-12-14,85132.06145784853,21177.182315512,83.95011832498034,1.0,2012
2012-12-17,85415.81285778695,85415.81285778695,0.0,0.0,2012
2012-12-18,85415.81285778695,42707.906428893475,55.89235375651866,0.5,2012
2012-12-19,85479.53014106938,85479.53014106938,0.0,0.0,2012
2012-12-20,85479.53014106938,42739.76507053469,55.74655015199913,0.5,2012
2012-12-21,85360.23252374411,85360.23252374411,0.0,0.0,2012
2012-12-24,85360.23252374411,42680.116261872055,55.58102887376064,0.5,2012
2012-12-25,86462.96013659952,86462.96013659952,0.0,0.0,2012
2012-12-26,86462.96013659952,43231.48006829976,54.627966423588866,0.5,2012
2012-12-27,86227.51360131384,86227.51360131384,0.0,0.0,2012
2012-12-28,86227.51360131384,43113.75680065692,54.1487255882957,0.5,2012
2012-12-31,86817.73471022626,86817.73471022626,0.0,0.0,2012
2013-01-04,86817.73471022626,86817.73471022626,0.0,0.0,2013
2013-01-07,86817.73471022626,86817.73471022626,0.0,0.0,2013
2013-01-08,86817.73471022626,86817.73471022626,0.0,0.0,2013
2013-01-09,86817.73471022626,86817.73471022626,0.0,0.0,2013
2013-01-10,86817.73471022626,86817.73471022626,0.0,0.0,2013
2013-01-11,86817.73471022626,43408.86735511313,54.09878783040021,0.5,2013
2013-01-14,88180.48317567405,88180.48317567405,0.0,0.0,2013
2013-01-15,88180.48317567405,88180.48317567405,0.0,0.0,2013
2013-01-16,88180.48317567405,88180.48317567405,0.0,0.0,2013
2013-01-17,88180.48317567405,88180.48317567405,0.0,0.0,2013
2013-01-18,88180.48317567405,88180.48317567405,0.0,0.0,2013
2013-01-21,88180.48317567405,88180.48317567405,0.0,0.0,2013
2013-01-22,88180.48317567405,88180.48317567405,0.0,0.0,2013
2013-01-23,88180.48317567405,88180.48317567405,0.0,0.0,2013
2013-01-24,88180.48317567405,88180.48317567405,0.0,0.0,2013
2013-01-25,88180.48317567405,88180.48317567405,0.0,0.0,2013
2013-01-28,88180.48317567405,88180.48317567405,0.0,0.0,2013
2013-01-29,88180.48317567405,88180.48317567405,0.0,0.0,2013
2013-01-30,88180.48317567405,88180.48317567405,0.0,0.0,2013
2013-01-31,88180.48317567405,88180.48317567405,0.0,0.0,2013
2013-02-01,88180.48317567405,88180.48317567405,0.0,0.0,2013
2013-02-04,88180.48317567405,88180.48317567405,0.0,0.0,2013
2013-02-05,88180.48317567405,88180.48317567405,0.0,0.0,2013
2013-02-06,88180.48317567405,88180.48317567405,0.0,0.0,2013
2013-02-07,88180.48317567405,88180.48317567405,0.0,0.0,2013
2013-02-08,88180.48317567405,88180.48317567405,0.0,0.0,2013
2013-02-18,88180.48317567405,88180.48317567405,0.0,0.0,2013
2013-02-19,88180.48317567405,88180.48317567405,0.0,0.0,2013
2013-02-20,88180.48317567405,88180.48317567405,0.0,0.0,2013
2013-02-21,88180.48317567405,88180.48317567405,0.0,0.0,2013
2013-02-22,88180.48317567405,88180.48317567405,0.0,0.0,2013
2013-02-25,88180.48317567405,88180.48317567405,0.0,0.0,2013
2013-02-26,88180.48317567405,88180.48317567405,0.0,0.0,2013
2013-02-27,88180.48317567405,88180.48317567405,0.0,0.0,2013
2013-02-28,88180.48317567405,88180.48317567405,0.0,0.0,2013
2013-03-01,88180.48317567405,88180.48317567405,0.0,0.0,2013
2013-03-04,88180.48317567405,88180.48317567405,0.0,0.0,2013
2013-03-05,88180.48317567405,88180.48317567405,0.0,0.0,2013
2013-03-06,88180.48317567405,88180.48317567405,0.0,0.0,2013
2013-03-07,88180.48317567405,88180.48317567405,0.0,0.0,2013
2013-03-08,88180.48317567405,88180.48317567405,0.0,0.0,2013
2013-03-11,88180.48317567405,88180.48317567405,0.0,0.0,2013
2013-03-12,88180.48317567405,88180.48317567405,0.0,0.0,2013
2013-03-13,88180.48317567405,88180.48317567405,0.0,0.0,2013
2013-03-14,88180.48317567405,88180.48317567405,0.0,0.0,2013
2013-03-15,88180.48317567405,88180.48317567405,0.0,0.0,2013
2013-03-18,88180.48317567405,88180.48317567405,0.0,0.0,2013
2013-03-19,88180.48317567405,88180.48317567405,0.0,0.0,2013
2013-03-20,88180.48317567405,88180.48317567405,0.0,0.0,2013
2013-03-21,88180.48317567405,88180.48317567405,0.0,0.0,2013
2013-03-22,88180.48317567405,88180.48317567405,0.0,0.0,2013
2013-03-25,88180.48317567405,88180.48317567405,0.0,0.0,2013
2013-03-26,88180.48317567405,88180.48317567405,0.0,0.0,2013
2013-03-27,88180.48317567405,88180.48317567405,0.0,0.0,2013
2013-03-28,88180.48317567405,88180.48317567405,0.0,0.0,2013
2013-03-29,88180.48317567405,88180.48317567405,0.0,0.0,2013
2013-04-01,88180.48317567405,88180.48317567405,0.0,0.0,2013
2013-04-02,88180.48317567405,88180.48317567405,0.0,0.0,2013
2013-04-03,88180.48317567405,88180.48317567405,0.0,0.0,2013
2013-04-08,88180.48317567405,88180.48317567405,0.0,0.0,2013
2013-04-09,88180.48317567405,88180.48317567405,0.0,0.0,2013
2013-04-10,88180.48317567405,88180.48317567405,0.0,0.0,2013
2013-04-11,88180.48317567405,0.0,106.9022793599889,1.0,2013
2013-04-12,87395.82044517172,0.0,106.9022793599889,1.0,2013
2013-04-15,86548.08536984702,0.0,106.9022793599889,1.0,2013
2013-04-16,87037.69780931575,0.0,106.9022793599889,1.0,2013
2013-04-17,87023.80051299896,0.0,106.9022793599889,1.0,2013
2013-04-18,87478.1352002789,0.0,106.9022793599889,1.0,2013
2013-04-19,89445.13714050272,0.0,106.9022793599889,1.0,2013
2013-04-22,89424.82570742432,0.0,106.9022793599889,1.0,2013
2013-04-23,86975.69448728696,0.0,106.9022793599889,1.0,2013
2013-04-24,88483.01662626282,0.0,106.9022793599889,1.0,2013
2013-04-25,87593.5896619877,0.0,106.9022793599889,1.0,2013
2013-04-26,86583.36312203581,0.0,106.9022793599889,1.0,2013
2013-05-02,86891.24168659256,0.0,106.9022793599889,1.0,2013
2013-05-03,88287.38545503403,0.0,106.9022793599889,1.0,2013
2013-05-06,89390.61697802912,0.0,106.9022793599889,1.0,2013
2013-05-07,89763.70593299546,0.0,106.9022793599889,1.0,2013
2013-05-08,90202.00527837143,0.0,106.9022793599889,1.0,2013
2013-05-09,90333.49508198422,0.0,106.9022793599889,1.0,2013
2013-05-10,90780.34660970897,0.0,106.9022793599889,1.0,2013
2013-05-13,90804.93413396177,0.0,106.9022793599889,1.0,2013
2013-05-14,89617.24981027229,0.0,106.9022793599889,1.0,2013
2013-05-15,90427.569087821,0.0,106.9022793599889,1.0,2013
2013-05-16,91223.99106905292,91223.99106905292,0.0,0.0,2013
2013-05-17,91223.99106905292,91223.99106905292,0.0,0.0,2013
2013-05-20,91223.99106905292,91223.99106905292,0.0,0.0,2013
2013-05-21,91223.99106905292,91223.99106905292,0.0,0.0,2013
2013-05-22,91223.99106905292,91223.99106905292,0.0,0.0,2013
2013-05-23,91223.99106905292,91223.99106905292,0.0,0.0,2013
2013-05-24,91223.99106905292,91223.99106905292,0.0,0.0,2013
2013-05-27,91223.99106905292,91223.99106905292,0.0,0.0,2013
2013-05-28,91223.99106905292,91223.99106905292,0.0,0.0,2013
2013-05-29,91223.99106905292,91223.99106905292,0.0,0.0,2013
2013-05-30,91223.99106905292,91223.99106905292,0.0,0.0,2013
2013-05-31,91223.99106905292,91223.99106905292,0.0,0.0,2013
2013-06-03,91223.99106905292,91223.99106905292,0.0,0.0,2013
2013-06-04,91223.99106905292,91223.99106905292,0.0,0.0,2013
2013-06-05,91223.99106905292,91223.99106905292,0.0,0.0,2013
2013-06-06,91223.99106905292,91223.99106905292,0.0,0.0,2013
2013-06-07,91223.99106905292,0.0,108.94498181031949,1.0,2013
2013-06-13,88820.66477031726,0.0,108.94498181031949,1.0,2013
2013-06-14,89659.54113025674,0.0,108.94498181031949,1.0,2013
2013-06-17,89437.29336736369,0.0,108.94498181031949,1.0,2013
2013-06-18,89499.39200699556,0.0,108.94498181031949,1.0,2013
2013-06-19,88732.41933505092,0.0,108.94498181031949,1.0,2013
2013-06-20,86197.26960832479,0.0,108.94498181031949,1.0,2013
2013-06-21,85549.04696655337,0.0,108.94498181031949,1.0,2013
2013-06-24,80968.99993124756,0.0,108.94498181031949,1.0,2013
2013-06-25,80706.44252508467,0.0,108.94498181031949,1.0,2013
2013-06-26,81034.36692033373,0.0,108.94498181031949,1.0,2013
2013-06-27,80638.89663636227,0.0,108.94498181031949,1.0,2013
2013-06-28,81392.79591048969,0.0,108.94498181031949,1.0,2013
2013-07-01,81985.45661153783,0.0,108.94498181031949,1.0,2013
2013-07-02,82636.94760276354,0.0,108.94498181031949,1.0,2013
2013-07-03,81880.86942899993,0.0,108.94498181031949,1.0,2013
2013-07-04,82440.84663550496,0.0,108.94498181031949,1.0,2013
2013-07-05,82394.00029332652,0.0,108.94498181031949,1.0,2013
2013-07-08,79947.09600186675,0.0,108.94498181031949,1.0,2013
2013-07-09,80144.28641894343,0.0,108.94498181031949,1.0,2013
2013-07-10,82158.67913261623,0.0,108.94498181031949,1.0,2013
2013-07-11,84980.3541615035,0.0,108.94498181031949,1.0,2013
2013-07-12,83570.60609687798,0.0,108.94498181031949,1.0,2013
2013-07-15,84465.0443975407,0.0,108.94498181031949,1.0,2013
2013-07-16,85099.10419167676,0.0,108.94498181031949,1.0,2013
2013-07-17,84059.76906520632,0.0,108.94498181031949,1.0,2013
2013-07-18,83123.93167145566,0.0,108.94498181031949,1.0,2013
2013-07-19,81449.44730103106,0.0,108.94498181031949,1.0,2013
2013-07-22,82017.05065626283,0.0,108.94498181031949,1.0,2013
2013-07-23,83669.74603032536,0.0,108.94498181031949,1.0,2013
2013-07-24,83418.08312234354,0.0,108.94498181031949,1.0,2013
2013-07-25,83155.52571618065,0.0,108.94498181031949,1.0,2013
2013-07-26,82841.76416856694,0.0,108.94498181031949,1.0,2013
2013-07-29,81360.11241594658,0.0,108.94498181031949,1.0,2013
2013-07-30,81957.13091626714,0.0,108.94498181031949,1.0,2013
2013-07-31,81723.98865519305,0.0,108.94498181031949,1.0,2013
2013-08-01,83226.33995435736,0.0,108.94498181031949,1.0,2013
2013-08-02,83220.89270526686,0.0,108.94498181031949,1.0,2013
2013-08-05,84177.42964556145,0.0,108.94498181031949,1.0,2013
2013-08-06,84811.48943969751,0.0,108.94498181031949,1.0,2013
2013-08-07,84231.90213646661,0.0,108.94498181031949,1.0,2013
2013-08-08,84188.32414374249,0.0,108.94498181031949,1.0,2013
2013-08-09,84168.71404701663,0.0,108.94498181031949,1.0,2013
2013-08-12,85961.94844761449,0.0,108.94498181031949,1.0,2013
2013-08-13,86245.20540032131,0.0,108.94498181031949,1.0,2013
2013-08-14,85934.7122021619,0.0,108.94498181031949,1.0,2013
2013-08-15,85312.63635602499,0.0,108.94498181031949,1.0,2013
2013-08-16,84535.8586357174,0.0,108.94498181031949,1.0,2013
2013-08-19,85303.92075748015,0.0,108.94498181031949,1.0,2013
2013-08-20,84968.37021350437,0.0,108.94498181031949,1.0,2013
2013-08-21,85011.94820622851,0.0,108.94498181031949,1.0,2013
2013-08-22,84774.44814588201,0.0,108.94498181031949,1.0,2013
2013-08-23,84276.56957900885,0.0,108.94498181031949,1.0,2013
2013-08-26,86094.86132542307,0.0,108.94498181031949,1.0,2013
2013-08-27,86934.82713518065,0.0,108.94498181031949,1.0,2013
2013-08-28,86779.03581119188,0.0,108.94498181031949,1.0,2013
2013-08-29,87098.24460789612,0.0,108.94498181031949,1.0,2013
2013-08-30,87635.343368221,0.0,108.94498181031949,1.0,2013
2013-09-02,87088.43955953319,0.0,108.94498181031949,1.0,2013
2013-09-03,88176.79992781828,0.0,108.94498181031949,1.0,2013
2013-09-04,88517.79772088458,0.0,108.94498181031949,1.0,2013
2013-09-05,88475.30917797856,88475.30917797856,0.0,0.0,2013
2013-09-06,88475.30917797856,88475.30917797856,0.0,0.0,2013
2013-09-09,88475.30917797856,88475.30917797856,0.0,0.0,2013
2013-09-10,88475.30917797856,88475.30917797856,0.0,0.0,2013
2013-09-11,88475.30917797856,88475.30917797856,0.0,0.0,2013
2013-09-12,88475.30917797856,88475.30917797856,0.0,0.0,2013
2013-09-13,88475.30917797856,88475.30917797856,0.0,0.0,2013
2013-09-16,88475.30917797856,88475.30917797856,0.0,0.0,2013
2013-09-17,88475.30917797856,88475.30917797856,0.0,0.0,2013
2013-09-18,88475.30917797856,88475.30917797856,0.0,0.0,2013
2013-09-23,88475.30917797856,88475.30917797856,0.0,0.0,2013
2013-09-24,88475.30917797856,88475.30917797856,0.0,0.0,2013
2013-09-25,88475.30917797856,88475.30917797856,0.0,0.0,2013
2013-09-26,88475.30917797856,88475.30917797856,0.0,0.0,2013
2013-09-27,88475.30917797856,88475.30917797856,0.0,0.0,2013
2013-09-30,88475.30917797856,88475.30917797856,0.0,0.0,2013
2013-10-08,88475.30917797856,88475.30917797856,0.0,0.0,2013
2013-10-09,88475.30917797856,88475.30917797856,0.0,0.0,2013
2013-10-10,88475.30917797856,88475.30917797856,0.0,0.0,2013
2013-10-11,88475.30917797856,88475.30917797856,0.0,0.0,2013
2013-10-14,88475.30917797856,88475.30917797856,0.0,0.0,2013
2013-10-15,88475.30917797856,88475.30917797856,0.0,0.0,2013
2013-10-16,88475.30917797856,88475.30917797856,0.0,0.0,2013
2013-10-17,88475.30917797856,88475.30917797856,0.0,0.0,2013
2013-10-18,88475.30917797856,88475.30917797856,0.0,0.0,2013
2013-10-21,88475.30917797856,88475.30917797856,0.0,0.0,2013
2013-10-22,88475.30917797856,88475.30917797856,0.0,0.0,2013
2013-10-23,88475.30917797856,88475.30917797856,0.0,0.0,2013
2013-10-24,88475.30917797856,88475.30917797856,0.0,0.0,2013
2013-10-25,88475.30917797856,88475.30917797856,0.0,0.0,2013
2013-10-28,88475.30917797856,88475.30917797856,0.0,0.0,2013
2013-10-29,88475.30917797856,88475.30917797856,0.0,0.0,2013
2013-10-30,88475.30917797856,88475.30917797856,0.0,0.0,2013
2013-10-31,88475.30917797856,88475.30917797856,0.0,0.0,2013
2013-11-01,88475.30917797856,0.0,104.61165731951353,1.0,2013
2013-11-04,88658.37957828771,0.0,104.61165731951353,1.0,2013
2013-11-05,89391.7072960975,0.0,104.61165731951353,1.0,2013
2013-11-06,88432.41839847757,0.0,104.61165731951353,1.0,2013
2013-11-07,87807.88680428008,0.0,104.61165731951353,1.0,2013
2013-11-08,86988.77752746828,0.0,104.61165731951353,1.0,2013
2013-11-11,87002.3770429198,0.0,104.61165731951353,1.0,2013
2013-11-12,87615.40135481216,0.0,104.61165731951353,1.0,2013
2013-11-13,85582.79685309401,0.0,104.61165731951353,1.0,2013
2013-11-14,86046.22649501945,0.0,104.61165731951353,1.0,2013
2013-11-15,87485.68289973597,0.0,104.61165731951353,1.0,2013
2013-11-18,89797.60052649722,0.0,104.61165731951353,1.0,2013
2013-11-19,89904.30441696312,0.0,104.61165731951353,1.0,2013
2013-11-20,90587.41853925955,0.0,104.61165731951353,1.0,2013
2013-11-21,90455.60785103696,0.0,104.61165731951353,1.0,2013
2013-11-22,89906.3966501095,0.0,104.61165731951353,1.0,2013
2013-11-25,89870.82868662088,0.0,104.61165731951353,1.0,2013
2013-11-26,89925.22674842703,0.0,104.61165731951353,1.0,2013
2013-11-27,90784.08845502023,0.0,104.61165731951353,1.0,2013
2013-11-28,91548.79967002587,91548.79967002587,0.0,0.0,2013
2013-11-29,91548.79967002587,91548.79967002587,0.0,0.0,2013
2013-12-02,91548.79967002587,91548.79967002587,0.0,0.0,2013
2013-12-03,91548.79967002587,91548.79967002587,0.0,0.0,2013
2013-12-04,91548.79967002587,91548.79967002587,0.0,0.0,2013
2013-12-05,91548.79967002587,91548.79967002587,0.0,0.0,2013
2013-12-06,91548.79967002587,91548.79967002587,0.0,0.0,2013
2013-12-09,91548.79967002587,91548.79967002587,0.0,0.0,2013
2013-12-10,91548.79967002587,91548.79967002587,0.0,0.0,2013
2013-12-11,91548.79967002587,91548.79967002587,0.0,0.0,2013
2013-12-12,91548.79967002587,91548.79967002587,0.0,0.0,2013
2013-12-13,91548.79967002587,91548.79967002587,0.0,0.0,2013
2013-12-16,91548.79967002587,91548.79967002587,0.0,0.0,2013
2013-12-17,91548.79967002587,91548.79967002587,0.0,0.0,2013
2013-12-18,91548.79967002587,91548.79967002587,0.0,0.0,2013
2013-12-19,91548.79967002587,91548.79967002587,0.0,0.0,2013
2013-12-20,91548.79967002587,91548.79967002587,0.0,0.0,2013
2013-12-23,91548.79967002587,0.0,108.38410227665938,1.0,2013
2013-12-24,91884.79038708351,0.0,108.38410227665938,1.0,2013
2013-12-25,92413.70480619362,0.0,108.38410227665938,1.0,2013
2013-12-26,90864.89598466015,0.0,108.38410227665938,1.0,2013
2013-12-27,92253.29633482416,0.0,108.38410227665938,1.0,2013
2013-12-30,92189.34971448094,0.0,108.38410227665938,1.0,2013
2013-12-31,93131.2075632651,0.0,108.38410227665938,1.0,2013
2014-01-02,92852.66042041409,0.0,108.38410227665938,1.0,2014
2014-01-03,91446.91861388582,0.0,108.38410227665938,1.0,2014
2014-01-06,89368.11153221948,0.0,108.38410227665938,1.0,2014
2014-01-07,89333.42861949097,0.0,108.38410227665938,1.0,2014
2014-01-08,89129.66650721084,0.0,108.38410227665938,1.0,2014
2014-01-09,88480.44573457364,0.0,108.38410227665938,1.0,2014
2014-01-10,87627.46284965634,0.0,108.38410227665938,1.0,2014
2014-01-13,87688.15794693127,0.0,108.38410227665938,1.0,2014
2014-01-14,88680.95632378547,0.0,108.38410227665938,1.0,2014
2014-01-15,88353.63633490997,0.0,108.38410227665938,1.0,2014
2014-01-16,88710.22003140017,0.0,108.38410227665938,1.0,2014
2014-01-17,87561.34854726758,0.0,108.38410227665938,1.0,2014
2014-01-20,87383.59861953386,0.0,108.38410227665938,1.0,2014
2014-01-21,87982.96270512378,0.0,108.38410227665938,1.0,2014
2014-01-22,89843.91774121403,0.0,108.38410227665938,1.0,2014
2014-01-23,89511.17854722468,0.0,108.38410227665938,1.0,2014
2014-01-24,89871.01376678319,0.0,108.38410227665938,1.0,2014
2014-01-27,89448.31576790422,0.0,108.38410227665938,1.0,2014
2014-01-28,89600.05351109155,0.0,108.38410227665938,1.0,2014
2014-01-29,90185.3276633855,0.0,108.38410227665938,1.0,2014
2014-01-30,89364.86000915119,0.0,108.38410227665938,1.0,2014
2014-02-07,89923.03813587598,0.0,108.38410227665938,1.0,2014
2014-02-10,91698.36973116767,0.0,108.38410227665938,1.0,2014
2014-02-11,92481.98679062791,92481.98679062791,0.0,0.0,2014
2014-02-12,92481.98679062791,92481.98679062791,0.0,0.0,2014
2014-02-13,92481.98679062791,92481.98679062791,0.0,0.0,2014
2014-02-14,92481.98679062791,92481.98679062791,0.0,0.0,2014
2014-02-17,92481.98679062791,92481.98679062791,0.0,0.0,2014
2014-02-18,92481.98679062791,92481.98679062791,0.0,0.0,2014
2014-02-19,92481.98679062791,92481.98679062791,0.0,0.0,2014
2014-02-20,92481.98679062791,92481.98679062791,0.0,0.0,2014
2014-02-21,92481.98679062791,92481.98679062791,0.0,0.0,2014
2014-02-24,92481.98679062791,92481.98679062791,0.0,0.0,2014
2014-02-25,92481.98679062791,92481.98679062791,0.0,0.0,2014
2014-02-26,92481.98679062791,92481.98679062791,0.0,0.0,2014
2014-02-27,92481.98679062791,92481.98679062791,0.0,0.0,2014
2014-02-28,92481.98679062791,92481.98679062791,0.0,0.0,2014
2014-03-03,92481.98679062791,92481.98679062791,0.0,0.0,2014
2014-03-04,92481.98679062791,92481.98679062791,0.0,0.0,2014
2014-03-05,92481.98679062791,92481.98679062791,0.0,0.0,2014
2014-03-06,92481.98679062791,92481.98679062791,0.0,0.0,2014
2014-03-07,92481.98679062791,0.0,109.75787656139083,1.0,2014
2014-03-10,89504.25559951739,0.0,109.75787656139083,1.0,2014
2014-03-11,89819.26070524857,0.0,109.75787656139083,1.0,2014
2014-03-12,89657.91662670333,0.0,109.75787656139083,1.0,2014
2014-03-13,91345.99276821752,0.0,109.75787656139083,1.0,2014
2014-03-14,90787.32517652004,0.0,109.75787656139083,1.0,2014
2014-03-17,91731.242914948,0.0,109.75787656139083,1.0,2014
2014-03-18,92084.66327747569,0.0,109.75787656139083,1.0,2014
2014-03-19,91805.87827100976,0.0,109.75787656139083,1.0,2014
2014-03-20,90110.11907813625,0.0,109.75787656139083,1.0,2014
2014-03-21,92413.93690715985,0.0,109.75787656139083,1.0,2014
2014-03-24,93401.75779621238,0.0,109.75787656139083,1.0,2014
2014-03-25,93346.87885793168,0.0,109.75787656139083,1.0,2014
2014-03-26,92886.99335513944,0.0,109.75787656139083,1.0,2014
2014-03-27,92230.64125330232,0.0,109.75787656139083,1.0,2014
2014-03-28,91673.07124037047,0.0,109.75787656139083,1.0,2014
2014-03-31,91269.16225462453,0.0,109.75787656139083,1.0,2014
2014-04-01,92186.73810267777,0.0,109.75787656139083,1.0,2014
2014-04-02,92633.45266028264,0.0,109.75787656139083,1.0,2014
2014-04-03,91933.19740782096,0.0,109.75787656139083,1.0,2014
2014-04-04,92557.71972545527,0.0,109.75787656139083,1.0,2014
2014-04-08,94085.54936718984,0.0,109.75787656139083,1.0,2014
2014-04-09,94235.91765807895,0.0,109.75787656139083,1.0,2014
2014-04-10,95366.42378666127,95366.42378666127,0.0,0.0,2014
2014-04-11,95366.42378666127,95366.42378666127,0.0,0.0,2014
2014-04-14,95366.42378666127,95366.42378666127,0.0,0.0,2014
2014-04-15,95366.42378666127,95366.42378666127,0.0,0.0,2014
2014-04-16,95366.42378666127,95366.42378666127,0.0,0.0,2014
2014-04-17,95366.42378666127,95366.42378666127,0.0,0.0,2014
2014-04-18,95366.42378666127,95366.42378666127,0.0,0.0,2014
2014-04-21,95366.42378666127,95366.42378666127,0.0,0.0,2014
2014-04-22,95366.42378666127,95366.42378666127,0.0,0.0,2014
2014-04-23,95366.42378666127,95366.42378666127,0.0,0.0,2014
2014-04-24,95366.42378666127,95366.42378666127,0.0,0.0,2014
2014-04-25,95366.42378666127,95366.42378666127,0.0,0.0,2014
2014-04-28,95366.42378666127,0.0,116.23247828912498,1.0,2014
2014-04-29,96016.16334029748,0.0,116.23247828912498,1.0,2014
2014-04-30,96299.77058732294,0.0,116.23247828912498,1.0,2014
2014-05-05,96264.9008438362,0.0,116.23247828912498,1.0,2014
2014-05-06,96260.25154470463,0.0,116.23247828912498,1.0,2014
2014-05-07,95555.88272627254,0.0,116.23247828912498,1.0,2014
2014-05-08,95583.77852106193,0.0,116.23247828912498,1.0,2014
2014-05-09,95314.11917143116,0.0,116.23247828912498,1.0,2014
2014-05-12,97205.22159319522,0.0,116.23247828912498,1.0,2014
2014-05-13,97170.35184970849,0.0,116.23247828912498,1.0,2014
2014-05-14,97061.0933201167,0.0,116.23247828912498,1.0,2014
2014-05-15,95952.23547723846,0.0,116.23247828912498,1.0,2014
2014-05-16,96011.51404116591,0.0,116.23247828912498,1.0,2014
2014-05-19,95074.68026615557,0.0,116.23247828912498,1.0,2014
2014-05-20,95038.64819788594,0.0,116.23247828912498,1.0,2014
2014-05-21,95815.0811528573,0.0,116.23247828912498,1.0,2014
2014-05-22,95754.64026414695,0.0,116.23247828912498,1.0,2014
2014-05-23,96121.93489554059,0.0,116.23247828912498,1.0,2014
2014-05-26,96575.24156086816,0.0,116.23247828912498,1.0,2014
2014-05-27,96199.8106559943,0.0,116.23247828912498,1.0,2014
2014-05-28,96847.22556006472,0.0,116.23247828912498,1.0,2014
2014-05-29,96398.5681938687,0.0,116.23247828912498,1.0,2014
2014-05-30,96219.57017730345,0.0,116.23247828912498,1.0,2014
2014-06-03,95971.99499854761,0.0,116.23247828912498,1.0,2014
2014-06-04,95037.48587310304,0.0,116.23247828912498,1.0,2014
2014-06-05,95955.72245158712,0.0,116.23247828912498,1.0,2014
2014-06-06,95316.44382099694,0.0,116.23247828912498,1.0,2014
2014-06-09,95100.25141137918,0.0,116.23247828912498,1.0,2014
2014-06-10,96047.54610943554,0.0,116.23247828912498,1.0,2014
2014-06-11,96188.18740816538,0.0,116.23247828912498,1.0,2014
2014-06-12,95729.06911892333,0.0,116.23247828912498,1.0,2014
2014-06-13,96483.41790301976,0.0,116.23247828912498,1.0,2014
2014-06-16,97185.46207188607,0.0,116.23247828912498,1.0,2014
2014-06-17,96353.23752733594,0.0,116.23247828912498,1.0,2014
2014-06-18,95686.06310195636,0.0,116.23247828912498,1.0,2014
2014-06-19,94429.59001165091,0.0,116.23247828912498,1.0,2014
2014-06-20,94793.39766869588,0.0,116.23247828912498,1.0,2014
2014-06-23,94488.86857557837,0.0,116.23247828912498,1.0,2014
2014-06-24,94957.28546308355,0.0,116.23247828912498,1.0,2014
2014-06-25,94638.80847257134,0.0,116.23247828912498,1.0,2014
2014-06-26,95209.50994097095,0.0,116.23247828912498,1.0,2014
2014-06-27,95174.64019748422,0.0,116.23247828912498,1.0,2014
2014-06-30,95888.30761417944,0.0,116.23247828912498,1.0,2014
2014-07-01,95697.68634978528,0.0,116.23247828912498,1.0,2014
2014-07-02,96126.58419467215,0.0,116.23247828912498,1.0,2014
2014-07-03,96569.42993695372,0.0,116.23247828912498,1.0,2014
2014-07-04,96546.18344129589,0.0,116.23247828912498,1.0,2014
2014-07-07,96585.7024839142,0.0,116.23247828912498,1.0,2014
2014-07-08,97075.0412175114,0.0,116.23247828912498,1.0,2014
2014-07-09,95888.30761417944,0.0,116.23247828912498,1.0,2014
2014-07-10,95884.82063983077,0.0,116.23247828912498,1.0,2014
2014-07-11,96081.25352813938,0.0,116.23247828912498,1.0,2014
2014-07-14,97183.13742232029,0.0,116.23247828912498,1.0,2014
2014-07-15,97363.29776366844,97363.29776366844,0.0,0.0,2014
2014-07-16,97363.29776366844,97363.29776366844,0.0,0.0,2014
2014-07-17,97363.29776366844,97363.29776366844,0.0,0.0,2014
2014-07-18,97363.29776366844,97363.29776366844,0.0,0.0,2014
2014-07-21,97363.29776366844,97363.29776366844,0.0,0.0,2014
2014-07-22,97363.29776366844,97363.29776366844,0.0,0.0,2014
2014-07-23,97363.29776366844,97363.29776366844,0.0,0.0,2014
2014-07-24,97363.29776366844,97363.29776366844,0.0,0.0,2014
2014-07-25,97363.29776366844,97363.29776366844,0.0,0.0,2014
2014-07-28,97363.29776366844,97363.29776366844,0.0,0.0,2014
2014-07-29,97363.29776366844,97363.29776366844,0.0,0.0,2014
2014-07-30,97363.29776366844,97363.29776366844,0.0,0.0,2014
2014-07-31,97363.29776366844,97363.29776366844,0.0,0.0,2014
2014-08-01,97363.29776366844,97363.29776366844,0.0,0.0,2014
2014-08-04,97363.29776366844,97363.29776366844,0.0,0.0,2014
2014-08-05,97363.29776366844,97363.29776366844,0.0,0.0,2014
2014-08-06,97363.29776366844,97363.29776366844,0.0,0.0,2014
2014-08-07,97363.29776366844,97363.29776366844,0.0,0.0,2014
2014-08-08,97363.29776366844,97363.29776366844,0.0,0.0,2014
2014-08-11,97363.29776366844,97363.29776366844,0.0,0.0,2014
2014-08-12,97363.29776366844,97363.29776366844,0.0,0.0,2014
2014-08-13,97363.29776366844,97363.29776366844,0.0,0.0,2014
2014-08-14,97363.29776366844,97363.29776366844,0.0,0.0,2014
2014-08-15,97363.29776366844,97363.29776366844,0.0,0.0,2014
2014-08-18,97363.29776366844,97363.29776366844,0.0,0.0,2014
2014-08-19,97363.29776366844,97363.29776366844,0.0,0.0,2014
2014-08-20,97363.29776366844,97363.29776366844,0.0,0.0,2014
2014-08-21,97363.29776366844,97363.29776366844,0.0,0.0,2014
2014-08-22,97363.29776366844,97363.29776366844,0.0,0.0,2014
2014-08-25,97363.29776366844,97363.29776366844,0.0,0.0,2014
2014-08-26,97363.29776366844,97363.29776366844,0.0,0.0,2014
2014-08-27,97363.29776366844,97363.29776366844,0.0,0.0,2014
2014-08-28,97363.29776366844,97363.29776366844,0.0,0.0,2014
2014-08-29,97363.29776366844,97363.29776366844,0.0,0.0,2014
2014-09-01,97363.29776366844,97363.29776366844,0.0,0.0,2014
2014-09-02,97363.29776366844,97363.29776366844,0.0,0.0,2014
2014-09-03,97363.29776366844,97363.29776366844,0.0,0.0,2014
2014-09-04,97363.29776366844,97363.29776366844,0.0,0.0,2014
2014-09-05,97363.29776366844,97363.29776366844,0.0,0.0,2014
2014-09-09,97363.29776366844,97363.29776366844,0.0,0.0,2014
2014-09-10,97363.29776366844,97363.29776366844,0.0,0.0,2014
2014-09-11,97363.29776366844,97363.29776366844,0.0,0.0,2014
2014-09-12,97363.29776366844,97363.29776366844,0.0,0.0,2014
2014-09-15,97363.29776366844,97363.29776366844,0.0,0.0,2014
2014-09-16,97363.29776366844,97363.29776366844,0.0,0.0,2014
2014-09-17,97363.29776366844,97363.29776366844,0.0,0.0,2014
2014-09-18,97363.29776366844,97363.29776366844,0.0,0.0,2014
2014-09-19,97363.29776366844,97363.29776366844,0.0,0.0,2014
2014-09-22,97363.29776366844,97363.29776366844,0.0,0.0,2014
2014-09-23,97363.29776366844,97363.29776366844,0.0,0.0,2014
2014-09-24,97363.29776366844,97363.29776366844,0.0,0.0,2014
2014-09-25,97363.29776366844,97363.29776366844,0.0,0.0,2014
2014-09-26,97363.29776366844,97363.29776366844,0.0,0.0,2014
2014-09-29,97363.29776366844,97363.29776366844,0.0,0.0,2014
2014-09-30,97363.29776366844,97363.29776366844,0.0,0.0,2014
2014-10-08,97363.29776366844,97363.29776366844,0.0,0.0,2014
2014-10-09,97363.29776366844,97363.29776366844,0.0,0.0,2014
2014-10-10,97363.29776366844,97363.29776366844,0.0,0.0,2014
2014-10-13,97363.29776366844,97363.29776366844,0.0,0.0,2014
2014-10-14,97363.29776366844,97363.29776366844,0.0,0.0,2014
2014-10-15,97363.29776366844,97363.29776366844,0.0,0.0,2014
2014-10-16,97363.29776366844,97363.29776366844,0.0,0.0,2014
2014-10-17,97363.29776366844,97363.29776366844,0.0,0.0,2014
2014-10-20,97363.29776366844,97363.29776366844,0.0,0.0,2014
2014-10-21,97363.29776366844,97363.29776366844,0.0,0.0,2014
2014-10-22,97363.29776366844,97363.29776366844,0.0,0.0,2014
2014-10-23,97363.29776366844,97363.29776366844,0.0,0.0,2014
2014-10-24,97363.29776366844,97363.29776366844,0.0,0.0,2014
2014-10-27,97363.29776366844,0.0,104.59274854295768,1.0,2014
2014-10-28,99479.20906669248,0.0,104.59274854295768,1.0,2014
2014-10-29,101217.54054747644,0.0,104.59274854295768,1.0,2014
2014-10-30,102885.7948867366,0.0,104.59274854295768,1.0,2014
2014-10-31,104472.46688213327,0.0,104.59274854295768,1.0,2014
2014-11-03,105075.96704122615,0.0,104.59274854295768,1.0,2014
2014-11-04,105377.19415702987,0.0,104.59274854295768,1.0,2014
2014-11-05,104905.48086110112,0.0,104.59274854295768,1.0,2014
2014-11-06,105035.1758692944,105035.1758692944,0.0,0.0,2014
2014-11-07,105035.1758692944,105035.1758692944,0.0,0.0,2014
2014-11-10,105035.1758692944,105035.1758692944,0.0,0.0,2014
2014-11-11,105035.1758692944,105035.1758692944,0.0,0.0,2014
2014-11-12,105035.1758692944,105035.1758692944,0.0,0.0,2014
2014-11-13,105035.1758692944,105035.1758692944,0.0,0.0,2014
2014-11-14,105035.1758692944,105035.1758692944,0.0,0.0,2014
2014-11-17,105035.1758692944,105035.1758692944,0.0,0.0,2014
2014-11-18,105035.1758692944,105035.1758692944,0.0,0.0,2014
2014-11-19,105035.1758692944,105035.1758692944,0.0,0.0,2014
2014-11-20,105035.1758692944,105035.1758692944,0.0,0.0,2014
2014-11-21,105035.1758692944,105035.1758692944,0.0,0.0,2014
2014-11-24,105035.1758692944,105035.1758692944,0.0,0.0,2014
2014-11-25,105035.1758692944,105035.1758692944,0.0,0.0,2014
2014-11-26,105035.1758692944,105035.1758692944,0.0,0.0,2014
2014-11-27,105035.1758692944,105035.1758692944,0.0,0.0,2014
2014-11-28,105035.1758692944,105035.1758692944,0.0,0.0,2014
2014-12-01,105035.1758692944,105035.1758692944,0.0,0.0,2014
2014-12-02,105035.1758692944,105035.1758692944,0.0,0.0,2014
2014-12-03,105035.1758692944,105035.1758692944,0.0,0.0,2014
2014-12-04,105035.1758692944,105035.1758692944,0.0,0.0,2014
2014-12-05,105035.1758692944,105035.1758692944,0.0,0.0,2014
2014-12-08,105035.1758692944,105035.1758692944,0.0,0.0,2014
2014-12-09,105035.1758692944,105035.1758692944,0.0,0.0,2014
2014-12-10,105035.1758692944,105035.1758692944,0.0,0.0,2014
2014-12-11,105035.1758692944,105035.1758692944,0.0,0.0,2014
2014-12-12,105035.1758692944,105035.1758692944,0.0,0.0,2014
2014-12-15,105035.1758692944,105035.1758692944,0.0,0.0,2014
2014-12-16,105035.1758692944,105035.1758692944,0.0,0.0,2014
2014-12-17,105035.1758692944,105035.1758692944,0.0,0.0,2014
2014-12-18,105035.1758692944,105035.1758692944,0.0,0.0,2014
2014-12-19,105035.1758692944,105035.1758692944,0.0,0.0,2014
2014-12-22,105035.1758692944,105035.1758692944,0.0,0.0,2014
2014-12-23,105035.1758692944,105035.1758692944,0.0,0.0,2014
2014-12-24,105035.1758692944,105035.1758692944,0.0,0.0,2014
2014-12-25,105035.1758692944,105035.1758692944,0.0,0.0,2014
2014-12-26,105035.1758692944,105035.1758692944,0.0,0.0,2014
2014-12-29,105035.1758692944,105035.1758692944,0.0,0.0,2014
2014-12-30,105035.1758692944,105035.1758692944,0.0,0.0,2014
2014-12-31,105035.1758692944,105035.1758692944,0.0,0.0,2014
2015-01-05,105035.1758692944,105035.1758692944,0.0,0.0,2015
2015-01-06,105035.1758692944,105035.1758692944,0.0,0.0,2015
2015-01-07,105035.1758692944,105035.1758692944,0.0,0.0,2015
2015-01-08,105035.1758692944,105035.1758692944,0.0,0.0,2015
2015-01-09,105035.1758692944,105035.1758692944,0.0,0.0,2015
2015-01-12,105035.1758692944,105035.1758692944,0.0,0.0,2015
2015-01-13,105035.1758692944,105035.1758692944,0.0,0.0,2015
2015-01-14,105035.1758692944,105035.1758692944,0.0,0.0,2015
2015-01-15,105035.1758692944,105035.1758692944,0.0,0.0,2015
2015-01-16,105035.1758692944,105035.1758692944,0.0,0.0,2015
2015-01-19,105035.1758692944,105035.1758692944,0.0,0.0,2015
2015-01-20,105035.1758692944,105035.1758692944,0.0,0.0,2015
2015-01-21,105035.1758692944,105035.1758692944,0.0,0.0,2015
2015-01-22,105035.1758692944,105035.1758692944,0.0,0.0,2015
2015-01-23,105035.1758692944,105035.1758692944,0.0,0.0,2015
2015-01-26,105035.1758692944,105035.1758692944,0.0,0.0,2015
2015-01-27,105035.1758692944,105035.1758692944,0.0,0.0,2015
2015-01-28,105035.1758692944,105035.1758692944,0.0,0.0,2015
2015-01-29,105035.1758692944,105035.1758692944,0.0,0.0,2015
2015-01-30,105035.1758692944,105035.1758692944,0.0,0.0,2015
2015-02-02,105035.1758692944,105035.1758692944,0.0,0.0,2015
2015-02-03,105035.1758692944,105035.1758692944,0.0,0.0,2015
2015-02-04,105035.1758692944,105035.1758692944,0.0,0.0,2015
2015-02-05,105035.1758692944,105035.1758692944,0.0,0.0,2015
2015-02-06,105035.1758692944,105035.1758692944,0.0,0.0,2015
2015-02-09,105035.1758692944,105035.1758692944,0.0,0.0,2015
2015-02-10,105035.1758692944,0.0,80.13792525200232,1.0,2015
2015-02-11,105279.596541313,0.0,80.13792525200232,1.0,2015
2015-02-12,105959.9675267025,0.0,80.13792525200232,1.0,2015
2015-02-13,107038.62400059446,0.0,80.13792525200232,1.0,2015
2015-02-16,107430.49845507674,0.0,80.13792525200232,1.0,2015
2015-02-17,108258.32322292995,0.0,80.13792525200232,1.0,2015
2015-02-25,107898.50393854844,0.0,80.13792525200232,1.0,2015
2015-02-26,110231.31894263423,0.0,80.13792525200232,1.0,2015
2015-02-27,110263.37411273504,0.0,80.13792525200232,1.0,2015
2015-03-02,111128.06232620413,0.0,80.13792525200232,1.0,2015
2015-03-03,108901.029383451,0.0,80.13792525200232,1.0,2015
2015-03-04,109368.23348767016,0.0,80.13792525200232,1.0,2015
2015-03-05,108037.14254923441,108037.14254923441,0.0,0.0,2015
2015-03-06,108037.14254923441,108037.14254923441,0.0,0.0,2015
2015-03-09,108037.14254923441,108037.14254923441,0.0,0.0,2015
2015-03-10,108037.14254923441,108037.14254923441,0.0,0.0,2015
2015-03-11,108037.14254923441,108037.14254923441,0.0,0.0,2015
2015-03-12,108037.14254923441,108037.14254923441,0.0,0.0,2015
2015-03-13,108037.14254923441,108037.14254923441,0.0,0.0,2015
2015-03-16,108037.14254923441,108037.14254923441,0.0,0.0,2015
2015-03-17,108037.14254923441,108037.14254923441,0.0,0.0,2015
2015-03-18,108037.14254923441,108037.14254923441,0.0,0.0,2015
2015-03-19,108037.14254923441,108037.14254923441,0.0,0.0,2015
2015-03-20,108037.14254923441,108037.14254923441,0.0,0.0,2015
2015-03-23,108037.14254923441,108037.14254923441,0.0,0.0,2015
2015-03-24,108037.14254923441,108037.14254923441,0.0,0.0,2015
2015-03-25,108037.14254923441,108037.14254923441,0.0,0.0,2015
2015-03-26,108037.14254923441,108037.14254923441,0.0,0.0,2015
2015-03-27,108037.14254923441,108037.14254923441,0.0,0.0,2015
2015-03-30,108037.14254923441,108037.14254923441,0.0,0.0,2015
2015-03-31,108037.14254923441,108037.14254923441,0.0,0.0,2015
2015-04-01,108037.14254923441,108037.14254923441,0.0,0.0,2015
2015-04-02,108037.14254923441,108037.14254923441,0.0,0.0,2015
2015-04-03,108037.14254923441,108037.14254923441,0.0,0.0,2015
2015-04-07,108037.14254923441,108037.14254923441,0.0,0.0,2015
2015-04-08,108037.14254923441,108037.14254923441,0.0,0.0,2015
2015-04-09,108037.14254923441,108037.14254923441,0.0,0.0,2015
2015-04-10,108037.14254923441,108037.14254923441,0.0,0.0,2015
2015-04-13,108037.14254923441,108037.14254923441,0.0,0.0,2015
2015-04-14,108037.14254923441,108037.14254923441,0.0,0.0,2015
2015-04-15,108037.14254923441,108037.14254923441,0.0,0.0,2015
2015-04-16,108037.14254923441,108037.14254923441,0.0,0.0,2015
2015-04-17,108037.14254923441,108037.14254923441,0.0,0.0,2015
2015-04-20,108037.14254923441,108037.14254923441,0.0,0.0,2015
2015-04-21,108037.14254923441,108037.14254923441,0.0,0.0,2015
2015-04-22,108037.14254923441,108037.14254923441,0.0,0.0,2015
2015-04-23,108037.14254923441,108037.14254923441,0.0,0.0,2015
2015-04-24,108037.14254923441,108037.14254923441,0.0,0.0,2015
2015-04-27,108037.14254923441,108037.14254923441,0.0,0.0,2015
2015-04-28,108037.14254923441,108037.14254923441,0.0,0.0,2015
2015-04-29,108037.14254923441,108037.14254923441,0.0,0.0,2015
2015-04-30,108037.14254923441,108037.14254923441,0.0,0.0,2015
2015-05-04,108037.14254923441,108037.14254923441,0.0,0.0,2015
2015-05-05,108037.14254923441,108037.14254923441,0.0,0.0,2015
2015-05-06,108037.14254923441,108037.14254923441,0.0,0.0,2015
2015-05-07,108037.14254923441,108037.14254923441,0.0,0.0,2015
2015-05-08,108037.14254923441,108037.14254923441,0.0,0.0,2015
2015-05-11,108037.14254923441,108037.14254923441,0.0,0.0,2015
2015-05-12,108037.14254923441,108037.14254923441,0.0,0.0,2015
2015-05-13,108037.14254923441,108037.14254923441,0.0,0.0,2015
2015-05-14,108037.14254923441,108037.14254923441,0.0,0.0,2015
2015-05-15,108037.14254923441,108037.14254923441,0.0,0.0,2015
2015-05-18,108037.14254923441,108037.14254923441,0.0,0.0,2015
2015-05-19,108037.14254923441,108037.14254923441,0.0,0.0,2015
2015-05-20,108037.14254923441,108037.14254923441,0.0,0.0,2015
2015-05-21,108037.14254923441,108037.14254923441,0.0,0.0,2015
2015-05-22,108037.14254923441,108037.14254923441,0.0,0.0,2015
2015-05-25,108037.14254923441,108037.14254923441,0.0,0.0,2015
2015-05-26,108037.14254923441,108037.14254923441,0.0,0.0,2015
2015-05-27,108037.14254923441,108037.14254923441,0.0,0.0,2015
2015-05-28,108037.14254923441,108037.14254923441,0.0,0.0,2015
2015-05-29,108037.14254923441,108037.14254923441,0.0,0.0,2015
2015-06-01,108037.14254923441,108037.14254923441,0.0,0.0,2015
2015-06-02,108037.14254923441,108037.14254923441,0.0,0.0,2015
2015-06-03,108037.14254923441,108037.14254923441,0.0,0.0,2015
2015-06-04,108037.14254923441,108037.14254923441,0.0,0.0,2015
2015-06-05,108037.14254923441,108037.14254923441,0.0,0.0,2015
2015-06-08,108037.14254923441,108037.14254923441,0.0,0.0,2015
2015-06-09,108037.14254923441,108037.14254923441,0.0,0.0,2015
2015-06-10,108037.14254923441,108037.14254923441,0.0,0.0,2015
2015-06-11,108037.14254923441,108037.14254923441,0.0,0.0,2015
2015-06-12,108037.14254923441,108037.14254923441,0.0,0.0,2015
2015-06-15,108037.14254923441,108037.14254923441,0.0,0.0,2015
2015-06-16,108037.14254923441,108037.14254923441,0.0,0.0,2015
2015-06-17,108037.14254923441,108037.14254923441,0.0,0.0,2015
2015-06-18,108037.14254923441,108037.14254923441,0.0,0.0,2015
2015-06-19,108037.14254923441,108037.14254923441,0.0,0.0,2015
2015-06-23,108037.14254923441,108037.14254923441,0.0,0.0,2015
2015-06-24,108037.14254923441,108037.14254923441,0.0,0.0,2015
2015-06-25,108037.14254923441,108037.14254923441,0.0,0.0,2015
2015-06-26,108037.14254923441,0.0,57.34638181111628,1.0,2015
2015-06-29,106807.06265938596,0.0,57.34638181111628,1.0,2015
2015-06-30,113202.33115896165,0.0,57.34638181111628,1.0,2015
2015-07-01,108553.25998553446,0.0,57.34638181111628,1.0,2015
2015-07-02,104907.17702998368,0.0,57.34638181111628,1.0,2015
2015-07-03,99309.02323758251,0.0,57.34638181111628,1.0,2015
2015-07-06,102328.31023993778,0.0,57.34638181111628,1.0,2015
2015-07-07,100455.95087380483,0.0,57.34638181111628,1.0,2015
2015-07-08,94204.04832875694,0.0,57.34638181111628,1.0,2015
2015-07-09,100652.07549959885,0.0,57.34638181111628,1.0,2015
2015-07-10,105942.85268549244,0.0,57.34638181111628,1.0,2015
2015-07-13,109063.64278365338,0.0,57.34638181111628,1.0,2015
2015-07-14,106745.70203084807,0.0,57.34638181111628,1.0,2015
2015-07-15,102695.32708352893,0.0,57.34638181111628,1.0,2015
2015-07-16,103572.726725239,0.0,57.34638181111628,1.0,2015
2015-07-17,106488.79024033427,0.0,57.34638181111628,1.0,2015
2015-07-20,106059.83930438712,0.0,57.34638181111628,1.0,2015
2015-07-21,106615.52574413684,0.0,57.34638181111628,1.0,2015
2015-07-22,106413.66648016172,0.0,57.34638181111628,1.0,2015
2015-07-23,108057.21378286829,0.0,57.34638181111628,1.0,2015
2015-07-24,106071.30858074935,0.0,57.34638181111628,1.0,2015
2015-07-27,97356.378936914,0.0,57.34638181111628,1.0,2015
2015-07-28,97682.67984941926,0.0,57.34638181111628,1.0,2015
2015-07-29,100460.53858434972,0.0,57.34638181111628,1.0,2015
2015-07-30,97850.1312843077,0.0,57.34638181111628,1.0,2015
2015-07-31,98126.54084463729,0.0,57.34638181111628,1.0,2015
2015-08-03,99524.64563319231,0.0,57.34638181111628,1.0,2015
2015-08-04,101921.15092907885,0.0,57.34638181111628,1.0,2015
2015-08-05,99983.41668768124,0.0,57.34638181111628,1.0,2015
2015-08-06,99169.6715297815,0.0,57.34638181111628,1.0,2015
2015-08-07,100692.79143068474,0.0,57.34638181111628,1.0,2015
2015-08-10,104546.46828839176,0.0,57.34638181111628,1.0,2015
2015-08-11,104316.50929732918,0.0,57.34638181111628,1.0,2015
2015-08-12,103249.2931318243,0.0,57.34638181111628,1.0,2015
2015-08-13,104726.53592727866,0.0,57.34638181111628,1.0,2015
2015-08-14,105256.98995903149,0.0,57.34638181111628,1.0,2015
2015-08-17,106522.62460560282,0.0,57.34638181111628,1.0,2015
2015-08-18,99815.39178897467,0.0,57.34638181111628,1.0,2015
2015-08-19,101167.04600826268,0.0,57.34638181111628,1.0,2015
2015-08-20,98328.40010861242,0.0,57.34638181111628,1.0,2015
2015-08-21,94143.83462785526,0.0,57.34638181111628,1.0,2015
2015-08-24,86003.51572976731,0.0,57.34638181111628,1.0,2015
2015-08-25,80236.76357484146,0.0,57.34638181111628,1.0,2015
2015-08-26,81394.58702360789,0.0,57.34638181111628,1.0,2015
2015-08-27,85948.46320322863,0.0,57.34638181111628,1.0,2015
2015-08-28,89301.5061477246,0.0,57.34638181111628,1.0,2015
2015-08-31,89101.36727520381,0.0,57.34638181111628,1.0,2015
2015-09-01,88767.61133306312,0.0,57.34638181111628,1.0,2015
2015-09-02,89577.34224423608,0.0,57.34638181111628,1.0,2015
2015-09-07,86807.51200275916,0.0,57.34638181111628,1.0,2015
2015-09-08,89221.22121318904,0.0,57.34638181111628,1.0,2015
2015-09-09,90541.90838629905,0.0,57.34638181111628,1.0,2015
2015-09-10,89576.19531659986,0.0,57.34638181111628,1.0,2015
2015-09-11,89682.85958676854,0.0,57.34638181111628,1.0,2015
2015-09-14,87806.48597390881,0.0,57.34638181111628,1.0,2015
2015-09-15,85457.57817492548,0.0,57.34638181111628,1.0,2015
2015-09-16,88943.66472522324,0.0,57.34638181111628,1.0,2015
2015-09-17,87071.30535909029,0.0,57.34638181111628,1.0,2015
2015-09-18,87059.83608272807,0.0,57.34638181111628,1.0,2015
2015-09-21,87906.84214207827,0.0,57.34638181111628,1.0,2015
2015-09-22,88411.49030201609,0.0,57.34638181111628,1.0,2015
2015-09-23,86745.00444658505,0.0,57.34638181111628,1.0,2015
2015-09-24,87107.4335796313,0.0,57.34638181111628,1.0,2015
2015-09-25,86109.03307229976,0.0,57.34638181111628,1.0,2015
2015-09-28,86293.68842173155,0.0,57.34638181111628,1.0,2015
2015-09-29,84761.39309973853,0.0,57.34638181111628,1.0,2015
2015-09-30,85305.61026312601,0.0,57.34638181111628,1.0,2015
2015-10-08,87417.10404141132,0.0,57.34638181111628,1.0,2015
2015-10-09,88236.01037367407,0.0,57.34638181111628,1.0,2015
2015-10-12,90604.41594247318,0.0,57.34638181111628,1.0,2015
2015-10-13,90936.45149315953,0.0,57.34638181111628,1.0,2015
2015-10-14,89719.56127112765,0.0,57.34638181111628,1.0,2015
2015-10-15,91253.00352075689,0.0,57.34638181111628,1.0,2015
2015-10-16,92453.83675588167,0.0,57.34638181111628,1.0,2015
2015-10-19,92254.84481099709,0.0,57.34638181111628,1.0,2015
2015-10-20,92992.31928108804,92992.31928108804,0.0,0.0,2015
2015-10-21,92992.31928108804,92992.31928108804,0.0,0.0,2015
2015-10-22,92992.31928108804,92992.31928108804,0.0,0.0,2015
2015-10-23,92992.31928108804,92992.31928108804,0.0,0.0,2015
2015-10-26,92992.31928108804,92992.31928108804,0.0,0.0,2015
2015-10-27,92992.31928108804,92992.31928108804,0.0,0.0,2015
2015-10-28,92992.31928108804,92992.31928108804,0.0,0.0,2015
2015-10-29,92992.31928108804,92992.31928108804,0.0,0.0,2015
2015-10-30,92992.31928108804,92992.31928108804,0.0,0.0,2015
2015-11-02,92992.31928108804,92992.31928108804,0.0,0.0,2015
2015-11-03,92992.31928108804,92992.31928108804,0.0,0.0,2015
2015-11-04,92992.31928108804,92992.31928108804,0.0,0.0,2015
2015-11-05,92992.31928108804,92992.31928108804,0.0,0.0,2015
2015-11-06,92992.31928108804,92992.31928108804,0.0,0.0,2015
2015-11-09,92992.31928108804,92992.31928108804,0.0,0.0,2015
2015-11-10,92992.31928108804,92992.31928108804,0.0,0.0,2015
2015-11-11,92992.31928108804,92992.31928108804,0.0,0.0,2015
2015-11-12,92992.31928108804,92992.31928108804,0.0,0.0,2015
2015-11-13,92992.31928108804,92992.31928108804,0.0,0.0,2015
2015-11-16,92992.31928108804,92992.31928108804,0.0,0.0,2015
2015-11-17,92992.31928108804,92992.31928108804,0.0,0.0,2015
2015-11-18,92992.31928108804,92992.31928108804,0.0,0.0,2015
2015-11-19,92992.31928108804,92992.31928108804,0.0,0.0,2015
2015-11-20,92992.31928108804,92992.31928108804,0.0,0.0,2015
2015-11-23,92992.31928108804,92992.31928108804,0.0,0.0,2015
2015-11-24,92992.31928108804,92992.31928108804,0.0,0.0,2015
2015-11-25,92992.31928108804,92992.31928108804,0.0,0.0,2015
2015-11-26,92992.31928108804,92992.31928108804,0.0,0.0,2015
2015-11-27,92992.31928108804,0.0,56.963833726041386,1.0,2015
2015-11-30,93593.85736523503,0.0,56.963833726041386,1.0,2015
2015-12-01,94233.56121797848,0.0,56.963833726041386,1.0,2015
2015-12-02,97077.19579758248,0.0,56.963833726041386,1.0,2015
2015-12-03,98035.32748085448,0.0,56.963833726041386,1.0,2015
2015-12-04,96733.70388021444,0.0,56.963833726041386,1.0,2015
2015-12-07,97348.91328445569,0.0,56.963833726041386,1.0,2015
2015-12-08,95857.03047917066,0.0,56.963833726041386,1.0,2015
2015-12-09,96525.21624877713,0.0,56.963833726041386,1.0,2015
2015-12-10,96251.22020855488,0.0,56.963833726041386,1.0,2015
2015-12-11,95448.59979135494,0.0,56.963833726041386,1.0,2015
2015-12-14,97264.03717220388,0.0,56.963833726041386,1.0,2015
2015-12-15,96851.04937769008,0.0,56.963833726041386,1.0,2015
2015-12-16,96608.9530843544,0.0,56.963833726041386,1.0,2015
2015-12-17,98324.70375618277,0.0,56.963833726041386,1.0,2015
2015-12-18,98728.00769896315,0.0,56.963833726041386,1.0,2015
2015-12-21,102168.05361767879,102168.05361767879,0.0,0.0,2015
2015-12-22,102168.05361767879,102168.05361767879,0.0,0.0,2015
2015-12-23,102168.05361767879,102168.05361767879,0.0,0.0,2015
2015-12-24,102168.05361767879,102168.05361767879,0.0,0.0,2015
2015-12-25,102168.05361767879,102168.05361767879,0.0,0.0,2015
2015-12-28,102168.05361767879,102168.05361767879,0.0,0.0,2015
2015-12-29,102168.05361767879,102168.05361767879,0.0,0.0,2015
2015-12-30,102168.05361767879,102168.05361767879,0.0,0.0,2015
2015-12-31,102168.05361767879,102168.05361767879,0.0,0.0,2015
2016-01-04,102168.05361767879,51084.02680883939,31.27006366692747,0.5,2016
2016-01-05,102394.76157926401,51084.02680883939,31.27006366692747,0.5,2016
2016-01-06,103454.50403693618,51084.02680883939,31.27006366692747,0.5,2016
2016-01-07,100173.64895700215,25542.013404419697,47.540312863938475,1.0,2016
2016-01-08,102015.36067735113,25542.013404419697,47.540312863938475,1.0,2016
2016-01-11,98296.2820020052,25542.013404419697,47.540312863938475,1.0,2016
2016-01-12,98426.5424592524,25542.013404419697,47.540312863938475,1.0,2016
2016-01-13,97400.62250764863,25542.013404419697,47.540312863938475,1.0,2016
2016-01-14,98589.13032924707,25542.013404419697,47.540312863938475,1.0,2016
2016-01-15,96309.57232742122,25542.013404419697,47.540312863938475,1.0,2016
2016-01-18,96355.68643089925,25542.013404419697,47.540312863938475,1.0,2016
2016-01-19,98292.95418010475,25542.013404419697,47.540312863938475,1.0,2016
2016-01-20,97180.03545595994,25542.013404419697,47.540312863938475,1.0,2016
2016-01-21,95353.53663572742,25542.013404419697,47.540312863938475,1.0,2016
2016-01-22,95977.2655405023,25542.013404419697,47.540312863938475,1.0,2016
2016-01-25,96370.89933101571,25542.013404419697,47.540312863938475,1.0,2016
2016-01-26,92359.92313468523,25542.013404419697,47.540312863938475,1.0,2016
2016-01-27,92107.48407337771,25542.013404419697,47.540312863938475,1.0,2016
2016-01-28,90852.89521689838,25542.013404419697,47.540312863938475,1.0,2016
2016-01-29,92700.78717791967,25542.013404419697,47.540312863938475,1.0,2016
2016-02-01,92000.04296630522,25542.013404419697,47.540312863938475,1.0,2016
2016-02-02,93131.02700933832,25542.013404419697,47.540312863938475,1.0,2016
2016-02-03,92725.98354373756,25542.013404419697,47.540312863938475,1.0,2016
2016-02-04,93475.69427760187,25542.013404419697,47.540312863938475,1.0,2016
2016-02-05,93173.81329091583,25542.013404419697,47.540312863938475,1.0,2016
2016-02-15,92744.99966888313,25542.013404419697,47.540312863938475,1.0,2016
2016-02-16,94535.36785133905,25542.013404419697,47.540312863938475,1.0,2016
2016-02-17,94912.36253235009,25542.013404419697,47.540312863938475,1.0,2016
2016-02-18,94851.0355287556,25542.013404419697,47.540312863938475,1.0,2016
2016-02-19,94660.87427729985,25542.013404419697,47.540312863938475,1.0,2016
2016-02-22,96129.3945416669,25542.013404419697,47.540312863938475,1.0,2016
2016-02-23,95576.50070305931,25542.013404419697,47.540312863938475,1.0,2016
2016-02-24,96097.06712891941,96097.06712891941,0.0,0.0,2016
2016-02-25,96097.06712891941,48048.53356445971,34.24626242094589,0.5,2016
2016-02-26,96664.18523461028,48048.53356445971,34.24626242094589,0.5,2016
2016-02-29,95707.68712519328,48048.53356445971,34.24626242094589,0.5,2016
2016-03-01,96422.74908454262,48048.53356445971,34.24626242094589,0.5,2016
2016-03-02,98307.66336819148,48048.53356445971,34.24626242094589,0.5,2016
2016-03-03,98425.12804829533,48048.53356445971,34.24626242094589,0.5,2016
2016-03-04,98984.71197625357,48048.53356445971,34.24626242094589,0.5,2016
2016-03-07,99183.68276091927,48048.53356445971,34.24626242094589,0.5,2016
2016-03-08,99122.72441380999,48048.53356445971,34.24626242094589,0.5,2016
2016-03-09,98720.33083036388,48048.53356445971,34.24626242094589,0.5,2016
2016-03-10,97919.65321496216,48048.53356445971,34.24626242094589,0.5,2016
2016-03-11,97948.07761277154,48048.53356445971,34.24626242094589,0.5,2016
2016-03-14,98603.89353813266,48048.53356445971,34.24626242094589,0.5,2016
2016-03-15,98853.89125380556,48048.53356445971,34.24626242094589,0.5,2016
2016-03-16,99208.34006986236,99208.34006986236,0.0,0.0,2016
2016-03-17,99208.34006986237,49604.17003493118,32.980180335180236,0.5,2016
2016-03-18,99758.44947785317,99758.44947785317,0.0,0.0,2016
2016-03-21,99758.44947785317,49879.22473892658,32.413732991250875,0.5,2016
2016-03-22,99580.49808373119,99580.49808373119,0.0,0.0,2016
2016-03-23,99580.49808373119,49790.249041865594,32.53180249842575,0.5,2016
2016-03-24,98982.88887183511,49790.249041865594,32.53180249842575,0.5,2016
2016-03-25,99354.07673834215,49790.249041865594,32.53180249842575,0.5,2016
2016-03-28,99279.57891062074,49790.249041865594,32.53180249842575,0.5,2016
2016-03-29,98872.28074334047,49790.249041865594,32.53180249842575,0.5,2016
2016-03-30,99997.555791761,99997.555791761,0.0,0.0,2016
2016-03-31,99997.555791761,49998.7778958805,32.391859011558026,0.5,2016
2016-04-01,100140.07997141186,100140.07997141186,0.0,0.0,2016
2016-04-05,100140.07997141186,50070.03998570593,32.01184059030754,0.5,2016
2016-04-06,100024.51722688085,100024.51722688085,0.0,0.0,2016
2016-04-07,100024.51722688085,50012.25861344043,32.46727037532081,0.5,2016
2016-04-08,99719.32488535283,50012.25861344043,32.46727037532081,0.5,2016
2016-04-11,100246.59335624805,50012.25861344043,32.46727037532081,0.5,2016
2016-04-12,100036.85478962347,50012.25861344043,32.46727037532081,0.5,2016
2016-04-13,100633.92789182562,50012.25861344043,32.46727037532081,0.5,2016
2016-04-14,100787.17340799714,50012.25861344043,32.46727037532081,0.5,2016
2016-04-15,100748.53735625051,50012.25861344043,32.46727037532081,0.5,2016
2016-04-18,100170.61994356979,50012.25861344043,32.46727037532081,0.5,2016
2016-04-19,100261.85297332445,50012.25861344043,32.46727037532081,0.5,2016
2016-04-20,99410.56114408353,50012.25861344043,32.46727037532081,0.5,2016
2016-04-21,99187.18632390132,50012.25861344043,32.46727037532081,0.5,2016
2016-04-22,99447.57383231139,50012.25861344043,32.46727037532081,0.5,2016
2016-04-25,99413.4831984173,50012.25861344043,32.46727037532081,0.5,2016
2016-04-26,99639.13072752579,50012.25861344043,32.46727037532081,0.5,2016
2016-04-27,99609.58551148424,50012.25861344043,32.46727037532081,0.5,2016
2016-04-28,99493.67735624436,50012.25861344043,32.46727037532081,0.5,2016
2016-04-29,99464.13214020281,50012.25861344043,32.46727037532081,0.5,2016
2016-05-03,100260.22960980568,50012.25861344043,32.46727037532081,0.5,2016
2016-05-04,100156.00967190089,50012.25861344043,32.46727037532081,0.5,2016
2016-05-05,100189.77563309122,50012.25861344043,32.46727037532081,0.5,2016
2016-05-06,99090.10918547912,25006.129306720213,49.00998265343502,1.0,2016
2016-05-09,97858.4883213983,25006.129306720213,49.00998265343502,1.0,2016
2016-05-10,98059.42925027738,25006.129306720213,49.00998265343502,1.0,2016
2016-05-11,98731.35611245598,25006.129306720213,49.00998265343502,1.0,2016
2016-05-12,98834.2770760282,25006.129306720213,49.00998265343502,1.0,2016
2016-05-13,98447.58831289259,25006.129306720213,49.00998265343502,1.0,2016
2016-05-16,98890.63855607965,25006.129306720213,49.00998265343502,1.0,2016
2016-05-17,98610.79155512853,25006.129306720213,49.00998265343502,1.0,2016
2016-05-18,98007.96876849126,25006.129306720213,49.00998265343502,1.0,2016
2016-05-19,97932.00329537844,25006.129306720213,49.00998265343502,1.0,2016
2016-05-20,98126.08282668606,25006.129306720213,49.00998265343502,1.0,2016
2016-05-23,98366.7218415144,25006.129306720213,49.00998265343502,1.0,2016
2016-05-24,97889.36461046996,25006.129306720213,49.00998265343502,1.0,2016
2016-05-25,97815.84963648982,25006.129306720213,49.00998265343502,1.0,2016
2016-05-26,97886.91411133728,25006.129306720213,49.00998265343502,1.0,2016
2016-05-27,98004.53806970554,25006.129306720213,49.00998265343502,1.0,2016
2016-05-30,98062.3698492366,25006.129306720213,49.00998265343502,1.0,2016
2016-05-31,100044.3335477415,25006.129306720213,49.00998265343502,1.0,2016
2016-06-01,99821.33812666836,25006.129306720213,49.00998265343502,1.0,2016
2016-06-02,99895.8333003016,25006.129306720213,49.00998265343502,1.0,2016
2016-06-03,100478.56199405095,25006.129306720213,49.00998265343502,1.0,2016
2016-06-06,100373.19053134604,25006.129306720213,49.00998265343502,1.0,2016
2016-06-07,100317.80925094767,100317.80925094767,0.0,0.0,2016
2016-06-08,100317.80925094767,50158.904625473835,32.891732050777286,0.5,2016
2016-06-13,99058.38483072341,50158.904625473835,32.891732050777286,0.5,2016
2016-06-14,99206.0687076314,50158.904625473835,32.891732050777286,0.5,2016
2016-06-15,99908.3071869155,50158.904625473835,32.891732050777286,0.5,2016
2016-06-16,99639.25281874013,50158.904625473835,32.891732050777286,0.5,2016
2016-06-17,99966.85446996588,50158.904625473835,32.891732050777286,0.5,2016
2016-06-20,100012.57397751647,50158.904625473835,32.891732050777286,0.5,2016
2016-06-21,99895.8083287362,50158.904625473835,32.891732050777286,0.5,2016
2016-06-22,100300.70555028127,50158.904625473835,32.891732050777286,0.5,2016
2016-06-23,99963.23637944029,50158.904625473835,32.891732050777286,0.5,2016
2016-06-24,99314.28250607845,50158.904625473835,32.891732050777286,0.5,2016
2016-06-27,99840.55021889089,50158.904625473835,32.891732050777286,0.5,2016
2016-06-28,99985.27383991431,50158.904625473835,32.891732050777286,0.5,2016
2016-06-29,100183.93990150101,50158.904625473835,32.891732050777286,0.5,2016
2016-06-30,100288.53560942248,50158.904625473835,32.891732050777286,0.5,2016
2016-07-01,100383.26379772872,50158.904625473835,32.891732050777286,0.5,2016
2016-07-04,101094.38304466652,101094.38304466652,0.0,0.0,2016
2016-07-05,101094.38304466652,50547.19152233326,32.597000988174955,0.5,2016
2016-07-06,101336.90473201853,101336.90473201853,0.0,0.0,2016
2016-07-07,101336.90473201853,50668.45236600927,32.693120727574346,0.5,2016
2016-07-08,100918.10585549832,50668.45236600927,32.693120727574346,0.5,2016
2016-07-11,101273.80700901433,50668.45236600927,32.693120727574346,0.5,2016
2016-07-12,102435.06665725776,50668.45236600927,32.693120727574346,0.5,2016
2016-07-13,102530.85750098954,102530.85750098954,0.0,0.0,2016
2016-07-14,102530.85750098954,51265.42875049477,32.43395192393745,0.5,2016
2016-07-15,102547.39881647076,102547.39881647076,0.0,0.0,2016
2016-07-18,102547.39881647076,51273.69940823538,32.3650602552883,0.5,2016
2016-07-19,102198.82711752132,102198.82711752132,0.0,0.0,2016
2016-07-20,102198.82711752132,51099.41355876066,32.53496342720022,0.5,2016
2016-07-21,102511.16276642244,51099.41355876066,32.53496342720022,0.5,2016
2016-07-22,101925.20807509858,51099.41355876066,32.53496342720022,0.5,2016
2016-07-25,102187.76522995607,51099.41355876066,32.53496342720022,0.5,2016
2016-07-26,102831.63215618036,51099.41355876066,32.53496342720022,0.5,2016
2016-07-27,102362.8033331944,51099.41355876066,32.53496342720022,0.5,2016
2016-07-28,103221.40101803822,51099.41355876066,32.53496342720022,0.5,2016
2016-07-29,103123.47077812234,51099.41355876066,32.53496342720022,0.5,2016
2016-08-01,102609.4183559726,51099.41355876066,32.53496342720022,0.5,2016
2016-08-02,102770.46642493723,51099.41355876066,32.53496342720022,0.5,2016
2016-08-03,102802.67603873016,51099.41355876066,32.53496342720022,0.5,2016
2016-08-04,102860.58827363056,51099.41355876066,32.53496342720022,0.5,2016
2016-08-05,102814.38862556394,51099.41355876066,32.53496342720022,0.5,2016
2016-08-08,103261.41902305368,51099.41355876066,32.53496342720022,0.5,2016
2016-08-09,103617.67687258152,51099.41355876066,32.53496342720022,0.5,2016
2016-08-10,103366.50695492353,51099.41355876066,32.53496342720022,0.5,2016
2016-08-11,103234.41500340911,51099.41355876066,32.53496342720022,0.5,2016
2016-08-12,104137.58558814818,51099.41355876066,32.53496342720022,0.5,2016
2016-08-15,105304.61472628184,105304.61472628184,0.0,0.0,2016
2016-08-16,105304.61472628184,105304.61472628184,0.0,0.0,2016
2016-08-17,105304.61472628184,105304.61472628184,0.0,0.0,2016
2016-08-18,105304.61472628184,105304.61472628184,0.0,0.0,2016
2016-08-19,105304.61472628184,105304.61472628184,0.0,0.0,2016
2016-08-22,105304.61472628184,105304.61472628184,0.0,0.0,2016
2016-08-23,105304.61472628184,105304.61472628184,0.0,0.0,2016
2016-08-24,105304.61472628184,105304.61472628184,0.0,0.0,2016
2016-08-25,105304.61472628184,105304.61472628184,0.0,0.0,2016
2016-08-26,105304.61472628184,105304.61472628184,0.0,0.0,2016
2016-08-29,105304.61472628184,105304.61472628184,0.0,0.0,2016
2016-08-30,105304.61472628184,105304.61472628184,0.0,0.0,2016
2016-08-31,105304.61472628184,105304.61472628184,0.0,0.0,2016
2016-09-01,105304.61472628184,105304.61472628184,0.0,0.0,2016
2016-09-02,105304.61472628184,0.0,64.6417327437966,1.0,2016
2016-09-05,105690.52587076231,0.0,64.6417327437966,1.0,2016
2016-09-06,106519.8793018652,0.0,64.6417327437966,1.0,2016
2016-09-07,106521.81855384754,0.0,64.6417327437966,1.0,2016
2016-09-08,106635.58800347662,0.0,64.6417327437966,1.0,2016
2016-09-09,105943.27504579056,0.0,64.6417327437966,1.0,2016
2016-09-12,104309.13204202738,0.0,64.6417327437966,1.0,2016
2016-09-13,104416.43731838207,0.0,64.6417327437966,1.0,2016
2016-09-14,103543.77392634081,0.0,64.6417327437966,1.0,2016
2016-09-19,104567.69897300257,0.0,64.6417327437966,1.0,2016
2016-09-20,104552.8313744715,0.0,64.6417327437966,1.0,2016
2016-09-21,104520.5105080996,0.0,64.6417327437966,1.0,2016
2016-09-22,105252.25492275937,0.0,64.6417327437966,1.0,2016
2016-09-23,104795.88428958817,0.0,64.6417327437966,1.0,2016
2016-09-26,103205.05124676332,0.0,64.6417327437966,1.0,2016
2016-09-27,103827.55113308609,0.0,64.6417327437966,1.0,2016
2016-09-28,103756.4452270679,0.0,64.6417327437966,1.0,2016
2016-09-29,104205.05885230986,0.0,64.6417327437966,1.0,2016
2016-09-30,104464.27220061248,0.0,64.6417327437966,1.0,2016
2016-10-10,105941.98221113568,0.0,64.6417327437966,1.0,2016
2016-10-11,106130.08965342012,0.0,64.6417327437966,1.0,2016
2016-10-12,105917.41835269303,0.0,64.6417327437966,1.0,2016
2016-10-13,106177.92453565053,0.0,64.6417327437966,1.0,2016
2016-10-14,106115.22205488905,0.0,64.6417327437966,1.0,2016
2016-10-17,105363.4387030787,0.0,64.6417327437966,1.0,2016
2016-10-18,106601.97430244983,0.0,64.6417327437966,1.0,2016
2016-10-19,106427.44162404159,0.0,64.6417327437966,1.0,2016
2016-10-20,106340.8217021649,0.0,64.6417327437966,1.0,2016
2016-10-21,106761.63938232702,106761.63938232702,0.0,0.0,2016
2016-10-24,106761.63938232702,106761.63938232702,0.0,0.0,2016
2016-10-25,106761.63938232702,106761.63938232702,0.0,0.0,2016
2016-10-26,106761.63938232702,106761.63938232702,0.0,0.0,2016
2016-10-27,106761.63938232702,106761.63938232702,0.0,0.0,2016
2016-10-28,106761.63938232702,106761.63938232702,0.0,0.0,2016
2016-10-31,106761.63938232702,106761.63938232702,0.0,0.0,2016
2016-11-01,106761.63938232702,106761.63938232702,0.0,0.0,2016
2016-11-02,106761.63938232702,106761.63938232702,0.0,0.0,2016
2016-11-03,106761.63938232702,106761.63938232702,0.0,0.0,2016
2016-11-04,106761.63938232702,106761.63938232702,0.0,0.0,2016
2016-11-07,106761.63938232702,106761.63938232702,0.0,0.0,2016
2016-11-08,106761.63938232702,106761.63938232702,0.0,0.0,2016
2016-11-09,106761.63938232702,106761.63938232702,0.0,0.0,2016
2016-11-10,106761.63938232702,106761.63938232702,0.0,0.0,2016
2016-11-11,106761.63938232702,106761.63938232702,0.0,0.0,2016
2016-11-14,106761.63938232702,106761.63938232702,0.0,0.0,2016
2016-11-15,106761.63938232702,106761.63938232702,0.0,0.0,2016
2016-11-16,106761.63938232702,106761.63938232702,0.0,0.0,2016
2016-11-17,106761.63938232702,106761.63938232702,0.0,0.0,2016
2016-11-18,106761.63938232702,106761.63938232702,0.0,0.0,2016
2016-11-21,106761.63938232702,106761.63938232702,0.0,0.0,2016
2016-11-22,106761.63938232702,106761.63938232702,0.0,0.0,2016
2016-11-23,106761.63938232702,106761.63938232702,0.0,0.0,2016
2016-11-24,106761.63938232702,106761.63938232702,0.0,0.0,2016
2016-11-25,106761.63938232702,106761.63938232702,0.0,0.0,2016
2016-11-28,106761.63938232702,106761.63938232702,0.0,0.0,2016
2016-11-29,106761.63938232702,106761.63938232702,0.0,0.0,2016
2016-11-30,106761.63938232702,106761.63938232702,0.0,0.0,2016
2016-12-01,106761.63938232702,106761.63938232702,0.0,0.0,2016
2016-12-02,106761.63938232702,106761.63938232702,0.0,0.0,2016
2016-12-05,106761.63938232702,106761.63938232702,0.0,0.0,2016
2016-12-06,106761.63938232702,106761.63938232702,0.0,0.0,2016
2016-12-07,106761.63938232702,106761.63938232702,0.0,0.0,2016
2016-12-08,106761.63938232702,106761.63938232702,0.0,0.0,2016
2016-12-09,106761.63938232702,106761.63938232702,0.0,0.0,2016
2016-12-12,106761.63938232702,106761.63938232702,0.0,0.0,2016
2016-12-13,106761.63938232702,106761.63938232702,0.0,0.0,2016
2016-12-14,106761.63938232702,106761.63938232702,0.0,0.0,2016
2016-12-15,106761.639382327,0.0,64.62608089778207,1.0,2016
2016-12-16,106880.55137117892,0.0,64.62608089778207,1.0,2016
2016-12-19,107080.24596115308,0.0,64.62608089778207,1.0,2016
2016-12-20,106263.37229860511,0.0,64.62608089778207,1.0,2016
2016-12-21,107128.71552182641,0.0,64.62608089778207,1.0,2016
2016-12-22,107141.64073800595,0.0,64.62608089778207,1.0,2016
2016-12-23,106077.89544642848,0.0,64.62608089778207,1.0,2016
2016-12-26,106318.30446736823,0.0,64.62608089778207,1.0,2016
2016-12-27,106218.78030278563,0.0,64.62608089778207,1.0,2016
2016-12-28,105846.53407681441,0.0,64.62608089778207,1.0,2016
2016-12-29,105785.78556077051,0.0,64.62608089778207,1.0,2016
2016-12-30,106409.4272414341,0.0,64.62608089778207,1.0,2016
2017-01-03,107554.6013949428,0.0,64.62608089778207,1.0,2017
2017-01-04,108383.75401286133,0.0,64.62608089778207,1.0,2017
2017-01-05,108337.86949542392,0.0,64.62608089778207,1.0,2017
2017-01-06,107846.71128060076,0.0,64.62608089778207,1.0,2017
2017-01-09,108457.42774508482,0.0,64.62608089778207,1.0,2017
2017-01-10,108348.85592917653,0.0,64.62608089778207,1.0,2017
2017-01-11,107470.58748977569,0.0,64.62608089778207,1.0,2017
2017-01-12,106895.41536978542,0.0,64.62608089778207,1.0,2017
2017-01-13,107074.42961387227,0.0,64.62608089778207,1.0,2017
2017-01-16,107405.31514806893,0.0,64.62608089778207,1.0,2017
2017-01-17,107665.75825408698,0.0,64.62608089778207,1.0,2017
2017-01-18,108459.36652751174,0.0,64.62608089778207,1.0,2017
2017-01-19,108242.2228956952,0.0,64.62608089778207,1.0,2017
2017-01-20,109140.52542017437,0.0,64.62608089778207,1.0,2017
2017-01-23,109209.67532673498,0.0,64.62608089778207,1.0,2017
2017-01-24,109833.3170073986,0.0,64.62608089778207,1.0,2017
2017-01-25,110147.39976056182,0.0,64.62608089778207,1.0,2017
2017-01-26,110441.44842864672,110441.44842864672,0.0,0.0,2017
2017-02-03,110441.44842864672,110441.44842864672,0.0,0.0,2017
2017-02-06,110441.44842864672,110441.44842864672,0.0,0.0,2017
2017-02-07,110441.44842864672,110441.44842864672,0.0,0.0,2017
2017-02-08,110441.44842864672,110441.44842864672,0.0,0.0,2017
2017-02-09,110441.44842864672,110441.44842864672,0.0,0.0,2017
2017-02-10,110441.44842864672,110441.44842864672,0.0,0.0,2017
2017-02-13,110441.44842864672,110441.44842864672,0.0,0.0,2017
2017-02-14,110441.44842864672,110441.44842864672,0.0,0.0,2017
2017-02-15,110441.44842864672,110441.44842864672,0.0,0.0,2017
2017-02-16,110441.44842864672,110441.44842864672,0.0,0.0,2017
2017-02-17,110441.44842864672,110441.44842864672,0.0,0.0,2017
2017-02-20,110441.44842864672,110441.44842864672,0.0,0.0,2017
2017-02-21,110441.44842864672,110441.44842864672,0.0,0.0,2017
2017-02-22,110441.44842864672,110441.44842864672,0.0,0.0,2017
2017-02-23,110441.44842864672,110441.44842864672,0.0,0.0,2017
2017-02-24,110441.44842864672,110441.44842864672,0.0,0.0,2017
2017-02-27,110441.44842864672,110441.44842864672,0.0,0.0,2017
2017-02-28,110441.44842864672,110441.44842864672,0.0,0.0,2017
2017-03-01,110441.44842864672,110441.44842864672,0.0,0.0,2017
2017-03-02,110441.44842864672,110441.44842864672,0.0,0.0,2017
2017-03-03,110441.44842864672,110441.44842864672,0.0,0.0,2017
2017-03-06,110441.44842864672,110441.44842864672,0.0,0.0,2017
2017-03-07,110441.44842864672,110441.44842864672,0.0,0.0,2017
2017-03-08,110441.44842864672,110441.44842864672,0.0,0.0,2017
2017-03-09,110441.44842864672,110441.44842864672,0.0,0.0,2017
2017-03-10,110441.44842864672,110441.44842864672,0.0,0.0,2017
2017-03-13,110441.44842864672,110441.44842864672,0.0,0.0,2017
2017-03-14,110441.44842864672,110441.44842864672,0.0,0.0,2017
2017-03-15,110441.44842864672,110441.44842864672,0.0,0.0,2017
2017-03-16,110441.44842864672,110441.44842864672,0.0,0.0,2017
2017-03-17,110441.44842864672,110441.44842864672,0.0,0.0,2017
2017-03-20,110441.44842864672,110441.44842864672,0.0,0.0,2017
2017-03-21,110441.44842864672,110441.44842864672,0.0,0.0,2017
2017-03-22,110441.44842864672,110441.44842864672,0.0,0.0,2017
2017-03-23,110441.44842864672,110441.44842864672,0.0,0.0,2017
2017-03-24,110441.44842864672,110441.44842864672,0.0,0.0,2017
2017-03-27,110441.44842864672,110441.44842864672,0.0,0.0,2017
2017-03-28,110441.44842864672,110441.44842864672,0.0,0.0,2017
2017-03-29,110441.44842864672,110441.44842864672,0.0,0.0,2017
2017-03-30,110441.44842864672,110441.44842864672,0.0,0.0,2017
2017-03-31,110441.44842864672,110441.44842864672,0.0,0.0,2017
2017-04-05,110441.44842864672,110441.44842864672,0.0,0.0,2017
2017-04-06,110441.44842864672,110441.44842864672,0.0,0.0,2017
2017-04-07,110441.44842864672,110441.44842864672,0.0,0.0,2017
2017-04-10,110441.44842864672,110441.44842864672,0.0,0.0,2017
2017-04-11,110441.44842864672,110441.44842864672,0.0,0.0,2017
2017-04-12,110441.44842864672,110441.44842864672,0.0,0.0,2017
2017-04-13,110441.44842864672,110441.44842864672,0.0,0.0,2017
2017-04-14,110441.44842864672,110441.44842864672,0.0,0.0,2017
2017-04-17,110441.44842864672,110441.44842864672,0.0,0.0,2017
2017-04-18,110441.44842864672,110441.44842864672,0.0,0.0,2017
2017-04-19,110441.44842864672,110441.44842864672,0.0,0.0,2017
2017-04-20,110441.44842864672,110441.44842864672,0.0,0.0,2017
2017-04-21,110441.44842864672,110441.44842864672,0.0,0.0,2017
2017-04-24,110441.44842864672,110441.44842864672,0.0,0.0,2017
2017-04-25,110441.44842864672,110441.44842864672,0.0,0.0,2017
2017-04-26,110441.44842864672,110441.44842864672,0.0,0.0,2017
2017-04-27,110441.44842864672,110441.44842864672,0.0,0.0,2017
2017-04-28,110441.44842864672,0.0,62.005001447726336,1.0,2017
2017-05-02,109948.5086671373,0.0,62.005001447726336,1.0,2017
2017-05-03,109518.19395709007,0.0,62.005001447726336,1.0,2017
2017-05-04,109359.46115338389,0.0,62.005001447726336,1.0,2017
2017-05-05,108990.53139476992,0.0,62.005001447726336,1.0,2017
2017-05-08,108332.03827939507,0.0,62.005001447726336,1.0,2017
2017-05-09,108027.59372228674,0.0,62.005001447726336,1.0,2017
2017-05-10,107501.79131001001,0.0,62.005001447726336,1.0,2017
2017-05-11,108178.8859258192,0.0,62.005001447726336,1.0,2017
2017-05-12,109120.74189781013,0.0,62.005001447726336,1.0,2017
2017-05-15,109627.94280965255,0.0,62.005001447726336,1.0,2017
2017-05-16,110806.65788717382,0.0,62.005001447726336,1.0,2017
2017-05-17,110135.14372149495,0.0,62.005001447726336,1.0,2017
2017-05-18,109892.70416583434,0.0,62.005001447726336,1.0,2017
2017-05-19,110277.13517481025,0.0,62.005001447726336,1.0,2017
2017-05-22,110394.32462754645,0.0,62.005001447726336,1.0,2017
2017-05-23,111256.19414766984,0.0,62.005001447726336,1.0,2017
2017-05-24,111029.25584237117,0.0,62.005001447726336,1.0,2017
2017-05-25,112480.17287624796,0.0,62.005001447726336,1.0,2017
2017-05-26,112593.6420288973,112593.6420288973,0.0,0.0,2017
2017-05-31,112593.6420288973,112593.6420288973,0.0,0.0,2017
2017-06-01,112593.6420288973,112593.6420288973,0.0,0.0,2017
2017-06-02,112593.6420288973,112593.6420288973,0.0,0.0,2017
2017-06-05,112593.6420288973,112593.6420288973,0.0,0.0,2017
2017-06-06,112593.6420288973,112593.6420288973,0.0,0.0,2017
2017-06-07,112593.6420288973,112593.6420288973,0.0,0.0,2017
2017-06-08,112593.6420288973,112593.6420288973,0.0,0.0,2017
2017-06-09,112593.6420288973,112593.6420288973,0.0,0.0,2017
2017-06-12,112593.6420288973,112593.6420288973,0.0,0.0,2017
2017-06-13,112593.6420288973,112593.6420288973,0.0,0.0,2017
2017-06-14,112593.6420288973,112593.6420288973,0.0,0.0,2017
2017-06-15,112593.6420288973,112593.6420288973,0.0,0.0,2017
2017-06-16,112593.6420288973,112593.6420288973,0.0,0.0,2017
2017-06-19,112593.6420288973,112593.6420288973,0.0,0.0,2017
2017-06-20,112593.6420288973,112593.6420288973,0.0,0.0,2017
2017-06-21,112593.6420288973,112593.6420288973,0.0,0.0,2017
2017-06-22,112593.6420288973,112593.6420288973,0.0,0.0,2017
2017-06-23,112593.6420288973,112593.6420288973,0.0,0.0,2017
2017-06-26,112593.6420288973,112593.6420288973,0.0,0.0,2017
2017-06-27,112593.6420288973,112593.6420288973,0.0,0.0,2017
2017-06-28,112593.6420288973,112593.6420288973,0.0,0.0,2017
2017-06-29,112593.6420288973,112593.6420288973,0.0,0.0,2017
2017-06-30,112593.6420288973,112593.6420288973,0.0,0.0,2017
2017-07-03,112593.6420288973,112593.6420288973,0.0,0.0,2017
2017-07-04,112593.6420288973,112593.6420288973,0.0,0.0,2017
2017-07-05,112593.6420288973,112593.6420288973,0.0,0.0,2017
2017-07-06,112593.6420288973,112593.6420288973,0.0,0.0,2017
2017-07-07,112593.6420288973,112593.6420288973,0.0,0.0,2017
2017-07-10,112593.6420288973,112593.6420288973,0.0,0.0,2017
2017-07-11,112593.6420288973,112593.6420288973,0.0,0.0,2017
2017-07-12,112593.6420288973,112593.6420288973,0.0,0.0,2017
2017-07-13,112593.6420288973,112593.6420288973,0.0,0.0,2017
2017-07-14,112593.6420288973,112593.6420288973,0.0,0.0,2017
2017-07-17,112593.6420288973,112593.6420288973,0.0,0.0,2017
2017-07-18,112593.6420288973,112593.6420288973,0.0,0.0,2017
2017-07-19,112593.6420288973,112593.6420288973,0.0,0.0,2017
2017-07-20,112593.6420288973,112593.6420288973,0.0,0.0,2017
2017-07-21,112593.6420288973,112593.6420288973,0.0,0.0,2017
2017-07-24,112593.6420288973,112593.6420288973,0.0,0.0,2017
2017-07-25,112593.6420288973,112593.6420288973,0.0,0.0,2017
2017-07-26,112593.6420288973,112593.6420288973,0.0,0.0,2017
2017-07-27,112593.6420288973,112593.6420288973,0.0,0.0,2017
2017-07-28,112593.6420288973,112593.6420288973,0.0,0.0,2017
2017-07-31,112593.6420288973,112593.6420288973,0.0,0.0,2017
2017-08-01,112593.6420288973,112593.6420288973,0.0,0.0,2017
2017-08-02,112593.6420288973,112593.6420288973,0.0,0.0,2017
2017-08-03,112593.6420288973,112593.6420288973,0.0,0.0,2017
2017-08-04,112593.6420288973,112593.6420288973,0.0,0.0,2017
2017-08-07,112593.6420288973,112593.6420288973,0.0,0.0,2017
2017-08-08,112593.6420288973,112593.6420288973,0.0,0.0,2017
2017-08-09,112593.6420288973,112593.6420288973,0.0,0.0,2017
2017-08-10,112593.6420288973,112593.6420288973,0.0,0.0,2017
2017-08-11,112593.6420288973,0.0,58.90267537294787,1.0,2017
2017-08-14,113378.22566486496,0.0,58.90267537294787,1.0,2017
2017-08-15,114304.17572172772,0.0,58.90267537294787,1.0,2017
2017-08-16,113870.65203098282,0.0,58.90267537294787,1.0,2017
2017-08-17,114443.7750623616,0.0,58.90267537294787,1.0,2017
2017-08-18,114580.42926922684,0.0,58.90267537294787,1.0,2017
2017-08-21,115143.53884579222,0.0,58.90267537294787,1.0,2017
2017-08-22,115238.37215314267,0.0,58.90267537294787,1.0,2017
2017-08-23,115074.62271560587,0.0,58.90267537294787,1.0,2017
2017-08-24,114708.24807478614,0.0,58.90267537294787,1.0,2017
2017-08-25,116542.47738589974,0.0,58.90267537294787,1.0,2017
2017-08-28,117057.2867686593,0.0,58.90267537294787,1.0,2017
2017-08-29,117003.68533406992,0.0,58.90267537294787,1.0,2017
2017-08-30,117039.61596604741,0.0,58.90267537294787,1.0,2017
2017-08-31,116413.48052683297,116413.48052683297,0.0,0.0,2017
2017-09-01,116413.48052683297,116413.48052683297,0.0,0.0,2017
2017-09-04,116413.48052683297,116413.48052683297,0.0,0.0,2017
2017-09-05,116413.48052683297,116413.48052683297,0.0,0.0,2017
2017-09-06,116413.48052683297,116413.48052683297,0.0,0.0,2017
2017-09-07,116413.48052683297,116413.48052683297,0.0,0.0,2017
2017-09-08,116413.48052683297,116413.48052683297,0.0,0.0,2017
2017-09-11,116413.48052683297,116413.48052683297,0.0,0.0,2017
2017-09-12,116413.48052683297,116413.48052683297,0.0,0.0,2017
2017-09-13,116413.48052683297,116413.48052683297,0.0,0.0,2017
2017-09-14,116413.48052683297,116413.48052683297,0.0,0.0,2017
2017-09-15,116413.48052683297,116413.48052683297,0.0,0.0,2017
2017-09-18,116413.48052683297,116413.48052683297,0.0,0.0,2017
2017-09-19,116413.48052683297,116413.48052683297,0.0,0.0,2017
2017-09-20,116413.48052683297,116413.48052683297,0.0,0.0,2017
2017-09-21,116413.48052683297,116413.48052683297,0.0,0.0,2017
2017-09-22,116413.48052683297,116413.48052683297,0.0,0.0,2017
2017-09-25,116413.48052683297,116413.48052683297,0.0,0.0,2017
2017-09-26,116413.48052683297,116413.48052683297,0.0,0.0,2017
2017-09-27,116413.48052683297,116413.48052683297,0.0,0.0,2017
2017-09-28,116413.48052683297,116413.48052683297,0.0,0.0,2017
2017-09-29,116413.48052683297,116413.48052683297,0.0,0.0,2017
2017-10-09,116413.48052683297,116413.48052683297,0.0,0.0,2017
2017-10-10,116413.48052683297,116413.48052683297,0.0,0.0,2017
2017-10-11,116413.48052683297,116413.48052683297,0.0,0.0,2017
2017-10-12,116413.48052683297,116413.48052683297,0.0,0.0,2017
2017-10-13,116413.48052683297,116413.48052683297,0.0,0.0,2017
2017-10-16,116413.48052683297,116413.48052683297,0.0,0.0,2017
2017-10-17,116413.48052683297,116413.48052683297,0.0,0.0,2017
2017-10-18,116413.48052683297,116413.48052683297,0.0,0.0,2017
2017-10-19,116413.48052683297,116413.48052683297,0.0,0.0,2017
2017-10-20,116413.48052683297,116413.48052683297,0.0,0.0,2017
2017-10-23,116413.48052683297,116413.48052683297,0.0,0.0,2017
2017-10-24,116413.48052683297,116413.48052683297,0.0,0.0,2017
2017-10-25,116413.48052683297,116413.48052683297,0.0,0.0,2017
2017-10-26,116413.48052683297,116413.48052683297,0.0,0.0,2017
2017-10-27,116413.48052683297,116413.48052683297,0.0,0.0,2017
2017-10-30,116413.48052683297,116413.48052683297,0.0,0.0,2017
2017-10-31,116413.48052683297,116413.48052683297,0.0,0.0,2017
2017-11-01,116413.48052683297,116413.48052683297,0.0,0.0,2017
2017-11-02,116413.48052683297,116413.48052683297,0.0,0.0,2017
2017-11-03,116413.48052683297,116413.48052683297,0.0,0.0,2017
2017-11-06,116413.48052683297,116413.48052683297,0.0,0.0,2017
2017-11-07,116413.48052683297,116413.48052683297,0.0,0.0,2017
2017-11-08,116413.48052683297,116413.48052683297,0.0,0.0,2017
2017-11-09,116413.48052683297,116413.48052683297,0.0,0.0,2017
2017-11-10,116413.48052683297,116413.48052683297,0.0,0.0,2017
2017-11-13,116413.48052683297,116413.48052683297,0.0,0.0,2017
2017-11-14,116413.48052683297,116413.48052683297,0.0,0.0,2017
2017-11-15,116413.48052683297,116413.48052683297,0.0,0.0,2017
2017-11-16,116413.48052683297,116413.48052683297,0.0,0.0,2017
2017-11-17,116413.48052683297,116413.48052683297,0.0,0.0,2017
2017-11-20,116413.48052683297,116413.48052683297,0.0,0.0,2017
2017-11-21,116413.48052683297,116413.48052683297,0.0,0.0,2017
2017-11-22,116413.48052683297,116413.48052683297,0.0,0.0,2017
2017-11-23,116413.48052683297,116413.48052683297,0.0,0.0,2017
2017-11-24,116413.48052683297,116413.48052683297,0.0,0.0,2017
2017-11-27,116413.48052683297,116413.48052683297,0.0,0.0,2017
2017-11-28,116413.48052683297,116413.48052683297,0.0,0.0,2017
2017-11-29,116413.48052683297,116413.48052683297,0.0,0.0,2017
2017-11-30,116413.48052683297,116413.48052683297,0.0,0.0,2017
2017-12-01,116413.48052683297,0.0,55.61162383706008,1.0,2017
2017-12-04,116680.97243748922,0.0,55.61162383706008,1.0,2017
2017-12-05,116942.90318576178,0.0,55.61162383706008,1.0,2017
2017-12-06,116399.02150463536,0.0,55.61162383706008,1.0,2017
2017-12-07,114929.76240286021,0.0,55.61162383706008,1.0,2017
2017-12-08,115536.48521892253,0.0,55.61162383706008,1.0,2017
2017-12-11,117124.75319570897,0.0,55.61162383706008,1.0,2017
2017-12-12,115976.92927971206,0.0,55.61162383706008,1.0,2017
2017-12-13,117088.60564021487,0.0,55.61162383706008,1.0,2017
2017-12-14,116763.83375700646,0.0,55.61162383706008,1.0,2017
2017-12-15,115643.2595366897,0.0,55.61162383706008,1.0,2017
2017-12-18,116009.74013777592,0.0,55.61162383706008,1.0,2017
2017-12-19,117252.10381429583,0.0,55.61162383706008,1.0,2017
2017-12-20,117375.56161921412,0.0,55.61162383706008,1.0,2017
2017-12-21,118151.89988797948,0.0,55.61162383706008,1.0,2017
2017-12-22,118345.98445517081,0.0,55.61162383706008,1.0,2017
2017-12-25,118143.00202816553,0.0,55.61162383706008,1.0,2017
2017-12-26,118437.18751826358,0.0,55.61162383706008,1.0,2017
2017-12-27,117352.20473720256,0.0,55.61162383706008,1.0,2017
2017-12-28,118380.46366194978,0.0,55.61162383706008,1.0,2017
2017-12-29,118879.29992776822,0.0,55.61162383706008,1.0,2017
2018-01-02,120523.17952839172,120523.17952839172,0.0,0.0,2018
2018-01-03,120523.17952839172,120523.17952839172,0.0,0.0,2018
2018-01-04,120523.17952839172,120523.17952839172,0.0,0.0,2018
2018-01-05,120523.17952839172,120523.17952839172,0.0,0.0,2018
2018-01-08,120523.17952839172,120523.17952839172,0.0,0.0,2018
2018-01-09,120523.17952839172,120523.17952839172,0.0,0.0,2018
2018-01-10,120523.17952839172,120523.17952839172,0.0,0.0,2018
2018-01-11,120523.17952839172,120523.17952839172,0.0,0.0,2018
2018-01-12,120523.17952839172,120523.17952839172,0.0,0.0,2018
2018-01-15,120523.17952839172,120523.17952839172,0.0,0.0,2018
2018-01-16,120523.17952839172,120523.17952839172,0.0,0.0,2018
2018-01-17,120523.17952839172,120523.17952839172,0.0,0.0,2018
2018-01-18,120523.17952839172,120523.17952839172,0.0,0.0,2018
2018-01-19,120523.17952839172,120523.17952839172,0.0,0.0,2018
2018-01-22,120523.17952839172,120523.17952839172,0.0,0.0,2018
2018-01-23,120523.17952839172,120523.17952839172,0.0,0.0,2018
2018-01-24,120523.17952839172,120523.17952839172,0.0,0.0,2018
2018-01-25,120523.17952839172,120523.17952839172,0.0,0.0,2018
2018-01-26,120523.17952839172,120523.17952839172,0.0,0.0,2018
2018-01-29,120523.17952839172,120523.17952839172,0.0,0.0,2018
2018-01-30,120523.17952839172,120523.17952839172,0.0,0.0,2018
2018-01-31,120523.17952839172,120523.17952839172,0.0,0.0,2018
2018-02-01,120523.17952839172,120523.17952839172,0.0,0.0,2018
2018-02-02,120523.17952839172,120523.17952839172,0.0,0.0,2018
2018-02-05,120523.17952839172,120523.17952839172,0.0,0.0,2018
2018-02-06,120523.17952839172,120523.17952839172,0.0,0.0,2018
2018-02-07,120523.17952839172,120523.17952839172,0.0,0.0,2018
2018-02-08,120523.17952839172,0.0,55.985683209100785,1.0,2018
2018-02-09,116221.2396306044,0.0,55.985683209100785,1.0,2018
2018-02-12,117545.30103849965,0.0,55.985683209100785,1.0,2018
2018-02-13,118820.09504517086,0.0,55.985683209100785,1.0,2018
2018-02-14,119574.22219799747,0.0,55.985683209100785,1.0,2018
2018-02-22,122055.50767782479,0.0,55.985683209100785,1.0,2018
2018-02-23,122249.21814172828,0.0,55.985683209100785,1.0,2018
2018-02-26,123747.39502440384,0.0,55.985683209100785,1.0,2018
2018-02-27,121678.72402982754,0.0,55.985683209100785,1.0,2018
2018-02-28,120613.31647835838,0.0,55.985683209100785,1.0,2018
2018-03-01,121292.42281568475,0.0,55.985683209100785,1.0,2018
2018-03-02,120590.36234824262,0.0,55.985683209100785,1.0,2018
2018-03-05,120183.34643131246,0.0,55.985683209100785,1.0,2018
2018-03-06,121546.03796062198,0.0,55.985683209100785,1.0,2018
2018-03-07,120937.47358413906,0.0,55.985683209100785,1.0,2018
2018-03-08,122075.66252378008,0.0,55.985683209100785,1.0,2018
2018-03-09,122608.64622793072,0.0,55.985683209100785,1.0,2018
2018-03-12,123255.28086899585,0.0,55.985683209100785,1.0,2018
2018-03-13,122433.97089631834,0.0,55.985683209100785,1.0,2018
2018-03-14,122249.77799856038,0.0,55.985683209100785,1.0,2018
2018-03-15,122361.74936497859,0.0,55.985683209100785,1.0,2018
2018-03-16,121333.8522212595,0.0,55.985683209100785,1.0,2018
2018-03-19,121260.51097625558,0.0,55.985683209100785,1.0,2018
2018-03-20,121777.25883227558,0.0,55.985683209100785,1.0,2018
2018-03-21,121263.31026041601,0.0,55.985683209100785,1.0,2018
2018-03-22,120192.30414062594,0.0,55.985683209100785,1.0,2018
2018-03-23,117010.07790702063,0.0,55.985683209100785,1.0,2018
2018-03-26,116140.06038995122,0.0,55.985683209100785,1.0,2018
2018-03-27,116637.21325684803,0.0,55.985683209100785,1.0,2018
2018-03-28,114835.59397117916,0.0,55.985683209100785,1.0,2018
2018-03-29,116306.33786908223,0.0,55.985683209100785,1.0,2018
2018-03-30,116568.35086650084,0.0,55.985683209100785,1.0,2018
2018-04-02,115855.653119249,0.0,55.985683209100785,1.0,2018
2018-04-03,115126.15966703439,0.0,55.985683209100785,1.0,2018
2018-04-04,115251.00774059069,0.0,55.985683209100785,1.0,2018
2018-04-09,115265.00416139296,0.0,55.985683209100785,1.0,2018
2018-04-10,117262.5733382937,0.0,55.985683209100785,1.0,2018
2018-04-11,117650.55412293275,0.0,55.985683209100785,1.0,2018
2018-04-12,116669.68495310932,0.0,55.985683209100785,1.0,2018
2018-04-13,115848.37498043179,0.0,55.985683209100785,1.0,2018
2018-04-16,114052.91411991593,0.0,55.985683209100785,1.0,2018
2018-04-17,112561.45551922549,0.0,55.985683209100785,1.0,2018
2018-04-18,112937.67931039065,0.0,55.985683209100785,1.0,2018
2018-04-19,114294.77227137925,0.0,55.985683209100785,1.0,2018
2018-04-20,112708.13800923334,0.0,55.985683209100785,1.0,2018
2018-04-23,112817.86994832316,0.0,55.985683209100785,1.0,2018
2018-04-24,115092.56825710894,0.0,55.985683209100785,1.0,2018
2018-04-25,114689.47133800342,0.0,55.985683209100785,1.0,2018
2018-04-26,112994.22485043184,0.0,55.985683209100785,1.0,2018
2018-04-27,113182.33674601442,0.0,55.985683209100785,1.0,2018
2018-05-02,113365.96978694027,0.0,55.985683209100785,1.0,2018
2018-05-03,114018.20299632629,0.0,55.985683209100785,1.0,2018
2018-05-04,113911.27034139691,0.0,55.985683209100785,1.0,2018
2018-05-07,115632.27024324467,0.0,55.985683209100785,1.0,2018
2018-05-08,116604.18170375466,0.0,55.985683209100785,1.0,2018
2018-05-09,116700.4770788743,0.0,55.985683209100785,1.0,2018
2018-05-10,117412.61496929408,0.0,55.985683209100785,1.0,2018
2018-05-11,116900.3459679308,0.0,55.985683209100785,1.0,2018
2018-05-14,117745.16992755614,117745.16992755614,0.0,0.0,2018
2018-05-15,117745.16992755614,117745.16992755614,0.0,0.0,2018
2018-05-16,117745.16992755614,117745.16992755614,0.0,0.0,2018
2018-05-17,117745.16992755614,117745.16992755614,0.0,0.0,2018
2018-05-18,117745.16992755614,117745.16992755614,0.0,0.0,2018
2018-05-21,117745.16992755614,117745.16992755614,0.0,0.0,2018
2018-05-22,117745.16992755614,117745.16992755614,0.0,0.0,2018
2018-05-23,117745.16992755614,117745.16992755614,0.0,0.0,2018
2018-05-24,117745.16992755614,117745.16992755614,0.0,0.0,2018
2018-05-25,117745.16992755614,117745.16992755614,0.0,0.0,2018
2018-05-28,117745.16992755614,117745.16992755614,0.0,0.0,2018
2018-05-29,117745.16992755614,117745.16992755614,0.0,0.0,2018
2018-05-30,117745.16992755614,0.0,57.68004993144544,1.0,2018
2018-05-31,120246.17689258362,0.0,57.68004993144544,1.0,2018
2018-06-01,119192.93918083541,0.0,57.68004993144544,1.0,2018
2018-06-04,120307.89454601028,0.0,57.68004993144544,1.0,2018
2018-06-05,121241.73455440036,0.0,57.68004993144544,1.0,2018
2018-06-06,121450.53633515221,0.0,57.68004993144544,1.0,2018
2018-06-07,120966.60071622736,0.0,57.68004993144544,1.0,2018
2018-06-08,119718.98123621022,0.0,57.68004993144544,1.0,2018
2018-06-11,119233.89201628674,0.0,57.68004993144544,1.0,2018
2018-06-12,120825.28459389533,0.0,57.68004993144544,1.0,2018
2018-06-13,119812.42291709916,0.0,57.68004993144544,1.0,2018
2018-06-14,119483.6466324899,0.0,57.68004993144544,1.0,2018
2018-06-15,118764.37640984479,0.0,57.68004993144544,1.0,2018
2018-06-19,114583.14959031431,0.0,57.68004993144544,1.0,2018
2018-06-20,114919.42428141463,0.0,57.68004993144544,1.0,2018
2018-06-21,114087.10116090388,0.0,57.68004993144544,1.0,2018
2018-06-22,114445.87107147748,0.0,57.68004993144544,1.0,2018
2018-06-25,113544.33189104898,0.0,57.68004993144544,1.0,2018
2018-06-26,112448.98774285082,0.0,57.68004993144544,1.0,2018
2018-06-27,111021.98330754686,0.0,57.68004993144544,1.0,2018
2018-06-28,109604.78448073125,0.0,57.68004993144544,1.0,2018
2018-06-29,111697.41669224409,0.0,57.68004993144544,1.0,2018
2018-07-02,109156.03369226461,0.0,57.68004993144544,1.0,2018
2018-07-03,109222.94255018508,0.0,57.68004993144544,1.0,2018
2018-07-04,108361.20260420929,0.0,57.68004993144544,1.0,2018
2018-07-05,107310.27209445836,0.0,57.68004993144544,1.0,2018
2018-07-06,107652.31479055181,0.0,57.68004993144544,1.0,2018
2018-07-09,110074.30008717321,0.0,57.68004993144544,1.0,2018
2018-07-10,110510.36126465494,0.0,57.68004993144544,1.0,2018
2018-07-11,108762.65575173213,0.0,57.68004993144544,1.0,2018
2018-07-12,110792.99350931903,0.0,57.68004993144544,1.0,2018
2018-07-13,111101.00497595295,0.0,57.68004993144544,1.0,2018
2018-07-16,110456.7188182187,0.0,57.68004993144544,1.0,2018
2018-07-17,109694.188558125,0.0,57.68004993144544,1.0,2018
2018-07-18,109769.17262303586,0.0,57.68004993144544,1.0,2018
2018-07-19,109573.06045326896,0.0,57.68004993144544,1.0,2018
2018-07-20,111488.61491149226,0.0,57.68004993144544,1.0,2018
2018-07-23,112478.98136881518,0.0,57.68004993144544,1.0,2018
2018-07-24,114015.00109848958,0.0,57.68004993144544,1.0,2018
2018-07-25,114010.96349499436,114010.96349499436,0.0,0.0,2018
2018-07-26,114010.96349499436,57005.48174749718,29.03716998736606,0.5,2018
2018-07-27,113787.37728609164,57005.48174749718,29.03716998736606,0.5,2018
2018-07-30,113780.11799359479,57005.48174749718,29.03716998736606,0.5,2018
2018-07-31,113784.76394079276,113784.76394079276,0.0,0.0,2018
2018-08-01,113784.76394079276,56892.38197039638,29.567078948121477,0.5,2018
2018-08-02,112663.28463629051,56892.38197039638,29.567078948121477,0.5,2018
2018-08-03,112074.01275285445,56892.38197039638,29.567078948121477,0.5,2018
2018-08-06,111323.60028915113,56892.38197039638,29.567078948121477,0.5,2018
2018-08-07,112690.19067813331,56892.38197039638,29.567078948121477,0.5,2018
2018-08-08,112129.8945320664,56892.38197039638,29.567078948121477,0.5,2018
2018-08-09,113019.86360840486,56892.38197039638,29.567078948121477,0.5,2018
2018-08-10,112825.90357050518,56892.38197039638,29.567078948121477,0.5,2018
2018-08-13,112539.69424628737,28446.19098519819,44.681389778854765,1.0,2018
2018-08-14,112290.37209132136,28446.19098519819,44.681389778854765,1.0,2018
2018-08-15,110604.54325496517,28446.19098519819,44.681389778854765,1.0,2018
2018-08-16,109890.08783240129,28446.19098519819,44.681389778854765,1.0,2018
2018-08-17,109027.73700966939,28446.19098519819,44.681389778854765,1.0,2018
2018-08-20,109689.46839229423,28446.19098519819,44.681389778854765,1.0,2018
2018-08-21,110818.1202981081,28446.19098519819,44.681389778854765,1.0,2018
2018-08-22,110360.58286677263,28446.19098519819,44.681389778854765,1.0,2018
2018-08-23,110374.88091150187,28446.19098519819,44.681389778854765,1.0,2018
2018-08-24,110671.56533963347,28446.19098519819,44.681389778854765,1.0,2018
2018-08-27,112271.15909371646,28446.19098519819,44.681389778854765,1.0,2018
2018-08-28,112154.98748029144,28446.19098519819,44.681389778854765,1.0,2018
2018-08-29,111600.93824703364,28446.19098519819,44.681389778854765,1.0,2018
2018-08-30,111090.22996186133,28446.19098519819,44.681389778854765,1.0,2018
2018-08-31,110672.01215353125,28446.19098519819,44.681389778854765,1.0,2018
2018-09-03,110509.37189473622,28446.19098519819,44.681389778854765,1.0,2018
2018-09-04,111239.91261762049,28446.19098519819,44.681389778854765,1.0,2018
2018-09-05,109868.19395140964,28446.19098519819,44.681389778854765,1.0,2018
2018-09-06,109276.16553683982,28446.19098519819,44.681389778854765,1.0,2018
2018-09-07,109677.40441705394,28446.19098519819,44.681389778854765,1.0,2018
2018-09-10,108945.0764385785,28446.19098519819,44.681389778854765,1.0,2018
2018-09-11,108542.49711667103,28446.19098519819,44.681389778854765,1.0,2018
2018-09-12,108246.70631633501,28446.19098519819,44.681389778854765,1.0,2018
2018-09-13,108905.31000167533,28446.19098519819,44.681389778854765,1.0,2018
2018-09-14,109099.67404721335,28446.19098519819,44.681389778854765,1.0,2018
2018-09-17,108437.49585069073,28446.19098519819,44.681389778854765,1.0,2018
2018-09-18,109740.40517664213,28446.19098519819,44.681389778854765,1.0,2018
2018-09-19,110576.8407933023,28446.19098519819,44.681389778854765,1.0,2018
2018-09-20,110531.71258962565,28446.19098519819,44.681389778854765,1.0,2018
2018-09-21,112696.97273830895,28446.19098519819,44.681389778854765,1.0,2018
2018-09-25,112228.26495952875,28446.19098519819,44.681389778854765,1.0,2018
2018-09-26,112996.78486372506,28446.19098519819,44.681389778854765,1.0,2018
2018-09-27,112852.91078863715,28446.19098519819,44.681389778854765,1.0,2018
2018-09-28,113698.72949715087,113698.72949715087,0.0,0.0,2018
2018-10-08,113698.72949715087,56849.36474857543,30.800310308372488,0.5,2018
2018-10-09,113664.23314960548,56849.36474857543,30.800310308372488,0.5,2018
2018-10-10,113844.10696180639,56849.36474857543,30.800310308372488,0.5,2018
2018-10-11,111322.79355996301,56849.36474857543,30.800310308372488,0.5,2018
2018-10-12,112060.15298874545,56849.36474857543,30.800310308372488,0.5,2018
2018-10-15,111009.86240722996,56849.36474857543,30.800310308372488,0.5,2018
2018-10-16,110484.10111026603,56849.36474857543,30.800310308372488,0.5,2018
2018-10-17,110750.52379443345,56849.36474857543,30.800310308372488,0.5,2018
2018-10-18,109714.70935876289,28424.682374287717,47.36104672275833,1.0,2018
2018-10-19,111822.27593792565,28424.682374287717,47.36104672275833,1.0,2018
2018-10-22,114975.57442872689,28424.682374287717,47.36104672275833,1.0,2018
2018-10-23,112856.16758788345,28424.682374287717,47.36104672275833,1.0,2018
2018-10-24,112869.42868096582,28424.682374287717,47.36104672275833,1.0,2018
2018-10-25,112829.6454017187,28424.682374287717,47.36104672275833,1.0,2018
2018-10-26,112630.25539501589,28424.682374287717,47.36104672275833,1.0,2018
2018-10-29,110518.89993211532,28424.682374287717,47.36104672275833,1.0,2018
2018-10-30,111186.21708043899,28424.682374287717,47.36104672275833,1.0,2018
2018-10-31,112173.69490460849,28424.682374287717,47.36104672275833,1.0,2018
2018-11-01,112384.925172992,28424.682374287717,47.36104672275833,1.0,2018
2018-11-02,114617.52491550283,28424.682374287717,47.36104672275833,1.0,2018
2018-11-05,114328.14892002678,28424.682374287717,47.36104672275833,1.0,2018
2018-11-06,114139.17834360297,28424.682374287717,47.36104672275833,1.0,2018
2018-11-07,113706.29837655697,28424.682374287717,47.36104672275833,1.0,2018
2018-11-08,113599.26241096354,28424.682374287717,47.36104672275833,1.0,2018
2018-11-09,112674.77477893529,28424.682374287717,47.36104672275833,1.0,2018
2018-11-12,113718.61224870489,28424.682374287717,47.36104672275833,1.0,2018
2018-11-13,114414.34602506219,28424.682374287717,47.36104672275833,1.0,2018
2018-11-14,113801.49408046971,28424.682374287717,47.36104672275833,1.0,2018
2018-11-15,114611.36797942888,28424.682374287717,47.36104672275833,1.0,2018
2018-11-16,114917.32034125789,114917.32034125789,0.0,0.0,2018
2018-11-19,114917.32034125789,57458.660170628944,31.223799421063212,0.5,2018
2018-11-20,113797.63489401856,57458.660170628944,31.223799421063212,0.5,2018
2018-11-21,113946.57241725703,57458.660170628944,31.223799421063212,0.5,2018
2018-11-22,113855.71116094175,57458.660170628944,31.223799421063212,0.5,2018
2018-11-23,112509.96540589392,57458.660170628944,31.223799421063212,0.5,2018
2018-11-26,112474.99475054233,57458.660170628944,31.223799421063212,0.5,2018
2018-11-27,112391.62720608807,57458.660170628944,31.223799421063212,0.5,2018
2018-11-28,112894.018138773,57458.660170628944,31.223799421063212,0.5,2018
2018-11-29,112409.42477175809,57458.660170628944,31.223799421063212,0.5,2018
2018-11-30,112881.52861900456,57458.660170628944,31.223799421063212,0.5,2018
2018-12-03,114238.82717983818,57458.660170628944,31.223799421063212,0.5,2018
2018-12-04,114541.07355823409,57458.660170628944,31.223799421063212,0.5,2018
2018-12-05,114360.91223557453,57458.660170628944,31.223799421063212,0.5,2018
2018-12-06,113431.6919648037,57458.660170628944,31.223799421063212,0.5,2018
2018-12-07,113452.92414841002,57458.660170628944,31.223799421063212,0.5,2018
2018-12-10,113010.79514860778,57458.660170628944,31.223799421063212,0.5,2018
2018-12-11,113145.05748611834,57458.660170628944,31.223799421063212,0.5,2018
2018-12-12,113327.09223674313,57458.660170628944,31.223799421063212,0.5,2018
2018-12-13,114004.336446186,57458.660170628944,31.223799421063212,0.5,2018
2018-12-14,113167.85085969573,57458.660170628944,31.223799421063212,0.5,2018
2018-12-17,113282.12996557681,57458.660170628944,31.223799421063212,0.5,2018
2018-12-18,113040.769996052,57458.660170628944,31.223799421063212,0.5,2018
2018-12-19,112672.64140087765,57458.660170628944,31.223799421063212,0.5,2018
2018-12-20,112559.2990089792,57458.660170628944,31.223799421063212,0.5,2018
2018-12-21,112240.50401689013,28729.330085314472,47.59854654718788,1.0,2018
2018-12-24,112707.44575851805,28729.330085314472,47.59854654718788,1.0,2018
2018-12-25,112265.25526109467,28729.330085314472,47.59854654718788,1.0,2018
2018-12-26,112406.62294433982,28729.330085314472,47.59854654718788,1.0,2018
2018-12-27,112167.20225520748,28729.330085314472,47.59854654718788,1.0,2018
2018-12-28,112527.52325256968,28729.330085314472,47.59854654718788,1.0,2018
2019-01-02,111421.33303081304,28729.330085314472,47.59854654718788,1.0,2019
2019-01-03,110919.64435020568,28729.330085314472,47.59854654718788,1.0,2019
2019-01-04,112210.5169325654,28729.330085314472,47.59854654718788,1.0,2019
2019-01-07,112886.41629353547,28729.330085314472,47.59854654718788,1.0,2019
2019-01-08,112932.58688368625,28729.330085314472,47.59854654718788,1.0,2019
2019-01-09,113619.43391036218,28729.330085314472,47.59854654718788,1.0,2019
2019-01-10,113102.03770939424,28729.330085314472,47.59854654718788,1.0,2019
2019-01-11,113450.93505558513,28729.330085314472,47.59854654718788,1.0,2019
2019-01-14,112989.2291540774,28729.330085314472,47.59854654718788,1.0,2019
2019-01-15,114166.34121018936,28729.330085314472,47.59854654718788,1.0,2019
2019-01-16,114176.33690496428,28729.330085314472,47.59854654718788,1.0,2019
2019-01-17,114215.84369859843,28729.330085314472,47.59854654718788,1.0,2019
2019-01-18,115183.99813536824,28729.330085314472,47.59854654718788,1.0,2019
2019-01-21,115572.87826065876,28729.330085314472,47.59854654718788,1.0,2019
2019-01-22,114704.20478617259,114704.20478617259,0.0,0.0,2019
2019-01-23,114704.20478617259,57352.102393086294,31.632765817505376,0.5,2019
2019-01-24,114935.12397664037,114935.12397664037,0.0,0.0,2019
2019-01-25,114935.12397664037,57467.56198832019,31.35113008969858,0.5,2019
2019-01-28,114915.05925338296,114915.05925338296,0.0,0.0,2019
2019-01-29,114915.05925338296,57457.52962669148,31.286600867247564,0.5,2019
2019-01-30,114517.71942236891,57457.52962669148,31.286600867247564,0.5,2019
2019-01-31,114818.38365670317,57457.52962669148,31.286600867247564,0.5,2019
2019-02-01,115552.99304506613,115552.99304506613,0.0,0.0,2019
2019-02-11,115552.99304506613,57776.49652253307,30.68924670409643,0.5,2019
2019-02-12,116036.6555731227,116036.6555731227,0.0,0.0,2019
2019-02-13,116036.6555731227,58018.32778656135,30.16948217784042,0.5,2019
2019-02-14,116097.89962194371,116097.89962194371,0.0,0.0,2019
2019-02-15,116097.89962194371,58048.949810971855,30.70658143658188,0.5,2019
2019-02-18,117639.37001006011,117639.37001006011,0.0,0.0,2019
2019-02-19,117639.37001006011,117639.37001006011,0.0,0.0,2019
2019-02-20,117639.37001006011,117639.37001006011,0.0,0.0,2019
2019-02-21,117639.37001006011,117639.37001006011,0.0,0.0,2019
2019-02-22,117639.37001006011,117639.37001006011,0.0,0.0,2019
2019-02-25,117639.37001006011,117639.37001006011,0.0,0.0,2019
2019-02-26,117639.37001006011,117639.37001006011,0.0,0.0,2019
2019-02-27,117639.37001006011,117639.37001006011,0.0,0.0,2019
2019-02-28,117639.37001006011,117639.37001006011,0.0,0.0,2019
2019-03-01,117639.37001006011,117639.37001006011,0.0,0.0,2019
2019-03-04,117639.37001006011,117639.37001006011,0.0,0.0,2019
2019-03-05,117639.37001006011,117639.37001006011,0.0,0.0,2019
2019-03-06,117639.37001006011,117639.37001006011,0.0,0.0,2019
2019-03-07,117639.37001006011,117639.37001006011,0.0,0.0,2019
2019-03-08,117639.37001006011,117639.37001006011,0.0,0.0,2019
2019-03-11,117639.37001006011,117639.37001006011,0.0,0.0,2019
2019-03-12,117639.37001006011,117639.37001006011,0.0,0.0,2019
2019-03-13,117639.37001006011,117639.37001006011,0.0,0.0,2019
2019-03-14,117639.37001006011,117639.37001006011,0.0,0.0,2019
2019-03-15,117639.37001006011,117639.37001006011,0.0,0.0,2019
2019-03-18,117639.37001006011,117639.37001006011,0.0,0.0,2019
2019-03-19,117639.37001006011,117639.37001006011,0.0,0.0,2019
2019-03-20,117639.37001006011,117639.37001006011,0.0,0.0,2019
2019-03-21,117639.37001006011,117639.37001006011,0.0,0.0,2019
2019-03-22,117639.37001006011,117639.37001006011,0.0,0.0,2019
2019-03-25,117639.37001006011,117639.37001006011,0.0,0.0,2019
2019-03-26,117639.37001006011,117639.37001006011,0.0,0.0,2019
2019-03-27,117639.37001006011,117639.37001006011,0.0,0.0,2019
2019-03-28,117639.37001006011,117639.37001006011,0.0,0.0,2019
2019-03-29,117639.37001006011,117639.37001006011,0.0,0.0,2019
2019-04-01,117639.37001006011,117639.37001006011,0.0,0.0,2019
2019-04-02,117639.37001006011,117639.37001006011,0.0,0.0,2019
2019-04-03,117639.37001006011,117639.37001006011,0.0,0.0,2019
2019-04-04,117639.37001006011,117639.37001006011,0.0,0.0,2019
2019-04-08,117639.37001006011,117639.37001006011,0.0,0.0,2019
2019-04-09,117639.37001006011,117639.37001006011,0.0,0.0,2019
2019-04-10,117639.37001006011,117639.37001006011,0.0,0.0,2019
2019-04-11,117639.37001006011,117639.37001006011,0.0,0.0,2019
2019-04-12,117639.37001006011,117639.37001006011,0.0,0.0,2019
2019-04-15,117639.37001006011,117639.37001006011,0.0,0.0,2019
2019-04-16,117639.37001006011,117639.37001006011,0.0,0.0,2019
2019-04-17,117639.37001006011,117639.37001006011,0.0,0.0,2019
2019-04-18,117639.37001006011,117639.37001006011,0.0,0.0,2019
2019-04-19,117639.37001006011,117639.37001006011,0.0,0.0,2019
2019-04-22,117639.37001006011,117639.37001006011,0.0,0.0,2019
2019-04-23,117639.37001006011,117639.37001006011,0.0,0.0,2019
2019-04-24,117639.37001006011,117639.37001006011,0.0,0.0,2019
2019-04-25,117639.37001006011,0.0,54.284737993087525,1.0,2019
2019-04-26,116147.08256263015,0.0,54.284737993087525,1.0,2019
2019-04-29,116283.33725499279,0.0,54.284737993087525,1.0,2019
2019-04-30,117472.71586442135,0.0,54.284737993087525,1.0,2019
2019-05-06,111559.4793548343,0.0,54.284737993087525,1.0,2019
2019-05-07,112913.34072038191,0.0,54.284737993087525,1.0,2019
2019-05-08,111294.02698604812,0.0,54.284737993087525,1.0,2019
2019-05-09,109815.85357049634,0.0,54.284737993087525,1.0,2019
2019-05-10,113246.10616427954,0.0,54.284737993087525,1.0,2019
2019-05-13,112168.01126773682,0.0,54.284737993087525,1.0,2019
2019-05-14,111526.90851203846,0.0,54.284737993087525,1.0,2019
2019-05-15,113939.32226845127,0.0,54.284737993087525,1.0,2019
2019-05-16,114623.30996716417,0.0,54.284737993087525,1.0,2019
2019-05-17,111603.99283998864,0.0,54.284737993087525,1.0,2019
2019-05-20,110285.41655413654,0.0,54.284737993087525,1.0,2019
2019-05-21,111987.78593759977,0.0,54.284737993087525,1.0,2019
2019-05-22,111261.45614325228,0.0,54.284737993087525,1.0,2019
2019-05-23,109605.22878708315,0.0,54.284737993087525,1.0,2019
2019-05-24,109708.36978927003,0.0,54.284737993087525,1.0,2019
2019-05-27,111069.28817075673,0.0,54.284737993087525,1.0,2019
2019-05-28,111911.24445702952,0.0,54.284737993087525,1.0,2019
2019-05-29,111495.96621138239,0.0,54.284737993087525,1.0,2019
2019-05-30,111314.11233910556,0.0,54.284737993087525,1.0,2019
2019-05-31,110847.26359236501,0.0,54.284737993087525,1.0,2019
2019-06-03,110834.77810262659,0.0,54.284737993087525,1.0,2019
2019-06-04,110099.21990282026,0.0,54.284737993087525,1.0,2019
2019-06-05,109734.96931088663,0.0,54.284737993087525,1.0,2019
2019-06-06,108755.12979011142,0.0,54.284737993087525,1.0,2019
2019-06-10,109778.39710128111,0.0,54.284737993087525,1.0,2019
2019-06-11,112705.43017386839,0.0,54.284737993087525,1.0,2019
2019-06-12,111681.62001531875,0.0,54.284737993087525,1.0,2019
2019-06-13,111254.94197469308,0.0,54.284737993087525,1.0,2019
2019-06-14,110229.50327400367,0.0,54.284737993087525,1.0,2019
2019-06-17,110535.12634890476,0.0,54.284737993087525,1.0,2019
2019-06-18,110634.4674194321,0.0,54.284737993087525,1.0,2019
2019-06-19,111563.82213387375,0.0,54.284737993087525,1.0,2019
2019-06-20,113610.89960359308,0.0,54.284737993087525,1.0,2019
2019-06-21,113727.61179027823,0.0,54.284737993087525,1.0,2019
2019-06-24,113988.72138002497,0.0,54.284737993087525,1.0,2019
2019-06-25,113055.02388654387,0.0,54.284737993087525,1.0,2019
2019-06-26,112844.3991031307,0.0,54.284737993087525,1.0,2019
2019-06-27,113170.65037846916,0.0,54.284737993087525,1.0,2019
2019-06-28,112722.80129002618,0.0,54.284737993087525,1.0,2019
2019-07-01,114862.16281433376,0.0,54.284737993087525,1.0,2019
2019-07-02,115039.67390757115,0.0,54.284737993087525,1.0,2019
2019-07-03,114673.25192611781,0.0,54.284737993087525,1.0,2019
2019-07-04,114357.31475099803,114357.31475099803,0.0,0.0,2019
2019-07-05,114357.31475099803,114357.31475099803,0.0,0.0,2019
2019-07-08,114357.31475099803,114357.31475099803,0.0,0.0,2019
2019-07-09,114357.31475099803,114357.31475099803,0.0,0.0,2019
2019-07-10,114357.31475099803,114357.31475099803,0.0,0.0,2019
2019-07-11,114357.31475099803,114357.31475099803,0.0,0.0,2019
2019-07-12,114357.31475099803,114357.31475099803,0.0,0.0,2019
2019-07-15,114357.31475099803,114357.31475099803,0.0,0.0,2019
2019-07-16,114357.31475099803,114357.31475099803,0.0,0.0,2019
2019-07-17,114357.31475099803,114357.31475099803,0.0,0.0,2019
2019-07-18,114357.31475099803,114357.31475099803,0.0,0.0,2019
2019-07-19,114357.31475099803,0.0,56.02180705971588,1.0,2019
2019-07-22,113561.80509075006,0.0,56.02180705971588,1.0,2019
2019-07-23,114035.18936040466,0.0,56.02180705971588,1.0,2019
2019-07-24,115040.22057905595,0.0,56.02180705971588,1.0,2019
2019-07-25,115411.64515986187,0.0,56.02180705971588,1.0,2019
2019-07-26,115546.65771487581,0.0,56.02180705971588,1.0,2019
2019-07-29,115787.55148523257,0.0,56.02180705971588,1.0,2019
2019-07-30,116295.66927526421,0.0,56.02180705971588,1.0,2019
2019-07-31,115627.88933511238,0.0,56.02180705971588,1.0,2019
2019-08-01,114866.55297717084,0.0,56.02180705971588,1.0,2019
2019-08-02,113313.62848547554,0.0,56.02180705971588,1.0,2019
2019-08-05,111661.54539528451,0.0,56.02180705971588,1.0,2019
2019-08-06,110044.7560435411,0.0,56.02180705971588,1.0,2019
2019-08-07,109910.30370659778,0.0,56.02180705971588,1.0,2019
2019-08-08,111005.53003461524,0.0,56.02180705971588,1.0,2019
2019-08-09,110226.82691648518,0.0,56.02180705971588,1.0,2019
2019-08-12,111385.35788648011,0.0,56.02180705971588,1.0,2019
2019-08-13,110822.89894360056,0.0,56.02180705971588,1.0,2019
2019-08-14,111149.5060787587,0.0,56.02180705971588,1.0,2019
2019-08-15,111351.74480224428,0.0,56.02180705971588,1.0,2019
2019-08-16,111601.6020617306,0.0,56.02180705971588,1.0,2019
2019-08-19,113425.67209959496,0.0,56.02180705971588,1.0,2019
2019-08-20,113164.05026062609,0.0,56.02180705971588,1.0,2019
2019-08-21,112871.05620970376,0.0,56.02180705971588,1.0,2019
2019-08-22,113069.93362476576,0.0,56.02180705971588,1.0,2019
2019-08-23,113706.90157103473,0.0,56.02180705971588,1.0,2019
2019-08-26,112919.23496377513,0.0,56.02180705971588,1.0,2019
2019-08-27,114493.44774215315,114493.44774215315,0.0,0.0,2019
2019-08-28,114493.44774215315,114493.44774215315,0.0,0.0,2019
2019-08-29,114493.44774215315,114493.44774215315,0.0,0.0,2019
2019-08-30,114493.44774215315,114493.44774215315,0.0,0.0,2019
2019-09-02,114493.44774215315,114493.44774215315,0.0,0.0,2019
2019-09-03,114493.44774215315,114493.44774215315,0.0,0.0,2019
2019-09-04,114493.44774215315,114493.44774215315,0.0,0.0,2019
2019-09-05,114493.44774215315,114493.44774215315,0.0,0.0,2019
2019-09-06,114493.44774215315,114493.44774215315,0.0,0.0,2019
2019-09-09,114493.44774215315,114493.44774215315,0.0,0.0,2019
2019-09-10,114493.44774215315,114493.44774215315,0.0,0.0,2019
2019-09-11,114493.44774215315,114493.44774215315,0.0,0.0,2019
2019-09-12,114493.44774215315,114493.44774215315,0.0,0.0,2019
2019-09-16,114493.44774215315,114493.44774215315,0.0,0.0,2019
2019-09-17,114493.44774215315,114493.44774215315,0.0,0.0,2019
2019-09-18,114493.44774215315,114493.44774215315,0.0,0.0,2019
2019-09-19,114493.44774215315,114493.44774215315,0.0,0.0,2019
2019-09-20,114493.44774215315,114493.44774215315,0.0,0.0,2019
2019-09-23,114493.44774215315,114493.44774215315,0.0,0.0,2019
2019-09-24,114493.44774215315,114493.44774215315,0.0,0.0,2019
2019-09-25,114493.44774215315,114493.44774215315,0.0,0.0,2019
2019-09-26,114493.44774215315,0.0,56.49143340643257,1.0,2019
2019-09-27,114297.42246823282,0.0,56.49143340643257,1.0,2019
2019-09-30,113765.27316554423,0.0,56.49143340643257,1.0,2019
2019-10-08,114275.39080920433,0.0,56.49143340643257,1.0,2019
2019-10-09,114678.17472939218,0.0,56.49143340643257,1.0,2019
2019-10-10,115322.74198455959,0.0,56.49143340643257,1.0,2019
2019-10-11,116350.88607255665,0.0,56.49143340643257,1.0,2019
2019-10-14,117730.9717906758,0.0,56.49143340643257,1.0,2019
2019-10-15,117187.5242013059,0.0,56.49143340643257,1.0,2019
2019-10-16,116976.24624036586,0.0,56.49143340643257,1.0,2019
2019-10-17,116722.59970437096,0.0,56.49143340643257,1.0,2019
2019-10-18,115719.31184707273,0.0,56.49143340643257,1.0,2019
2019-10-21,115964.48466805666,0.0,56.49143340643257,1.0,2019
2019-10-22,116228.86457639876,0.0,56.49143340643257,1.0,2019
2019-10-23,115858.84568758661,0.0,56.49143340643257,1.0,2019
2019-10-24,115962.22501072039,0.0,56.49143340643257,1.0,2019
2019-10-25,116369.52824558076,0.0,56.49143340643257,1.0,2019
2019-10-28,116829.36851350914,0.0,56.49143340643257,1.0,2019
2019-10-29,116687.57501565898,0.0,56.49143340643257,1.0,2019
2019-10-30,116030.01473080812,0.0,56.49143340643257,1.0,2019
2019-10-31,115760.55059345944,0.0,56.49143340643257,1.0,2019
2019-11-01,117098.26773652375,0.0,56.49143340643257,1.0,2019
2019-11-04,117723.06298999889,0.0,56.49143340643257,1.0,2019
2019-11-05,118542.18877439215,0.0,56.49143340643257,1.0,2019
2019-11-06,118247.86840634464,0.0,56.49143340643257,1.0,2019
2019-11-07,118558.57129008003,118558.57129008003,0.0,0.0,2019
2019-11-08,118558.57129008003,118558.57129008003,0.0,0.0,2019
2019-11-11,118558.57129008003,118558.57129008003,0.0,0.0,2019
2019-11-12,118558.57129008003,118558.57129008003,0.0,0.0,2019
2019-11-13,118558.57129008003,118558.57129008003,0.0,0.0,2019
2019-11-14,118558.57129008003,118558.57129008003,0.0,0.0,2019
2019-11-15,118558.57129008003,118558.57129008003,0.0,0.0,2019
2019-11-18,118558.57129008003,118558.57129008003,0.0,0.0,2019
2019-11-19,118558.57129008003,118558.57129008003,0.0,0.0,2019
2019-11-20,118558.57129008003,118558.57129008003,0.0,0.0,2019
2019-11-21,118558.57129008003,118558.57129008003,0.0,0.0,2019
2019-11-22,118558.57129008003,118558.57129008003,0.0,0.0,2019
2019-11-25,118558.57129008003,118558.57129008003,0.0,0.0,2019
2019-11-26,118558.57129008003,118558.57129008003,0.0,0.0,2019
2019-11-27,118558.57129008003,118558.57129008003,0.0,0.0,2019
2019-11-28,118558.57129008003,118558.57129008003,0.0,0.0,2019
2019-11-29,118558.57129008003,118558.57129008003,0.0,0.0,2019
2019-12-02,118558.57129008003,118558.57129008003,0.0,0.0,2019
2019-12-03,118558.57129008003,118558.57129008003,0.0,0.0,2019
2019-12-04,118558.57129008003,118558.57129008003,0.0,0.0,2019
2019-12-05,118558.57129008003,118558.57129008003,0.0,0.0,2019
2019-12-06,118558.57129008003,118558.57129008003,0.0,0.0,2019
2019-12-09,118558.57129008003,118558.57129008003,0.0,0.0,2019
2019-12-10,118558.57129008003,118558.57129008003,0.0,0.0,2019
2019-12-11,118558.57129008003,118558.57129008003,0.0,0.0,2019
2019-12-12,118558.57129008003,118558.57129008003,0.0,0.0,2019
2019-12-13,118558.57129008003,118558.57129008003,0.0,0.0,2019
2019-12-16,118558.57129008003,118558.57129008003,0.0,0.0,2019
2019-12-17,118558.57129008003,118558.57129008003,0.0,0.0,2019
2019-12-18,118558.57129008003,118558.57129008003,0.0,0.0,2019
2019-12-19,118558.57129008003,118558.57129008003,0.0,0.0,2019
2019-12-20,118558.57129008003,118558.57129008003,0.0,0.0,2019
2019-12-23,118558.57129008003,118558.57129008003,0.0,0.0,2019
2019-12-24,118558.57129008003,118558.57129008003,0.0,0.0,2019
2019-12-25,118558.57129008003,118558.57129008003,0.0,0.0,2019
2019-12-26,118558.57129008003,118558.57129008003,0.0,0.0,2019
2019-12-27,118558.57129008003,118558.57129008003,0.0,0.0,2019
2019-12-30,118558.57129008003,118558.57129008003,0.0,0.0,2019
2019-12-31,118558.57129008003,118558.57129008003,0.0,0.0,2019
2020-01-02,118558.57129008003,118558.57129008003,0.0,0.0,2020
2020-01-03,118558.57129008003,118558.57129008003,0.0,0.0,2020
2020-01-06,118558.57129008003,118558.57129008003,0.0,0.0,2020
2020-01-07,118558.57129008003,118558.57129008003,0.0,0.0,2020
2020-01-08,118558.57129008003,118558.57129008003,0.0,0.0,2020
2020-01-09,118558.57129008003,118558.57129008003,0.0,0.0,2020
2020-01-10,118558.57129008003,118558.57129008003,0.0,0.0,2020
2020-01-13,118558.57129008003,118558.57129008003,0.0,0.0,2020
2020-01-14,118558.57129008003,118558.57129008003,0.0,0.0,2020
2020-01-15,118558.57129008003,118558.57129008003,0.0,0.0,2020
2020-01-16,118558.57129008003,118558.57129008003,0.0,0.0,2020
2020-01-17,118558.57129008003,118558.57129008003,0.0,0.0,2020
2020-01-20,118558.57129008003,118558.57129008003,0.0,0.0,2020
2020-01-21,118558.57129008003,118558.57129008003,0.0,0.0,2020
2020-01-22,118558.57129008003,118558.57129008003,0.0,0.0,2020
2020-01-23,118558.57129008003,0.0,56.68102735125834,1.0,2020
2020-02-03,109230.57461888345,0.0,56.68102735125834,1.0,2020
2020-02-04,111801.05920926302,0.0,56.68102735125834,1.0,2020
2020-02-05,113299.70557243029,0.0,56.68102735125834,1.0,2020
2020-02-06,114806.28727942673,0.0,56.68102735125834,1.0,2020
2020-02-07,114301.82613600053,0.0,56.68102735125834,1.0,2020
2020-02-10,115114.63206821759,0.0,56.68102735125834,1.0,2020
2020-02-11,115538.03934253148,0.0,56.68102735125834,1.0,2020
2020-02-12,116206.30865500281,0.0,56.68102735125834,1.0,2020
2020-02-13,115401.43806661495,0.0,56.68102735125834,1.0,2020
2020-02-14,115731.88845607277,0.0,56.68102735125834,1.0,2020
2020-02-17,118296.70494371722,0.0,56.68102735125834,1.0,2020
2020-02-18,118103.98945072293,0.0,56.68102735125834,1.0,2020
2020-02-19,117605.76322030538,0.0,56.68102735125834,1.0,2020
2020-02-20,119322.631538775,0.0,56.68102735125834,1.0,2020
2020-02-21,119562.95909474434,119562.95909474434,0.0,0.0,2020
2020-02-24,119562.95909474434,119562.95909474434,0.0,0.0,2020
2020-02-25,119562.95909474434,119562.95909474434,0.0,0.0,2020
2020-02-26,119562.95909474434,59781.47954737217,28.88468615491055,0.5,2020
2020-02-27,119903.22069764919,59781.47954737217,28.88468615491055,0.5,2020
2020-02-28,118041.02498124211,59781.47954737217,28.88468615491055,0.5,2020
2020-03-02,119842.56285672387,59781.47954737217,28.88468615491055,0.5,2020
2020-03-03,119955.79082645112,59781.47954737217,28.88468615491055,0.5,2020
2020-03-04,120226.44033572264,59781.47954737217,28.88468615491055,0.5,2020
2020-03-05,121237.69319800605,59781.47954737217,28.88468615491055,0.5,2020
2020-03-06,120786.2255534048,59781.47954737217,28.88468615491055,0.5,2020
2020-03-09,119203.05590525415,59781.47954737217,28.88468615491055,0.5,2020
2020-03-10,119881.557183033,59781.47954737217,28.88468615491055,0.5,2020
2020-03-11,119296.06459467296,59781.47954737217,28.88468615491055,0.5,2020
2020-03-12,118262.57052405027,59781.47954737217,28.88468615491055,0.5,2020
2020-03-13,117386.20914611028,59781.47954737217,28.88468615491055,0.5,2020
2020-03-16,115781.37598334345,29890.739773686084,44.302297476534946,1.0,2020
2020-03-17,115539.48543912156,29890.739773686084,44.302297476534946,1.0,2020
2020-03-18,114192.25257286013,29890.739773686084,44.302297476534946,1.0,2020
2020-03-19,113035.07656277304,29890.739773686084,44.302297476534946,1.0,2020
2020-03-20,114228.5804567909,29890.739773686084,44.302297476534946,1.0,2020
2020-03-23,111981.12490580628,29890.739773686084,44.302297476534946,1.0,2020
2020-03-24,114012.82826808016,29890.739773686084,44.302297476534946,1.0,2020
2020-03-25,115684.7969748446,29890.739773686084,44.302297476534946,1.0,2020
2020-03-26,115131.0182563879,29890.739773686084,44.302297476534946,1.0,2020
2020-03-27,115670.17721667734,29890.739773686084,44.302297476534946,1.0,2020
2020-03-30,115136.77755505987,29890.739773686084,44.302297476534946,1.0,2020
2020-03-31,115119.94268201878,29890.739773686084,44.302297476534946,1.0,2020
2020-04-01,114571.48023925928,29890.739773686084,44.302297476534946,1.0,2020
2020-04-02,115220.5088972905,29890.739773686084,44.302297476534946,1.0,2020
2020-04-03,114888.68468919127,29890.739773686084,44.302297476534946,1.0,2020
2020-04-07,116581.0324527949,29890.739773686084,44.302297476534946,1.0,2020
2020-04-08,116459.64415770919,29890.739773686084,44.302297476534946,1.0,2020
2020-04-09,116958.48802729498,29890.739773686084,44.302297476534946,1.0,2020
2020-04-10,116320.97796660765,29890.739773686084,44.302297476534946,1.0,2020
2020-04-13,116396.73489529252,116396.73489529252,0.0,0.0,2020
2020-04-14,116396.73489529252,58198.36744764626,29.502183551131587,0.5,2020
2020-04-15,116092.56738288034,58198.36744764626,29.502183551131587,0.5,2020
2020-04-16,116189.33454492808,58198.36744764626,29.502183551131587,0.5,2020
2020-04-17,116232.99777658374,58198.36744764626,29.502183551131587,0.5,2020
2020-04-20,116392.30956775986,58198.36744764626,29.502183551131587,0.5,2020
2020-04-21,115791.6451106588,58198.36744764626,29.502183551131587,0.5,2020
2020-04-22,116151.2767281471,58198.36744764626,29.502183551131587,0.5,2020
2020-04-23,116026.48249172582,58198.36744764626,29.502183551131587,0.5,2020
2020-04-24,115644.72423657417,58198.36744764626,29.502183551131587,0.5,2020
2020-04-27,115960.10257873578,58198.36744764626,29.502183551131587,0.5,2020
2020-04-28,115594.57052453725,58198.36744764626,29.502183551131587,0.5,2020
2020-04-29,116208.2159424008,58198.36744764626,29.502183551131587,0.5,2020
2020-04-30,116674.35044250867,58198.36744764626,29.502183551131587,0.5,2020
2020-05-06,116798.84965709444,58198.36744764626,29.502183551131587,0.5,2020
2020-05-07,116731.28965676235,58198.36744764626,29.502183551131587,0.5,2020
2020-05-08,117250.82310909778,58198.36744764626,29.502183551131587,0.5,2020
2020-05-11,117198.89926604778,58198.36744764626,29.502183551131587,0.5,2020
2020-05-12,116962.58677580323,58198.36744764626,29.502183551131587,0.5,2020
2020-05-13,117237.54712649978,58198.36744764626,29.502183551131587,0.5,2020
2020-05-14,116567.25751621806,58198.36744764626,29.502183551131587,0.5,2020
2020-05-15,116462.81978644706,58198.36744764626,29.502183551131587,0.5,2020
2020-05-18,116638.35777857629,58198.36744764626,29.502183551131587,0.5,2020
2020-05-19,116986.18852264414,58198.36744764626,29.502183551131587,0.5,2020
2020-05-20,116690.28162162629,58198.36744764626,29.502183551131587,0.5,2020
2020-05-21,116354.84179464992,58198.36744764626,29.502183551131587,0.5,2020
2020-05-22,115339.08161498446,58198.36744764626,29.502183551131587,0.5,2020
2020-05-25,115620.53244606225,58198.36744764626,29.502183551131587,0.5,2020
2020-05-26,116144.19620409483,58198.36744764626,29.502183551131587,0.5,2020
2020-05-27,116233.58782025476,58198.36744764626,29.502183551131587,0.5,2020
2020-05-28,116315.3088686914,58198.36744764626,29.502183551131587,0.5,2020
2020-05-29,116250.40406487891,58198.36744764626,29.502183551131587,0.5,2020
2020-06-01,117295.07638442448,58198.36744764626,29.502183551131587,0.5,2020
2020-06-02,117359.68616640146,58198.36744764626,29.502183551131587,0.5,2020
2020-06-03,117279.14520530686,58198.36744764626,29.502183551131587,0.5,2020
2020-06-04,117267.63935372193,58198.36744764626,29.502183551131587,0.5,2020
2020-06-05,117129.56913470263,58198.36744764626,29.502183551131587,0.5,2020
2020-06-08,117396.85891767588,58198.36744764626,29.502183551131587,0.5,2020
2020-06-09,117803.39900701048,58198.36744764626,29.502183551131587,0.5,2020
2020-06-10,117587.44302341618,58198.36744764626,29.502183551131587,0.5,2020
2020-06-11,117009.79026948503,117009.79026948503,0.0,0.0,2020
2020-06-12,117009.79026948503,58504.89513474252,29.392059851666676,0.5,2020
2020-06-15,116515.41582278,58504.89513474252,29.392059851666676,0.5,2020
2020-06-16,117110.89895537478,58504.89513474252,29.392059851666676,0.5,2020
2020-06-17,117243.7510659043,58504.89513474252,29.392059851666676,0.5,2020
2020-06-18,117532.9689348447,58504.89513474252,29.392059851666676,0.5,2020
2020-06-19,117784.27104657645,58504.89513474252,29.392059851666676,0.5,2020
2020-06-22,117526.79660227585,58504.89513474252,29.392059851666676,0.5,2020
2020-06-23,117444.7927552897,58504.89513474252,29.392059851666676,0.5,2020
2020-06-24,117554.1312179379,58504.89513474252,29.392059851666676,0.5,2020
2020-06-29,117234.05168615325,58504.89513474252,29.392059851666676,0.5,2020
2020-06-30,117525.32699928328,58504.89513474252,29.392059851666676,0.5,2020
2020-07-01,118568.45120341892,58504.89513474252,29.392059851666676,0.5,2020
2020-07-02,119838.77603020796,58504.89513474252,29.392059851666676,0.5,2020
2020-07-03,121018.86723325237,121018.86723325237,0.0,0.0,2020
2020-07-06,121018.86723325237,121018.86723325237,0.0,0.0,2020
2020-07-07,121018.86723325237,121018.86723325237,0.0,0.0,2020
2020-07-08,121018.86723325237,121018.86723325237,0.0,0.0,2020
2020-07-09,121018.86723325237,121018.86723325237,0.0,0.0,2020
2020-07-10,121018.86723325237,121018.86723325237,0.0,0.0,2020
2020-07-13,121018.86723325237,121018.86723325237,0.0,0.0,2020
2020-07-14,121018.86723325237,121018.86723325237,0.0,0.0,2020
2020-07-15,121018.86723325237,121018.86723325237,0.0,0.0,2020
2020-07-16,121018.86723325237,121018.86723325237,0.0,0.0,2020
2020-07-17,121018.86723325237,121018.86723325237,0.0,0.0,2020
2020-07-20,121018.86723325237,121018.86723325237,0.0,0.0,2020
2020-07-21,121018.86723325237,121018.86723325237,0.0,0.0,2020
2020-07-22,121018.86723325237,121018.86723325237,0.0,0.0,2020
2020-07-23,121018.86723325237,121018.86723325237,0.0,0.0,2020
2020-07-24,121018.86723325237,121018.86723325237,0.0,0.0,2020
2020-07-27,121018.86723325237,121018.86723325237,0.0,0.0,2020
2020-07-28,121018.86723325237,121018.86723325237,0.0,0.0,2020
2020-07-29,121018.86723325237,121018.86723325237,0.0,0.0,2020
2020-07-30,121018.86723325237,121018.86723325237,0.0,0.0,2020
2020-07-31,121018.86723325237,121018.86723325237,0.0,0.0,2020
2020-08-03,121018.86723325237,121018.86723325237,0.0,0.0,2020
2020-08-04,121018.86723325237,121018.86723325237,0.0,0.0,2020
2020-08-05,121018.86723325237,121018.86723325237,0.0,0.0,2020
2020-08-06,121018.86723325237,121018.86723325237,0.0,0.0,2020
2020-08-07,121018.86723325237,121018.86723325237,0.0,0.0,2020
2020-08-10,121018.86723325237,121018.86723325237,0.0,0.0,2020
2020-08-11,121018.86723325237,121018.86723325237,0.0,0.0,2020
2020-08-12,121018.86723325237,121018.86723325237,0.0,0.0,2020
2020-08-13,121018.86723325237,121018.86723325237,0.0,0.0,2020
2020-08-14,121018.86723325237,121018.86723325237,0.0,0.0,2020
2020-08-17,121018.86723325237,121018.86723325237,0.0,0.0,2020
2020-08-18,121018.86723325237,121018.86723325237,0.0,0.0,2020
2020-08-19,121018.86723325237,121018.86723325237,0.0,0.0,2020
2020-08-20,121018.86723325237,121018.86723325237,0.0,0.0,2020
2020-08-21,121018.86723325237,121018.86723325237,0.0,0.0,2020
2020-08-24,121018.86723325237,121018.86723325237,0.0,0.0,2020
2020-08-25,121018.86723325237,121018.86723325237,0.0,0.0,2020
2020-08-26,121018.86723325237,121018.86723325237,0.0,0.0,2020
2020-08-27,121018.86723325237,121018.86723325237,0.0,0.0,2020
2020-08-28,121018.86723325237,121018.86723325237,0.0,0.0,2020
2020-08-31,121018.86723325237,121018.86723325237,0.0,0.0,2020
2020-09-01,121018.86723325237,121018.86723325237,0.0,0.0,2020
2020-09-02,121018.86723325237,121018.86723325237,0.0,0.0,2020
2020-09-03,121018.86723325237,121018.86723325237,0.0,0.0,2020
2020-09-04,121018.86723325237,121018.86723325237,0.0,0.0,2020
2020-09-07,121018.86723325237,0.0,54.97783840546075,1.0,2020
2020-09-08,122473.58083746086,0.0,54.97783840546075,1.0,2020
2020-09-09,120455.3443895964,0.0,54.97783840546075,1.0,2020
2020-09-10,119567.4522993482,0.0,54.97783840546075,1.0,2020
2020-09-11,119908.31489746207,0.0,54.97783840546075,1.0,2020
2020-09-14,120201.89655454722,0.0,54.97783840546075,1.0,2020
2020-09-15,120548.25693650162,0.0,54.97783840546075,1.0,2020
2020-09-16,120678.00463513852,0.0,54.97783840546075,1.0,2020
2020-09-17,120625.22591026928,0.0,54.97783840546075,1.0,2020
2020-09-18,123033.25523242845,0.0,54.97783840546075,1.0,2020
2020-09-21,122233.87746201304,0.0,54.97783840546075,1.0,2020
2020-09-22,120627.97480218954,0.0,54.97783840546075,1.0,2020
2020-09-23,120470.73818434993,0.0,54.97783840546075,1.0,2020
2020-09-24,118306.810464711,0.0,54.97783840546075,1.0,2020
2020-09-25,118213.3481394217,0.0,54.97783840546075,1.0,2020
2020-09-28,118391.4763358554,0.0,54.97783840546075,1.0,2020
2020-09-29,118357.93985442807,0.0,54.97783840546075,1.0,2020
2020-09-30,117805.96235683725,0.0,54.97783840546075,1.0,2020
2020-10-09,119635.62481897099,0.0,54.97783840546075,1.0,2020
2020-10-12,122500.51997827952,0.0,54.97783840546075,1.0,2020
2020-10-13,122668.2023854162,0.0,54.97783840546075,1.0,2020
2020-10-14,122210.78676988275,0.0,54.97783840546075,1.0,2020
2020-10-15,122462.58526977975,0.0,54.97783840546075,1.0,2020
2020-10-16,123084.38462214555,0.0,54.97783840546075,1.0,2020
2020-10-19,122443.89280472192,0.0,54.97783840546075,1.0,2020
2020-10-20,122823.2398897196,0.0,54.97783840546075,1.0,2020
2020-10-21,123459.88325845484,0.0,54.97783840546075,1.0,2020
2020-10-22,123149.80824984802,123149.80824984802,0.0,0.0,2020
2020-10-23,123149.80824984802,123149.80824984802,0.0,0.0,2020
2020-10-26,123149.80824984802,123149.80824984802,0.0,0.0,2020
2020-10-27,123149.80824984802,123149.80824984802,0.0,0.0,2020
2020-10-28,123149.80824984802,123149.80824984802,0.0,0.0,2020
2020-10-29,123149.80824984802,123149.80824984802,0.0,0.0,2020
2020-10-30,123149.80824984802,0.0,56.23510018669627,1.0,2020
2020-11-02,123864.55637322094,0.0,56.23510018669627,1.0,2020
2020-11-03,125148.96606148509,0.0,56.23510018669627,1.0,2020
2020-11-04,126312.47028434783,0.0,56.23510018669627,1.0,2020
2020-11-05,128155.29451746587,0.0,56.23510018669627,1.0,2020
2020-11-06,128179.47561054614,0.0,56.23510018669627,1.0,2020
2020-11-09,129695.57391157947,0.0,56.23510018669627,1.0,2020
2020-11-10,128826.17926269316,0.0,56.23510018669627,1.0,2020
2020-11-11,129031.99972937648,0.0,56.23510018669627,1.0,2020
2020-11-12,128878.47790586679,0.0,56.23510018669627,1.0,2020
2020-11-13,127289.27397459075,0.0,56.23510018669627,1.0,2020
2020-11-16,129123.10059167891,0.0,56.23510018669627,1.0,2020
2020-11-17,129323.8598993454,0.0,56.23510018669627,1.0,2020
2020-11-18,129872.15212616569,0.0,56.23510018669627,1.0,2020
2020-11-19,130377.14332584223,130377.14332584223,0.0,0.0,2020
2020-11-20,130377.14332584223,130377.14332584223,0.0,0.0,2020
2020-11-23,130377.14332584223,130377.14332584223,0.0,0.0,2020
2020-11-24,130377.14332584223,130377.14332584223,0.0,0.0,2020
2020-11-25,130377.14332584223,130377.14332584223,0.0,0.0,2020
2020-11-26,130377.14332584223,130377.14332584223,0.0,0.0,2020
2020-11-27,130377.14332584223,130377.14332584223,0.0,0.0,2020
2020-11-30,130377.14332584223,130377.14332584223,0.0,0.0,2020
2020-12-01,130377.14332584223,130377.14332584223,0.0,0.0,2020
2020-12-02,130377.14332584223,130377.14332584223,0.0,0.0,2020
2020-12-03,130377.14332584223,130377.14332584223,0.0,0.0,2020
2020-12-04,130377.14332584223,130377.14332584223,0.0,0.0,2020
2020-12-07,130377.14332584223,130377.14332584223,0.0,0.0,2020
2020-12-08,130377.14332584223,130377.14332584223,0.0,0.0,2020
2020-12-09,130377.14332584223,130377.14332584223,0.0,0.0,2020
2020-12-10,130377.14332584223,130377.14332584223,0.0,0.0,2020
2020-12-11,130377.14332584223,0.0,57.68721469947489,1.0,2020
2020-12-14,130272.72946723619,0.0,57.68721469947489,1.0,2020
2020-12-15,129932.37490050928,0.0,57.68721469947489,1.0,2020
2020-12-16,129870.64958078082,0.0,57.68721469947489,1.0,2020
2020-12-17,131053.23748212006,0.0,57.68721469947489,1.0,2020
2020-12-18,131071.6973908239,0.0,57.68721469947489,1.0,2020
2020-12-21,131181.8799708999,0.0,57.68721469947489,1.0,2020
2020-12-22,128748.63325487605,0.0,57.68721469947489,1.0,2020
2020-12-23,129221.66841541174,0.0,57.68721469947489,1.0,2020
2020-12-24,128115.22763747582,0.0,57.68721469947489,1.0,2020
2020-12-25,129187.05608659206,0.0,57.68721469947489,1.0,2020
2020-12-28,129093.0259266319,0.0,57.68721469947489,1.0,2020
2020-12-29,128272.71373360539,0.0,57.68721469947489,1.0,2020
2020-12-30,128611.91455603827,0.0,57.68721469947489,1.0,2020
2020-12-31,129570.09919219656,0.0,57.68721469947489,1.0,2020
2021-01-04,129823.92293687425,0.0,57.68721469947489,1.0,2021
2021-01-05,129950.25793706611,0.0,57.68721469947489,1.0,2021
2021-01-06,130753.26396568281,0.0,57.68721469947489,1.0,2021
2021-01-07,130461.36665930347,0.0,57.68721469947489,1.0,2021
2021-01-08,131163.99693434307,0.0,57.68721469947489,1.0,2021
2021-01-11,129639.32384983594,0.0,57.68721469947489,1.0,2021
2021-01-12,131030.73946838728,0.0,57.68721469947489,1.0,2021
2021-01-13,132290.0513652768,0.0,57.68721469947489,1.0,2021
2021-01-14,132602.71606894798,132602.71606894798,0.0,0.0,2021
2021-01-15,132602.71606894798,132602.71606894798,0.0,0.0,2021
2021-01-18,132602.71606894798,132602.71606894798,0.0,0.0,2021
2021-01-19,132602.71606894798,132602.71606894798,0.0,0.0,2021
2021-01-20,132602.71606894798,132602.71606894798,0.0,0.0,2021
2021-01-21,132602.71606894798,132602.71606894798,0.0,0.0,2021
2021-01-22,132602.71606894798,132602.71606894798,0.0,0.0,2021
2021-01-25,132602.71606894798,132602.71606894798,0.0,0.0,2021
2021-01-26,132602.71606894798,132602.71606894798,0.0,0.0,2021
2021-01-27,132602.71606894798,132602.71606894798,0.0,0.0,2021
2021-01-28,132602.71606894798,132602.71606894798,0.0,0.0,2021
2021-01-29,132602.71606894798,132602.71606894798,0.0,0.0,2021
2021-02-01,132602.71606894798,132602.71606894798,0.0,0.0,2021
2021-02-02,132602.71606894798,132602.71606894798,0.0,0.0,2021
2021-02-03,132602.71606894798,0.0,59.15723459821995,1.0,2021
2021-02-04,131765.04962703717,0.0,59.15723459821995,1.0,2021
2021-02-05,132882.52978859755,0.0,59.15723459821995,1.0,2021
2021-02-08,133996.46051608204,0.0,59.15723459821995,1.0,2021
2021-02-09,135426.882448667,0.0,59.15723459821995,1.0,2021
2021-02-10,135976.45315808445,0.0,59.15723459821995,1.0,2021
2021-02-18,137958.2205171248,0.0,59.15723459821995,1.0,2021
2021-02-19,140386.62499738176,140386.62499738176,0.0,0.0,2021
2021-02-22,140386.62499738176,140386.62499738176,0.0,0.0,2021
2021-02-23,140386.62499738176,140386.62499738176,0.0,0.0,2021
2021-02-24,140386.62499738176,140386.62499738176,0.0,0.0,2021
2021-02-25,140386.62499738176,140386.62499738176,0.0,0.0,2021
2021-02-26,140386.62499738176,140386.62499738176,0.0,0.0,2021
2021-03-01,140386.62499738176,140386.62499738176,0.0,0.0,2021
2021-03-02,140386.62499738176,140386.62499738176,0.0,0.0,2021
2021-03-03,140386.62499738176,140386.62499738176,0.0,0.0,2021
2021-03-04,140386.62499738176,140386.62499738176,0.0,0.0,2021
2021-03-05,140386.62499738176,140386.62499738176,0.0,0.0,2021
2021-03-08,140386.62499738176,140386.62499738176,0.0,0.0,2021
2021-03-09,140386.62499738176,140386.62499738176,0.0,0.0,2021
2021-03-10,140386.62499738176,140386.62499738176,0.0,0.0,2021
2021-03-11,140386.62499738176,140386.62499738176,0.0,0.0,2021
2021-03-12,140386.62499738176,140386.62499738176,0.0,0.0,2021
2021-03-15,140386.62499738176,140386.62499738176,0.0,0.0,2021
2021-03-16,140386.62499738176,140386.62499738176,0.0,0.0,2021
2021-03-17,140386.62499738176,140386.62499738176,0.0,0.0,2021
2021-03-18,140386.62499738176,140386.62499738176,0.0,0.0,2021
2021-03-19,140386.62499738176,140386.62499738176,0.0,0.0,2021
2021-03-22,140386.62499738176,140386.62499738176,0.0,0.0,2021
2021-03-23,140386.62499738176,140386.62499738176,0.0,0.0,2021
2021-03-24,140386.62499738176,140386.62499738176,0.0,0.0,2021
2021-03-25,140386.62499738176,140386.62499738176,0.0,0.0,2021
2021-03-26,140386.62499738176,140386.62499738176,0.0,0.0,2021
2021-03-29,140386.62499738176,140386.62499738176,0.0,0.0,2021
2021-03-30,140386.62499738176,140386.62499738176,0.0,0.0,2021
2021-03-31,140386.62499738176,140386.62499738176,0.0,0.0,2021
2021-04-01,140386.62499738176,140386.62499738176,0.0,0.0,2021
2021-04-02,140386.62499738176,140386.62499738176,0.0,0.0,2021
2021-04-06,140386.62499738176,140386.62499738176,0.0,0.0,2021
2021-04-07,140386.62499738176,140386.62499738176,0.0,0.0,2021
2021-04-08,140386.62499738176,140386.62499738176,0.0,0.0,2021
2021-04-09,140386.62499738176,140386.62499738176,0.0,0.0,2021
2021-04-12,140386.62499738176,140386.62499738176,0.0,0.0,2021
2021-04-13,140386.62499738176,140386.62499738176,0.0,0.0,2021
2021-04-14,140386.62499738176,140386.62499738176,0.0,0.0,2021
2021-04-15,140386.62499738176,140386.62499738176,0.0,0.0,2021
2021-04-16,140386.62499738176,140386.62499738176,0.0,0.0,2021
2021-04-19,140386.62499738176,140386.62499738176,0.0,0.0,2021
2021-04-20,140386.62499738176,140386.62499738176,0.0,0.0,2021
2021-04-21,140386.62499738176,140386.62499738176,0.0,0.0,2021
2021-04-22,140386.62499738176,140386.62499738176,0.0,0.0,2021
2021-04-23,140386.62499738176,140386.62499738176,0.0,0.0,2021
2021-04-26,140386.62499738176,140386.62499738176,0.0,0.0,2021
2021-04-27,140386.62499738176,0.0,58.898124644912734,1.0,2021
2021-04-28,140899.62766303896,0.0,58.898124644912734,1.0,2021
2021-04-29,141913.26438817786,0.0,58.898124644912734,1.0,2021
2021-04-30,140444.9341407802,0.0,58.898124644912734,1.0,2021
2021-05-06,141241.23678597942,0.0,58.898124644912734,1.0,2021
2021-05-07,141478.00724705198,0.0,58.898124644912734,1.0,2021
2021-05-10,142087.0138558804,0.0,58.898124644912734,1.0,2021
2021-05-11,142411.54252267384,0.0,58.898124644912734,1.0,2021
2021-05-12,143164.84953688228,0.0,58.898124644912734,1.0,2021
2021-05-13,142236.61509247846,0.0,58.898124644912734,1.0,2021
2021-05-14,143267.33227376442,0.0,58.898124644912734,1.0,2021
2021-05-17,143503.51375359052,0.0,58.898124644912734,1.0,2021
2021-05-18,143859.84740769226,0.0,58.898124644912734,1.0,2021
2021-05-19,142990.51108793335,0.0,58.898124644912734,1.0,2021
2021-05-20,142511.6693345702,0.0,58.898124644912734,1.0,2021
2021-05-21,142420.3772413706,0.0,58.898124644912734,1.0,2021
2021-05-24,142233.6701862462,0.0,58.898124644912734,1.0,2021
2021-05-25,143974.10976950338,143974.10976950338,0.0,0.0,2021
2021-05-26,143974.10976950338,143974.10976950338,0.0,0.0,2021
2021-05-27,143974.10976950338,143974.10976950338,0.0,0.0,2021
2021-05-28,143974.10976950338,143974.10976950338,0.0,0.0,2021
2021-05-31,143974.10976950338,143974.10976950338,0.0,0.0,2021
2021-06-01,143974.10976950338,143974.10976950338,0.0,0.0,2021
2021-06-02,143974.10976950338,143974.10976950338,0.0,0.0,2021
2021-06-03,143974.10976950338,143974.10976950338,0.0,0.0,2021
2021-06-04,143974.10976950338,143974.10976950338,0.0,0.0,2021
2021-06-07,143974.10976950338,143974.10976950338,0.0,0.0,2021
2021-06-08,143974.10976950338,143974.10976950338,0.0,0.0,2021
2021-06-09,143974.10976950338,143974.10976950338,0.0,0.0,2021
2021-06-10,143974.10976950338,143974.10976950338,0.0,0.0,2021
2021-06-11,143974.10976950338,143974.10976950338,0.0,0.0,2021
2021-06-15,143974.10976950338,143974.10976950338,0.0,0.0,2021
2021-06-16,143974.10976950338,0.0,59.66552692041648,1.0,2021
2021-06-17,143447.2631667961,0.0,59.66552692041648,1.0,2021
2021-06-18,143172.20508769297,0.0,59.66552692041648,1.0,2021
2021-06-21,143203.8278169608,0.0,59.66552692041648,1.0,2021
2021-06-22,145123.26781799062,0.0,59.66552692041648,1.0,2021
2021-06-23,145243.19552710064,0.0,59.66552692041648,1.0,2021
2021-06-24,145875.65011245705,0.0,59.66552692041648,1.0,2021
2021-06-25,146093.4292857166,0.0,59.66552692041648,1.0,2021
2021-06-28,145532.57333266464,0.0,59.66552692041648,1.0,2021
2021-06-29,144262.8909197982,0.0,59.66552692041648,1.0,2021
2021-06-30,143975.30308004178,0.0,59.66552692041648,1.0,2021
2021-07-01,143993.20273811792,0.0,59.66552692041648,1.0,2021
2021-07-02,143453.82637475737,0.0,59.66552692041648,1.0,2021
2021-07-05,143335.0919761857,0.0,59.66552692041648,1.0,2021
2021-07-06,143296.30938368745,0.0,59.66552692041648,1.0,2021
2021-07-07,142484.8582175698,0.0,59.66552692041648,1.0,2021
2021-07-08,140696.6823757649,0.0,59.66552692041648,1.0,2021
2021-07-09,141272.4547105469,0.0,59.66552692041648,1.0,2021
2021-07-12,140688.92585726525,0.0,59.66552692041648,1.0,2021
2021-07-13,141495.6037812293,0.0,59.66552692041648,1.0,2021
2021-07-14,140594.0576694618,0.0,59.66552692041648,1.0,2021
2021-07-15,140594.0576694618,0.0,59.66552692041648,1.0,2021
2021-07-16,140193.1053285566,0.0,59.66552692041648,1.0,2021
2021-07-19,139828.54895907285,0.0,59.66552692041648,1.0,2021
2021-07-20,139287.97928517387,0.0,59.66552692041648,1.0,2021
2021-07-21,138645.381560241,0.0,59.66552692041648,1.0,2021
2021-07-22,139363.15784909358,0.0,59.66552692041648,1.0,2021
2021-07-23,138476.52811905622,0.0,59.66552692041648,1.0,2021
2021-07-26,135910.31380620907,0.0,59.66552692041648,1.0,2021
2021-07-27,133410.92488351284,0.0,59.66552692041648,1.0,2021
2021-07-28,132297.5661511779,0.0,59.66552692041648,1.0,2021
2021-07-29,132356.0383675599,0.0,59.66552692041648,1.0,2021
2021-07-30,132968.80332903258,0.0,59.66552692041648,1.0,2021
2021-08-02,134448.50839665887,0.0,59.66552692041648,1.0,2021
2021-08-03,134598.86552449834,0.0,59.66552692041648,1.0,2021
2021-08-04,134800.53500548934,0.0,59.66552692041648,1.0,2021
2021-08-05,134557.09965565405,0.0,59.66552692041648,1.0,2021
2021-08-06,135099.45929536063,0.0,59.66552692041648,1.0,2021
2021-08-09,136694.91548521258,0.0,59.66552692041648,1.0,2021
2021-08-10,137633.45422367073,0.0,59.66552692041648,1.0,2021
2021-08-11,138813.63834615657,0.0,59.66552692041648,1.0,2021
2021-08-12,138517.1006773621,0.0,59.66552692041648,1.0,2021
2021-08-13,138564.83309889844,0.0,59.66552692041648,1.0,2021
2021-08-16,139984.27598433514,139984.27598433514,0.0,0.0,2021
2021-08-17,139984.27598433514,139984.27598433514,0.0,0.0,2021
2021-08-18,139984.27598433514,139984.27598433514,0.0,0.0,2021
2021-08-19,139984.27598433514,139984.27598433514,0.0,0.0,2021
2021-08-20,139984.27598433514,69992.13799216757,30.24019372841583,0.5,2021
2021-08-23,140543.71956831083,69992.13799216757,30.24019372841583,0.5,2021
2021-08-24,141003.67291492003,69992.13799216757,30.24019372841583,0.5,2021
2021-08-25,141738.81202445785,141738.81202445785,0.0,0.0,2021
2021-08-26,141738.81202445785,141738.81202445785,0.0,0.0,2021
2021-08-27,141738.81202445785,141738.81202445785,0.0,0.0,2021
2021-08-30,141738.81202445785,141738.81202445785,0.0,0.0,2021
2021-08-31,141738.81202445785,141738.81202445785,0.0,0.0,2021
2021-09-01,141738.81202445785,141738.81202445785,0.0,0.0,2021
2021-09-02,141738.81202445785,141738.81202445785,0.0,0.0,2021
2021-09-03,141738.81202445785,141738.81202445785,0.0,0.0,2021
2021-09-06,141738.81202445785,141738.81202445785,0.0,0.0,2021
2021-09-07,141738.81202445785,141738.81202445785,0.0,0.0,2021
2021-09-08,141738.81202445785,141738.81202445785,0.0,0.0,2021
2021-09-09,141738.81202445785,141738.81202445785,0.0,0.0,2021
2021-09-10,141738.81202445785,141738.81202445785,0.0,0.0,2021
2021-09-13,141738.81202445785,141738.81202445785,0.0,0.0,2021
2021-09-14,141738.81202445785,141738.81202445785,0.0,0.0,2021
2021-09-15,141738.81202445785,141738.81202445785,0.0,0.0,2021
2021-09-16,141738.81202445785,141738.81202445785,0.0,0.0,2021
2021-09-17,141738.81202445785,141738.81202445785,0.0,0.0,2021
2021-09-22,141738.81202445785,141738.81202445785,0.0,0.0,2021
2021-09-23,141738.81202445785,141738.81202445785,0.0,0.0,2021
2021-09-24,141738.81202445785,141738.81202445785,0.0,0.0,2021
2021-09-27,141738.81202445785,141738.81202445785,0.0,0.0,2021
2021-09-28,141738.81202445785,141738.81202445785,0.0,0.0,2021
2021-09-29,141738.81202445785,141738.81202445785,0.0,0.0,2021
2021-09-30,141738.81202445785,141738.81202445785,0.0,0.0,2021
2021-10-08,141738.81202445785,141738.81202445785,0.0,0.0,2021
2021-10-11,141738.81202445785,141738.81202445785,0.0,0.0,2021
2021-10-12,141738.81202445785,141738.81202445785,0.0,0.0,2021
2021-10-13,141738.81202445785,141738.81202445785,0.0,0.0,2021
2021-10-14,141738.81202445785,141738.81202445785,0.0,0.0,2021
2021-10-15,141738.81202445785,141738.81202445785,0.0,0.0,2021
2021-10-18,141738.81202445785,141738.81202445785,0.0,0.0,2021
2021-10-19,141738.81202445785,141738.81202445785,0.0,0.0,2021
2021-10-20,141738.81202445785,0.0,56.57535874780281,1.0,2021
2021-10-21,142111.0778850184,0.0,56.57535874780281,1.0,2021
2021-10-22,140139.42663265747,0.0,56.57535874780281,1.0,2021
2021-10-25,140677.45829434908,0.0,56.57535874780281,1.0,2021
2021-10-26,139579.8963346417,0.0,56.57535874780281,1.0,2021
2021-10-27,138834.23310634564,0.0,56.57535874780281,1.0,2021
2021-10-28,136614.78178266934,0.0,56.57535874780281,1.0,2021
2021-10-29,136734.7215432147,0.0,56.57535874780281,1.0,2021
2021-11-01,137433.42722375007,0.0,56.57535874780281,1.0,2021
2021-11-02,134008.35500515808,0.0,56.57535874780281,1.0,2021
2021-11-03,135083.28682136635,0.0,56.57535874780281,1.0,2021
2021-11-04,136091.45971425218,0.0,56.57535874780281,1.0,2021
2021-11-05,133786.5795988667,0.0,56.57535874780281,1.0,2021
2021-11-08,133612.89324751092,0.0,56.57535874780281,1.0,2021
2021-11-09,133659.85079527163,0.0,56.57535874780281,1.0,2021
2021-11-10,133270.04657349925,0.0,56.57535874780281,1.0,2021
2021-11-11,134256.15507647346,0.0,56.57535874780281,1.0,2021
2021-11-12,134392.50169105566,0.0,56.57535874780281,1.0,2021
2021-11-15,134556.0044778368,0.0,56.57535874780281,1.0,2021
2021-11-16,133699.4535463951,0.0,56.57535874780281,1.0,2021
2021-11-17,134274.82494486024,0.0,56.57535874780281,1.0,2021
2021-11-18,134133.9523015782,0.0,56.57535874780281,1.0,2021
2021-11-19,135592.46505009657,0.0,56.57535874780281,1.0,2021
2021-11-22,135426.13349537802,0.0,56.57535874780281,1.0,2021
2021-11-23,135746.91577947806,0.0,56.57535874780281,1.0,2021
2021-11-24,136488.61873266177,0.0,56.57535874780281,1.0,2021
2021-11-25,136538.40504835983,136538.40504835983,0.0,0.0,2021
2021-11-26,136538.40504835983,136538.40504835983,0.0,0.0,2021
2021-11-29,136538.40504835983,136538.40504835983,0.0,0.0,2021
2021-11-30,136538.40504835983,136538.40504835983,0.0,0.0,2021
2021-12-01,136538.40504835983,136538.40504835983,0.0,0.0,2021
2021-12-02,136538.40504835983,136538.40504835983,0.0,0.0,2021
2021-12-03,136538.40504835983,136538.40504835983,0.0,0.0,2021
2021-12-06,136538.40504835983,136538.40504835983,0.0,0.0,2021
2021-12-07,136538.40504835983,136538.40504835983,0.0,0.0,2021
2021-12-08,136538.40504835983,136538.40504835983,0.0,0.0,2021
2021-12-09,136538.40504835983,136538.40504835983,0.0,0.0,2021
2021-12-10,136538.40504835983,136538.40504835983,0.0,0.0,2021
2021-12-13,136538.40504835983,136538.40504835983,0.0,0.0,2021
2021-12-14,136538.40504835983,136538.40504835983,0.0,0.0,2021
2021-12-15,136538.40504835983,136538.40504835983,0.0,0.0,2021
2021-12-16,136538.40504835983,136538.40504835983,0.0,0.0,2021
2021-12-17,136538.40504835983,136538.40504835983,0.0,0.0,2021
2021-12-20,136538.40504835983,136538.40504835983,0.0,0.0,2021
2021-12-21,136538.40504835983,136538.40504835983,0.0,0.0,2021
2021-12-22,136538.40504835983,136538.40504835983,0.0,0.0,2021
2021-12-23,136538.40504835983,136538.40504835983,0.0,0.0,2021
2021-12-24,136538.40504835983,136538.40504835983,0.0,0.0,2021
2021-12-27,136538.40504835983,136538.40504835983,0.0,0.0,2021
2021-12-28,136538.40504835983,136538.40504835983,0.0,0.0,2021
2021-12-29,136538.40504835983,136538.40504835983,0.0,0.0,2021
2021-12-30,136538.40504835983,136538.40504835983,0.0,0.0,2021
2021-12-31,136538.40504835983,136538.40504835983,0.0,0.0,2021
2022-01-04,136538.40504835983,136538.40504835983,0.0,0.0,2022
2022-01-05,136538.40504835983,136538.40504835983,0.0,0.0,2022
2022-01-06,136538.40504835983,136538.40504835983,0.0,0.0,2022
2022-01-07,136538.40504835983,136538.40504835983,0.0,0.0,2022
2022-01-10,136538.40504835983,136538.40504835983,0.0,0.0,2022
2022-01-11,136538.40504835983,136538.40504835983,0.0,0.0,2022
2022-01-12,136538.40504835983,136538.40504835983,0.0,0.0,2022
2022-01-13,136538.40504835983,136538.40504835983,0.0,0.0,2022
2022-01-14,136538.40504835983,136538.40504835983,0.0,0.0,2022
2022-01-17,136538.40504835983,136538.40504835983,0.0,0.0,2022
2022-01-18,136538.40504835983,136538.40504835983,0.0,0.0,2022
2022-01-19,136538.40504835983,136538.40504835983,0.0,0.0,2022
2022-01-20,136538.40504835983,136538.40504835983,0.0,0.0,2022
2022-01-21,136538.40504835983,136538.40504835983,0.0,0.0,2022
2022-01-24,136538.40504835983,136538.40504835983,0.0,0.0,2022
2022-01-25,136538.40504835983,136538.40504835983,0.0,0.0,2022
2022-01-26,136538.40504835983,136538.40504835983,0.0,0.0,2022
2022-01-27,136538.40504835983,0.0,54.55033801642835,1.0,2022
2022-01-28,135891.98354286517,0.0,54.55033801642835,1.0,2022
2022-02-07,139935.25459664283,0.0,54.55033801642835,1.0,2022
2022-02-08,143268.82575282676,0.0,54.55033801642835,1.0,2022
2022-02-09,143823.60269045384,0.0,54.55033801642835,1.0,2022
2022-02-10,145012.80005921196,0.0,54.55033801642835,1.0,2022
2022-02-11,144425.29291877503,0.0,54.55033801642835,1.0,2022
2022-02-14,142339.28799302684,0.0,54.55033801642835,1.0,2022
2022-02-15,141787.23857230056,0.0,54.55033801642835,1.0,2022
2022-02-16,142916.43056924065,0.0,54.55033801642835,1.0,2022
2022-02-17,142161.99939447345,0.0,54.55033801642835,1.0,2022
2022-02-18,144529.4840643864,0.0,54.55033801642835,1.0,2022
2022-02-21,144951.70368063357,0.0,54.55033801642835,1.0,2022
2022-02-22,143595.036774165,0.0,54.55033801642835,1.0,2022
2022-02-23,142810.0574101086,0.0,54.55033801642835,1.0,2022
2022-02-24,140600.76872044324,0.0,54.55033801642835,1.0,2022
2022-02-25,140803.69597786435,0.0,54.55033801642835,1.0,2022
2022-02-28,140568.58402101355,0.0,54.55033801642835,1.0,2022
2022-03-01,141619.22353120995,0.0,54.55033801642835,1.0,2022
2022-03-02,142462.57175694394,0.0,54.55033801642835,1.0,2022
2022-03-03,144953.88569415422,0.0,54.55033801642835,1.0,2022
2022-03-04,143913.0652448008,0.0,54.55033801642835,1.0,2022
2022-03-07,142735.32344702608,0.0,54.55033801642835,1.0,2022
2022-03-08,138754.23977858713,0.0,54.55033801642835,1.0,2022
2022-03-09,137459.7602574573,0.0,54.55033801642835,1.0,2022
2022-03-10,139741.60089668448,0.0,54.55033801642835,1.0,2022
2022-03-11,140175.27608391512,0.0,54.55033801642835,1.0,2022
2022-03-14,137385.57179775496,0.0,54.55033801642835,1.0,2022
2022-03-15,130158.74301733854,0.0,54.55033801642835,1.0,2022
2022-03-16,133324.84463581204,0.0,54.55033801642835,1.0,2022
2022-03-17,134483.49381528096,0.0,54.55033801642835,1.0,2022
2022-03-18,137436.8491154904,0.0,54.55033801642835,1.0,2022
2022-03-21,137373.0252200112,0.0,54.55033801642835,1.0,2022
2022-03-22,138947.3479751653,0.0,54.55033801642835,1.0,2022
2022-03-23,138547.49399750488,0.0,54.55033801642835,1.0,2022
2022-03-24,138422.57372344728,0.0,54.55033801642835,1.0,2022
2022-03-25,138006.9001477621,0.0,54.55033801642835,1.0,2022
2022-03-28,139229.9187260904,0.0,54.55033801642835,1.0,2022
2022-03-29,139153.00274948723,0.0,54.55033801642835,1.0,2022
2022-03-30,141147.36310736786,0.0,54.55033801642835,1.0,2022
2022-03-31,142171.2729519362,0.0,54.55033801642835,1.0,2022
2022-04-01,143219.73044861198,0.0,54.55033801642835,1.0,2022
2022-04-06,145654.85753766532,145654.85753766532,0.0,0.0,2022
2022-04-07,145654.85753766532,145654.85753766532,0.0,0.0,2022
2022-04-08,145654.85753766532,145654.85753766532,0.0,0.0,2022
2022-04-11,145654.85753766532,145654.85753766532,0.0,0.0,2022
2022-04-12,145654.85753766532,145654.85753766532,0.0,0.0,2022
2022-04-13,145654.85753766532,145654.85753766532,0.0,0.0,2022
2022-04-14,145654.85753766532,145654.85753766532,0.0,0.0,2022
2022-04-15,145654.85753766532,145654.85753766532,0.0,0.0,2022
2022-04-18,145654.85753766532,145654.85753766532,0.0,0.0,2022
2022-04-19,145654.85753766532,145654.85753766532,0.0,0.0,2022
2022-04-20,145654.85753766532,145654.85753766532,0.0,0.0,2022
2022-04-21,145654.85753766532,145654.85753766532,0.0,0.0,2022
2022-04-22,145654.85753766532,145654.85753766532,0.0,0.0,2022
2022-04-25,145654.85753766532,0.0,59.18787818133493,1.0,2022
2022-04-26,144597.7620333467,0.0,59.18787818133493,1.0,2022
2022-04-27,146938.05073663668,0.0,59.18787818133493,1.0,2022
2022-04-28,149225.66222834523,0.0,59.18787818133493,1.0,2022
2022-04-29,151515.6412351811,0.0,59.18787818133493,1.0,2022
2022-05-05,151911.60814021423,0.0,59.18787818133493,1.0,2022
2022-05-06,148236.04090515332,0.0,59.18787818133493,1.0,2022
2022-05-09,149893.89337301254,0.0,59.18787818133493,1.0,2022
2022-05-10,152161.97286492126,0.0,59.18787818133493,1.0,2022
2022-05-11,151797.37553532427,0.0,59.18787818133493,1.0,2022
2022-05-12,151871.36038305092,0.0,59.18787818133493,1.0,2022
2022-05-13,153472.39248785604,0.0,59.18787818133493,1.0,2022
2022-05-16,153239.7841266034,0.0,59.18787818133493,1.0,2022
2022-05-17,151771.33286892448,0.0,59.18787818133493,1.0,2022
2022-05-18,151357.01772165514,0.0,59.18787818133493,1.0,2022
2022-05-19,152145.40025903052,0.0,59.18787818133493,1.0,2022
2022-05-20,153522.11030552836,0.0,59.18787818133493,1.0,2022
2022-05-23,153052.15855276855,0.0,59.18787818133493,1.0,2022
2022-05-24,149354.69180278058,0.0,59.18787818133493,1.0,2022
2022-05-25,152480.40364953686,0.0,59.18787818133493,1.0,2022
2022-05-26,153898.54521076166,0.0,59.18787818133493,1.0,2022
2022-05-27,154765.0557473364,0.0,59.18787818133493,1.0,2022
2022-05-30,154566.7763554289,0.0,59.18787818133493,1.0,2022
2022-05-31,154264.91817670412,0.0,59.18787818133493,1.0,2022
2022-06-01,153737.5541821084,0.0,59.18787818133493,1.0,2022
2022-06-02,152906.55637244246,0.0,59.18787818133493,1.0,2022
2022-06-06,152999.48134118717,0.0,59.18787818133493,1.0,2022
2022-06-07,153442.79854876536,0.0,59.18787818133493,1.0,2022
2022-06-08,153719.2059398722,0.0,59.18787818133493,1.0,2022
2022-06-09,154079.0682392147,0.0,59.18787818133493,1.0,2022
2022-06-10,154643.72059706468,0.0,59.18787818133493,1.0,2022
2022-06-13,152332.43395408354,0.0,59.18787818133493,1.0,2022
2022-06-14,154334.7598729581,0.0,59.18787818133493,1.0,2022
2022-06-15,155324.97307493183,0.0,59.18787818133493,1.0,2022
2022-06-16,153445.75794267442,0.0,59.18787818133493,1.0,2022
2022-06-17,152948.5797659512,0.0,59.18787818133493,1.0,2022
2022-06-20,152343.679650938,0.0,59.18787818133493,1.0,2022
2022-06-21,152650.27285991728,0.0,59.18787818133493,1.0,2022
2022-06-22,150804.20293944146,0.0,59.18787818133493,1.0,2022
2022-06-23,151946.52898834122,0.0,59.18787818133493,1.0,2022
2022-06-24,151522.7437805629,0.0,59.18787818133493,1.0,2022
2022-06-27,152072.00729008566,0.0,59.18787818133493,1.0,2022
2022-06-28,152894.12691802438,0.0,59.18787818133493,1.0,2022
2022-06-29,152301.0643786474,0.0,59.18787818133493,1.0,2022
2022-06-30,152486.91431613683,0.0,59.18787818133493,1.0,2022
2022-07-01,152470.34171024602,0.0,59.18787818133493,1.0,2022
2022-07-04,152763.91358602545,0.0,59.18787818133493,1.0,2022
2022-07-05,152804.75322197058,0.0,59.18787818133493,1.0,2022
2022-07-06,150716.01300095126,0.0,59.18787818133493,1.0,2022
2022-07-07,150248.42876331872,0.0,59.18787818133493,1.0,2022
2022-07-08,150444.93251888076,0.0,59.18787818133493,1.0,2022
2022-07-11,150315.31106566364,0.0,59.18787818133493,1.0,2022
2022-07-12,150640.84439566097,0.0,59.18787818133493,1.0,2022
2022-07-13,150635.51748662465,0.0,59.18787818133493,1.0,2022
2022-07-14,148755.71047558545,0.0,59.18787818133493,1.0,2022
2022-07-15,145070.67318001555,0.0,59.18787818133493,1.0,2022
2022-07-18,147496.78430666847,0.0,59.18787818133493,1.0,2022
2022-07-19,148006.39193780973,0.0,59.18787818133493,1.0,2022
2022-07-20,148607.1489013503,0.0,59.18787818133493,1.0,2022
2022-07-21,146890.1085553098,0.0,59.18787818133493,1.0,2022
2022-07-22,147273.64600592482,0.0,59.18787818133493,1.0,2022
2022-07-25,147028.0163114723,0.0,59.18787818133493,1.0,2022
2022-07-26,148062.0285433002,0.0,59.18787818133493,1.0,2022
2022-07-27,147581.4229724678,0.0,59.18787818133493,1.0,2022
2022-07-28,147397.34867132382,0.0,59.18787818133493,1.0,2022
2022-07-29,146300.00540984186,0.0,59.18787818133493,1.0,2022
2022-08-01,145703.39159777403,0.0,59.18787818133493,1.0,2022
2022-08-02,142013.02739316778,0.0,59.18787818133493,1.0,2022
2022-08-03,140618.56098321555,0.0,59.18787818133493,1.0,2022
2022-08-04,141615.2848517892,0.0,59.18787818133493,1.0,2022
2022-08-05,142574.12847832683,0.0,59.18787818133493,1.0,2022
2022-08-08,142825.6769605975,0.0,59.18787818133493,1.0,2022
2022-08-09,142743.99768870726,0.0,59.18787818133493,1.0,2022
2022-08-10,142141.46508882128,0.0,59.18787818133493,1.0,2022
2022-08-11,144113.01331104155,0.0,59.18787818133493,1.0,2022
2022-08-12,144693.0545172186,0.0,59.18787818133493,1.0,2022
2022-08-15,144076.3168265691,0.0,59.18787818133493,1.0,2022
2022-08-16,144346.213551076,0.0,59.18787818133493,1.0,2022
2022-08-17,145109.73717961521,0.0,59.18787818133493,1.0,2022
2022-08-18,143825.95210186206,0.0,59.18787818133493,1.0,2022
2022-08-19,144355.68361158503,0.0,59.18787818133493,1.0,2022
2022-08-22,145089.02142225174,0.0,59.18787818133493,1.0,2022
2022-08-23,145400.94154026738,145400.94154026738,0.0,0.0,2022
2022-08-24,145400.94154026738,72700.47077013369,29.87191350355161,0.5,2022
2022-08-25,146418.08019506332,72700.47077013369,29.87191350355161,0.5,2022
2022-08-26,146400.1570469612,72700.47077013369,29.87191350355161,0.5,2022
2022-08-29,146631.06693834363,72700.47077013369,29.87191350355161,0.5,2022
2022-08-30,146846.44343470427,146846.44343470427,0.0,0.0,2022
2022-08-31,146846.44343470427,73423.22171735213,29.690420272609398,0.5,2022
2022-09-01,147041.50949589533,73423.22171735213,29.690420272609398,0.5,2022
2022-09-02,147189.07088465017,73423.22171735213,29.690420272609398,0.5,2022
2022-09-05,148031.68501198685,148031.68501198685,0.0,0.0,2022
2022-09-06,148031.68501198685,148031.68501198685,0.0,0.0,2022
2022-09-07,148031.68501198685,74015.84250599342,29.3693848057843,0.5,2022
2022-09-08,148069.86521223438,148069.86521223438,0.0,0.0,2022
2022-09-09,148069.86521223438,148069.86521223438,0.0,0.0,2022
2022-09-13,148069.86521223438,148069.86521223438,0.0,0.0,2022
2022-09-14,148069.86521223438,74034.93260611719,29.433486900771346,0.5,2022
2022-09-15,148059.8578266881,74034.93260611719,29.433486900771346,0.5,2022
2022-09-16,146168.16762357554,74034.93260611719,29.433486900771346,0.5,2022
2022-09-19,145943.88445339166,74034.93260611719,29.433486900771346,0.5,2022
2022-09-20,145885.90048419713,74034.93260611719,29.433486900771346,0.5,2022
2022-09-21,146476.92490116463,74034.93260611719,29.433486900771346,0.5,2022
2022-09-22,146202.60480324944,74034.93260611719,29.433486900771346,0.5,2022
2022-09-23,146121.0740445343,74034.93260611719,29.433486900771346,0.5,2022
2022-09-26,144487.5155215415,37017.466303058594,44.89854246642446,1.0,2022
2022-09-27,145605.04024353082,37017.466303058594,44.89854246642446,1.0,2022
2022-09-28,144674.29345820186,37017.466303058594,44.89854246642446,1.0,2022
2022-09-29,143779.01652142132,37017.466303058594,44.89854246642446,1.0,2022
2022-09-30,144267.96164888068,37017.466303058594,44.89854246642446,1.0,2022
2022-10-10,144234.7367274555,37017.466303058594,44.89854246642446,1.0,2022
2022-10-11,144416.12683901988,37017.466303058594,44.89854246642446,1.0,2022
2022-10-12,145683.16370742238,37017.466303058594,44.89854246642446,1.0,2022
2022-10-13,145279.97479607392,37017.466303058594,44.89854246642446,1.0,2022
2022-10-14,146509.2968888046,37017.466303058594,44.89854246642446,1.0,2022
2022-10-17,146529.50123291448,37017.466303058594,44.89854246642446,1.0,2022
2022-10-18,146571.70586283293,37017.466303058594,44.89854246642446,1.0,2022
2022-10-19,145812.4715097257,37017.466303058594,44.89854246642446,1.0,2022
2022-10-20,145300.17914018378,37017.466303058594,44.89854246642446,1.0,2022
2022-10-21,145587.5298119689,37017.466303058594,44.89854246642446,1.0,2022
2022-10-24,143598.97336613096,37017.466303058594,44.89854246642446,1.0,2022
2022-10-25,143269.4180644274,37017.466303058594,44.89854246642446,1.0,2022
2022-10-26,143329.13312590777,37017.466303058594,44.89854246642446,1.0,2022
2022-10-27,143900.69157150533,37017.466303058594,44.89854246642446,1.0,2022
2022-10-28,141840.2974577211,37017.466303058594,44.89854246642446,1.0,2022
2022-10-31,140826.93735425393,37017.466303058594,44.89854246642446,1.0,2022
2022-11-01,142053.56553443664,37017.466303058594,44.89854246642446,1.0,2022
2022-11-02,142404.2231510994,37017.466303058594,44.89854246642446,1.0,2022
2022-11-03,141943.5641053939,37017.466303058594,44.89854246642446,1.0,2022
2022-11-04,143274.80588952338,37017.466303058594,44.89854246642446,1.0,2022
2022-11-07,143583.70786169235,37017.466303058594,44.89854246642446,1.0,2022
2022-11-08,143636.68814180276,37017.466303058594,44.89854246642446,1.0,2022
2022-11-09,143696.8521887078,37017.466303058594,44.89854246642446,1.0,2022
2022-11-10,143941.54924514977,37017.466303058594,44.89854246642446,1.0,2022
2022-11-11,145580.3460451743,37017.466303058594,44.89854246642446,1.0,2022
2022-11-14,146247.0894008007,37017.466303058594,44.89854246642446,1.0,2022
2022-11-15,147010.3646227299,37017.466303058594,44.89854246642446,1.0,2022
2022-11-16,146629.6249826146,37017.466303058594,44.89854246642446,1.0,2022
2022-11-17,146986.5683952227,146986.5683952227,0.0,0.0,2022
2022-11-18,146986.5683952227,73493.28419761136,30.078409176435756,0.5,2022
2022-11-21,146784.1407014653,146784.1407014653,0.0,0.0,2022
2022-11-22,146784.1407014653,73392.07035073265,29.81708465909079,0.5,2022
2022-11-23,147065.31580980052,147065.31580980052,0.0,0.0,2022
2022-11-24,147065.31580980052,73532.65790490026,29.69025134855017,0.5,2022
2022-11-25,148024.60783087218,148024.60783087218,0.0,0.0,2022
2022-11-28,148024.60783087218,74012.30391543609,29.590718021524108,0.5,2022
2022-11-29,149641.14875638805,149641.14875638805,0.0,0.0,2022
2022-11-30,149641.14875638805,149641.14875638805,0.0,0.0,2022
2022-12-01,149641.14875638805,149641.14875638805,0.0,0.0,2022
2022-12-02,149641.14875638805,149641.14875638805,0.0,0.0,2022
2022-12-05,149641.14875638805,149641.14875638805,0.0,0.0,2022
2022-12-06,149641.14875638805,149641.14875638805,0.0,0.0,2022
2022-12-07,149641.14875638805,149641.14875638805,0.0,0.0,2022
2022-12-08,149641.14875638805,149641.14875638805,0.0,0.0,2022
2022-12-09,149641.14875638805,149641.14875638805,0.0,0.0,2022
2022-12-12,149641.14875638805,149641.14875638805,0.0,0.0,2022
2022-12-13,149641.14875638805,149641.14875638805,0.0,0.0,2022
2022-12-14,149641.14875638805,149641.14875638805,0.0,0.0,2022
2022-12-15,149641.14875638805,149641.14875638805,0.0,0.0,2022
2022-12-16,149641.14875638805,149641.14875638805,0.0,0.0,2022
2022-12-19,149641.14875638805,74820.57437819403,29.99722336501715,0.5,2022
2022-12-20,149010.6071212554,74820.57437819403,29.99722336501715,0.5,2022
2022-12-21,149090.69970764,74820.57437819403,29.99722336501715,0.5,2022
2022-12-22,148689.33685901604,74820.57437819403,29.99722336501715,0.5,2022
2022-12-23,148425.06132117024,37410.28718909701,45.243640907879595,1.0,2022
2022-12-26,148257.6598498111,37410.28718909701,45.243640907879595,1.0,2022
2022-12-27,149467.02237127873,37410.28718909701,45.243640907879595,1.0,2022
2022-12-28,149651.16398977378,37410.28718909701,45.243640907879595,1.0,2022
2022-12-29,149037.66021906293,37410.28718909701,45.243640907879595,1.0,2022
2022-12-30,150130.74658339733,37410.28718909701,45.243640907879595,1.0,2022
2023-01-03,150800.35246883394,37410.28718909701,45.243640907879595,1.0,2023
2023-01-04,151751.82623712663,37410.28718909701,45.243640907879595,1.0,2023
2023-01-05,151746.3970002177,37410.28718909701,45.243640907879595,1.0,2023
2023-01-06,151379.92350886387,37410.28718909701,45.243640907879595,1.0,2023
2023-01-09,151402.5453293178,37410.28718909701,45.243640907879595,1.0,2023
2023-01-10,150617.115723157,37410.28718909701,45.243640907879595,1.0,2023
2023-01-11,150672.7654014737,37410.28718909701,45.243640907879595,1.0,2023
2023-01-12,150562.3709176585,37410.28718909701,45.243640907879595,1.0,2023
2023-01-13,151778.5199852623,151778.5199852623,0.0,0.0,2023
2023-01-16,151778.5199852623,151778.5199852623,0.0,0.0,2023
2023-01-17,151778.5199852623,151778.5199852623,0.0,0.0,2023
2023-01-18,151778.5199852623,151778.5199852623,0.0,0.0,2023
2023-01-19,151778.5199852623,151778.5199852623,0.0,0.0,2023
2023-01-20,151778.5199852623,151778.5199852623,0.0,0.0,2023
2023-01-30,151778.5199852623,151778.5199852623,0.0,0.0,2023
2023-01-31,151778.5199852623,151778.5199852623,0.0,0.0,2023
2023-02-01,151778.5199852623,151778.5199852623,0.0,0.0,2023
2023-02-02,151778.5199852623,151778.5199852623,0.0,0.0,2023
2023-02-03,151778.5199852623,151778.5199852623,0.0,0.0,2023
2023-02-06,151778.5199852623,151778.5199852623,0.0,0.0,2023
2023-02-07,151778.5199852623,151778.5199852623,0.0,0.0,2023
2023-02-08,151778.5199852623,151778.5199852623,0.0,0.0,2023
2023-02-09,151778.5199852623,151778.5199852623,0.0,0.0,2023
2023-02-10,151778.5199852623,151778.5199852623,0.0,0.0,2023
2023-02-13,151778.5199852623,151778.5199852623,0.0,0.0,2023
2023-02-14,151778.5199852623,151778.5199852623,0.0,0.0,2023
2023-02-15,151778.5199852623,151778.5199852623,0.0,0.0,2023
2023-02-16,151778.5199852623,151778.5199852623,0.0,0.0,2023
2023-02-17,151778.5199852623,151778.5199852623,0.0,0.0,2023
2023-02-20,151778.5199852623,151778.5199852623,0.0,0.0,2023
2023-02-21,151778.5199852623,151778.5199852623,0.0,0.0,2023
2023-02-22,151778.5199852623,151778.5199852623,0.0,0.0,2023
2023-02-23,151778.5199852623,151778.5199852623,0.0,0.0,2023
2023-02-24,151778.5199852623,151778.5199852623,0.0,0.0,2023
2023-02-27,151778.5199852623,151778.5199852623,0.0,0.0,2023
2023-02-28,151778.5199852623,151778.5199852623,0.0,0.0,2023
2023-03-01,151778.5199852623,151778.5199852623,0.0,0.0,2023
2023-03-02,151778.5199852623,151778.5199852623,0.0,0.0,2023
2023-03-03,151778.5199852623,151778.5199852623,0.0,0.0,2023
2023-03-06,151778.5199852623,151778.5199852623,0.0,0.0,2023
2023-03-07,151778.5199852623,151778.5199852623,0.0,0.0,2023
2023-03-08,151778.5199852623,151778.5199852623,0.0,0.0,2023
2023-03-09,151778.5199852623,151778.5199852623,0.0,0.0,2023
2023-03-10,151778.5199852623,151778.5199852623,0.0,0.0,2023
2023-03-13,151778.5199852623,151778.5199852623,0.0,0.0,2023
2023-03-14,151778.5199852623,151778.5199852623,0.0,0.0,2023
2023-03-15,151778.5199852623,151778.5199852623,0.0,0.0,2023
2023-03-16,151778.5199852623,151778.5199852623,0.0,0.0,2023
2023-03-17,151778.5199852623,151778.5199852623,0.0,0.0,2023
2023-03-20,151778.5199852623,151778.5199852623,0.0,0.0,2023
2023-03-21,151778.5199852623,151778.5199852623,0.0,0.0,2023
2023-03-22,151778.5199852623,151778.5199852623,0.0,0.0,2023
2023-03-23,151778.5199852623,151778.5199852623,0.0,0.0,2023
2023-03-24,151778.5199852623,151778.5199852623,0.0,0.0,2023
2023-03-27,151778.5199852623,151778.5199852623,0.0,0.0,2023
2023-03-28,151778.5199852623,151778.5199852623,0.0,0.0,2023
2023-03-29,151778.5199852623,151778.5199852623,0.0,0.0,2023
2023-03-30,151778.5199852623,151778.5199852623,0.0,0.0,2023
2023-03-31,151778.5199852623,151778.5199852623,0.0,0.0,2023
2023-04-03,151778.5199852623,151778.5199852623,0.0,0.0,2023
2023-04-04,151778.5199852623,151778.5199852623,0.0,0.0,2023
2023-04-06,151778.5199852623,151778.5199852623,0.0,0.0,2023
2023-04-07,151778.5199852623,151778.5199852623,0.0,0.0,2023
2023-04-10,151778.5199852623,151778.5199852623,0.0,0.0,2023
2023-04-11,151778.5199852623,151778.5199852623,0.0,0.0,2023
2023-04-12,151778.5199852623,151778.5199852623,0.0,0.0,2023
2023-04-13,151778.5199852623,151778.5199852623,0.0,0.0,2023
2023-04-14,151778.5199852623,151778.5199852623,0.0,0.0,2023
2023-04-17,151778.5199852623,151778.5199852623,0.0,0.0,2023
2023-04-18,151778.5199852623,151778.5199852623,0.0,0.0,2023
2023-04-19,151778.5199852623,151778.5199852623,0.0,0.0,2023
2023-04-20,151778.5199852623,151778.5199852623,0.0,0.0,2023
2023-04-21,151778.5199852623,151778.5199852623,0.0,0.0,2023
2023-04-24,151778.5199852623,151778.5199852623,0.0,0.0,2023
2023-04-25,151778.5199852623,151778.5199852623,0.0,0.0,2023
2023-04-26,151778.5199852623,151778.5199852623,0.0,0.0,2023
2023-04-27,151778.5199852623,151778.5199852623,0.0,0.0,2023
2023-04-28,151778.5199852623,151778.5199852623,0.0,0.0,2023
2023-05-04,151778.5199852623,151778.5199852623,0.0,0.0,2023
2023-05-05,151778.5199852623,151778.5199852623,0.0,0.0,2023
2023-05-08,151778.5199852623,151778.5199852623,0.0,0.0,2023
2023-05-09,151778.5199852623,151778.5199852623,0.0,0.0,2023
2023-05-10,151778.5199852623,151778.5199852623,0.0,0.0,2023
2023-05-11,151778.5199852623,151778.5199852623,0.0,0.0,2023
2023-05-12,151778.5199852623,151778.5199852623,0.0,0.0,2023
2023-05-15,151778.5199852623,151778.5199852623,0.0,0.0,2023
2023-05-16,151778.5199852623,151778.5199852623,0.0,0.0,2023
2023-05-17,151778.5199852623,151778.5199852623,0.0,0.0,2023
2023-05-18,151778.5199852623,151778.5199852623,0.0,0.0,2023
2023-05-19,151778.5199852623,151778.5199852623,0.0,0.0,2023
2023-05-22,151778.5199852623,151778.5199852623,0.0,0.0,2023
2023-05-23,151778.5199852623,151778.5199852623,0.0,0.0,2023
2023-05-24,151778.5199852623,0.0,53.85807559126734,1.0,2023
2023-05-25,151287.87291662587,0.0,53.85807559126734,1.0,2023
2023-05-26,152995.71249362495,0.0,53.85807559126734,1.0,2023
2023-05-29,154513.43306378686,0.0,53.85807559126734,1.0,2023
2023-05-30,155039.0878815576,0.0,53.85807559126734,1.0,2023
2023-05-31,154390.63665143878,0.0,53.85807559126734,1.0,2023
2023-06-01,154578.60133525232,0.0,53.85807559126734,1.0,2023
2023-06-02,154420.25859301398,0.0,53.85807559126734,1.0,2023
2023-06-05,155672.99743126685,0.0,53.85807559126734,1.0,2023
2023-06-06,154611.9933421189,0.0,53.85807559126734,1.0,2023
2023-06-07,156089.85893634325,0.0,53.85807559126734,1.0,2023
2023-06-08,157298.4341526113,0.0,53.85807559126734,1.0,2023
2023-06-09,157380.83700826592,0.0,53.85807559126734,1.0,2023
2023-06-12,155945.51929375864,0.0,53.85807559126734,1.0,2023
2023-06-13,155372.46936946758,0.0,53.85807559126734,1.0,2023
2023-06-14,154285.0748232799,0.0,53.85807559126734,1.0,2023
2023-06-15,154278.07327345305,0.0,53.85807559126734,1.0,2023
2023-06-16,154016.86160683536,0.0,53.85807559126734,1.0,2023
2023-06-19,152200.22871714193,0.0,53.85807559126734,1.0,2023
2023-06-20,151122.52862456068,0.0,53.85807559126734,1.0,2023
2023-06-21,149780.38538082628,0.0,53.85807559126734,1.0,2023
2023-06-26,147414.40012010193,0.0,53.85807559126734,1.0,2023
2023-06-27,150037.28840139662,0.0,53.85807559126734,1.0,2023
2023-06-28,150373.90137384206,0.0,53.85807559126734,1.0,2023
2023-06-29,150150.3903601383,0.0,53.85807559126734,1.0,2023
2023-06-30,150651.80904389298,0.0,53.85807559126734,1.0,2023
2023-07-03,152252.47105046545,0.0,53.85807559126734,1.0,2023
2023-07-04,151315.87911593332,0.0,53.85807559126734,1.0,2023
2023-07-05,150776.75977926474,0.0,53.85807559126734,1.0,2023
2023-07-06,149797.6199650155,0.0,53.85807559126734,1.0,2023
2023-07-07,150304.96303708525,0.0,53.85807559126734,1.0,2023
2023-07-10,150573.71483428567,0.0,53.85807559126734,1.0,2023
2023-07-11,150922.17658336114,0.0,53.85807559126734,1.0,2023
2023-07-12,149840.7064254885,0.0,53.85807559126734,1.0,2023
2023-07-13,151563.08768289723,0.0,53.85807559126734,1.0,2023
2023-07-14,151401.51345612342,0.0,53.85807559126734,1.0,2023
2023-07-17,150686.27821227143,0.0,53.85807559126734,1.0,2023
2023-07-18,150246.79631544664,0.0,53.85807559126734,1.0,2023
2023-07-19,150991.65350087392,0.0,53.85807559126734,1.0,2023
2023-07-20,149866.0197210164,0.0,53.85807559126734,1.0,2023
2023-07-21,149963.5028378366,0.0,53.85807559126734,1.0,2023
2023-07-24,150157.93049072108,0.0,53.85807559126734,1.0,2023
2023-07-25,152270.24421541058,0.0,53.85807559126734,1.0,2023
2023-07-26,152168.99103329898,0.0,53.85807559126734,1.0,2023
2023-07-27,152414.58385799517,0.0,53.85807559126734,1.0,2023
2023-07-28,155201.20068908736,0.0,53.85807559126734,1.0,2023
2023-07-31,156601.5106544603,156601.5106544603,0.0,0.0,2023
2023-08-01,156601.5106544603,156601.5106544603,0.0,0.0,2023
2023-08-02,156601.5106544603,156601.5106544603,0.0,0.0,2023
2023-08-03,156601.5106544603,156601.5106544603,0.0,0.0,2023
2023-08-04,156601.5106544603,156601.5106544603,0.0,0.0,2023
2023-08-07,156601.5106544603,156601.5106544603,0.0,0.0,2023
2023-08-08,156601.5106544603,156601.5106544603,0.0,0.0,2023
2023-08-09,156601.5106544603,156601.5106544603,0.0,0.0,2023
2023-08-10,156601.5106544603,156601.5106544603,0.0,0.0,2023
2023-08-11,156601.5106544603,156601.5106544603,0.0,0.0,2023
2023-08-14,156601.5106544603,156601.5106544603,0.0,0.0,2023
2023-08-15,156601.5106544603,156601.5106544603,0.0,0.0,2023
2023-08-16,156601.5106544603,156601.5106544603,0.0,0.0,2023
2023-08-17,156601.5106544603,0.0,55.49230721551087,1.0,2023
2023-08-18,156113.17835096378,0.0,55.49230721551087,1.0,2023
2023-08-21,154603.7875947019,0.0,55.49230721551087,1.0,2023
2023-08-22,155917.29050649304,0.0,55.49230721551087,1.0,2023
2023-08-23,155435.61727986243,0.0,55.49230721551087,1.0,2023
2023-08-24,154224.77513641998,0.0,55.49230721551087,1.0,2023
2023-08-25,154744.7380550293,0.0,55.49230721551087,1.0,2023
2023-08-28,156681.97449992277,0.0,55.49230721551087,1.0,2023
2023-08-29,156189.7577349212,0.0,55.49230721551087,1.0,2023
2023-08-30,154213.12175190472,0.0,55.49230721551087,1.0,2023
2023-08-31,153275.30175996257,0.0,55.49230721551087,1.0,2023
2023-09-01,154225.33005949212,0.0,55.49230721551087,1.0,2023
2023-09-04,156375.10204102102,0.0,55.49230721551087,1.0,2023
2023-09-05,154760.27590104964,0.0,55.49230721551087,1.0,2023
2023-09-06,154754.7266703281,0.0,55.49230721551087,1.0,2023
2023-09-07,154173.16729070956,0.0,55.49230721551087,1.0,2023
2023-09-08,153771.9579095414,0.0,55.49230721551087,1.0,2023
2023-09-11,155337.95081916312,0.0,55.49230721551087,1.0,2023
2023-09-12,155203.10451262942,0.0,55.49230721551087,1.0,2023
2023-09-13,155144.83759005312,0.0,55.49230721551087,1.0,2023
2023-09-14,156442.24773275177,0.0,55.49230721551087,1.0,2023
2023-09-15,156035.4891208621,0.0,55.49230721551087,1.0,2023
2023-09-18,156095.42081265483,0.0,55.49230721551087,1.0,2023
2023-09-19,156837.90788319838,0.0,55.49230721551087,1.0,2023
2023-09-20,157005.49465098922,0.0,55.49230721551087,1.0,2023
2023-09-21,155999.41912117202,0.0,55.49230721551087,1.0,2023
2023-09-22,157257.42972574764,0.0,55.49230721551087,1.0,2023
2023-09-25,157104.82588090497,0.0,55.49230721551087,1.0,2023
2023-09-26,156691.40819214942,0.0,55.49230721551087,1.0,2023
2023-09-27,156397.85388697937,0.0,55.49230721551087,1.0,2023
2023-09-28,156432.81404052515,0.0,55.49230721551087,1.0,2023
2023-10-09,155566.57912489102,0.0,55.49230721551087,1.0,2023
2023-10-10,154056.63344555694,0.0,55.49230721551087,1.0,2023
2023-10-11,153766.963601892,0.0,55.49230721551087,1.0,2023
2023-10-12,155281.3486658033,0.0,55.49230721551087,1.0,2023
2023-10-13,154955.60882244824,0.0,55.49230721551087,1.0,2023
2023-10-16,155303.5455886895,0.0,55.49230721551087,1.0,2023
2023-10-17,155801.86650748478,0.0,55.49230721551087,1.0,2023
2023-10-18,154328.54575091298,0.0,55.49230721551087,1.0,2023
2023-10-19,151581.67654374518,0.0,55.49230721551087,1.0,2023
2023-10-20,150987.35393346706,0.0,55.49230721551087,1.0,2023
2023-10-23,148974.64795076047,0.0,55.49230721551087,1.0,2023
2023-10-24,149911.91301963045,0.0,55.49230721551087,1.0,2023
2023-10-25,150545.08024495945,0.0,55.49230721551087,1.0,2023
2023-10-26,151846.37484916317,0.0,55.49230721551087,1.0,2023
2023-10-27,152868.54314807287,0.0,55.49230721551087,1.0,2023
2023-10-30,151036.74208688887,0.0,55.49230721551087,1.0,2023
2023-10-31,151168.25885498963,0.0,55.49230721551087,1.0,2023
2023-11-01,151098.33854789808,0.0,55.49230721551087,1.0,2023
2023-11-02,151410.7602375214,0.0,55.49230721551087,1.0,2023
2023-11-03,150951.28393377695,0.0,55.49230721551087,1.0,2023
2023-11-06,151243.17346973057,0.0,55.49230721551087,1.0,2023
2023-11-07,150971.26116437456,0.0,55.49230721551087,1.0,2023
2023-11-08,150790.356242852,0.0,55.49230721551087,1.0,2023
2023-11-09,150947.95439534404,0.0,55.49230721551087,1.0,2023
2023-11-10,150279.27209339716,0.0,55.49230721551087,1.0,2023
2023-11-13,150326.99547760247,0.0,55.49230721551087,1.0,2023
2023-11-14,150429.10132287903,0.0,55.49230721551087,1.0,2023
2023-11-15,151163.8194704124,0.0,55.49230721551087,1.0,2023
2023-11-16,150972.92593359103,0.0,55.49230721551087,1.0,2023
2023-11-17,150748.1820893682,0.0,55.49230721551087,1.0,2023
2023-11-20,151204.3288546797,0.0,55.49230721551087,1.0,2023
2023-11-21,151636.05900481637,0.0,55.49230721551087,1.0,2023
2023-11-22,151289.7870077916,0.0,55.49230721551087,1.0,2023
2023-11-23,152071.67361645814,0.0,55.49230721551087,1.0,2023
2023-11-24,152194.3116154044,0.0,55.49230721551087,1.0,2023
2023-11-27,151398.551929934,0.0,55.49230721551087,1.0,2023
2023-11-28,151235.95946979255,0.0,55.49230721551087,1.0,2023
2023-11-29,150025.11732635013,0.0,55.49230721551087,1.0,2023
2023-11-30,150615.55547512314,0.0,55.49230721551087,1.0,2023
2023-12-01,151341.94977657418,0.0,55.49230721551087,1.0,2023
2023-12-04,151541.16715947786,0.0,55.49230721551087,1.0,2023
2023-12-05,149656.09348336697,0.0,55.49230721551087,1.0,2023
2023-12-06,149221.5887178695,0.0,55.49230721551087,1.0,2023
2023-12-07,149459.65071582404,0.0,55.49230721551087,1.0,2023
2023-12-08,149133.35594939685,0.0,55.49230721551087,1.0,2023
2023-12-11,150578.93055236092,0.0,55.49230721551087,1.0,2023
2023-12-12,151725.40161943337,0.0,55.49230721551087,1.0,2023
2023-12-13,150960.16270293147,0.0,55.49230721551087,1.0,2023
2023-12-14,150763.1650123164,0.0,55.49230721551087,1.0,2023
2023-12-15,149691.6085599849,0.0,55.49230721551087,1.0,2023
2023-12-18,149487.95179250394,0.0,55.49230721551087,1.0,2023
2023-12-19,149096.17610356244,0.0,55.49230721551087,1.0,2023
2023-12-20,148423.60934011047,0.0,55.49230721551087,1.0,2023
2023-12-21,148773.21087556815,0.0,55.49230721551087,1.0,2023
2023-12-22,148548.46703134535,0.0,55.49230721551087,1.0,2023
2023-12-25,148338.70611007072,0.0,55.49230721551087,1.0,2023
2023-12-26,148052.3658048387,0.0,55.49230721551087,1.0,2023
2023-12-27,148979.64225840988,0.0,55.49230721551087,1.0,2023
2023-12-28,149136.13056475762,0.0,55.49230721551087,1.0,2023
2023-12-29,149753.75994406626,0.0,55.49230721551087,1.0,2023
2024-01-02,150650.51562866892,0.0,55.49230721551087,1.0,2024
2024-01-03,152052.2513089327,0.0,55.49230721551087,1.0,2024
2024-01-04,152576.6536121193,0.0,55.49230721551087,1.0,2024
2024-01-05,153134.90622270733,153134.90622270733,0.0,0.0,2024
2024-01-08,153134.90622270733,76567.45311135367,28.00616438170181,0.5,2024
2024-01-09,153679.90618157526,76567.45311135367,28.00616438170181,0.5,2024
2024-01-10,153311.06499666822,76567.45311135367,28.00616438170181,0.5,2024
2024-01-11,152986.1934898405,76567.45311135367,28.00616438170181,0.5,2024
2024-01-12,153442.4139076184,76567.45311135367,28.00616438170181,0.5,2024
2024-01-15,153938.40307881834,153938.40307881834,0.0,0.0,2024
2024-01-16,153938.40307881834,153938.40307881834,0.0,0.0,2024
2024-01-17,153938.40307881834,76969.20153940917,28.02089722387796,0.5,2024
2024-01-18,153426.18107756588,76969.20153940917,28.02089722387796,0.5,2024
2024-01-19,153128.59914904827,76969.20153940917,28.02089722387796,0.5,2024
2024-01-22,151164.05404468218,76969.20153940917,28.02089722387796,0.5,2024
2024-01-23,151585.76854790153,76969.20153940917,28.02089722387796,0.5,2024
2024-01-24,153429.26337626047,76969.20153940917,28.02089722387796,0.5,2024
2024-01-25,155275.84050331404,76969.20153940917,28.02089722387796,0.5,2024
2024-01-26,156343.43668754378,76969.20153940917,28.02089722387796,0.5,2024
2024-01-29,156729.00423334434,76969.20153940917,28.02089722387796,0.5,2024
2024-01-30,155819.16570048503,76969.20153940917,28.02089722387796,0.5,2024
2024-01-31,155568.65887930358,76969.20153940917,28.02089722387796,0.5,2024
2024-02-01,154734.47676894872,76969.20153940917,28.02089722387796,0.5,2024
2024-02-02,154562.70866896637,76969.20153940917,28.02089722387796,0.5,2024
2024-02-05,154320.60811695203,76969.20153940917,28.02089722387796,0.5,2024
2024-02-06,156034.9266091089,76969.20153940917,28.02089722387796,0.5,2024
2024-02-07,156761.7886830963,76969.20153940917,28.02089722387796,0.5,2024
2024-02-08,156824.83570185,76969.20153940917,28.02089722387796,0.5,2024
2024-02-19,158313.3057623824,158313.3057623824,0.0,0.0,2024
2024-02-20,158313.3057623824,158313.3057623824,0.0,0.0,2024
2024-02-21,158313.3057623824,158313.3057623824,0.0,0.0,2024
2024-02-22,158313.3057623824,158313.3057623824,0.0,0.0,2024
2024-02-23,158313.3057623824,158313.3057623824,0.0,0.0,2024
2024-02-26,158313.3057623824,158313.3057623824,0.0,0.0,2024
2024-02-27,158313.3057623824,158313.3057623824,0.0,0.0,2024
2024-02-28,158313.3057623824,158313.3057623824,0.0,0.0,2024
2024-02-29,158313.3057623824,158313.3057623824,0.0,0.0,2024
2024-03-01,158313.3057623824,158313.3057623824,0.0,0.0,2024
2024-03-04,158313.3057623824,158313.3057623824,0.0,0.0,2024
2024-03-05,158313.3057623824,158313.3057623824,0.0,0.0,2024
2024-03-06,158313.3057623824,158313.3057623824,0.0,0.0,2024
2024-03-07,158313.3057623824,158313.3057623824,0.0,0.0,2024
2024-03-08,158313.3057623824,158313.3057623824,0.0,0.0,2024
2024-03-11,158313.3057623824,158313.3057623824,0.0,0.0,2024
2024-03-12,158313.3057623824,158313.3057623824,0.0,0.0,2024
2024-03-13,158313.3057623824,158313.3057623824,0.0,0.0,2024
2024-03-14,158313.3057623824,158313.3057623824,0.0,0.0,2024
2024-03-15,158313.3057623824,158313.3057623824,0.0,0.0,2024
2024-03-18,158313.3057623824,158313.3057623824,0.0,0.0,2024
2024-03-19,158313.3057623824,158313.3057623824,0.0,0.0,2024
2024-03-20,158313.3057623824,158313.3057623824,0.0,0.0,2024
2024-03-21,158313.3057623824,158313.3057623824,0.0,0.0,2024
2024-03-22,158313.3057623824,158313.3057623824,0.0,0.0,2024
2024-03-25,158313.3057623824,158313.3057623824,0.0,0.0,2024
2024-03-26,158313.3057623824,158313.3057623824,0.0,0.0,2024
2024-03-27,158313.3057623824,158313.3057623824,0.0,0.0,2024
2024-03-28,158313.3057623824,158313.3057623824,0.0,0.0,2024
2024-03-29,158313.3057623824,158313.3057623824,0.0,0.0,2024
2024-04-01,158313.3057623824,158313.3057623824,0.0,0.0,2024
2024-04-02,158313.3057623824,158313.3057623824,0.0,0.0,2024
2024-04-03,158313.3057623824,158313.3057623824,0.0,0.0,2024
2024-04-08,158313.3057623824,158313.3057623824,0.0,0.0,2024
2024-04-09,158313.3057623824,158313.3057623824,0.0,0.0,2024
2024-04-10,158313.3057623824,158313.3057623824,0.0,0.0,2024
2024-04-11,158313.3057623824,158313.3057623824,0.0,0.0,2024
2024-04-12,158313.3057623824,158313.3057623824,0.0,0.0,2024
2024-04-15,158313.3057623824,158313.3057623824,0.0,0.0,2024
2024-04-16,158313.3057623824,158313.3057623824,0.0,0.0,2024
2024-04-17,158313.3057623824,158313.3057623824,0.0,0.0,2024
2024-04-18,158313.3057623824,158313.3057623824,0.0,0.0,2024
2024-04-19,158313.3057623824,158313.3057623824,0.0,0.0,2024
2024-04-22,158313.3057623824,158313.3057623824,0.0,0.0,2024
2024-04-23,158313.3057623824,158313.3057623824,0.0,0.0,2024
2024-04-24,158313.3057623824,158313.3057623824,0.0,0.0,2024
2024-04-25,158313.3057623824,158313.3057623824,0.0,0.0,2024
2024-04-26,158313.3057623824,158313.3057623824,0.0,0.0,2024
2024-04-29,158313.3057623824,158313.3057623824,0.0,0.0,2024
2024-04-30,158313.3057623824,158313.3057623824,0.0,0.0,2024
2024-05-06,158313.3057623824,158313.3057623824,0.0,0.0,2024
2024-05-07,158313.3057623824,158313.3057623824,0.0,0.0,2024
2024-05-08,158313.3057623824,158313.3057623824,0.0,0.0,2024
2024-05-09,158313.3057623824,158313.3057623824,0.0,0.0,2024
2024-05-10,158313.3057623824,158313.3057623824,0.0,0.0,2024
2024-05-13,158313.3057623824,158313.3057623824,0.0,0.0,2024
2024-05-14,158313.3057623824,158313.3057623824,0.0,0.0,2024
2024-05-15,158313.3057623824,158313.3057623824,0.0,0.0,2024
2024-05-16,158313.3057623824,158313.3057623824,0.0,0.0,2024
2024-05-17,158313.3057623824,158313.3057623824,0.0,0.0,2024
2024-05-20,158313.3057623824,158313.3057623824,0.0,0.0,2024
2024-05-21,158313.3057623824,158313.3057623824,0.0,0.0,2024
2024-05-22,158313.3057623824,158313.3057623824,0.0,0.0,2024
2024-05-23,158313.3057623824,158313.3057623824,0.0,0.0,2024
2024-05-24,158313.3057623824,158313.3057623824,0.0,0.0,2024
2024-05-27,158313.3057623824,158313.3057623824,0.0,0.0,2024
2024-05-28,158313.3057623824,158313.3057623824,0.0,0.0,2024
2024-05-29,158313.3057623824,158313.3057623824,0.0,0.0,2024
2024-05-30,158313.3057623824,158313.3057623824,0.0,0.0,2024
2024-05-31,158313.3057623824,158313.3057623824,0.0,0.0,2024
2024-06-03,158313.3057623824,158313.3057623824,0.0,0.0,2024
2024-06-04,158313.3057623824,158313.3057623824,0.0,0.0,2024
2024-06-05,158313.3057623824,158313.3057623824,0.0,0.0,2024
2024-06-06,158313.3057623824,158313.3057623824,0.0,0.0,2024
2024-06-07,158313.3057623824,158313.3057623824,0.0,0.0,2024
2024-06-11,158313.3057623824,0.0,51.02370993456829,1.0,2024
2024-06-12,159214.8947169262,0.0,51.02370993456829,1.0,2024
2024-06-13,157648.466821935,0.0,51.02370993456829,1.0,2024
2024-06-14,157179.5589276363,0.0,51.02370993456829,1.0,2024
2024-06-17,156159.08472894493,0.0,51.02370993456829,1.0,2024
2024-06-18,157296.40322338647,0.0,51.02370993456829,1.0,2024
2024-06-19,157102.00288853576,0.0,51.02370993456829,1.0,2024
2024-06-20,156319.80941523882,0.0,51.02370993456829,1.0,2024
2024-06-21,156477.98291603598,0.0,51.02370993456829,1.0,2024
2024-06-24,155207.49253866525,0.0,51.02370993456829,1.0,2024
2024-06-25,155586.5987034791,0.0,51.02370993456829,1.0,2024
2024-06-26,155941.21348752434,0.0,51.02370993456829,1.0,2024
2024-06-27,155700.8918137325,0.0,51.02370993456829,1.0,2024
2024-06-28,157318.3434186583,0.0,51.02370993456829,1.0,2024
2024-07-01,159876.6722347776,0.0,51.02370993456829,1.0,2024
2024-07-02,161024.70570830538,0.0,51.02370993456829,1.0,2024
2024-07-03,160376.70459213635,0.0,51.02370993456829,1.0,2024
2024-07-04,159520.5267394343,0.0,51.02370993456829,1.0,2024
2024-07-05,158331.67429795885,0.0,51.02370993456829,1.0,2024
2024-07-08,157825.51909540792,0.0,51.02370993456829,1.0,2024
2024-07-09,159811.8721231607,0.0,51.02370993456829,1.0,2024
2024-07-10,157901.0341861111,0.0,51.02370993456829,1.0,2024
2024-07-11,157578.56433932463,0.0,51.02370993456829,1.0,2024
2024-07-12,158039.81867713312,0.0,51.02370993456829,1.0,2024
2024-07-15,158896.50676693453,0.0,51.02370993456829,1.0,2024
2024-07-16,157808.17103403018,0.0,51.02370993456829,1.0,2024
2024-07-17,157000.9759428653,0.0,51.02370993456829,1.0,2024
2024-07-18,157955.6295557411,0.0,51.02370993456829,1.0,2024
2024-07-19,157333.6505316387,0.0,51.02370993456829,1.0,2024
2024-07-22,156052.44517518167,0.0,51.02370993456829,1.0,2024
2024-07-23,155796.8163884095,0.0,51.02370993456829,1.0,2024
2024-07-24,156406.03948502825,0.0,51.02370993456829,1.0,2024
2024-07-25,156072.8546591555,0.0,51.02370993456829,1.0,2024
2024-07-26,155323.3163602167,0.0,51.02370993456829,1.0,2024
2024-07-29,156843.3126791675,0.0,51.02370993456829,1.0,2024
2024-07-30,156566.2539342228,0.0,51.02370993456829,1.0,2024
2024-07-31,157150.47541297358,0.0,51.02370993456829,1.0,2024
2024-08-01,158053.59507881547,0.0,51.02370993456829,1.0,2024
2024-08-02,157774.49538547336,0.0,51.02370993456829,1.0,2024
2024-08-05,155823.34871757549,0.0,51.02370993456829,1.0,2024
2024-08-06,154568.67569028444,0.0,51.02370993456829,1.0,2024
2024-08-07,154735.01298467114,0.0,51.02370993456829,1.0,2024
2024-08-08,155184.02163209533,0.0,51.02370993456829,1.0,2024
2024-08-09,154763.5862622345,0.0,51.02370993456829,1.0,2024
2024-08-12,154964.10944227735,0.0,51.02370993456829,1.0,2024
2024-08-13,155725.89343160047,0.0,51.02370993456829,1.0,2024
2024-08-14,155666.70592807635,0.0,51.02370993456829,1.0,2024
2024-08-15,157132.10687739716,0.0,51.02370993456829,1.0,2024
2024-08-16,157381.61281897718,0.0,51.02370993456829,1.0,2024
2024-08-19,159487.36132797683,0.0,51.02370993456829,1.0,2024
2024-08-20,158514.84941662397,0.0,51.02370993456829,1.0,2024
2024-08-21,157283.1370588035,0.0,51.02370993456829,1.0,2024
2024-08-22,157933.17912336986,0.0,51.02370993456829,1.0,2024
2024-08-23,157881.64517633597,0.0,51.02370993456829,1.0,2024
2024-08-26,157323.4457896518,0.0,51.02370993456829,1.0,2024
2024-08-27,157238.7464311604,0.0,51.02370993456829,1.0,2024
2024-08-28,156000.40099104843,0.0,51.02370993456829,1.0,2024
2024-08-29,152537.93203488862,0.0,51.02370993456829,1.0,2024
2024-08-30,151623.0769157618,0.0,51.02370993456829,1.0,2024
2024-09-02,151873.60333154057,0.0,51.02370993456829,1.0,2024
2024-09-03,150049.50570137973,0.0,51.02370993456829,1.0,2024
2024-09-04,149875.00461340352,0.0,51.02370993456829,1.0,2024
2024-09-05,150209.72015057429,0.0,51.02370993456829,1.0,2024
2024-09-06,149619.88606373066,0.0,51.02370993456829,1.0,2024
2024-09-09,147498.32020465133,0.0,51.02370993456829,1.0,2024
2024-09-10,147808.5443610535,0.0,51.02370993456829,1.0,2024
2024-09-11,144526.69933806206,0.0,51.02370993456829,1.0,2024
2024-09-12,145309.40304845833,0.0,51.02370993456829,1.0,2024
2024-09-13,144787.43049582772,0.0,51.02370993456829,1.0,2024
2024-09-18,145881.37883682485,0.0,51.02370993456829,1.0,2024
2024-09-19,145913.52377408362,0.0,51.02370993456829,1.0,2024
2024-09-20,145950.77108233585,0.0,51.02370993456829,1.0,2024
2024-09-23,147561.58960497018,0.0,51.02370993456829,1.0,2024
2024-09-24,153216.03713991903,0.0,51.02370993456829,1.0,2024
2024-09-25,155863.6574484238,0.0,51.02370993456829,1.0,2024
2024-09-26,160579.77895767594,160579.77895767594,0.0,0.0,2024
2024-09-27,160579.77895767594,160579.77895767594,0.0,0.0,2024
2024-09-30,160579.77895767594,160579.77895767594,0.0,0.0,2024
2024-10-08,160579.77895767594,160579.77895767594,0.0,0.0,2024
2024-10-09,160579.77895767594,160579.77895767594,0.0,0.0,2024
2024-10-10,160579.77895767594,160579.77895767594,0.0,0.0,2024
2024-10-11,160579.77895767594,160579.77895767594,0.0,0.0,2024
2024-10-14,160579.77895767594,160579.77895767594,0.0,0.0,2024
2024-10-15,160579.77895767594,160579.77895767594,0.0,0.0,2024
2024-10-16,160579.77895767594,160579.77895767594,0.0,0.0,2024
2024-10-17,160579.77895767594,160579.77895767594,0.0,0.0,2024
2024-10-18,160579.77895767594,160579.77895767594,0.0,0.0,2024
2024-10-21,160579.77895767594,160579.77895767594,0.0,0.0,2024
2024-10-22,160579.77895767594,160579.77895767594,0.0,0.0,2024
2024-10-23,160579.77895767594,160579.77895767594,0.0,0.0,2024
2024-10-24,160579.77895767594,160579.77895767594,0.0,0.0,2024
2024-10-25,160579.77895767594,160579.77895767594,0.0,0.0,2024
2024-10-28,160579.77895767594,160579.77895767594,0.0,0.0,2024
2024-10-29,160579.77895767594,160579.77895767594,0.0,0.0,2024
2024-10-30,160579.77895767594,160579.77895767594,0.0,0.0,2024
2024-10-31,160579.77895767594,160579.77895767594,0.0,0.0,2024
2024-11-01,160579.77895767594,160579.77895767594,0.0,0.0,2024
2024-11-04,160579.77895767594,160579.77895767594,0.0,0.0,2024
2024-11-05,160579.77895767594,160579.77895767594,0.0,0.0,2024
2024-11-06,160579.77895767594,160579.77895767594,0.0,0.0,2024
2024-11-07,160579.77895767594,160579.77895767594,0.0,0.0,2024
2024-11-08,160579.77895767594,160579.77895767594,0.0,0.0,2024
2024-11-11,160579.77895767594,160579.77895767594,0.0,0.0,2024
2024-11-12,160579.77895767594,160579.77895767594,0.0,0.0,2024
2024-11-13,160579.77895767594,160579.77895767594,0.0,0.0,2024
2024-11-14,160579.77895767594,160579.77895767594,0.0,0.0,2024
2024-11-15,160579.77895767594,160579.77895767594,0.0,0.0,2024
2024-11-18,160579.77895767594,160579.77895767594,0.0,0.0,2024
2024-11-19,160579.77895767594,160579.77895767594,0.0,0.0,2024
2024-11-20,160579.77895767594,160579.77895767594,0.0,0.0,2024
2024-11-21,160579.77895767594,160579.77895767594,0.0,0.0,2024
2024-11-22,160579.77895767594,160579.77895767594,0.0,0.0,2024
2024-11-25,160579.77895767594,160579.77895767594,0.0,0.0,2024
2024-11-26,160579.77895767594,160579.77895767594,0.0,0.0,2024
2024-11-27,160579.77895767594,160579.77895767594,0.0,0.0,2024
2024-11-28,160579.77895767594,160579.77895767594,0.0,0.0,2024
2024-11-29,160579.77895767594,160579.77895767594,0.0,0.0,2024
2024-12-02,160579.77895767594,160579.77895767594,0.0,0.0,2024
2024-12-03,160579.77895767594,160579.77895767594,0.0,0.0,2024
2024-12-04,160579.77895767594,160579.77895767594,0.0,0.0,2024
2024-12-05,160579.77895767594,160579.77895767594,0.0,0.0,2024
2024-12-06,160579.77895767594,160579.77895767594,0.0,0.0,2024
2024-12-09,160579.77895767594,160579.77895767594,0.0,0.0,2024
2024-12-10,160579.77895767594,160579.77895767594,0.0,0.0,2024
2024-12-11,160579.77895767594,160579.77895767594,0.0,0.0,2024
2024-12-12,160579.77895767594,160579.77895767594,0.0,0.0,2024
2024-12-13,160579.77895767594,160579.77895767594,0.0,0.0,2024
2024-12-16,160579.77895767594,160579.77895767594,0.0,0.0,2024
2024-12-17,160579.77895767594,160579.77895767594,0.0,0.0,2024
2024-12-18,160579.77895767594,160579.77895767594,0.0,0.0,2024
2024-12-19,160579.77895767594,160579.77895767594,0.0,0.0,2024
2024-12-20,160579.77895767594,160579.77895767594,0.0,0.0,2024
2024-12-23,160579.77895767594,160579.77895767594,0.0,0.0,2024
2024-12-24,160579.77895767594,160579.77895767594,0.0,0.0,2024
2024-12-25,160579.77895767594,160579.77895767594,0.0,0.0,2024
2024-12-26,160579.77895767594,160579.77895767594,0.0,0.0,2024
2024-12-27,160579.77895767594,160579.77895767594,0.0,0.0,2024
2024-12-30,160579.77895767594,160579.77895767594,0.0,0.0,2024
2024-12-31,160579.77895767594,160579.77895767594,0.0,0.0,2024
2025-01-02,160579.77895767594,160579.77895767594,0.0,0.0,2025
2025-01-03,160579.77895767594,160579.77895767594,0.0,0.0,2025
2025-01-06,160579.77895767594,160579.77895767594,0.0,0.0,2025
2025-01-07,160579.77895767594,160579.77895767594,0.0,0.0,2025
2025-01-08,160579.77895767594,160579.77895767594,0.0,0.0,2025
2025-01-09,160579.77895767594,160579.77895767594,0.0,0.0,2025
2025-01-10,160579.77895767594,160579.77895767594,0.0,0.0,2025
2025-01-13,160579.77895767594,0.0,49.46943936540398,1.0,2025
2025-01-14,163260.52787688718,0.0,49.46943936540398,1.0,2025
2025-01-15,163629.56989455307,0.0,49.46943936540398,1.0,2025
2025-01-16,164549.20677235594,0.0,49.46943936540398,1.0,2025
2025-01-17,164258.821163281,0.0,49.46943936540398,1.0,2025
2025-01-20,164064.90096096863,0.0,49.46943936540398,1.0,2025
2025-01-21,163291.69362368737,0.0,49.46943936540398,1.0,2025
2025-01-22,161457.3668120182,0.0,49.46943936540398,1.0,2025
2025-01-23,163589.49964866712,0.0,49.46943936540398,1.0,2025
2025-01-24,163928.86000271377,0.0,49.46943936540398,1.0,2025
2025-01-27,165994.70379061304,0.0,49.46943936540398,1.0,2025
2025-02-05,162896.4328031578,0.0,49.46943936540398,1.0,2025
2025-02-06,163194.23882813752,0.0,49.46943936540398,1.0,2025
2025-02-07,163492.5395475109,0.0,49.46943936540398,1.0,2025
2025-02-10,163430.2080539105,0.0,49.46943936540398,1.0,2025
2025-02-11,164360.2335139801,0.0,49.46943936540398,1.0,2025
2025-02-12,164383.48415048185,0.0,49.46943936540398,1.0,2025
2025-02-13,164102.49773488636,0.0,49.46943936540398,1.0,2025
2025-02-14,164463.12994786014,0.0,49.46943936540398,1.0,2025
2025-02-17,164664.47056607733,0.0,49.46943936540398,1.0,2025
2025-02-18,164932.10023304418,0.0,49.46943936540398,1.0,2025
2025-02-19,164588.78232384825,0.0,49.46943936540398,1.0,2025
2025-02-20,163905.60936621204,0.0,49.46943936540398,1.0,2025
2025-02-21,162685.6929914612,0.0,49.46943936540398,1.0,2025
2025-02-24,162634.24477452115,0.0,49.46943936540398,1.0,2025
2025-02-25,161220.90289185155,0.0,49.46943936540398,1.0,2025
2025-02-26,162325.55547288104,0.0,49.46943936540398,1.0,2025
2025-02-27,163238.7613235664,0.0,49.46943936540398,1.0,2025
2025-02-28,162144.00263041,0.0,49.46943936540398,1.0,2025
2025-03-03,161934.2522075007,0.0,49.46943936540398,1.0,2025
2025-03-04,162389.86574405606,0.0,49.46943936540398,1.0,2025
2025-03-05,163263.99073764277,0.0,49.46943936540398,1.0,2025
2025-03-06,162645.12805118156,0.0,49.46943936540398,1.0,2025
2025-03-07,162049.51600122207,0.0,49.46943936540398,1.0,2025
2025-03-10,161218.4294198833,0.0,49.46943936540398,1.0,2025
2025-03-11,161909.517487818,0.0,49.46943936540398,1.0,2025
2025-03-12,161748.24711548677,0.0,49.46943936540398,1.0,2025
2025-03-13,162710.4277111439,0.0,49.46943936540398,1.0,2025
2025-03-14,164360.2335139801,0.0,49.46943936540398,1.0,2025
2025-03-17,164741.64289148737,0.0,49.46943936540398,1.0,2025
2025-03-18,164803.47969069413,0.0,49.46943936540398,1.0,2025
2025-03-19,165554.42578026096,0.0,49.46943936540398,1.0,2025
2025-03-20,164982.5590611969,0.0,49.46943936540398,1.0,2025
2025-03-21,164566.02638174017,0.0,49.46943936540398,1.0,2025
2025-03-24,165440.15137532688,0.0,49.46943936540398,1.0,2025
2025-03-25,166779.783793342,0.0,49.46943936540398,1.0,2025
2025-03-26,166434.98180096515,0.0,49.46943936540398,1.0,2025
2025-03-27,166569.53867603902,166569.53867603902,0.0,0.0,2025
2025-03-28,166569.53867603902,166569.53867603902,0.0,0.0,2025
2025-03-31,166569.53867603902,166569.53867603902,0.0,0.0,2025
2025-04-01,166569.53867603902,166569.53867603902,0.0,0.0,2025
2025-04-02,166569.53867603902,166569.53867603902,0.0,0.0,2025
2025-04-03,166569.53867603902,166569.53867603902,0.0,0.0,2025
2025-04-07,166569.53867603902,0.0,51.84479159501347,1.0,2025
2025-04-08,171080.55399272116,0.0,51.84479159501347,1.0,2025
2025-04-09,171766.4605855232,0.0,51.84479159501347,1.0,2025
2025-04-10,172359.0465534542,0.0,51.84479159501347,1.0,2025
2025-04-11,171650.32825235033,0.0,51.84479159501347,1.0,2025
2025-04-14,172696.5561467377,0.0,51.84479159501347,1.0,2025
2025-04-15,173714.26940574782,0.0,51.84479159501347,1.0,2025
2025-04-16,175203.2518203566,0.0,51.84479159501347,1.0,2025
2025-04-17,174964.2473311036,0.0,51.84479159501347,1.0,2025
2025-04-18,175278.4267681694,0.0,51.84479159501347,1.0,2025
2025-04-21,174154.4316863895,0.0,51.84479159501347,1.0,2025
2025-04-22,175466.10491374333,0.0,51.84479159501347,1.0,2025
2025-04-23,174575.92984205697,0.0,51.84479159501347,1.0,2025
2025-04-24,175601.9382677223,0.0,51.84479159501347,1.0,2025
2025-04-25,175727.92111129814,175727.92111129814,0.0,0.0,2025
2025-04-28,175727.92111129814,175727.92111129814,0.0,0.0,2025
2025-04-29,175727.92111129814,175727.92111129814,0.0,0.0,2025
2025-04-30,175727.92111129814,175727.92111129814,0.0,0.0,2025
2025-05-06,175727.92111129814,175727.92111129814,0.0,0.0,2025
2025-05-07,175727.92111129814,175727.92111129814,0.0,0.0,2025
2025-05-08,175727.92111129814,175727.92111129814,0.0,0.0,2025
2025-05-09,175727.92111129814,175727.92111129814,0.0,0.0,2025
2025-05-12,175727.92111129814,175727.92111129814,0.0,0.0,2025
2025-05-13,175727.92111129814,175727.92111129814,0.0,0.0,2025
2025-05-14,175727.92111129814,175727.92111129814,0.0,0.0,2025
2025-05-15,175727.92111129814,175727.92111129814,0.0,0.0,2025
2025-05-16,175727.92111129814,175727.92111129814,0.0,0.0,2025
2025-05-19,175727.92111129814,175727.92111129814,0.0,0.0,2025
2025-05-20,175727.92111129814,175727.92111129814,0.0,0.0,2025
2025-05-21,175727.92111129814,175727.92111129814,0.0,0.0,2025
2025-05-22,175727.92111129814,175727.92111129814,0.0,0.0,2025
2025-05-23,175727.92111129814,175727.92111129814,0.0,0.0,2025
2025-05-26,175727.92111129814,175727.92111129814,0.0,0.0,2025
2025-05-27,175727.92111129814,175727.92111129814,0.0,0.0,2025
2025-05-28,175727.92111129814,175727.92111129814,0.0,0.0,2025
2025-05-29,175727.92111129814,175727.92111129814,0.0,0.0,2025
2025-05-30,175727.92111129814,175727.92111129814,0.0,0.0,2025
2025-06-03,175727.92111129814,175727.92111129814,0.0,0.0,2025
2025-06-04,175727.92111129814,175727.92111129814,0.0,0.0,2025
2025-06-05,175727.92111129814,175727.92111129814,0.0,0.0,2025
2025-06-06,175727.92111129814,175727.92111129814,0.0,0.0,2025
2025-06-09,175727.92111129814,175727.92111129814,0.0,0.0,2025
2025-06-10,175727.92111129814,175727.92111129814,0.0,0.0,2025
2025-06-11,175727.92111129814,175727.92111129814,0.0,0.0,2025
2025-06-12,175727.92111129814,175727.92111129814,0.0,0.0,2025
2025-06-13,175727.92111129814,175727.92111129814,0.0,0.0,2025
2025-06-16,175727.92111129814,175727.92111129814,0.0,0.0,2025
2025-06-17,175727.92111129814,175727.92111129814,0.0,0.0,2025
2025-06-18,175727.92111129814,175727.92111129814,0.0,0.0,2025
2025-06-19,175727.92111129814,175727.92111129814,0.0,0.0,2025
2025-06-20,175727.92111129814,175727.92111129814,0.0,0.0,2025
2025-06-23,175727.92111129814,175727.92111129814,0.0,0.0,2025
2025-06-24,175727.92111129814,175727.92111129814,0.0,0.0,2025
2025-06-25,175727.92111129814,175727.92111129814,0.0,0.0,2025
2025-06-26,175727.92111129814,175727.92111129814,0.0,0.0,2025
2025-06-27,175727.92111129814,175727.92111129814,0.0,0.0,2025
2025-06-30,175727.92111129814,175727.92111129814,0.0,0.0,2025
2025-07-01,175727.92111129814,175727.92111129814,0.0,0.0,2025
2025-07-02,175727.92111129814,175727.92111129814,0.0,0.0,2025
2025-07-03,175727.92111129814,175727.92111129814,0.0,0.0,2025
2025-07-04,175727.92111129814,175727.92111129814,0.0,0.0,2025
2025-07-07,175727.92111129814,175727.92111129814,0.0,0.0,2025
2025-07-08,175727.92111129814,175727.92111129814,0.0,0.0,2025
2025-07-09,175727.92111129814,175727.92111129814,0.0,0.0,2025
2025-07-10,175727.92111129814,175727.92111129814,0.0,0.0,2025
2025-07-11,175727.92111129814,175727.92111129814,0.0,0.0,2025
2025-07-14,175727.92111129814,175727.92111129814,0.0,0.0,2025
2025-07-15,175727.92111129814,175727.92111129814,0.0,0.0,2025
2025-07-16,175727.92111129814,175727.92111129814,0.0,0.0,2025
2025-07-17,175727.92111129814,175727.92111129814,0.0,0.0,2025
2025-07-18,175727.92111129814,175727.92111129814,0.0,0.0,2025
2025-07-21,175727.92111129814,175727.92111129814,0.0,0.0,2025
2025-07-22,175727.92111129814,175727.92111129814,0.0,0.0,2025
2025-07-23,175727.92111129814,175727.92111129814,0.0,0.0,2025
2025-07-24,175727.92111129814,175727.92111129814,0.0,0.0,2025
2025-07-25,175727.92111129814,175727.92111129814,0.0,0.0,2025
2025-07-28,175727.92111129814,175727.92111129814,0.0,0.0,2025
2025-07-29,175727.92111129814,0.0,49.98490198351874,1.0,2025
2025-07-30,176416.2132116112,0.0,49.98490198351874,1.0,2025
2025-07-31,173985.94727717253,0.0,49.98490198351874,1.0,2025
2025-08-01,174021.43655758083,0.0,49.98490198351874,1.0,2025
2025-08-04,174669.24088728722,0.0,49.98490198351874,1.0,2025
2025-08-05,176509.68497832038,0.0,49.98490198351874,1.0,2025
2025-08-06,176347.23404687396,0.0,49.98490198351874,1.0,2025
2025-08-07,176832.08759611408,0.0,49.98490198351874,1.0,2025
2025-08-08,176977.54366088612,0.0,49.98490198351874,1.0,2025
2025-08-11,176018.83324084224,0.0,49.98490198351874,1.0,2025
2025-08-12,176739.11567842474,0.0,49.98490198351874,1.0,2025
2025-08-13,176015.8341467232,0.0,49.98490198351874,1.0,2025
2025-08-14,175627.4514583113,0.0,49.98490198351874,1.0,2025
2025-08-15,175368.02981701682,0.0,49.98490198351874,1.0,2025
2025-08-18,176223.77133897465,0.0,49.98490198351874,1.0,2025
2025-08-19,176119.80274284893,0.0,49.98490198351874,1.0,2025
2025-08-20,177162.48779822513,0.0,49.98490198351874,1.0,2025
2025-08-21,178010.23173586561,178010.23173586561,0.0,0.0,2025
2025-08-22,178010.23173586561,178010.23173586561,0.0,0.0,2025
2025-08-25,178010.23173586561,178010.23173586561,0.0,0.0,2025
2025-08-26,178010.23173586561,178010.23173586561,0.0,0.0,2025
2025-08-27,178010.23173586561,178010.23173586561,0.0,0.0,2025
2025-08-28,178010.23173586561,178010.23173586561,0.0,0.0,2025
2025-08-29,178010.23173586561,178010.23173586561,0.0,0.0,2025
2025-09-01,178010.23173586561,178010.23173586561,0.0,0.0,2025
2025-09-02,178010.23173586561,178010.23173586561,0.0,0.0,2025
2025-09-03,178010.23173586561,178010.23173586561,0.0,0.0,2025
2025-09-04,178010.23173586561,178010.23173586561,0.0,0.0,2025
2025-09-05,178010.23173586561,178010.23173586561,0.0,0.0,2025
2025-09-08,178010.23173586561,178010.23173586561,0.0,0.0,2025
2025-09-09,178010.23173586561,178010.23173586561,0.0,0.0,2025
2025-09-10,178010.23173586561,0.0,51.15207146391849,1.0,2025
2025-09-11,178892.09344790358,0.0,51.15207146391849,1.0,2025
2025-09-12,177299.21794251713,0.0,51.15207146391849,1.0,2025
2025-09-15,176405.5912540425,0.0,51.15207146391849,1.0,2025
2025-09-16,175596.87700419794,0.0,51.15207146391849,1.0,2025
2025-09-17,175626.545205647,0.0,51.15207146391849,1.0,2025
2025-09-18,172555.37483495337,0.0,51.15207146391849,1.0,2025
2025-09-19,172501.1536392016,0.0,51.15207146391849,1.0,2025
2025-09-22,171545.12142354096,0.0,51.15207146391849,1.0,2025
2025-09-23,172685.81261718634,0.0,51.15207146391849,1.0,2025
2025-09-24,173000.39785668944,0.0,51.15207146391849,1.0,2025
2025-09-25,171604.96934715376,0.0,51.15207146391849,1.0,2025
2025-09-26,171845.38408303415,0.0,51.15207146391849,1.0,2025
2025-09-29,172147.69282538592,0.0,51.15207146391849,1.0,2025
2025-09-30,171125.16291682218,0.0,51.15207146391849,1.0,2025
2025-10-09,172266.87715189683,0.0,51.15207146391849,1.0,2025
2025-10-10,174033.15817954595,0.0,51.15207146391849,1.0,2025
2025-10-13,174455.16276912327,0.0,51.15207146391849,1.0,2025
2025-10-14,176858.7986072128,0.0,51.15207146391849,1.0,2025
2025-10-15,177410.72945830852,0.0,51.15207146391849,1.0,2025
2025-10-16,178500.26858048997,178500.26858048997,0.0,0.0,2025
2025-10-17,178500.26858048997,178500.26858048997,0.0,0.0,2025
2025-10-20,178500.26858048997,178500.26858048997,0.0,0.0,2025
2025-10-21,178500.26858048997,178500.26858048997,0.0,0.0,2025
2025-10-22,178500.26858048997,178500.26858048997,0.0,0.0,2025
2025-10-23,178500.26858048997,178500.26858048997,0.0,0.0,2025
2025-10-24,178500.26858048997,178500.26858048997,0.0,0.0,2025
2025-10-27,178500.26858048997,178500.26858048997,0.0,0.0,2025
2025-10-28,178500.26858048997,178500.26858048997,0.0,0.0,2025
2025-10-29,178500.26858048997,178500.26858048997,0.0,0.0,2025
2025-10-30,178500.26858048997,178500.26858048997,0.0,0.0,2025
2025-10-31,178500.26858048997,178500.26858048997,0.0,0.0,2025
2025-11-03,178500.26858048997,178500.26858048997,0.0,0.0,2025
2025-11-04,178500.26858048997,178500.26858048997,0.0,0.0,2025
2025-11-05,178500.26858048997,178500.26858048997,0.0,0.0,2025
2025-11-06,178500.26858048997,178500.26858048997,0.0,0.0,2025
2025-11-07,178500.26858048997,178500.26858048997,0.0,0.0,2025
2025-11-10,178500.26858048997,178500.26858048997,0.0,0.0,2025
2025-11-11,178500.26858048997,178500.26858048997,0.0,0.0,2025
2025-11-12,178500.26858048997,178500.26858048997,0.0,0.0,2025
2025-11-13,178500.26858048997,178500.26858048997,0.0,0.0,2025
2025-11-14,178500.26858048997,178500.26858048997,0.0,0.0,2025
2025-11-17,178500.26858048997,178500.26858048997,0.0,0.0,2025
2025-11-18,178500.26858048997,178500.26858048997,0.0,0.0,2025
2025-11-19,178500.26858048997,178500.26858048997,0.0,0.0,2025
2025-11-20,178500.26858048997,178500.26858048997,0.0,0.0,2025
2025-11-21,178500.26858048997,178500.26858048997,0.0,0.0,2025
2025-11-24,178500.26858048997,178500.26858048997,0.0,0.0,2025
2025-11-25,178500.26858048997,178500.26858048997,0.0,0.0,2025
2025-11-26,178500.26858048997,178500.26858048997,0.0,0.0,2025
2025-11-27,178500.26858048997,178500.26858048997,0.0,0.0,2025
2025-11-28,178500.26858048997,0.0,50.98711144323014,1.0,2025
2025-12-01,179526.6391338422,0.0,50.98711144323014,1.0,2025
2025-12-02,180157.34970239495,0.0,50.98711144323014,1.0,2025
2025-12-03,179941.16434987565,0.0,50.98711144323014,1.0,2025
2025-12-04,179255.89757207865,0.0,50.98711144323014,1.0,2025
2025-12-05,179048.38002850467,0.0,50.98711144323014,1.0,2025
2025-12-08,178722.57238638244,0.0,50.98711144323014,1.0,2025
2025-12-09,177823.15974052387,0.0,50.98711144323014,1.0,2025
2025-12-10,177314.81823943486,0.0,50.98711144323014,1.0,2025
2025-12-11,176192.08204545494,0.0,50.98711144323014,1.0,2025
2025-12-12,175633.77317515158,0.0,50.98711144323014,1.0,2025
2025-12-15,176074.81168913553,0.0,50.98711144323014,1.0,2025
2025-12-16,175208.54066571503,0.0,50.98711144323014,1.0,2025
2025-12-17,175437.98266720955,0.0,50.98711144323014,1.0,2025
2025-12-18,177096.0835313434,0.0,50.98711144323014,1.0,2025
2025-12-19,177038.977966527,0.0,50.98711144323014,1.0,2025
2025-12-22,176013.62715540364,0.0,50.98711144323014,1.0,2025
2025-12-23,176089.59795145405,0.0,50.98711144323014,1.0,2025
2025-12-24,176216.04598783326,0.0,50.98711144323014,1.0,2025
2025-12-25,176618.33429712034,0.0,50.98711144323014,1.0,2025
2025-12-26,176248.67773915693,0.0,50.98711144323014,1.0,2025
2025-12-29,176104.3842137726,0.0,50.98711144323014,1.0,2025
2025-12-30,175507.8350098868,0.0,50.98711144323014,1.0,2025
2025-12-31,175536.38779229502,0.0,50.98711144323014,1.0,2025
2026-01-05,176136.50609398182,0.0,50.98711144323014,1.0,2026
2026-01-06,177580.97096116852,0.0,50.98711144323014,1.0,2026
2026-01-07,176842.67758747056,0.0,50.98711144323014,1.0,2026
2026-01-08,175691.38861108242,0.0,50.98711144323014,1.0,2026
2026-01-09,175973.3473373635,0.0,50.98711144323014,1.0,2026
2026-01-12,176381.24422890932,0.0,50.98711144323014,1.0,2026
2026-01-13,176499.53432745763,0.0,50.98711144323014,1.0,2026
2026-01-14,174546.7279591819,0.0,50.98711144323014,1.0,2026
2026-01-15,173894.09293270856,0.0,50.98711144323014,1.0,2026
2026-01-16,172513.36195482587,0.0,50.98711144323014,1.0,2026
2026-01-19,173078.29914961688,0.0,50.98711144323014,1.0,2026
2026-01-20,175562.9010902455,0.0,50.98711144323014,1.0,2026
2026-01-21,174092.43279622274,0.0,50.98711144323014,1.0,2026
2026-01-22,174800.64377416918,0.0,50.98711144323014,1.0,2026
2026-01-23,174175.5417878752,0.0,50.98711144323014,1.0,2026
2026-01-26,174850.61114338355,0.0,50.98711144323014,1.0,2026
2026-01-27,173983.83024884865,0.0,50.98711144323014,1.0,2026
2026-01-28,174891.91070365257,0.0,50.98711144323014,1.0,2026
2026-01-29,177669.17866396531,0.0,50.98711144323014,1.0,2026
2026-01-30,176842.67758747056,0.0,50.98711144323014,1.0,2026
2026-02-02,174448.32283409647,0.0,50.98711144323014,1.0,2026
2026-02-03,174526.84298571903,0.0,50.98711144323014,1.0,2026
2026-02-04,177149.6199983588,0.0,50.98711144323014,1.0,2026
2026-02-05,178151.51673821828,0.0,50.98711144323014,1.0,2026
2026-02-06,177734.44216661266,0.0,50.98711144323014,1.0,2026
2026-02-09,178985.6658814295,0.0,50.98711144323014,1.0,2026
2026-02-10,179381.8357373434,0.0,50.98711144323014,1.0,2026
2026-02-11,179859.07510045206,0.0,50.98711144323014,1.0,2026
2026-02-12,178152.53648044716,0.0,50.98711144323014,1.0,2026
2026-02-13,176270.6021970775,0.0,50.98711144323014,1.0,2026
2026-02-24,177212.33414543397,0.0,50.98711144323014,1.0,2026
2026-02-25,177147.58051390108,0.0,50.98711144323014,1.0,2026
2026-02-26,176785.57202265415,0.0,50.98711144323014,1.0,2026
2026-02-27,177537.12204532736,0.0,50.98711144323014,1.0,2026
2026-03-02,178699.11831511857,0.0,50.98711144323014,1.0,2026
2026-03-03,179082.54139317165,0.0,50.98711144323014,1.0,2026
2026-03-04,176699.9136754295,0.0,50.98711144323014,1.0,2026
2026-03-05,177276.068034738,0.0,50.98711144323014,1.0,2026
2026-03-06,178768.97065779578,0.0,50.98711144323014,1.0,2026
2026-03-09,177765.54430459303,0.0,50.98711144323014,1.0,2026
2026-03-10,178150.4969959894,0.0,50.98711144323014,1.0,2026
2026-03-11,180225.16256061444,0.0,50.98711144323014,1.0,2026
2026-03-12,181320.365714415,0.0,50.98711144323014,1.0,2026
2026-03-13,181161.28592671215,0.0,50.98711144323014,1.0,2026
2026-03-16,181053.7031215669,0.0,50.98711144323014,1.0,2026
2026-03-17,181167.40438008533,0.0,50.98711144323014,1.0,2026
2026-03-18,180469.39082442754,0.0,50.98711144323014,1.0,2026
2026-03-19,179232.9533719292,0.0,50.98711144323014,1.0,2026
2026-03-20,178197.91500963163,0.0,50.98711144323014,1.0,2026
2026-03-23,171406.94163650778,0.0,50.98711144323014,1.0,2026
2026-03-24,175245.25138595418,0.0,50.98711144323014,1.0,2026
2026-03-25,177565.16495662113,0.0,50.98711144323014,1.0,2026
2026-03-26,177604.93490354685,0.0,50.98711144323014,1.0,2026
2026-03-27,176752.43040021605,0.0,50.98711144323014,1.0,2026
2026-03-30,177092.51443354238,0.0,50.98711144323014,1.0,2026
2026-03-31,177032.34964203936,0.0,50.98711144323014,1.0,2026
2026-04-01,177102.20198471658,0.0,50.98711144323014,1.0,2026
2026-04-02,177233.2388611257,0.0,50.98711144323014,1.0,2026
2026-04-03,174911.285806001,0.0,50.98711144323014,1.0,2026
2026-04-07,173944.06030192293,0.0,50.98711144323014,1.0,2026
2026-04-08,176535.22530546787,0.0,50.98711144323014,1.0,2026
2026-04-09,174810.84119645786,0.0,50.98711144323014,1.0,2026
2026-04-10,175160.10290984396,0.0,50.98711144323014,1.0,2026
2026-04-13,174437.10566957894,0.0,50.98711144323014,1.0,2026
2026-04-14,174888.34160585154,0.0,50.98711144323014,1.0,2026
2026-04-15,176150.78248518592,0.0,50.98711144323014,1.0,2026
2026-04-16,176179.84513870857,0.0,50.98711144323014,1.0,2026
2026-04-17,175412.99898260238,0.0,50.98711144323014,1.0,2026
2026-04-20,175878.00143896465,0.0,50.98711144323014,1.0,2026
2026-04-21,176906.4114767746,0.0,50.98711144323014,1.0,2026
2026-04-22,176927.82606358075,0.0,50.98711144323014,1.0,2026
2026-04-23,178151.51673821828,0.0,50.98711144323014,1.0,2026
2026-04-24,177221.51182549374,0.0,50.98711144323014,1.0,2026
2026-04-27,175930.00829263675,0.0,50.98711144323014,1.0,2026
2026-04-28,177094.55391800014,0.0,50.98711144323014,1.0,2026
2026-04-29,177507.54952069029,0.0,50.98711144323014,1.0,2026
2026-04-30,176424.58327363606,0.0,50.98711144323014,1.0,2026
2026-05-06,176136.50609398182,0.0,50.98711144323014,1.0,2026
2026-05-07,175686.2898999381,0.0,50.98711144323014,1.0,2026
2026-05-08,175650.0890508134,0.0,50.98711144323014,1.0,2026
2026-05-11,175700.5662911422,0.0,50.98711144323014,1.0,2026
2026-05-12,175712.29332677415,0.0,50.98711144323014,1.0,2026
2026-05-13,175651.10879304228,0.0,50.98711144323014,1.0,2026
2026-05-14,174803.19312974135,0.0,50.98711144323014,1.0,2026
2026-05-15,173123.67767880135,0.0,50.98711144323014,1.0,2026
2026-05-18,172055.49769406568,0.0,50.98711144323014,1.0,2026
2026-05-19,173774.7830919314,0.0,50.98711144323014,1.0,2026
2026-05-20,172382.8349495312,0.0,50.98711144323014,1.0,2026
2026-05-21,171367.17168958206,0.0,50.98711144323014,1.0,2026
2026-05-22,171012.3013939372,0.0,50.98711144323014,1.0,2026
2026-05-25,171250.9210754915,0.0,50.98711144323014,1.0,2026
2026-05-26,171374.30988518414,0.0,50.98711144323014,1.0,2026
2026-05-27,170122.0664281384,0.0,50.98711144323014,1.0,2026
2026-05-28,169058.4752834326,0.0,50.98711144323014,1.0,2026
2026-05-29,171928.53978657204,0.0,50.98711144323014,1.0,2026
2026-06-01,173919.58648843018,0.0,50.98711144323014,1.0,2026
2026-06-02,173652.41402446764,0.0,50.98711144323014,1.0,2026
