日期,持仓市值,现金,持仓点数,累计投入
2009-12-31,100000.0,100000.0,0.0,0.0
2010-01-04,100000.0,100000.0,0.0,0.0
2010-01-05,100000.0,100000.0,0.0,0.0
2010-01-06,100000.0,100000.0,0.0,0.0
2010-01-07,100000.0,100000.0,0.0,0.0
2010-01-08,100000.0,100000.0,0.0,0.0
2010-01-11,100000.0,100000.0,0.0,0.0
2010-01-12,100000.0,100000.0,0.0,0.0
2010-01-13,100000.0,100000.0,0.0,0.0
2010-01-14,100000.0,100000.0,0.0,0.0
2010-01-15,100000.0,100000.0,0.0,0.0
2010-01-18,100000.0,100000.0,0.0,0.0
2010-01-19,100000.0,100000.0,0.0,0.0
2010-01-20,100000.0,100000.0,0.0,0.0
2010-01-21,100000.0,100000.0,0.0,0.0
2010-01-22,100000.0,100000.0,0.0,0.0
2010-01-25,100000.0,100000.0,0.0,0.0
2010-01-26,100000.0,100000.0,0.0,0.0
2010-01-27,100000.0,100000.0,0.0,0.0
2010-01-28,100000.0,100000.0,0.0,0.0
2010-01-29,100000.0,100000.0,0.0,0.0
2010-02-01,100000.0,100000.0,0.0,0.0
2010-02-02,100000.0,100000.0,0.0,0.0
2010-02-03,100000.0,100000.0,0.0,0.0
2010-02-04,100000.0,100000.0,0.0,0.0
2010-02-05,100000.0,100000.0,0.0,0.0
2010-02-08,100000.0,100000.0,0.0,0.0
2010-02-09,100000.0,100000.0,0.0,0.0
2010-02-10,100000.0,100000.0,0.0,0.0
2010-02-11,100000.0,100000.0,0.0,0.0
2010-02-12,100000.0,100000.0,0.0,0.0
2010-02-22,100000.0,100000.0,0.0,0.0
2010-02-23,100000.0,100000.0,0.0,0.0
2010-02-24,100000.0,100000.0,0.0,0.0
2010-02-25,100000.0,100000.0,0.0,0.0
2010-02-26,100000.0,100000.0,0.0,0.0
2010-03-01,100000.0,100000.0,0.0,0.0
2010-03-02,100000.0,100000.0,0.0,0.0
2010-03-03,100000.0,100000.0,0.0,0.0
2010-03-04,100000.0,100000.0,0.0,0.0
2010-03-05,100000.0,100000.0,0.0,0.0
2010-03-08,100000.0,100000.0,0.0,0.0
2010-03-09,100000.0,100000.0,0.0,0.0
2010-03-10,100000.0,100000.0,0.0,0.0
2010-03-11,100000.0,100000.0,0.0,0.0
2010-03-12,100000.0,100000.0,0.0,0.0
2010-03-15,100000.0,100000.0,0.0,0.0
2010-03-16,100000.0,100000.0,0.0,0.0
2010-03-17,100000.0,100000.0,0.0,0.0
2010-03-18,100000.0,100000.0,0.0,0.0
2010-03-19,100000.0,100000.0,0.0,0.0
2010-03-22,100000.0,100000.0,0.0,0.0
2010-03-23,100000.0,100000.0,0.0,0.0
2010-03-24,100000.0,100000.0,0.0,0.0
2010-03-25,100000.0,100000.0,0.0,0.0
2010-03-26,100000.0,100000.0,0.0,0.0
2010-03-29,100000.0,100000.0,0.0,0.0
2010-03-30,100000.0,100000.0,0.0,0.0
2010-03-31,100000.0,100000.0,0.0,0.0
2010-04-01,100000.0,100000.0,0.0,0.0
2010-04-02,100000.0,100000.0,0.0,0.0
2010-04-06,100000.0,100000.0,0.0,0.0
2010-04-07,100000.0,100000.0,0.0,0.0
2010-04-08,100000.0,100000.0,0.0,0.0
2010-04-09,100000.0,100000.0,0.0,0.0
2010-04-12,100000.0,100000.0,0.0,0.0
2010-04-13,100000.0,100000.0,0.0,0.0
2010-04-14,100000.0,100000.0,0.0,0.0
2010-04-15,100000.0,100000.0,0.0,0.0
2010-04-16,100000.0,100000.0,0.0,0.0
2010-04-19,100000.0,100000.0,0.0,0.0
2010-04-20,100000.0,100000.0,0.0,0.0
2010-04-21,100000.0,100000.0,0.0,0.0
2010-04-22,100000.0,100000.0,0.0,0.0
2010-04-23,100000.0,100000.0,0.0,0.0
2010-04-26,100000.0,100000.0,0.0,0.0
2010-04-27,100000.0,100000.0,0.0,0.0
2010-04-28,100000.0,100000.0,0.0,0.0
2010-04-29,100000.0,100000.0,0.0,0.0
2010-04-30,100000.0,100000.0,0.0,0.0
2010-05-04,100000.0,100000.0,0.0,0.0
2010-05-05,100000.0,100000.0,0.0,0.0
2010-05-06,100000.0,100000.0,0.0,0.0
2010-05-07,100000.0,100000.0,0.0,0.0
2010-05-10,100000.0,100000.0,0.0,0.0
2010-05-11,100000.0,100000.0,0.0,0.0
2010-05-12,100000.0,100000.0,0.0,0.0
2010-05-13,100000.0,100000.0,0.0,0.0
2010-05-14,100000.0,100000.0,0.0,0.0
2010-05-17,100000.0,100000.0,0.0,0.0
2010-05-18,100000.0,100000.0,0.0,0.0
2010-05-19,100000.0,100000.0,0.0,0.0
2010-05-20,100000.0,100000.0,0.0,0.0
2010-05-21,100000.0,100000.0,0.0,0.0
2010-05-24,100000.0,100000.0,0.0,0.0
2010-05-25,100000.0,100000.0,0.0,0.0
2010-05-26,100000.0,100000.0,0.0,0.0
2010-05-27,100000.0,100000.0,0.0,0.0
2010-05-28,100000.0,100000.0,0.0,0.0
2010-05-31,100000.0,100000.0,0.0,0.0
2010-06-01,100000.0,100000.0,0.0,0.0
2010-06-02,100000.0,100000.0,0.0,0.0
2010-06-03,100000.0,100000.0,0.0,0.0
2010-06-04,100000.0,100000.0,0.0,0.0
2010-06-07,100000.0,100000.0,0.0,0.0
2010-06-08,100000.0,100000.0,0.0,0.0
2010-06-09,100000.0,100000.0,0.0,0.0
2010-06-10,100000.0,100000.0,0.0,0.0
2010-06-11,100000.0,100000.0,0.0,0.0
2010-06-17,100000.0,100000.0,0.0,0.0
2010-06-18,100000.0,100000.0,0.0,0.0
2010-06-21,100000.0,100000.0,0.0,0.0
2010-06-22,100000.0,100000.0,0.0,0.0
2010-06-23,100000.0,100000.0,0.0,0.0
2010-06-24,100000.0,100000.0,0.0,0.0
2010-06-25,100000.0,100000.0,0.0,0.0
2010-06-28,100000.0,100000.0,0.0,0.0
2010-06-29,100000.0,100000.0,0.0,0.0
2010-06-30,100000.0,100000.0,0.0,0.0
2010-07-01,100000.0,100000.0,0.0,0.0
2010-07-02,100000.0,100000.0,0.0,0.0
2010-07-05,100000.0,100000.0,0.0,0.0
2010-07-06,100000.0,100000.0,0.0,0.0
2010-07-07,100000.0,100000.0,0.0,0.0
2010-07-08,100000.0,100000.0,0.0,0.0
2010-07-09,100000.0,100000.0,0.0,0.0
2010-07-12,100000.0,100000.0,0.0,0.0
2010-07-13,100000.0,100000.0,0.0,0.0
2010-07-14,100000.0,100000.0,0.0,0.0
2010-07-15,100000.0,100000.0,0.0,0.0
2010-07-16,100000.0,100000.0,0.0,0.0
2010-07-19,100000.0,100000.0,0.0,0.0
2010-07-20,100000.0,100000.0,0.0,0.0
2010-07-21,100000.0,100000.0,0.0,0.0
2010-07-22,100000.0,100000.0,0.0,0.0
2010-07-23,100000.0,100000.0,0.0,0.0
2010-07-26,100000.0,100000.0,0.0,0.0
2010-07-27,100000.0,100000.0,0.0,0.0
2010-07-28,100000.0,100000.0,0.0,0.0
2010-07-29,100000.0,100000.0,0.0,0.0
2010-07-30,100000.0,100000.0,0.0,0.0
2010-08-02,100000.0,100000.0,0.0,0.0
2010-08-03,100000.0,100000.0,0.0,0.0
2010-08-04,100000.0,100000.0,0.0,0.0
2010-08-05,100000.0,100000.0,0.0,0.0
2010-08-06,100000.0,100000.0,0.0,0.0
2010-08-09,100000.0,100000.0,0.0,0.0
2010-08-10,100000.0,100000.0,0.0,0.0
2010-08-11,100000.0,100000.0,0.0,0.0
2010-08-12,100000.0,100000.0,0.0,0.0
2010-08-13,100000.0,100000.0,0.0,0.0
2010-08-16,100000.0,100000.0,0.0,0.0
2010-08-17,100000.0,100000.0,0.0,0.0
2010-08-18,100000.0,100000.0,0.0,0.0
2010-08-19,100000.0,100000.0,0.0,0.0
2010-08-20,100000.0,100000.0,0.0,0.0
2010-08-23,100000.0,100000.0,0.0,0.0
2010-08-24,100000.0,100000.0,0.0,0.0
2010-08-25,100000.0,100000.0,0.0,0.0
2010-08-26,100000.0,100000.0,0.0,0.0
2010-08-27,100000.0,100000.0,0.0,0.0
2010-08-30,100000.0,100000.0,0.0,0.0
2010-08-31,100000.0,100000.0,0.0,0.0
2010-09-01,100000.0,100000.0,0.0,0.0
2010-09-02,100000.0,100000.0,0.0,0.0
2010-09-03,100000.0,100000.0,0.0,0.0
2010-09-06,100000.0,100000.0,0.0,0.0
2010-09-07,100000.0,100000.0,0.0,0.0
2010-09-08,100000.0,100000.0,0.0,0.0
2010-09-09,100000.0,100000.0,0.0,0.0
2010-09-10,100000.0,100000.0,0.0,0.0
2010-09-13,100000.0,100000.0,0.0,0.0
2010-09-14,100000.0,100000.0,0.0,0.0
2010-09-15,100000.0,100000.0,0.0,0.0
2010-09-16,100000.0,100000.0,0.0,0.0
2010-09-17,100000.0,100000.0,0.0,0.0
2010-09-20,100000.0,100000.0,0.0,0.0
2010-09-21,100000.0,100000.0,0.0,0.0
2010-09-27,100000.0,100000.0,0.0,0.0
2010-09-28,100000.0,100000.0,0.0,0.0
2010-09-29,100000.0,100000.0,0.0,0.0
2010-09-30,100000.0,100000.0,0.0,0.0
2010-10-08,100000.0,100000.0,0.0,0.0
2010-10-11,100000.0,100000.0,0.0,0.0
2010-10-12,100000.0,100000.0,0.0,0.0
2010-10-13,100000.0,100000.0,0.0,0.0
2010-10-14,100000.0,100000.0,0.0,0.0
2010-10-15,100000.0,100000.0,0.0,0.0
2010-10-18,100000.0,100000.0,0.0,0.0
2010-10-19,100000.0,100000.0,0.0,0.0
2010-10-20,100000.0,100000.0,0.0,0.0
2010-10-21,100000.0,100000.0,0.0,0.0
2010-10-22,100000.0,100000.0,0.0,0.0
2010-10-25,100000.0,100000.0,0.0,0.0
2010-10-26,100000.0,100000.0,0.0,0.0
2010-10-27,100000.0,100000.0,0.0,0.0
2010-10-28,100000.0,100000.0,0.0,0.0
2010-10-29,100000.0,100000.0,0.0,0.0
2010-11-01,100000.0,100000.0,0.0,0.0
2010-11-02,100000.0,100000.0,0.0,0.0
2010-11-03,100000.0,100000.0,0.0,0.0
2010-11-04,100000.0,100000.0,0.0,0.0
2010-11-05,100000.0,100000.0,0.0,0.0
2010-11-08,100000.0,100000.0,0.0,0.0
2010-11-09,100000.0,100000.0,0.0,0.0
2010-11-10,100000.0,100000.0,0.0,0.0
2010-11-11,100000.0,100000.0,0.0,0.0
2010-11-12,100000.0,100000.0,0.0,0.0
2010-11-15,100000.0,100000.0,0.0,0.0
2010-11-16,100000.0,100000.0,0.0,0.0
2010-11-17,100000.0,100000.0,0.0,0.0
2010-11-18,100000.0,100000.0,0.0,0.0
2010-11-19,100000.0,100000.0,0.0,0.0
2010-11-22,100000.0,100000.0,0.0,0.0
2010-11-23,100000.0,100000.0,0.0,0.0
2010-11-24,100000.0,100000.0,0.0,0.0
2010-11-25,100000.0,100000.0,0.0,0.0
2010-11-26,100000.0,100000.0,0.0,0.0
2010-11-29,100000.0,100000.0,0.0,0.0
2010-11-30,100000.0,100000.0,0.0,0.0
2010-12-01,100000.0,100000.0,0.0,0.0
2010-12-02,100000.0,100000.0,0.0,0.0
2010-12-03,100000.0,100000.0,0.0,0.0
2010-12-06,100000.0,100000.0,0.0,0.0
2010-12-07,100000.0,100000.0,0.0,0.0
2010-12-08,100000.0,100000.0,0.0,0.0
2010-12-09,100000.0,100000.0,0.0,0.0
2010-12-10,100000.0,100000.0,0.0,0.0
2010-12-13,100000.0,100000.0,0.0,0.0
2010-12-14,100000.0,100000.0,0.0,0.0
2010-12-15,100000.0,100000.0,0.0,0.0
2010-12-16,100000.0,100000.0,0.0,0.0
2010-12-17,100000.0,100000.0,0.0,0.0
2010-12-20,100000.0,100000.0,0.0,0.0
2010-12-21,100000.0,100000.0,0.0,0.0
2010-12-22,100000.0,100000.0,0.0,0.0
2010-12-23,100000.0,100000.0,0.0,0.0
2010-12-24,100000.0,100000.0,0.0,0.0
2010-12-27,100000.0,100000.0,0.0,0.0
2010-12-28,100000.0,100000.0,0.0,0.0
2010-12-29,100000.0,100000.0,0.0,0.0
2010-12-30,100000.0,100000.0,0.0,0.0
2010-12-31,100000.0,100000.0,0.0,0.0
2011-01-04,100000.0,100000.0,0.0,0.0
2011-01-05,100000.0,100000.0,0.0,0.0
2011-01-06,100000.0,100000.0,0.0,0.0
2011-01-07,100000.0,100000.0,0.0,0.0
2011-01-10,100000.0,100000.0,0.0,0.0
2011-01-11,100000.0,100000.0,0.0,0.0
2011-01-12,100000.0,100000.0,0.0,0.0
2011-01-13,100000.0,100000.0,0.0,0.0
2011-01-14,100000.0,100000.0,0.0,0.0
2011-01-17,100000.0,80000.0,20.51324129725738,20000.0
2011-01-18,100070.15528523663,80000.0,20.51324129725738,20000.0
2011-01-19,100411.08535559704,80000.0,20.51324129725738,20000.0
2011-01-20,99811.27818006523,64000.0,37.080161299742414,36000.0
2011-01-21,100204.6986914555,64000.0,37.080161299742414,36000.0
2011-01-24,99884.69689943871,64000.0,37.080161299742414,36000.0
2011-01-25,99841.68391233102,64000.0,37.080161299742414,36000.0
2011-01-26,100176.88857048069,64000.0,37.080161299742414,36000.0
2011-01-27,100632.23295124152,64000.0,37.080161299742414,36000.0
2011-01-28,100796.49806579939,64000.0,37.080161299742414,36000.0
2011-01-31,101220.69511106843,64000.0,37.080161299742414,36000.0
2011-02-01,101139.489557822,64000.0,37.080161299742414,36000.0
2011-02-09,100934.43626583443,64000.0,37.080161299742414,36000.0
2011-02-10,101705.70362086907,64000.0,37.080161299742414,36000.0
2011-02-11,102024.59300804685,64000.0,37.080161299742414,36000.0
2011-02-14,102924.5285227916,64000.0,37.080161299742414,36000.0
2011-02-15,102813.28803889238,64000.0,37.080161299742414,36000.0
2011-02-16,103264.18280029725,64000.0,37.080161299742414,36000.0
2011-02-17,103316.46582772987,64000.0,37.080161299742414,36000.0
2011-02-18,103023.53255346192,64000.0,37.080161299742414,36000.0
2011-02-21,103686.5258375013,64000.0,37.080161299742414,36000.0
2011-02-22,102592.29027754591,64000.0,37.080161299742414,36000.0
2011-02-23,102927.86573730857,64000.0,37.080161299742414,36000.0
2011-02-24,103066.91634218261,64000.0,37.080161299742414,36000.0
2011-02-25,103019.08293410594,64000.0,37.080161299742414,36000.0
2011-02-28,103689.12144879228,64000.0,37.080161299742414,36000.0
2011-03-01,103792.57509881858,64000.0,37.080161299742414,36000.0
2011-03-02,103782.56345526763,64000.0,37.080161299742414,36000.0
2011-03-03,103619.41074554878,64000.0,37.080161299742414,36000.0
2011-03-04,104192.2992376298,64000.0,37.080161299742414,36000.0
2011-03-07,104628.73273612777,64000.0,37.080161299742414,36000.0
2011-03-08,104879.02382490103,64000.0,37.080161299742414,36000.0
2011-03-09,104898.30550877689,64000.0,37.080161299742414,36000.0
2011-03-10,104496.72736190067,64000.0,37.080161299742414,36000.0
2011-03-11,104308.36014249799,64000.0,37.080161299742414,36000.0
2011-03-14,104635.03636354872,64000.0,37.080161299742414,36000.0
2011-03-15,104054.73183920776,64000.0,37.080161299742414,36000.0
2011-03-16,104480.78289254179,64000.0,37.080161299742414,36000.0
2011-03-17,103818.1604101154,64000.0,37.080161299742414,36000.0
2011-03-18,103999.48239887113,64000.0,37.080161299742414,36000.0
2011-03-21,103836.70049076526,64000.0,37.080161299742414,36000.0
2011-03-22,103934.59211659658,64000.0,37.080161299742414,36000.0
2011-03-23,104426.27505543118,64000.0,37.080161299742414,36000.0
2011-03-24,104325.04621508287,64000.0,37.080161299742414,36000.0
2011-03-25,104784.46941358669,64000.0,37.080161299742414,36000.0
2011-03-28,104854.92172005618,64000.0,37.080161299742414,36000.0
2011-03-29,104328.75423121284,64000.0,37.080161299742414,36000.0
2011-03-30,104160.41029891201,64000.0,37.080161299742414,36000.0
2011-03-31,103768.84379558673,64000.0,37.080161299742414,36000.0
2011-04-01,104218.99695376561,64000.0,37.080161299742414,36000.0
2011-04-06,104389.93649735741,64000.0,37.080161299742414,36000.0
2011-04-07,104549.01038933331,64000.0,37.080161299742414,36000.0
2011-04-08,104881.619436192,64000.0,37.080161299742414,36000.0
2011-04-11,104501.91858448264,64000.0,37.080161299742414,36000.0
2011-04-12,104821.54957488642,64000.0,37.080161299742414,36000.0
2011-04-13,105231.28535724858,64000.0,37.080161299742414,36000.0
2011-04-14,105111.88723786341,64000.0,37.080161299742414,36000.0
2011-04-15,105155.64182819711,64000.0,37.080161299742414,36000.0
2011-04-18,105285.7931943592,64000.0,37.080161299742414,36000.0
2011-04-19,104615.01307644686,64000.0,37.080161299742414,36000.0
2011-04-20,104812.2795345615,64000.0,37.080161299742414,36000.0
2011-04-21,105005.46717493315,64000.0,37.080161299742414,36000.0
2011-04-22,104899.04711200288,64000.0,37.080161299742414,36000.0
2011-04-25,104431.09547640014,64000.0,37.080161299742414,36000.0
2011-04-26,103937.92933111356,64000.0,37.080161299742414,36000.0
2011-04-27,103718.78557783208,64000.0,37.080161299742414,36000.0
2011-04-28,102842.21056470618,64000.0,37.080161299742414,36000.0
2011-04-29,103444.39238421399,64000.0,37.080161299742414,36000.0
2011-05-03,103979.82991338227,64000.0,37.080161299742414,36000.0
2011-05-04,103313.8702164389,64000.0,37.080161299742414,36000.0
2011-05-05,103473.31491002778,64000.0,37.080161299742414,36000.0
2011-05-06,103534.86797778535,64000.0,37.080161299742414,36000.0
2011-05-09,103683.55942459733,64000.0,37.080161299742414,36000.0
2011-05-10,103852.27415851117,64000.0,37.080161299742414,36000.0
2011-05-11,103777.74303429868,64000.0,37.080161299742414,36000.0
2011-05-12,103337.23071805773,64000.0,37.080161299742414,36000.0
2011-05-13,103524.11473100845,64000.0,37.080161299742414,36000.0
2011-05-16,103290.88051643306,64000.0,37.080161299742414,36000.0
2011-05-17,103130.32341800517,64000.0,37.080161299742414,36000.0
2011-05-18,103410.27863581822,64000.0,37.080161299742414,36000.0
2011-05-19,103217.46179705957,64000.0,37.080161299742414,36000.0
2011-05-20,103148.12189542904,64000.0,37.080161299742414,36000.0
2011-05-23,101837.33819348316,64000.0,37.080161299742414,36000.0
2011-05-24,101759.8406563667,64000.0,37.080161299742414,36000.0
2011-05-25,101341.2056352926,64000.0,37.080161299742414,36000.0
2011-05-26,101090.17294329335,51200.0,49.876706232610545,48800.0
2011-05-27,100396.38795959773,51200.0,49.876706232610545,48800.0
2011-05-30,100018.82129341687,51200.0,49.876706232610545,48800.0
2011-05-31,100854.2561228131,51200.0,49.876706232610545,48800.0
2011-06-01,101049.77281124494,51200.0,49.876706232610545,48800.0
2011-06-02,100161.46867324214,51200.0,49.876706232610545,48800.0
2011-06-03,100787.42133646141,51200.0,49.876706232610545,48800.0
2011-06-07,100987.92569551649,51200.0,49.876706232610545,48800.0
2011-06-08,101029.8221287519,51200.0,49.876706232610545,48800.0
2011-06-09,99979.91746255543,51200.0,49.876706232610545,48800.0
2011-06-10,100078.17457383368,51200.0,49.876706232610545,48800.0
2011-06-13,99884.15418658883,51200.0,49.876706232610545,48800.0
2011-06-14,100436.78809164616,51200.0,49.876706232610545,48800.0
2011-06-15,99892.63322664838,51200.0,49.876706232610545,48800.0
2011-06-16,98947.96841060273,51200.0,49.876706232610545,48800.0
2011-06-17,98476.13476964223,51200.0,49.876706232610545,48800.0
2011-06-20,97991.83195212358,51200.0,49.876706232610545,48800.0
2011-06-21,98601.32530228607,51200.0,49.876706232610545,48800.0
2011-06-22,98439.2260070301,51200.0,49.876706232610545,48800.0
2011-06-23,99133.01099072571,51200.0,49.876706232610545,48800.0
2011-06-24,100202.36757235287,51200.0,49.876706232610545,48800.0
2011-06-27,100420.82754565171,51200.0,49.876706232610545,48800.0
2011-06-28,100376.43727710469,51200.0,49.876706232610545,48800.0
2011-06-29,99790.38597887152,51200.0,49.876706232610545,48800.0
2011-06-30,100305.11358719206,51200.0,49.876706232610545,48800.0
2011-07-01,100273.69126226552,51200.0,49.876706232610545,48800.0
2011-07-04,101311.12675190382,51200.0,49.876706232610545,48800.0
2011-07-05,101350.03058276525,51200.0,49.876706232610545,48800.0
2011-07-06,101205.38813469067,51200.0,49.876706232610545,48800.0
2011-07-07,101114.11376228501,51200.0,49.876706232610545,48800.0
2011-07-08,101149.02745664783,51200.0,49.876706232610545,48800.0
2011-07-11,101422.35180680253,51200.0,49.876706232610545,48800.0
2011-07-12,100806.37448482981,51200.0,49.876706232610545,48800.0
2011-07-13,101505.645906211,51200.0,49.876706232610545,48800.0
2011-07-14,101623.85369998228,51200.0,49.876706232610545,48800.0
2011-07-15,101873.23723114534,51200.0,49.876706232610545,48800.0
2011-07-18,101856.77791808857,51200.0,49.876706232610545,48800.0
2011-07-19,101238.80552786653,51200.0,49.876706232610545,48800.0
2011-07-20,101280.2031940396,51200.0,49.876706232610545,48800.0
2011-07-21,100908.12296554432,51200.0,49.876706232610545,48800.0
2011-07-22,101020.3455545677,51200.0,49.876706232610545,48800.0
2011-07-25,99553.47162426662,51200.0,49.876706232610545,48800.0
2011-07-26,99723.05242545748,51200.0,49.876706232610545,48800.0
2011-07-27,100126.55497887931,51200.0,49.876706232610545,48800.0
2011-07-28,99761.4574892566,51200.0,49.876706232610545,48800.0
2011-07-29,99721.05735720819,51200.0,49.876706232610545,48800.0
2011-08-01,99757.46735275799,51200.0,49.876706232610545,48800.0
2011-08-02,99316.55726966172,51200.0,49.876706232610545,48800.0
2011-08-03,99339.99932159105,51200.0,49.876706232610545,48800.0
2011-08-04,99449.72807530279,51200.0,49.876706232610545,48800.0
2011-08-05,98551.94736311579,51200.0,49.876706232610545,48800.0
2011-08-08,96647.1559520924,51200.0,49.876706232610545,48800.0
2011-08-09,96709.50183488317,51200.0,49.876706232610545,48800.0
2011-08-10,97118.49082599056,51200.0,49.876706232610545,48800.0
2011-08-11,97911.03168802675,51200.0,49.876706232610545,48800.0
2011-08-12,98218.77096548196,51200.0,49.876706232610545,48800.0
2011-08-15,98888.1163631236,51200.0,49.876706232610545,48800.0
2011-08-16,98572.8955797335,51200.0,49.876706232610545,48800.0
2011-08-17,98369.89738536677,51200.0,49.876706232610545,48800.0
2011-08-18,97644.19130968228,51200.0,49.876706232610545,48800.0
2011-08-19,97325.97792391822,51200.0,49.876706232610545,48800.0
2011-08-22,96997.78919690766,51200.0,49.876706232610545,48800.0
2011-08-23,97655.66295211579,51200.0,49.876706232610545,48800.0
2011-08-24,97503.040231044,51200.0,49.876706232610545,48800.0
2011-08-25,98672.64899219872,51200.0,49.876706232610545,48800.0
2011-08-26,98598.83146697446,51200.0,49.876706232610545,48800.0
2011-08-29,98086.09892690321,51200.0,49.876706232610545,48800.0
2011-08-30,97878.61182897555,51200.0,49.876706232610545,48800.0
2011-08-31,97856.16731117088,51200.0,49.876706232610545,48800.0
2011-09-01,97594.81337051201,51200.0,49.876706232610545,48800.0
2011-09-02,97063.6264491347,51200.0,49.876706232610545,48800.0
2011-09-05,96244.1521657329,51200.0,49.876706232610545,48800.0
2011-09-06,95934.4178200284,51200.0,49.876706232610545,48800.0
2011-09-07,96873.09743132614,51200.0,49.876706232610545,48800.0
2011-09-08,96474.58254852757,51200.0,49.876706232610545,48800.0
2011-09-09,96334.42900401393,51200.0,49.876706232610545,48800.0
2011-09-13,95829.17796987758,51200.0,49.876706232610545,48800.0
2011-09-14,96083.05040460158,51200.0,49.876706232610545,48800.0
2011-09-15,96034.66999955595,51200.0,49.876706232610545,48800.0
2011-09-16,96051.62807967502,51200.0,49.876706232610545,48800.0
2011-09-19,95226.16859152533,51200.0,49.876706232610545,48800.0
2011-09-20,95423.68034820646,51200.0,49.876706232610545,48800.0
2011-09-21,96457.12570134616,51200.0,49.876706232610545,48800.0
2011-09-22,95369.31473841293,51200.0,49.876706232610545,48800.0
2011-09-23,95099.4817576945,51200.0,49.876706232610545,48800.0
2011-09-26,94446.59567310964,51200.0,49.876706232610545,48800.0
2011-09-27,94822.66603810352,51200.0,49.876706232610545,48800.0
2011-09-28,94299.45938972343,51200.0,49.876706232610545,48800.0
2011-09-29,93727.8723362977,51200.0,49.876706232610545,48800.0
2011-09-30,93646.57330513855,51200.0,49.876706232610545,48800.0
2011-10-10,93410.15771759598,51200.0,49.876706232610545,48800.0
2011-10-11,93373.24895498384,51200.0,49.876706232610545,48800.0
2011-10-12,94591.73688824652,51200.0,49.876706232610545,48800.0
2011-10-13,94926.40958706735,51200.0,49.876706232610545,48800.0
2011-10-14,94825.65864047746,51200.0,49.876706232610545,48800.0
2011-10-17,95034.6420395921,51200.0,49.876706232610545,48800.0
2011-10-18,93973.76449802448,51200.0,49.876706232610545,48800.0
2011-10-19,93850.56903362993,51200.0,49.876706232610545,48800.0
2011-10-20,92883.95846684193,51200.0,49.876706232610545,48800.0
2011-10-21,92758.76793419808,51200.0,49.876706232610545,48800.0
2011-10-24,93625.62508852086,51200.0,49.876706232610545,48800.0
2011-10-25,94340.35828883416,51200.0,49.876706232610545,48800.0
2011-10-26,94626.65058260935,51200.0,49.876706232610545,48800.0
2011-10-27,94938.37999656316,51200.0,49.876706232610545,48800.0
2011-10-28,95627.67607669784,51200.0,49.876706232610545,48800.0
2011-10-31,95621.69087194992,51200.0,49.876706232610545,48800.0
2011-11-01,95648.12552625322,51200.0,49.876706232610545,48800.0
2011-11-02,96303.5054461497,51200.0,49.876706232610545,48800.0
2011-11-03,96419.21940460938,51200.0,49.876706232610545,48800.0
2011-11-04,96601.2693823584,51200.0,49.876706232610545,48800.0
2011-11-07,96399.76748917866,51200.0,49.876706232610545,48800.0
2011-11-08,96188.78902181471,51200.0,49.876706232610545,48800.0
2011-11-09,96533.43706188205,51200.0,49.876706232610545,48800.0
2011-11-10,95925.44001290653,51200.0,49.876706232610545,48800.0
2011-11-11,95916.96097284698,51200.0,49.876706232610545,48800.0
2011-11-14,96768.35634823765,51200.0,49.876706232610545,48800.0
2011-11-15,96843.17140758656,51200.0,49.876706232610545,48800.0
2011-11-16,95855.11385711854,51200.0,49.876706232610545,48800.0
2011-11-17,95790.77290607848,51200.0,49.876706232610545,48800.0
2011-11-18,94983.76779923483,51200.0,49.876706232610545,48800.0
2011-11-21,95026.16299953256,51200.0,49.876706232610545,48800.0
2011-11-22,95030.15313603116,51200.0,49.876706232610545,48800.0
2011-11-23,94779.77207074346,51200.0,49.876706232610545,48800.0
2011-11-24,94853.0908289054,51200.0,49.876706232610545,48800.0
2011-11-25,94539.36634670227,51200.0,49.876706232610545,48800.0
2011-11-28,94724.9076938876,51200.0,49.876706232610545,48800.0
2011-11-29,95171.30421466945,51200.0,49.876706232610545,48800.0
2011-11-30,93791.71452027545,51200.0,49.876706232610545,48800.0
2011-12-01,94615.17894017586,51200.0,49.876706232610545,48800.0
2011-12-02,94030.12517606732,51200.0,49.876706232610545,48800.0
2011-12-05,93331.85128881078,51200.0,49.876706232610545,48800.0
2011-12-06,93283.47088376514,51200.0,49.876706232610545,48800.0
2011-12-07,93401.67867753643,51200.0,49.876706232610545,48800.0
2011-12-08,93371.75265379687,51200.0,49.876706232610545,48800.0
2011-12-09,93143.81610631384,51200.0,49.876706232610545,48800.0
2011-12-12,92852.03737485307,51200.0,49.876706232610545,48800.0
2011-12-13,92073.461990562,51200.0,49.876706232610545,48800.0
2011-12-14,91722.82874574677,51200.0,49.876706232610545,48800.0
2011-12-15,91177.67634662433,51200.0,49.876706232610545,48800.0
2011-12-16,91972.71104397214,51200.0,49.876706232610545,48800.0
2011-12-19,91973.20981103447,51200.0,49.876706232610545,48800.0
2011-12-20,91822.08339114966,51200.0,49.876706232610545,48800.0
2011-12-21,91320.3237264496,51200.0,49.876706232610545,48800.0
2011-12-22,91165.20717006618,51200.0,49.876706232610545,48800.0
2011-12-23,91424.06727541343,51200.0,49.876706232610545,48800.0
2011-12-26,91244.0123659137,51200.0,49.876706232610545,48800.0
2011-12-27,90557.70888815299,51200.0,49.876706232610545,48800.0
2011-12-28,90257.45111663267,51200.0,49.876706232610545,48800.0
2011-12-29,90232.01399645404,51200.0,49.876706232610545,48800.0
2011-12-30,90755.71941189645,51200.0,49.876706232610545,48800.0
2012-01-04,90083.38141188087,51200.0,49.876706232610545,48800.0
2012-01-05,89505.3103866449,51200.0,49.876706232610545,48800.0
2012-01-06,89651.44913590644,51200.0,49.876706232610545,48800.0
2012-01-09,90845.49748311515,51200.0,49.876706232610545,48800.0
2012-01-10,91943.2837872949,51200.0,49.876706232610545,48800.0
2012-01-11,91755.74737186029,51200.0,49.876706232610545,48800.0
2012-01-12,91738.29052467887,51200.0,49.876706232610545,48800.0
2012-01-13,90962.20897569945,51200.0,49.876706232610545,48800.0
2012-01-16,90244.48317301218,51200.0,49.876706232610545,48800.0
2012-01-17,91819.58955583803,51200.0,49.876706232610545,48800.0
2012-01-18,91197.12826205505,51200.0,49.876706232610545,48800.0
2012-01-19,91782.6807932259,51200.0,49.876706232610545,48800.0
2012-01-20,92373.71976208233,51200.0,49.876706232610545,48800.0
2012-01-30,91737.29299055421,51200.0,49.876706232610545,48800.0
2012-01-31,91823.57969233664,51200.0,49.876706232610545,48800.0
2012-02-01,91511.85027838283,51200.0,49.876706232610545,48800.0
2012-02-02,92251.52183181242,51200.0,49.876706232610545,48800.0
2012-02-03,92745.30122351527,51200.0,49.876706232610545,48800.0
2012-02-06,92890.94120571451,51200.0,49.876706232610545,48800.0
2012-02-07,92114.36088967275,51200.0,49.876706232610545,48800.0
2012-02-08,93016.63050542068,51200.0,49.876706232610545,48800.0
2012-02-09,93168.25569236782,51200.0,49.876706232610545,48800.0
2012-02-10,93175.73719830271,51200.0,49.876706232610545,48800.0
2012-02-13,93287.95978732608,51200.0,49.876706232610545,48800.0
2012-02-14,93122.36912263381,51200.0,49.876706232610545,48800.0
2012-02-15,93554.80016567055,51200.0,49.876706232610545,48800.0
2012-02-16,93472.50360038674,51200.0,49.876706232610545,48800.0
2012-02-17,93398.68607516248,51200.0,49.876706232610545,48800.0
2012-02-20,93453.55045201835,51200.0,49.876706232610545,48800.0
2012-02-21,93739.84274579353,51200.0,49.876706232610545,48800.0
2012-02-22,94422.65485411798,51200.0,49.876706232610545,48800.0
2012-02-23,94484.00320278408,51200.0,49.876706232610545,48800.0
2012-02-24,95073.54587045354,51200.0,49.876706232610545,48800.0
2012-02-27,95285.52187194212,51200.0,49.876706232610545,48800.0
2012-02-28,95406.72226808738,51200.0,49.876706232610545,48800.0
2012-02-29,94902.96753513801,51200.0,49.876706232610545,48800.0
2012-03-01,95087.51134819866,51200.0,49.876706232610545,48800.0
2012-03-02,95837.65700993713,51200.0,49.876706232610545,48800.0
2012-03-05,95584.28334227548,51200.0,49.876706232610545,48800.0
2012-03-06,95021.67409597163,51200.0,49.876706232610545,48800.0
2012-03-07,94805.20919092209,51200.0,49.876706232610545,48800.0
2012-03-08,95320.93433336729,51200.0,49.876706232610545,48800.0
2012-03-09,95713.46401141793,51200.0,49.876706232610545,48800.0
2012-03-12,95663.088538123,51200.0,49.876706232610545,48800.0
2012-03-13,96060.6058867969,51200.0,49.876706232610545,48800.0
2012-03-14,94580.76401287536,51200.0,49.876706232610545,48800.0
2012-03-15,94289.98281553923,51200.0,49.876706232610545,48800.0
2012-03-16,95125.91641199778,51200.0,49.876706232610545,48800.0
2012-03-19,95283.02803663051,51200.0,49.876706232610545,48800.0
2012-03-20,94477.51923097385,51200.0,49.876706232610545,48800.0
2012-03-21,94520.41319833389,51200.0,49.876706232610545,48800.0
2012-03-22,94467.54388972733,51200.0,49.876706232610545,48800.0
2012-03-23,93803.68492977128,51200.0,49.876706232610545,48800.0
2012-03-26,93903.93710929883,51200.0,49.876706232610545,48800.0
2012-03-27,93766.77616715914,51200.0,49.876706232610545,48800.0
2012-03-28,92489.43372054199,51200.0,49.876706232610545,48800.0
2012-03-29,92040.04459738618,51200.0,49.876706232610545,48800.0
2012-03-30,92219.60073982357,51200.0,49.876706232610545,48800.0
2012-04-05,93145.31240750081,51200.0,49.876706232610545,48800.0
2012-04-06,93343.82169830661,51200.0,49.876706232610545,48800.0
2012-04-09,92957.27722500387,51200.0,49.876706232610545,48800.0
2012-04-10,93356.78964192708,51200.0,49.876706232610545,48800.0
2012-04-11,93499.93578881468,51200.0,49.876706232610545,48800.0
2012-04-12,94266.04199654757,51200.0,49.876706232610545,48800.0
2012-04-13,94424.15115530495,51200.0,49.876706232610545,48800.0
2012-04-16,94503.4551182148,51200.0,49.876706232610545,48800.0
2012-04-17,94153.32064046187,51200.0,49.876706232610545,48800.0
2012-04-18,94973.29369092599,51200.0,49.876706232610545,48800.0
2012-04-19,94863.06617015193,51200.0,49.876706232610545,48800.0
2012-04-20,95350.86035710687,51200.0,49.876706232610545,48800.0
2012-04-23,95052.09888677351,51200.0,49.876706232610545,48800.0
2012-04-24,94969.8023214897,51200.0,49.876706232610545,48800.0
2012-04-25,95458.09527550696,51200.0,49.876706232610545,48800.0
2012-04-26,95250.10941051698,51200.0,49.876706232610545,48800.0
2012-04-27,95088.50888232332,51200.0,49.876706232610545,48800.0
2012-05-02,95745.3851034068,51200.0,49.876706232610545,48800.0
2012-05-03,95729.42455741236,51200.0,49.876706232610545,48800.0
2012-05-04,95952.87220133445,51200.0,49.876706232610545,48800.0
2012-05-07,96199.76189718589,51200.0,49.876706232610545,48800.0
2012-05-08,96039.15890311688,51200.0,49.876706232610545,48800.0
2012-05-09,95186.26722653923,51200.0,49.876706232610545,48800.0
2012-05-10,95179.28448766668,51200.0,49.876706232610545,48800.0
2012-05-11,94908.95273988592,51200.0,49.876706232610545,48800.0
2012-05-14,94733.38673394715,51200.0,49.876706232610545,48800.0
2012-05-15,94718.42372207735,51200.0,49.876706232610545,48800.0
2012-05-16,94191.72570426099,51200.0,49.876706232610545,48800.0
2012-05-17,94900.47369982637,51200.0,49.876706232610545,48800.0
2012-05-18,94414.17581405843,51200.0,49.876706232610545,48800.0
2012-05-21,94281.00500841736,51200.0,49.876706232610545,48800.0
2012-05-22,94765.307825936,51200.0,49.876706232610545,48800.0
2012-05-23,94653.08523691264,51200.0,49.876706232610545,48800.0
2012-05-24,94318.91130515415,51200.0,49.876706232610545,48800.0
2012-05-25,93877.50245499553,51200.0,49.876706232610545,48800.0
2012-05-28,94514.9267606483,51200.0,49.876706232610545,48800.0
2012-05-29,94986.7604016088,51200.0,49.876706232610545,48800.0
2012-05-30,94926.40958706735,51200.0,49.876706232610545,48800.0
2012-05-31,94779.27330368114,51200.0,49.876706232610545,48800.0
2012-06-01,94717.92495501503,51200.0,49.876706232610545,48800.0
2012-06-04,93452.5529178937,51200.0,49.876706232610545,48800.0
2012-06-05,93552.80509742125,51200.0,49.876706232610545,48800.0
2012-06-06,93446.56771314578,51200.0,49.876706232610545,48800.0
2012-06-07,93234.59171165718,51200.0,49.876706232610545,48800.0
2012-06-08,92989.19831699276,51200.0,49.876706232610545,48800.0
2012-06-11,93476.49373688534,51200.0,49.876706232610545,48800.0
2012-06-12,93233.59417753253,51200.0,49.876706232610545,48800.0
2012-06-13,93867.02834668668,51200.0,49.876706232610545,48800.0
2012-06-14,93610.66207665106,51200.0,49.876706232610545,48800.0
2012-06-15,93913.91245054535,51200.0,49.876706232610545,48800.0
2012-06-18,94095.96242829437,51200.0,49.876706232610545,48800.0
2012-06-19,93774.25767309403,51200.0,49.876706232610545,48800.0
2012-06-20,93724.87973392375,51200.0,49.876706232610545,48800.0
2012-06-21,93287.95978732608,51200.0,49.876706232610545,48800.0
2012-06-25,92461.0039979894,51200.0,49.876706232610545,48800.0
2012-06-26,92396.16427988702,51200.0,49.876706232610545,48800.0
2012-06-27,92244.04032587755,51200.0,49.876706232610545,48800.0
2012-06-28,91864.9773585097,51200.0,49.876706232610545,48800.0
2012-06-29,92290.92442973619,51200.0,49.876706232610545,48800.0
2012-07-02,92426.5890706889,51200.0,49.876706232610545,48800.0
2012-07-03,92421.60140006564,51200.0,49.876706232610545,48800.0
2012-07-04,92297.90716860877,51200.0,49.876706232610545,48800.0
2012-07-05,91752.75476948632,51200.0,49.876706232610545,48800.0
2012-07-06,92292.42073092319,51200.0,49.876706232610545,48800.0
2012-07-09,91351.24728431381,51200.0,49.876706232610545,48800.0
2012-07-10,91125.80457214241,51200.0,49.876706232610545,48800.0
2012-07-11,91457.48466858928,51200.0,49.876706232610545,48800.0
2012-07-12,91620.58149796992,51200.0,49.876706232610545,48800.0
2012-07-13,91488.4082264535,51200.0,49.876706232610545,48800.0
2012-07-16,90471.92095343288,51200.0,49.876706232610545,48800.0
2012-07-17,90581.64970714464,51200.0,49.876706232610545,48800.0
2012-07-18,90710.8303762871,51200.0,49.876706232610545,48800.0
2012-07-19,91026.0511596772,51200.0,49.876706232610545,48800.0
2012-07-20,90777.16639557647,51200.0,49.876706232610545,48800.0
2012-07-23,90272.91289556478,51200.0,49.876706232610545,48800.0
2012-07-24,90427.53068488586,51200.0,49.876706232610545,48800.0
2012-07-25,90054.95168932827,51200.0,49.876706232610545,48800.0
2012-07-26,89805.5681581652,51200.0,49.876706232610545,48800.0
2012-07-27,89733.74570119026,51200.0,49.876706232610545,48800.0
2012-07-30,89457.92751572392,51200.0,49.876706232610545,48800.0
2012-07-31,89404.0606729927,51200.0,49.876706232610545,48800.0
2012-08-01,89869.41034214295,51200.0,49.876706232610545,48800.0
2012-08-02,89643.96762997156,51200.0,49.876706232610545,48800.0
2012-08-03,90068.41840001107,51200.0,49.876706232610545,48800.0
2012-08-06,90525.7877961641,51200.0,49.876706232610545,48800.0
2012-08-07,90648.48449349633,51200.0,49.876706232610545,48800.0
2012-08-08,90528.78039853807,51200.0,49.876706232610545,48800.0
2012-08-09,90898.86555878405,51200.0,49.876706232610545,48800.0
2012-08-10,90836.02090893095,51200.0,49.876706232610545,48800.0
2012-08-13,90251.46591188476,51200.0,49.876706232610545,48800.0
2012-08-14,90354.71069378626,51200.0,49.876706232610545,48800.0
2012-08-15,89985.62306766494,51200.0,49.876706232610545,48800.0
2012-08-16,89828.01267596989,51200.0,49.876706232610545,48800.0
2012-08-17,89831.00527834384,51200.0,49.876706232610545,48800.0
2012-08-20,89665.9133807139,51200.0,49.876706232610545,48800.0
2012-08-21,90007.56881840728,51200.0,49.876706232610545,48800.0
2012-08-22,89763.67172492982,51200.0,49.876706232610545,48800.0
2012-08-23,89835.49418190478,51200.0,49.876706232610545,48800.0
2012-08-24,89363.16177388196,51200.0,49.876706232610545,48800.0
2012-08-27,88774.61664033716,51200.0,49.876706232610545,48800.0
2012-08-28,89095.82262847517,51200.0,49.876706232610545,48800.0
2012-08-29,88912.27634953917,51200.0,49.876706232610545,48800.0
2012-08-30,88729.72760472781,51200.0,49.876706232610545,48800.0
2012-08-31,88738.20664478735,51200.0,49.876706232610545,48800.0
2012-09-03,88985.5951077011,51200.0,49.876706232610545,48800.0
2012-09-04,88553.16406466436,51200.0,49.876706232610545,48800.0
2012-09-05,88596.55679908674,51200.0,49.876706232610545,48800.0
2012-09-06,88895.31826942007,51200.0,49.876706232610545,48800.0
2012-09-07,90052.95662107896,51200.0,49.876706232610545,48800.0
2012-09-10,90160.6903065414,51200.0,49.876706232610545,48800.0
2012-09-11,90022.53183027706,51200.0,49.876706232610545,48800.0
2012-09-12,90108.8185320595,51200.0,49.876706232610545,48800.0
2012-09-13,89874.3980127662,51200.0,49.876706232610545,48800.0
2012-09-14,89983.12923235331,51200.0,49.876706232610545,48800.0
2012-09-17,89066.89413886025,51200.0,49.876706232610545,48800.0
2012-09-18,88842.4489608135,51200.0,49.876706232610545,48800.0
2012-09-19,89012.52852906671,51200.0,49.876706232610545,48800.0
2012-09-20,88168.61465961093,51200.0,49.876706232610545,48800.0
2012-09-21,88088.81192963876,51200.0,49.876706232610545,48800.0
2012-09-24,88153.65164774115,51200.0,49.876706232610545,48800.0
2012-09-25,88024.47097859869,51200.0,49.876706232610545,48800.0
2012-09-26,87512.23720558977,51200.0,49.876706232610545,48800.0
2012-09-27,88312.25957356085,51200.0,49.876706232610545,48800.0
2012-09-28,88801.05129464043,51200.0,49.876706232610545,48800.0
2012-10-08,88594.56173083742,51200.0,49.876706232610545,48800.0
2012-10-09,89369.64574569219,51200.0,49.876706232610545,48800.0
2012-10-10,89488.85107358813,51200.0,49.876706232610545,48800.0
2012-10-11,89103.80290147239,51200.0,49.876706232610545,48800.0
2012-10-12,89110.28687328263,51200.0,49.876706232610545,48800.0
2012-10-15,89015.52113144066,51200.0,49.876706232610545,48800.0
2012-10-16,89103.30413441005,51200.0,49.876706232610545,48800.0
2012-10-17,89148.19317001941,51200.0,49.876706232610545,48800.0
2012-10-18,89646.46146528318,51200.0,49.876706232610545,48800.0
2012-10-19,89533.74010919749,51200.0,49.876706232610545,48800.0
2012-10-22,89629.5033851641,51200.0,49.876706232610545,48800.0
2012-10-23,89288.84548159537,51200.0,49.876706232610545,48800.0
2012-10-24,89280.36644153582,51200.0,49.876706232610545,48800.0
2012-10-25,89059.41263292535,51200.0,49.876706232610545,48800.0
2012-10-26,88361.63751273113,51200.0,49.876706232610545,48800.0
2012-10-29,88293.30642519247,51200.0,49.876706232610545,48800.0
2012-10-30,88435.4550379554,51200.0,49.876706232610545,48800.0
2012-10-31,88578.60118484299,51200.0,49.876706232610545,48800.0
2012-11-01,89122.25728277845,51200.0,49.876706232610545,48800.0
2012-11-02,89297.82328871725,51200.0,49.876706232610545,48800.0
2012-11-05,89250.93918485858,51200.0,49.876706232610545,48800.0
2012-11-06,89071.38304242119,51200.0,49.876706232610545,48800.0
2012-11-07,89004.04948900716,51200.0,49.876706232610545,48800.0
2012-11-08,88393.05983765768,51200.0,49.876706232610545,48800.0
2012-11-09,88334.2053243032,51200.0,49.876706232610545,48800.0
2012-11-12,88522.73927386248,51200.0,49.876706232610545,48800.0
2012-11-13,87939.18181094094,51200.0,49.876706232610545,48800.0
2012-11-14,88050.90563290197,51200.0,49.876706232610545,48800.0
2012-11-15,87526.20268333491,51200.0,49.876706232610545,48800.0
2012-11-16,87273.8265497979,51200.0,49.876706232610545,48800.0
2012-11-19,87345.64900677287,51200.0,49.876706232610545,48800.0
2012-11-20,87210.48313288248,51200.0,49.876706232610545,48800.0
2012-11-21,87555.62994001215,51200.0,49.876706232610545,48800.0
2012-11-22,87229.43628125088,51200.0,49.876706232610545,48800.0
2012-11-23,87402.50845187803,51200.0,49.876706232610545,48800.0
2012-11-26,87169.08546670942,51200.0,49.876706232610545,48800.0
2012-11-27,86521.68581981014,51200.0,49.876706232610545,48800.0
2012-11-28,86082.27203790084,51200.0,49.876706232610545,48800.0
2012-11-29,85967.55561356584,51200.0,49.876706232610545,48800.0
2012-11-30,86354.10008686857,51200.0,49.876706232610545,48800.0
2012-12-03,85795.48097706333,51200.0,49.876706232610545,48800.0
2012-12-04,86133.1462782581,51200.0,49.876706232610545,48800.0
2012-12-05,87181.55464326756,51200.0,49.876706232610545,48800.0
2012-12-06,87188.53738214014,51200.0,49.876706232610545,48800.0
2012-12-07,87788.55415811844,51200.0,49.876706232610545,48800.0
2012-12-10,88216.49629759425,51200.0,49.876706232610545,48800.0
2012-12-11,88008.01166554194,51200.0,49.876706232610545,48800.0
2012-12-12,88056.39207058756,51200.0,49.876706232610545,48800.0
2012-12-13,87677.32910321973,51200.0,49.876706232610545,48800.0
2012-12-14,89197.07234212736,51200.0,49.876706232610545,48800.0
2012-12-17,89365.65560919359,51200.0,49.876706232610545,48800.0
2012-12-18,89311.28999940005,51200.0,49.876706232610545,48800.0
2012-12-19,89368.14944450522,51200.0,49.876706232610545,48800.0
2012-12-20,89439.47313441784,51200.0,49.876706232610545,48800.0
2012-12-21,89332.73698308007,51200.0,49.876706232610545,48800.0
2012-12-24,89499.82394895931,51200.0,49.876706232610545,48800.0
2012-12-25,90489.37780061431,51200.0,49.876706232610545,48800.0
2012-12-26,90671.42777836333,51200.0,49.876706232610545,48800.0
2012-12-27,90456.45917450078,51200.0,49.876706232610545,48800.0
2012-12-28,90912.33226946685,51200.0,49.876706232610545,48800.0
2012-12-31,91455.9883674023,51200.0,49.876706232610545,48800.0
2013-01-04,91527.31205731494,51200.0,49.876706232610545,48800.0
2013-01-07,91867.96996088367,51200.0,49.876706232610545,48800.0
2013-01-08,91934.80474723535,51200.0,49.876706232610545,48800.0
2013-01-09,91877.44653506785,51200.0,49.876706232610545,48800.0
2013-01-10,92014.60747720752,51200.0,49.876706232610545,48800.0
2013-01-11,91221.0690810467,40960.0,62.63842108804424,59040.0
2013-01-14,92798.93090825454,40960.0,62.63842108804424,59040.0
2013-01-15,93204.20149269418,40960.0,62.63842108804424,59040.0
2013-01-16,92725.01757137064,40960.0,62.63842108804424,59040.0
2013-01-17,92457.5515133247,40960.0,62.63842108804424,59040.0
2013-01-18,93189.79465584393,40960.0,62.63842108804424,59040.0
2013-01-21,93554.35026657634,40960.0,62.63842108804424,59040.0
2013-01-22,93251.1803085102,40960.0,62.63842108804424,59040.0
2013-01-23,93284.37867168688,40960.0,62.63842108804424,59040.0
2013-01-24,92609.76287656864,40960.0,62.63842108804424,59040.0
2013-01-25,92562.7840607526,40960.0,62.63842108804424,59040.0
2013-01-28,93813.67332988084,40960.0,62.63842108804424,59040.0
2013-01-29,94047.31464053926,40960.0,62.63842108804424,59040.0
2013-01-30,94463.23375656386,40960.0,62.63842108804424,59040.0
2013-01-31,94542.1581671348,40960.0,62.63842108804424,59040.0
2013-02-01,95029.48508319979,40960.0,62.63842108804424,59040.0
2013-02-04,95068.94728848526,40960.0,62.63842108804424,59040.0
2013-02-05,95514.93284663213,40960.0,62.63842108804424,59040.0
2013-02-06,95524.32860979534,40960.0,62.63842108804424,59040.0
2013-02-07,95298.2039096675,40960.0,62.63842108804424,59040.0
2013-02-08,95888.88422052775,40960.0,62.63842108804424,59040.0
2013-02-18,95882.62037841896,40960.0,62.63842108804424,59040.0
2013-02-19,95037.62807794123,40960.0,62.63842108804424,59040.0
2013-02-20,95625.80285195797,40960.0,62.63842108804424,59040.0
2013-02-21,94217.06476168786,40960.0,62.63842108804424,59040.0
2013-02-22,93863.1576825404,40960.0,62.63842108804424,59040.0
2013-02-25,94287.84617751735,40960.0,62.63842108804424,59040.0
2013-02-26,93491.7118454883,40960.0,62.63842108804424,59040.0
2013-02-27,93627.63721924936,40960.0,62.63842108804424,59040.0
2013-02-28,94868.50434100351,40960.0,62.63842108804424,59040.0
2013-03-01,95025.7267779345,40960.0,62.63842108804424,59040.0
2013-03-04,93424.6887349241,40960.0,62.63842108804424,59040.0
2013-03-05,94534.64155660424,40960.0,62.63842108804424,59040.0
2013-03-06,95299.45667808925,40960.0,62.63842108804424,59040.0
2013-03-07,94676.20438826321,40960.0,62.63842108804424,59040.0
2013-03-08,94507.0806513255,40960.0,62.63842108804424,59040.0
2013-03-11,94399.96895126495,40960.0,62.63842108804424,59040.0
2013-03-12,93511.75614023648,40960.0,62.63842108804424,59040.0
2013-03-13,92901.65791883893,40960.0,62.63842108804424,59040.0
2013-03-14,92889.13023462132,40960.0,62.63842108804424,59040.0
2013-03-15,93182.27804531337,40960.0,62.63842108804424,59040.0
2013-03-18,92646.71954501058,40960.0,62.63842108804424,59040.0
2013-03-19,92880.36085566899,40960.0,62.63842108804424,59040.0
2013-03-20,94127.49181953195,40960.0,62.63842108804424,59040.0
2013-03-21,94440.68392497217,40960.0,62.63842108804424,59040.0
2013-03-22,94744.4802672492,40960.0,62.63842108804424,59040.0
2013-03-25,94865.99880415999,40960.0,62.63842108804424,59040.0
2013-03-26,94383.68296178205,40960.0,62.63842108804424,59040.0
2013-03-27,94506.45426711462,40960.0,62.63842108804424,59040.0
2013-03-28,93263.08160851695,40960.0,62.63842108804424,59040.0
2013-03-29,93378.96268752983,40960.0,62.63842108804424,59040.0
2013-04-01,93420.30404544793,40960.0,62.63842108804424,59040.0
2013-04-02,93010.64877153211,40960.0,62.63842108804424,59040.0
2013-04-03,92711.86350294216,40960.0,62.63842108804424,59040.0
2013-04-08,92608.51010814687,40960.0,62.63842108804424,59040.0
2013-04-09,92872.21786092754,40960.0,62.63842108804424,59040.0
2013-04-10,92694.95112924837,40960.0,62.63842108804424,59040.0
2013-04-11,92628.55440289505,40960.0,62.63842108804424,59040.0
2013-04-12,92168.7883921088,40960.0,62.63842108804424,59040.0
2013-04-15,91672.06571288062,40960.0,62.63842108804424,59040.0
2013-04-16,91958.94968146386,40960.0,62.63842108804424,59040.0
2013-04-17,91950.80668672241,40960.0,62.63842108804424,59040.0
2013-04-18,92217.01997634661,40960.0,62.63842108804424,59040.0
2013-04-19,93369.56692436662,40960.0,62.63842108804424,59040.0
2013-04-22,93357.66562435988,40960.0,62.63842108804424,59040.0
2013-04-23,91922.6193972328,40960.0,62.63842108804424,59040.0
2013-04-24,92805.82113457422,40960.0,62.63842108804424,59040.0
2013-04-25,92284.66947112168,40960.0,62.63842108804424,59040.0
2013-04-26,91692.73639183966,40960.0,62.63842108804424,59040.0
2013-05-02,91873.13504457322,40960.0,62.63842108804424,59040.0
2013-05-03,92691.19282398309,40960.0,62.63842108804424,59040.0
2013-05-06,93337.62132961172,40960.0,62.63842108804424,59040.0
2013-05-07,93556.22941920898,40960.0,62.63842108804424,59040.0
2013-05-08,93813.04694566996,40960.0,62.63842108804424,59040.0
2013-05-09,93890.09220360826,40960.0,62.63842108804424,59040.0
2013-05-10,94151.9208037563,40960.0,62.63842108804424,59040.0
2013-05-13,94166.32764060653,40960.0,62.63842108804424,59040.0
2013-05-14,93470.41478231837,40960.0,62.63842108804424,59040.0
2013-05-15,93945.21401416574,40960.0,62.63842108804424,59040.0
2013-05-16,94411.87025127167,40960.0,62.63842108804424,59040.0
2013-05-17,95057.04598847852,40960.0,62.63842108804424,59040.0
2013-05-20,95561.28527823728,40960.0,62.63842108804424,59040.0
2013-05-21,95898.90636790184,40960.0,62.63842108804424,59040.0
2013-05-22,95560.65889402639,40960.0,62.63842108804424,59040.0
2013-05-23,94873.51541469057,40960.0,62.63842108804424,59040.0
2013-05-24,95149.75085168883,40960.0,62.63842108804424,59040.0
2013-05-27,95393.41430972132,40960.0,62.63842108804424,59040.0
2013-05-28,95923.33535212619,40960.0,62.63842108804424,59040.0
2013-05-29,96150.0864364649,40960.0,62.63842108804424,59040.0
2013-05-30,96231.51638387935,40960.0,62.63842108804424,59040.0
2013-05-31,96055.50242062195,40960.0,62.63842108804424,59040.0
2013-06-03,95864.45523630342,40960.0,62.63842108804424,59040.0
2013-06-04,95034.49615688683,40960.0,62.63842108804424,59040.0
2013-06-05,95075.83751480494,40960.0,62.63842108804424,59040.0
2013-06-06,94338.58329859865,40960.0,62.63842108804424,59040.0
2013-06-07,93409.65551386296,40960.0,62.63842108804424,59040.0
2013-06-13,92027.85194466071,40960.0,62.63842108804424,59040.0
2013-06-14,92510.16778703865,40960.0,62.63842108804424,59040.0
2013-06-17,92382.38540801904,40960.0,62.63842108804424,59040.0
2013-06-18,92418.08930803923,40960.0,62.63842108804424,59040.0
2013-06-19,91977.1148235794,40960.0,62.63842108804424,59040.0
2013-06-20,90519.51876486061,32768.0,72.99231390907559,67232.0
2013-06-21,90085.21449710161,32768.0,72.99231390907559,67232.0
2013-06-24,87016.61762036406,32768.0,72.99231390907559,67232.0
2013-06-25,86840.70614384318,32768.0,72.99231390907559,67232.0
2013-06-26,87060.41300870951,32768.0,72.99231390907559,67232.0
2013-06-27,86795.45090921957,32768.0,72.99231390907559,67232.0
2013-06-28,87300.55772147037,32768.0,72.99231390907559,67232.0
2013-07-01,87697.63590913574,32768.0,72.99231390907559,67232.0
2013-07-02,88134.12994631202,32768.0,72.99231390907559,67232.0
2013-07-03,87627.56328778304,32768.0,72.99231390907559,67232.0
2013-07-04,88002.74378127568,32768.0,72.99231390907559,67232.0
2013-07-05,87971.35708629477,32768.0,72.99231390907559,67232.0
2013-07-08,86331.94971589695,32768.0,72.99231390907559,67232.0
2013-07-09,86464.06580407236,32768.0,72.99231390907559,67232.0
2013-07-10,87813.69368825117,32768.0,72.99231390907559,67232.0
2013-07-11,89704.19461849623,32768.0,72.99231390907559,67232.0
2013-07-12,88759.6740765128,32768.0,72.99231390907559,67232.0
2013-07-15,89358.94097370631,32768.0,72.99231390907559,67232.0
2013-07-16,89783.75624065712,32768.0,72.99231390907559,67232.0
2013-07-17,89087.40956596454,32768.0,72.99231390907559,67232.0
2013-07-18,88460.40558948558,32768.0,72.99231390907559,67232.0
2013-07-19,87338.5137247031,32768.0,72.99231390907559,67232.0
2013-07-22,87718.80368016938,32768.0,72.99231390907559,67232.0
2013-07-23,88826.09708217005,32768.0,72.99231390907559,67232.0
2013-07-24,88657.4848370401,32768.0,72.99231390907559,67232.0
2013-07-25,88481.57336051922,32768.0,72.99231390907559,67232.0
2013-07-26,88271.35549646108,32768.0,72.99231390907559,67232.0
2013-07-29,87278.66002729765,32768.0,72.99231390907559,67232.0
2013-07-30,87678.65790751937,32768.0,72.99231390907559,67232.0
2013-07-31,87522.45435575396,32768.0,72.99231390907559,67232.0
2013-08-01,88529.01836456012,32768.0,72.99231390907559,67232.0
2013-08-02,88525.36874886465,32768.0,72.99231390907559,67232.0
2013-08-05,89166.24126498634,32768.0,72.99231390907559,67232.0
2013-08-06,89591.05653193717,32768.0,72.99231390907559,67232.0
2013-08-07,89202.73742194088,32768.0,72.99231390907559,67232.0
2013-08-08,89173.54049637725,32768.0,72.99231390907559,67232.0
2013-08-09,89160.40187987362,32768.0,72.99231390907559,67232.0
2013-08-12,90361.855366817,32768.0,72.99231390907559,67232.0
2013-08-13,90551.6353829806,32768.0,72.99231390907559,67232.0
2013-08-14,90343.60728833973,32768.0,72.99231390907559,67232.0
2013-08-15,89926.82117591891,32768.0,72.99231390907559,67232.0
2013-08-16,89406.38597774721,32768.0,72.99231390907559,67232.0
2013-08-19,89920.9817908062,32768.0,72.99231390907559,67232.0
2013-08-20,89696.16546396623,32768.0,72.99231390907559,67232.0
2013-08-21,89725.36238952987,32768.0,72.99231390907559,67232.0
2013-08-22,89566.23914520808,32768.0,72.99231390907559,67232.0
2013-08-23,89232.66427064361,32768.0,72.99231390907559,67232.0
2013-08-26,90450.90598978609,32768.0,72.99231390907559,67232.0
2013-08-27,91013.67673002505,32768.0,72.99231390907559,67232.0
2013-08-28,90909.29772113507,32768.0,72.99231390907559,67232.0
2013-08-29,91123.16520088867,32768.0,72.99231390907559,67232.0
2013-08-30,91483.0173084604,32768.0,72.99231390907559,67232.0
2013-09-02,91116.59589263685,32768.0,72.99231390907559,67232.0
2013-09-03,91845.7891085885,32768.0,72.99231390907559,67232.0
2013-09-04,92074.25505112391,32768.0,72.99231390907559,67232.0
2013-09-05,92045.78804869938,32768.0,72.99231390907559,67232.0
2013-09-06,92833.3751157783,32768.0,72.99231390907559,67232.0
2013-09-09,94532.63618358158,32768.0,72.99231390907559,67232.0
2013-09-10,95650.87843266863,32768.0,72.99231390907559,67232.0
2013-09-11,95874.96483636949,32768.0,72.99231390907559,67232.0
2013-09-12,96367.66295525574,32768.0,72.99231390907559,67232.0
2013-09-13,96188.83178617852,32768.0,72.99231390907559,67232.0
2013-09-16,96143.57655155488,32768.0,72.99231390907559,67232.0
2013-09-17,94377.16255495526,32768.0,72.99231390907559,67232.0
2013-09-18,94744.3138939179,32768.0,72.99231390907559,67232.0
2013-09-23,95686.64466648406,32768.0,72.99231390907559,67232.0
2013-09-24,95572.7766567859,32768.0,72.99231390907559,67232.0
2013-09-25,95558.1781940041,32768.0,72.99231390907559,67232.0
2013-09-26,94118.76976371712,32768.0,72.99231390907559,67232.0
2013-09-27,93985.1938292635,32768.0,72.99231390907559,67232.0
2013-09-30,94472.78248617615,32768.0,72.99231390907559,67232.0
2013-10-08,95393.94548770867,32768.0,72.99231390907559,67232.0
2013-10-09,95777.15513573133,32768.0,72.99231390907559,67232.0
2013-10-10,95179.34808481598,32768.0,72.99231390907559,67232.0
2013-10-11,96509.99796737844,32768.0,72.99231390907559,67232.0
2013-10-14,97413.6428135728,32768.0,72.99231390907559,67232.0
2013-10-15,97737.7286873291,32768.0,72.99231390907559,67232.0
2013-10-16,96307.07933471122,32768.0,72.99231390907559,67232.0
2013-10-17,95931.89884121856,32768.0,72.99231390907559,67232.0
2013-10-18,96194.67117129124,32768.0,72.99231390907559,67232.0
2013-10-21,97716.56091629545,32768.0,72.99231390907559,67232.0
2013-10-22,97301.23465015282,32768.0,72.99231390907559,67232.0
2013-10-23,96201.24047954305,32768.0,72.99231390907559,67232.0
2013-10-24,95741.38890191587,32768.0,72.99231390907559,67232.0
2013-10-25,94803.43766818426,32768.0,72.99231390907559,67232.0
2013-10-28,94626.0663453852,32768.0,72.99231390907559,67232.0
2013-10-29,93908.55189965898,32768.0,72.99231390907559,67232.0
2013-10-30,94991.02791493057,32768.0,72.99231390907559,67232.0
2013-10-31,94334.0970897489,32768.0,72.99231390907559,67232.0
2013-11-01,94501.24948860068,32768.0,72.99231390907559,67232.0
2013-11-04,94628.98603794156,32768.0,72.99231390907559,67232.0
2013-11-05,95140.66215844417,32768.0,72.99231390907559,67232.0
2013-11-06,94471.32263989796,32768.0,72.99231390907559,67232.0
2013-11-07,94035.55852586078,32768.0,72.99231390907559,67232.0
2013-11-08,93464.0287079527,32768.0,72.99231390907559,67232.0
2013-11-11,93473.51770876089,32768.0,72.99231390907559,67232.0
2013-11-12,93901.25266826808,32768.0,72.99231390907559,67232.0
2013-11-13,92483.01200901474,32768.0,72.99231390907559,67232.0
2013-11-14,92806.36795963194,32768.0,72.99231390907559,67232.0
2013-11-15,93810.74219902082,32768.0,72.99231390907559,67232.0
2013-11-18,95423.8723364114,32768.0,72.99231390907559,67232.0
2013-11-19,95498.32449659865,32768.0,72.99231390907559,67232.0
2013-11-20,95974.96430642492,32768.0,72.99231390907559,67232.0
2013-11-21,95882.99399089947,32768.0,72.99231390907559,67232.0
2013-11-22,95499.78434287684,32768.0,72.99231390907559,67232.0
2013-11-25,95474.96695614775,32768.0,72.99231390907559,67232.0
2013-11-26,95512.92295938046,32768.0,72.99231390907559,67232.0
2013-11-27,96112.18985657398,32768.0,72.99231390907559,67232.0
2013-11-28,96645.76367124933,32768.0,72.99231390907559,67232.0
2013-11-29,96606.34782173843,32768.0,72.99231390907559,67232.0
2013-12-02,95441.39049174957,32768.0,72.99231390907559,67232.0
2013-12-03,96480.80104181482,32768.0,72.99231390907559,67232.0
2013-12-04,97755.24684266727,32768.0,72.99231390907559,67232.0
2013-12-05,97928.23862663179,32768.0,72.99231390907559,67232.0
2013-12-06,97877.14400689543,32768.0,72.99231390907559,67232.0
2013-12-09,98103.42018001356,32768.0,72.99231390907559,67232.0
2013-12-10,98266.9229631699,32768.0,72.99231390907559,67232.0
2013-12-11,97326.781960021,32768.0,72.99231390907559,67232.0
2013-12-12,97231.16202880011,32768.0,72.99231390907559,67232.0
2013-12-13,97276.41726342373,32768.0,72.99231390907559,67232.0
2013-12-16,96272.04302403485,32768.0,72.99231390907559,67232.0
2013-12-17,96080.80316159307,32768.0,72.99231390907559,67232.0
2013-12-18,96161.09470689305,32768.0,72.99231390907559,67232.0
2013-12-19,95581.535734455,32768.0,72.99231390907559,67232.0
2013-12-20,94139.93753475076,32768.0,72.99231390907559,67232.0
2013-12-23,94422.41778957887,32768.0,72.99231390907559,67232.0
2013-12-24,94648.69396269701,32768.0,72.99231390907559,67232.0
2013-12-25,95004.8964545733,32768.0,72.99231390907559,67232.0
2013-12-26,93961.83628881261,32768.0,72.99231390907559,67232.0
2013-12-27,94896.86782998787,32768.0,72.99231390907559,67232.0
2013-12-30,94853.80236478153,32768.0,72.99231390907559,67232.0
2013-12-31,95488.10557265137,32768.0,72.99231390907559,67232.0
2014-01-02,95300.51532590506,32768.0,72.99231390907559,67232.0
2014-01-03,94353.80501450435,32768.0,72.99231390907559,67232.0
2014-01-06,92953.81243372828,26214.4,80.94040680823271,73785.6
2014-01-07,92927.91150354964,26214.4,80.94040680823271,73785.6
2014-01-08,92775.74353875016,26214.4,80.94040680823271,73785.6
2014-01-09,92290.91050196884,26214.4,80.94040680823271,73785.6
2014-01-10,91653.90950038806,26214.4,80.94040680823271,73785.6
2014-01-13,91699.23612820066,26214.4,80.94040680823271,73785.6
2014-01-14,92440.6502545641,26214.4,80.94040680823271,73785.6
2014-01-15,92196.21022600323,26214.4,80.94040680823271,73785.6
2014-01-16,92462.50416440231,26214.4,80.94040680823271,73785.6
2014-01-17,91604.53585223504,26214.4,80.94040680823271,73785.6
2014-01-20,91471.79358506954,26214.4,80.94040680823271,73785.6
2014-01-21,91919.39403471907,26214.4,80.94040680823271,73785.6
2014-01-22,93309.14081961644,26214.4,80.94040680823271,73785.6
2014-01-23,93060.65377071514,26214.4,80.94040680823271,73785.6
2014-01-24,93329.37592131848,26214.4,80.94040680823271,73785.6
2014-01-27,93013.70833476636,26214.4,80.94040680823271,73785.6
2014-01-28,93127.0249042979,26214.4,80.94040680823271,73785.6
2014-01-29,93564.10310106236,26214.4,80.94040680823271,73785.6
2014-01-30,92951.38422152404,20971.52,87.2991124794111,79028.48000000001
2014-02-07,93400.974650793,20971.52,87.2991124794111,79028.48000000001
2014-02-10,94830.93411320576,20971.52,87.2991124794111,79028.48000000001
2014-02-11,95462.1066964319,20971.52,87.2991124794111,79028.48000000001
2014-02-12,95870.66654283555,20971.52,87.2991124794111,79028.48000000001
2014-02-13,95528.45402191624,20971.52,87.2991124794111,79028.48000000001
2014-02-14,96466.04648994513,20971.52,87.2991124794111,79028.48000000001
2014-02-17,97189.75613239945,20971.52,87.2991124794111,79028.48000000001
2014-02-18,96710.48400488749,20971.52,87.2991124794111,79028.48000000001
2014-02-19,97529.34967994435,20971.52,87.2991124794111,79028.48000000001
2014-02-20,97116.42487791674,20971.52,87.2991124794111,79028.48000000001
2014-02-21,96119.46901340186,20971.52,87.2991124794111,79028.48000000001
2014-02-24,95155.68681162917,20971.52,87.2991124794111,79028.48000000001
2014-02-25,93639.3012278618,20971.52,87.2991124794111,79028.48000000001
2014-02-26,93883.73874280415,20971.52,87.2991124794111,79028.48000000001
2014-02-27,94198.01554773003,20971.52,87.2991124794111,79028.48000000001
2014-02-28,94388.32761293514,20971.52,87.2991124794111,79028.48000000001
2014-03-03,95251.71583535652,20971.52,87.2991124794111,79028.48000000001
2014-03-04,94971.48568429762,20971.52,87.2991124794111,79028.48000000001
2014-03-05,94592.60753613697,20971.52,87.2991124794111,79028.48000000001
2014-03-06,94831.80710433055,20971.52,87.2991124794111,79028.48000000001
2014-03-07,94529.75217515179,20971.52,87.2991124794111,79028.48000000001
2014-03-10,92161.32725358536,16777.216,92.44253161193589,83222.78400000001
2014-03-11,92426.63731931162,16777.216,92.44253161193589,83222.78400000001
2014-03-12,92290.74679784208,16777.216,92.44253161193589,83222.78400000001
2014-03-13,93712.51293403364,16777.216,92.44253161193589,83222.78400000001
2014-03-14,93241.9804481289,13421.7728,96.49911461885112,86578.22720000001
2014-03-17,94071.87283385103,13421.7728,96.49911461885112,86578.22720000001
2014-03-18,94382.59998292373,13421.7728,96.49911461885112,86578.22720000001
2014-03-19,94137.49223179184,13421.7728,96.49911461885112,86578.22720000001
2014-03-20,92646.58091093058,10737.41824,99.76877022975991,89262.58176000002
2014-03-21,94740.72739805325,10737.41824,99.76877022975991,89262.58176000002
2014-03-24,95638.64633012109,10737.41824,99.76877022975991,89262.58176000002
2014-03-25,95588.7619450062,10737.41824,99.76877022975991,89262.58176000002
2014-03-26,95170.73079774351,10737.41824,99.76877022975991,89262.58176000002
2014-03-27,94574.11355176954,10737.41824,99.76877022975991,89262.58176000002
2014-03-28,94067.28819900237,10737.41824,99.76877022975991,89262.58176000002
2014-03-31,93700.13912455685,10737.41824,99.76877022975991,89262.58176000002
2014-04-01,94534.20604367764,10737.41824,99.76877022975991,89262.58176000002
2014-04-02,94940.26493851277,10737.41824,99.76877022975991,89262.58176000002
2014-04-03,94303.7401844469,10737.41824,99.76877022975991,89262.58176000002
2014-04-04,94871.42448705423,10737.41824,99.76877022975991,89262.58176000002
2014-04-08,96260.2057686525,10737.41824,99.76877022975991,89262.58176000002
2014-04-09,96396.88898386726,10737.41824,99.76877022975991,89262.58176000002
2014-04-10,97424.50731723379,10737.41824,99.76877022975991,89262.58176000002
2014-04-11,97616.06335607493,10737.41824,99.76877022975991,89262.58176000002
2014-04-14,97448.45182208893,10737.41824,99.76877022975991,89262.58176000002
2014-04-15,96147.46705829287,10737.41824,99.76877022975991,89262.58176000002
2014-04-16,96337.0277217294,10737.41824,99.76877022975991,89262.58176000002
2014-04-17,96141.48093207908,10737.41824,99.76877022975991,89262.58176000002
2014-04-18,96124.52024114002,10737.41824,99.76877022975991,89262.58176000002
2014-04-21,94719.77595630499,10737.41824,99.76877022975991,89262.58176000002
2014-04-22,94935.27650000127,10737.41824,99.76877022975991,89262.58176000002
2014-04-23,95074.95277832294,10737.41824,99.76877022975991,89262.58176000002
2014-04-24,94755.6927135877,10737.41824,99.76877022975991,89262.58176000002
2014-04-25,93700.13912455685,10737.41824,99.76877022975991,89262.58176000002
2014-04-28,92595.69883811341,8589.934592000001,102.38612061977551,91410.06540800001
2014-04-29,93168.03725237797,8589.934592000001,102.38612061977551,91410.06540800001
2014-04-30,93417.85938669021,8589.934592000001,102.38612061977551,91410.06540800001
2014-05-05,93387.14355050429,8589.934592000001,102.38612061977551,91410.06540800001
2014-05-06,93383.04810567948,8589.934592000001,102.38612061977551,91410.06540800001
2014-05-07,92762.58821472366,8589.934592000001,102.38612061977551,91410.06540800001
2014-05-08,92787.1608836724,8589.934592000001,102.38612061977551,91410.06540800001
2014-05-09,92549.62508383451,8589.934592000001,102.38612061977551,91410.06540800001
2014-05-12,94215.44726631825,8589.934592000001,102.38612061977551,91410.06540800001
2014-05-13,94184.73143013233,8589.934592000001,102.38612061977551,91410.06540800001
2014-05-14,94088.48847674974,8589.934592000001,102.38612061977551,91410.06540800001
2014-05-15,93111.72488603709,6871.9476736000015,104.46721728418098,93128.05232640001
2014-05-16,93165.00316685201,6871.9476736000015,104.46721728418098,93128.05232640001
2014-05-19,92322.99739554152,6871.9476736000015,104.46721728418098,93128.05232640001
2014-05-20,92290.61255818342,6871.9476736000015,104.46721728418098,93128.05232640001
2014-05-21,92988.45356964176,6871.9476736000015,104.46721728418098,93128.05232640001
2014-05-22,92934.13061665399,6871.9476736000015,104.46721728418098,93128.05232640001
2014-05-23,93264.247023272,6871.9476736000015,104.46721728418098,93128.05232640001
2014-05-26,93671.6691706803,6871.9476736000015,104.46721728418098,93128.05232640001
2014-05-27,93334.24005885239,5497.558138880001,106.12780996794827,94502.44186112001
2014-05-28,93925.37196037386,5497.558138880001,106.12780996794827,94502.44186112001
2014-05-29,93515.71861389758,4398.046511104001,107.45354502603644,95601.953488896
2014-05-30,93350.24015455748,4398.046511104001,107.45354502603644,95601.953488896
2014-06-03,93121.36410365203,4398.046511104001,107.45354502603644,95601.953488896
2014-06-04,92257.43760164268,4398.046511104001,107.45354502603644,95601.953488896
2014-06-05,93106.32060734837,4398.046511104001,107.45354502603644,95601.953488896
2014-06-06,92515.32610970517,4398.046511104001,107.45354502603644,95601.953488896
2014-06-09,92315.46251595675,4398.046511104001,107.45354502603644,95601.953488896
2014-06-10,93191.20890791895,4398.046511104001,107.45354502603644,95601.953488896
2014-06-11,93321.22769740045,4398.046511104001,107.45354502603644,95601.953488896
2014-06-12,92896.7861945476,4398.046511104001,107.45354502603644,95601.953488896
2014-06-13,93594.15970176659,4398.046511104001,107.45354502603644,95601.953488896
2014-06-16,94243.17911372385,4398.046511104001,107.45354502603644,95601.953488896
2014-06-17,93473.81173133742,4398.046511104001,107.45354502603644,95601.953488896
2014-06-18,92857.02838288799,3518.437208883201,108.52203050666859,96481.5627911168
2014-06-19,91683.90523311088,3518.437208883201,108.52203050666859,96481.5627911168
2014-06-20,92023.57918859676,3518.437208883201,108.52203050666859,96481.5627911168
2014-06-23,91739.25146866929,3518.437208883201,108.52203050666859,96481.5627911168
2014-06-24,92176.59525161117,3518.437208883201,108.52203050666859,96481.5627911168
2014-06-25,91879.2448880229,3518.437208883201,108.52203050666859,96481.5627911168
2014-06-26,92412.08805781064,3518.437208883201,108.52203050666859,96481.5627911168
2014-06-27,92379.53144865864,3518.437208883201,108.52203050666859,96481.5627911168
2014-06-30,93045.85671596958,3518.437208883201,108.52203050666859,96481.5627911168
2014-07-01,92867.88058593865,3518.437208883201,108.52203050666859,96481.5627911168
2014-07-02,93268.32687850825,3518.437208883201,108.52203050666859,96481.5627911168
2014-07-03,93681.79581473867,3518.437208883201,108.52203050666859,96481.5627911168
2014-07-04,93660.09140863732,3518.437208883201,108.52203050666859,96481.5627911168
2014-07-07,93696.9888990096,3518.437208883201,108.52203050666859,96481.5627911168
2014-07-08,94153.86664744267,3518.437208883201,108.52203050666859,96481.5627911168
2014-07-09,93045.8567159696,2814.7497671065607,109.37501599920364,97185.25023289344
2014-07-10,93042.57546548962,2814.7497671065607,109.37501599920364,97185.25023289344
2014-07-11,93227.41924252827,2814.7497671065607,109.37501599920364,97185.25023289344
2014-07-14,94264.29439420073,2814.7497671065607,109.37501599920364,97185.25023289344
2014-07-15,94433.82566899949,2814.7497671065607,109.37501599920364,97185.25023289344
2014-07-16,95047.41950875502,2814.7497671065607,109.37501599920364,97185.25023289344
2014-07-17,94545.38818531866,2814.7497671065607,109.37501599920364,97185.25023289344
2014-07-18,94911.794488916,2814.7497671065607,109.37501599920364,97185.25023289344
2014-07-21,95059.45076051493,2814.7497671065607,109.37501599920364,97185.25023289344
2014-07-22,95958.51339202838,2814.7497671065607,109.37501599920364,97185.25023289344
2014-07-23,96032.88840290785,2814.7497671065607,109.37501599920364,97185.25023289344
2014-07-24,97194.45107281939,2814.7497671065607,109.37501599920364,97185.25023289344
2014-07-25,98118.66995801266,2814.7497671065607,109.37501599920364,97185.25023289344
2014-07-28,100254.7640204771,2814.7497671065607,109.37501599920364,97185.25023289344
2014-07-29,100422.10779495588,2814.7497671065607,109.37501599920364,97185.25023289344
2014-07-30,99725.38894304095,2814.7497671065607,109.37501599920364,97185.25023289344
2014-07-31,100822.42035351298,2814.7497671065607,109.37501599920364,97185.25023289344
2014-08-01,100357.57653551636,2814.7497671065607,109.37501599920364,97185.25023289344
2014-08-04,102059.45178446396,2814.7497671065607,109.37501599920364,97185.25023289344
2014-08-05,101934.76426622487,2814.7497671065607,109.37501599920364,97185.25023289344
2014-08-06,101886.63925918522,2814.7497671065607,109.37501599920364,97185.25023289344
2014-08-07,100447.2640486357,2814.7497671065607,109.37501599920364,97185.25023289344
2014-08-08,100575.23281735476,2814.7497671065607,109.37501599920364,97185.25023289344
2014-08-11,101991.63927454446,2814.7497671065607,109.37501599920364,97185.25023289344
2014-08-12,101663.51422654685,2814.7497671065607,109.37501599920364,97185.25023289344
2014-08-13,101696.3267313466,2814.7497671065607,109.37501599920364,97185.25023289344
2014-08-14,100955.857873032,2814.7497671065607,109.37501599920364,97185.25023289344
2014-08-15,101745.54548854625,2814.7497671065607,109.37501599920364,97185.25023289344
2014-08-18,102337.26432510193,2814.7497671065607,109.37501599920364,97185.25023289344
2014-08-19,102315.3893219021,2814.7497671065607,109.37501599920364,97185.25023289344
2014-08-20,102037.57678126411,2814.7497671065607,109.37501599920364,97185.25023289344
2014-08-21,101398.82668782878,2814.7497671065607,109.37501599920364,97185.25023289344
2014-08-22,101946.79551798479,2814.7497671065607,109.37501599920364,97185.25023289344
2014-08-25,101422.88919134859,2814.7497671065607,109.37501599920364,97185.25023289344
2014-08-26,100414.45154383594,2814.7497671065607,109.37501599920364,97185.25023289344
2014-08-27,100392.5765406361,2814.7497671065607,109.37501599920364,97185.25023289344
2014-08-28,99756.01394752074,2814.7497671065607,109.37501599920364,97185.25023289344
2014-08-29,100854.13910815274,2814.7497671065607,109.37501599920364,97185.25023289344
2014-09-01,101542.10795878773,2814.7497671065607,109.37501599920364,97185.25023289344
2014-09-02,102829.45189709835,2814.7497671065607,109.37501599920364,97185.25023289344
2014-09-03,103551.3270026931,2814.7497671065607,109.37501599920364,97185.25023289344
2014-09-04,104450.38963420656,2814.7497671065607,109.37501599920364,97185.25023289344
2014-09-05,105343.98351492005,2814.7497671065607,109.37501599920364,97185.25023289344
2014-09-09,105479.60853475906,2814.7497671065607,109.37501599920364,97185.25023289344
2014-09-10,105164.60848868135,2814.7497671065607,109.37501599920364,97185.25023289344
2014-09-11,104750.07717804438,2814.7497671065607,109.37501599920364,97185.25023289344
2014-09-12,105499.29603763892,2814.7497671065607,109.37501599920364,97185.25023289344
2014-09-15,105833.98358659649,2814.7497671065607,109.37501599920364,97185.25023289344
2014-09-16,103995.38956764988,2814.7497671065607,109.37501599920364,97185.25023289344
2014-09-17,104682.26466812487,2814.7497671065607,109.37501599920364,97185.25023289344
2014-09-18,105190.85849252116,2814.7497671065607,109.37501599920364,97185.25023289344
2014-09-19,105796.79608115675,2814.7497671065607,109.37501599920364,97185.25023289344
2014-09-22,104062.10832740938,2814.7497671065607,109.37501599920364,97185.25023289344
2014-09-23,105043.20222092223,2814.7497671065607,109.37501599920364,97185.25023289344
2014-09-24,106398.35866915237,2814.7497671065607,109.37501599920364,97185.25023289344
2014-09-25,106645.54620531057,2814.7497671065607,109.37501599920364,97185.25023289344
2014-09-26,106987.89000538808,2814.7497671065607,109.37501599920364,97185.25023289344
2014-09-29,107635.39010010337,2814.7497671065607,109.37501599920364,97185.25023289344
2014-09-30,107808.20262538211,2814.7497671065607,109.37501599920364,97185.25023289344
2014-10-08,108763.04651505515,2814.7497671065607,109.37501599920364,97185.25023289344
2014-10-09,108922.734038414,2814.7497671065607,109.37501599920364,97185.25023289344
2014-10-10,108127.57767209978,2814.7497671065607,109.37501599920364,97185.25023289344
2014-10-13,107405.70256650503,2814.7497671065607,109.37501599920364,97185.25023289344
2014-10-14,107215.39003866642,2814.7497671065607,109.37501599920364,97185.25023289344
2014-10-15,108030.2339078605,2814.7497671065607,109.37501599920364,97185.25023289344
2014-10-16,107551.17133778398,2814.7497671065607,109.37501599920364,97185.25023289344
2014-10-17,106845.70248458911,2814.7497671065607,109.37501599920364,97185.25023289344
2014-10-20,107696.64010906291,2814.7497671065607,109.37501599920364,97185.25023289344
2014-10-21,107087.42126994736,2814.7497671065607,109.37501599920364,97185.25023289344
2014-10-22,106367.73366467259,2814.7497671065607,109.37501599920364,97185.25023289344
2014-10-23,105255.3897519607,2814.7497671065607,109.37501599920364,97185.25023289344
2014-10-24,105156.95223756142,2814.7497671065607,109.37501599920364,97185.25023289344
2014-10-27,104629.76466044525,2814.7497671065607,109.37501599920364,97185.25023289344
2014-10-28,106842.42123410913,2814.7497671065607,109.37501599920364,97185.25023289344
2014-10-29,108660.2340000159,2814.7497671065607,109.37501599920364,97185.25023289344
2014-10-30,110404.76550520319,2814.7497671065607,109.37501599920364,97185.25023289344
2014-10-31,112063.98449791112,2814.7497671065607,109.37501599920364,97185.25023289344
2014-11-03,112695.07834022652,2814.7497671065607,109.37501599920364,97185.25023289344
2014-11-04,113010.07838630423,2814.7497671065607,109.37501599920364,97185.25023289344
2014-11-05,112516.79706414783,2814.7497671065607,109.37501599920364,97185.25023289344
2014-11-06,112652.42208398684,2814.7497671065607,109.37501599920364,97185.25023289344
2014-11-07,112329.76578678918,2814.7497671065607,109.37501599920364,97185.25023289344
2014-11-10,115339.76622708727,2814.7497671065607,109.37501599920364,97185.25023289344
2014-11-11,114461.48484861366,2814.7497671065607,109.37501599920364,97185.25023289344
2014-11-12,116175.39134932119,2814.7497671065607,109.37501599920364,97185.25023289344
2014-11-13,115461.1724948464,2814.7497671065607,109.37501599920364,97185.25023289344
2014-11-14,115240.234962528,2814.7497671065607,109.37501599920364,97185.25023289344
2014-11-17,115332.10997596732,2814.7497671065607,109.37501599920364,97185.25023289344
2014-11-18,114151.95355333593,2814.7497671065607,109.37501599920364,97185.25023289344
2014-11-19,113972.57852709723,2814.7497671065607,109.37501599920364,97185.25023289344
2014-11-20,114111.48479741621,2814.7497671065607,109.37501599920364,97185.25023289344
2014-11-21,115767.42253964416,2814.7497671065607,109.37501599920364,97185.25023289344
2014-11-24,117793.04783594942,2814.7497671065607,109.37501599920364,97185.25023289344
2014-11-25,119604.29810089621,2814.7497671065607,109.37501599920364,97185.25023289344
2014-11-26,120634.61075160872,2814.7497671065607,109.37501599920364,97185.25023289344
2014-11-27,121370.70460928336,2814.7497671065607,109.37501599920364,97185.25023289344
2014-11-28,124171.79876902296,2814.7497671065607,109.37501599920364,97185.25023289344
2014-12-01,124439.767558221,2814.7497671065607,109.37501599920364,97185.25023289344
2014-12-02,127972.58057499529,2814.7497671065607,109.37501599920364,97185.25023289344
2014-12-03,128534.7681572312,2814.7497671065607,109.37501599920364,97185.25023289344
2014-12-04,133246.6438464769,2814.7497671065607,109.37501599920364,97185.25023289344
2014-12-05,133441.33137495545,2814.7497671065607,109.37501599920364,97185.25023289344
2014-12-08,137839.30076828343,2814.7497671065607,109.37501599920364,97185.25023289344
2014-12-09,132471.17498304253,2814.7497671065607,109.37501599920364,97185.25023289344
2014-12-10,137854.61327052335,2814.7497671065607,109.37501599920364,97185.25023289344
2014-12-11,138381.80084763948,2814.7497671065607,109.37501599920364,97185.25023289344
2014-12-12,138635.55088475763,2814.7497671065607,109.37501599920364,97185.25023289344
2014-12-15,139283.05097947293,2814.7497671065607,109.37501599920364,97185.25023289344
2014-12-16,141407.11379017748,2814.7497671065607,109.37501599920364,97185.25023289344
2014-12-17,143743.36413192045,2814.7497671065607,109.37501599920364,97185.25023289344
2014-12-18,143181.17654968452,2814.7497671065607,109.37501599920364,97185.25023289344
2014-12-19,146764.30207381843,2814.7497671065607,109.37501599920364,97185.25023289344
2014-12-22,150209.61507779337,2814.7497671065607,109.37501599920364,97185.25023289344
2014-12-23,144947.58305807167,2814.7497671065607,109.37501599920364,97185.25023289344
2014-12-24,142067.73888681264,2814.7497671065607,109.37501599920364,97185.25023289344
2014-12-25,146639.61455557938,2814.7497671065607,109.37501599920364,97185.25023289344
2014-12-26,149767.74001315658,2814.7497671065607,109.37501599920364,97185.25023289344
2014-12-29,150093.6775608342,2814.7497671065607,109.37501599920364,97185.25023289344
2014-12-30,149391.48995811935,2814.7497671065607,109.37501599920364,97185.25023289344
2014-12-31,152875.08421769398,2814.7497671065607,109.37501599920364,97185.25023289344
2015-01-05,159008.8351149293,2814.7497671065607,109.37501599920364,97185.25023289344
2015-01-06,159323.835161007,2814.7497671065607,109.37501599920364,97185.25023289344
2015-01-07,158990.24136220946,2814.7497671065607,109.37501599920364,97185.25023289344
2015-01-08,155366.64708215583,2814.7497671065607,109.37501599920364,97185.25023289344
2015-01-09,154842.74075551963,2814.7497671065607,109.37501599920364,97185.25023289344
2015-01-12,151319.7714901853,2814.7497671065607,109.37501599920364,97185.25023289344
2015-01-13,151968.36533506057,2814.7497671065607,109.37501599920364,97185.25023289344
2015-01-14,151587.74027938335,2814.7497671065607,109.37501599920364,97185.25023289344
2015-01-15,156563.2097571871,2814.7497671065607,109.37501599920364,97185.25023289344
2015-01-16,158163.36624125545,2814.7497671065607,109.37501599920364,97185.25023289344
2015-01-19,145586.33315150702,2814.7497671065607,109.37501599920364,97185.25023289344
2015-01-20,148794.30237076367,2814.7497671065607,109.37501599920364,97185.25023289344
2015-01-21,154861.3345082395,2814.7497671065607,109.37501599920364,97185.25023289344
2015-01-22,155104.14704375772,2814.7497671065607,109.37501599920364,97185.25023289344
2015-01-23,154907.27201495916,2814.7497671065607,109.37501599920364,97185.25023289344
2015-01-26,156659.4597712664,2814.7497671065607,109.37501599920364,97185.25023289344
2015-01-27,155669.6158764736,2814.7497671065607,109.37501599920364,97185.25023289344
2015-01-28,153891.17811632657,2814.7497671065607,109.37501599920364,97185.25023289344
2015-01-29,152962.58423049332,2814.7497671065607,109.37501599920364,97185.25023289344
2015-01-30,150814.45891626898,2814.7497671065607,109.37501599920364,97185.25023289344
2015-02-02,146602.42705013964,2814.7497671065607,109.37501599920364,97185.25023289344
2015-02-03,149563.20873323808,2814.7497671065607,109.37501599920364,97185.25023289344
2015-02-04,148679.4586039645,2814.7497671065607,109.37501599920364,97185.25023289344
2015-02-05,146670.23956005913,2814.7497671065607,109.37501599920364,97185.25023289344
2015-02-06,142991.9577720059,2814.7497671065607,109.37501599920364,97185.25023289344
2015-02-09,143297.1140666437,2814.7497671065607,109.37501599920364,97185.25023289344
2015-02-10,146170.3957369428,2814.7497671065607,109.37501599920364,97185.25023289344
2015-02-11,146503.98953574034,2814.7497671065607,109.37501599920364,97185.25023289344
2015-02-12,147432.5834215736,2814.7497671065607,109.37501599920364,97185.25023289344
2015-02-13,148904.77113692288,2814.7497671065607,109.37501599920364,97185.25023289344
2015-02-16,149439.61496515898,2814.7497671065607,109.37501599920364,97185.25023289344
2015-02-17,150569.45888043076,2814.7497671065607,109.37501599920364,97185.25023289344
2015-02-25,150078.36505859433,2814.7497671065607,109.37501599920364,97185.25023289344
2015-02-26,153262.27177433114,2814.7497671065607,109.37501599920364,97185.25023289344
2015-02-27,153306.02178073084,2814.7497671065607,109.37501599920364,97185.25023289344
2015-03-02,154486.17820336224,2814.7497671065607,109.37501599920364,97185.25023289344
2015-03-03,151446.64650874436,2814.7497671065607,109.37501599920364,97185.25023289344
2015-03-04,152084.30285201973,2814.7497671065607,109.37501599920364,97185.25023289344
2015-03-05,150267.58383627297,2814.7497671065607,109.37501599920364,97185.25023289344
2015-03-06,150928.20893290814,2814.7497671065607,109.37501599920364,97185.25023289344
2015-03-09,154789.14699768,2814.7497671065607,109.37501599920364,97185.25023289344
2015-03-10,154166.80315664454,2814.7497671065607,109.37501599920364,97185.25023289344
2015-03-11,154503.6782059221,2814.7497671065607,109.37501599920364,97185.25023289344
2015-03-12,157619.7724117394,2814.7497671065607,109.37501599920364,97185.25023289344
2015-03-13,158199.4599965352,2814.7497671065607,109.37501599920364,97185.25023289344
2015-03-16,161051.9604137944,2814.7497671065607,109.37501599920364,97185.25023289344
2015-03-17,163372.89825329752,2814.7497671065607,109.37501599920364,97185.25023289344
2015-03-18,167217.43006566953,2814.7497671065607,109.37501599920364,97185.25023289344
2015-03-19,167930.55516998435,2814.7497671065607,109.37501599920364,97185.25023289344
2015-03-20,169218.99285845496,2814.7497671065607,109.37501599920364,97185.25023289344
2015-03-23,172757.2746260292,2814.7497671065607,109.37501599920364,97185.25023289344
2015-03-24,173173.99343698614,2814.7497671065607,109.37501599920364,97185.25023289344
2015-03-25,171484.14943979846,2814.7497671065607,109.37501599920364,97185.25023289344
2015-03-26,172423.68082723164,2814.7497671065607,109.37501599920364,97185.25023289344
2015-03-27,173191.49343954603,2814.7497671065607,109.37501599920364,97185.25023289344
2015-03-30,178348.5254439085,2814.7497671065607,109.37501599920364,97185.25023289344
2015-03-31,175793.5250701671,2814.7497671065607,109.37501599920364,97185.25023289344
2015-04-01,178416.33795382798,2814.7497671065607,109.37501599920364,97185.25023289344
2015-04-02,179476.18185886028,2814.7497671065607,109.37501599920364,97185.25023289344
2015-04-03,180992.11958060923,2814.7497671065607,109.37501599920364,97185.25023289344
2015-04-07,185799.15153377425,2814.7497671065607,109.37501599920364,97185.25023289344
2015-04-08,186340.5578629703,2814.7497671065607,109.37501599920364,97185.25023289344
2015-04-09,184203.37005034587,2814.7497671065607,109.37501599920364,97185.25023289344
2015-04-10,187666.18305688063,2814.7497671065607,109.37501599920364,97185.25023289344
2015-04-13,193312.12138275953,2814.7497671065607,109.37501599920364,97185.25023289344
2015-04-14,196053.05928369958,2814.7497671065607,109.37501599920364,97185.25023289344
2015-04-15,195742.43423826186,2814.7497671065607,109.37501599920364,97185.25023289344
2015-04-16,201793.06012333778,2814.7497671065607,109.37501599920364,97185.25023289344
2015-04-17,205779.77945650878,2814.7497671065607,109.37501599920364,97185.25023289344
2015-04-20,202300.5601975741,2814.7497671065607,109.37501599920364,97185.25023289344
2015-04-21,204721.02930163647,2814.7497671065607,109.37501599920364,97185.25023289344
2015-04-22,209285.24871928323,2814.7497671065607,109.37501599920364,97185.25023289344
2015-04-23,209397.9049857624,2814.7497671065607,109.37501599920364,97185.25023289344
2015-04-24,208813.84240032668,2814.7497671065607,109.37501599920364,97185.25023289344
2015-04-27,214495.87448148528,2814.7497671065607,109.37501599920364,97185.25023289344
2015-04-28,212906.65549901687,2814.7497671065607,109.37501599920364,97185.25023289344
2015-04-29,213257.7493003743,2814.7497671065607,109.37501599920364,97185.25023289344
2015-04-30,212800.56173349763,2814.7497671065607,109.37501599920364,97185.25023289344
2015-05-04,216986.34359578718,2814.7497671065607,109.37501599920364,97185.25023289344
2015-05-05,207495.87345753625,2814.7497671065607,109.37501599920364,97185.25023289344
2015-05-06,203008.21655108893,2814.7497671065607,109.37501599920364,97185.25023289344
2015-05-07,197892.74705280617,2814.7497671065607,109.37501599920364,97185.25023289344
2015-05-08,202524.77898037247,2814.7497671065607,109.37501599920364,97185.25023289344
2015-05-11,208510.87360600888,2814.7497671065607,109.37501599920364,97185.25023289344
2015-05-12,211280.2490111087,2814.7497671065607,109.37501599920364,97185.25023289344
2015-05-13,210277.280114396,2814.7497671065607,109.37501599920364,97185.25023289344
2015-05-14,209955.71756735834,2814.7497671065607,109.37501599920364,97185.25023289344
2015-05-15,206328.84203682476,2814.7497671065607,109.37501599920364,97185.25023289344
2015-05-18,204463.99801403834,2814.7497671065607,109.37501599920364,97185.25023289344
2015-05-19,210943.37396183118,2814.7497671065607,109.37501599920364,97185.25023289344
2015-05-20,213110.0930287754,2814.7497671065607,109.37501599920364,97185.25023289344
2015-05-21,217415.09365850405,2814.7497671065607,109.37501599920364,97185.25023289344
2015-05-22,223802.59459285755,2814.7497671065607,109.37501599920364,97185.25023289344
2015-05-25,230578.37683400817,2814.7497671065607,109.37501599920364,97185.25023289344
2015-05-26,233920.87732294385,2814.7497671065607,109.37501599920364,97185.25023289344
2015-05-27,233878.22106670417,2814.7497671065607,109.37501599920364,97185.25023289344
2015-05-28,220717.12539152,2814.7497671065607,109.37501599920364,97185.25023289344
2015-05-29,221620.56302367343,2814.7497671065607,109.37501599920364,97185.25023289344
2015-06-01,232886.18967159142,2814.7497671065607,109.37501599920364,97185.25023289344
2015-06-02,237800.40914043563,2814.7497671065607,109.37501599920364,97185.25023289344
2015-06-03,237520.40909947766,2814.7497671065607,109.37501599920364,97185.25023289344
2015-06-04,239486.97188714336,2814.7497671065607,109.37501599920364,97185.25023289344
2015-06-05,243125.87866943685,2814.7497671065607,109.37501599920364,97185.25023289344
2015-06-08,249155.72330147296,2814.7497671065607,109.37501599920364,97185.25023289344
2015-06-09,247159.6292594875,2814.7497671065607,109.37501599920364,97185.25023289344
2015-06-10,245852.59781829698,2814.7497671065607,109.37501599920364,97185.25023289344
2015-06-11,245275.09773382123,2814.7497671065607,109.37501599920364,97185.25023289344
2015-06-12,248057.5981408409,2814.7497671065607,109.37501599920364,97185.25023289344
2015-06-15,245900.72282533665,2814.7497671065607,109.37501599920364,97185.25023289344
2015-06-16,237551.0341039574,2814.7497671065607,109.37501599920364,97185.25023289344
2015-06-17,241711.6597125671,2814.7497671065607,109.37501599920364,97185.25023289344
2015-06-18,234465.56490261987,2814.7497671065607,109.37501599920364,97185.25023289344
2015-06-19,219979.93778368537,2814.7497671065607,109.37501599920364,97185.25023289344
2015-06-23,225181.8135446075,2814.7497671065607,109.37501599920364,97185.25023289344
2015-06-24,231599.93948344077,2814.7497671065607,109.37501599920364,97185.25023289344
2015-06-25,224281.65716293405,2814.7497671065607,109.37501599920364,97185.25023289344
2015-06-26,208870.71740864628,2814.7497671065607,109.37501599920364,97185.25023289344
2015-06-29,206524.62331546334,2814.7497671065607,109.37501599920364,97185.25023289344
2015-06-30,218722.12509969453,2814.7497671065607,109.37501599920364,97185.25023289344
2015-07-01,209855.0925526391,2814.7497671065607,109.37501599920364,97185.25023289344
2015-07-02,202901.0290354097,2814.7497671065607,109.37501599920364,97185.25023289344
2015-07-03,192223.83997356746,2814.7497671065607,109.37501599920364,97185.25023289344
2015-07-06,197982.43456592553,2814.7497671065607,109.37501599920364,97185.25023289344
2015-07-07,194411.34029355153,2814.7497671065607,109.37501599920364,97185.25023289344
2015-07-08,182487.27604931835,2814.7497671065607,109.37501599920364,97185.25023289344
2015-07-09,194785.40284826883,2814.7497671065607,109.37501599920364,97185.25023289344
2015-07-10,204876.34182435536,2814.7497671065607,109.37501599920364,97185.25023289344
2015-07-13,210828.53019503198,2814.7497671065607,109.37501599920364,97185.25023289344
2015-07-14,206407.5920483442,2814.7497671065607,109.37501599920364,97185.25023289344
2015-07-15,198682.43466832043,2814.7497671065607,109.37501599920364,97185.25023289344
2015-07-16,200355.87241310824,2814.7497671065607,109.37501599920364,97185.25023289344
2015-07-17,205917.59197666775,2814.7497671065607,109.37501599920364,97185.25023289344
2015-07-20,205099.4668569937,2814.7497671065607,109.37501599920364,97185.25023289344
2015-07-21,206159.310762026,2814.7497671065607,109.37501599920364,97185.25023289344
2015-07-22,205774.3107057088,2814.7497671065607,109.37501599920364,97185.25023289344
2015-07-23,208908.99866424597,2814.7497671065607,109.37501599920364,97185.25023289344
2015-07-24,205121.34186019356,2814.7497671065607,109.37501599920364,97185.25023289344
2015-07-27,188499.62067879457,2814.7497671065607,109.37501599920364,97185.25023289344
2015-07-28,189121.96451983007,2814.7497671065607,109.37501599920364,97185.25023289344
2015-07-29,194420.09029483146,2814.7497671065607,109.37501599920364,97185.25023289344
2015-07-30,189441.33956654771,2814.7497671065607,109.37501599920364,97185.25023289344
2015-07-31,189968.52714366387,2814.7497671065607,109.37501599920364,97185.25023289344
2015-08-03,192635.09003372447,2814.7497671065607,109.37501599920364,97185.25023289344
2015-08-04,197205.8719523312,2814.7497671065607,109.37501599920364,97185.25023289344
2015-08-05,193510.0901617181,2814.7497671065607,109.37501599920364,97185.25023289344
2015-08-06,191958.0586846894,2814.7497671065607,109.37501599920364,97185.25023289344
2015-08-07,194863.05910962823,2814.7497671065607,109.37501599920364,97185.25023289344
2015-08-10,202213.06018477472,2814.7497671065607,109.37501599920364,97185.25023289344
2015-08-11,201774.4663706179,2814.7497671065607,109.37501599920364,97185.25023289344
2015-08-12,199738.99732287275,2814.7497671065607,109.37501599920364,97185.25023289344
2015-08-13,202556.49773501224,2814.7497671065607,109.37501599920364,97185.25023289344
2015-08-14,203568.21663300486,2814.7497671065607,109.37501599920364,97185.25023289344
2015-08-17,205982.1232361073,2814.7497671065607,109.37501599920364,97185.25023289344
2015-08-18,193189.62136484042,2814.7497671065607,109.37501599920364,97185.25023289344
2015-08-19,195767.59049194166,2814.7497671065607,109.37501599920364,97185.25023289344
2015-08-20,190353.5271999811,2814.7497671065607,109.37501599920364,97185.25023289344
2015-08-21,182372.4322825192,2814.7497671065607,109.37501599920364,97185.25023289344
2015-08-24,166846.64876143224,2814.7497671065607,109.37501599920364,97185.25023289344
2015-08-25,155847.89715255232,2251.7998136852484,109.7773645179015,97748.20018631475
2015-08-26,158064.30214216872,2251.7998136852484,109.7773645179015,97748.20018631475
2015-08-27,166781.7226585353,2251.7998136852484,109.7773645179015,97748.20018631475
2015-08-28,173200.405161897,2251.7998136852484,109.7773645179015,97748.20018631475
2015-08-31,172817.2821597295,2251.7998136852484,109.7773645179015,97748.20018631475
2015-09-01,172178.37789823534,2251.7998136852484,109.7773645179015,97748.20018631475
2015-09-02,173728.4342852281,2251.7998136852484,109.7773645179015,97748.20018631475
2015-09-07,168426.18757901347,2251.7998136852484,109.7773645179015,97748.20018631475
2015-09-08,173046.71685157192,2251.7998136852484,109.7773645179015,97748.20018631475
2015-09-09,175574.8895564192,2251.7998136852484,109.7773645179015,97748.20018631475
2015-09-10,173726.23873793773,2251.7998136852484,109.7773645179015,97748.20018631475
2015-09-11,173930.42463594105,2251.7998136852484,109.7773645179015,97748.20018631475
2015-09-14,170338.5092689153,2251.7998136852484,109.7773645179015,97748.20018631475
2015-09-15,165842.02841826205,1801.4398509481987,110.07957896075283,98198.5601490518
2015-09-16,172533.7660232862,1801.4398509481987,110.07957896075283,98198.5601490518
2015-09-17,168939.66777021764,1801.4398509481987,110.07957896075283,98198.5601490518
2015-09-18,168917.6518544255,1801.4398509481987,110.07957896075283,98198.5601490518
2015-09-21,170543.52723567584,1801.4398509481987,110.07957896075283,98198.5601490518
2015-09-22,171512.22753053045,1801.4398509481987,110.07957896075283,98198.5601490518
2015-09-23,168313.31496593097,1801.4398509481987,110.07957896075283,98198.5601490518
2015-09-24,169009.0179049629,1801.4398509481987,110.07957896075283,98198.5601490518
2015-09-25,167092.5324352562,1441.151880758559,110.31952140074166,98558.84811924145
2015-09-28,167447.7612941666,1441.151880758559,110.31952140074166,98558.84811924145
2015-09-29,164500.02368233877,1441.151880758559,110.31952140074166,98558.84811924145
2015-09-30,165546.9559404318,1441.151880758559,110.31952140074166,98558.84811924145
2015-10-08,169608.9207184071,1441.151880758559,110.31952140074166,98558.84811924145
2015-10-09,171184.28348400973,1441.151880758559,110.31952140074166,98558.84811924145
2015-10-12,175740.47971786035,1441.151880758559,110.31952140074166,98558.84811924145
2015-10-13,176379.22974677064,1441.151880758559,110.31952140074166,98558.84811924145
2015-10-14,174038.2495026469,1441.151880758559,110.31952140074166,98558.84811924145
2015-10-15,176988.19350490274,1441.151880758559,110.31952140074166,98558.84811924145
2015-10-16,179298.28428303427,1441.151880758559,110.31952140074166,98558.84811924145
2015-10-19,178915.4755437737,1441.151880758559,110.31952140074166,98558.84811924145
2015-10-20,180334.1845889872,1441.151880758559,110.31952140074166,98558.84811924145
2015-10-21,175739.37652264634,1441.151880758559,110.31952140074166,98558.84811924145
2015-10-22,177939.14777937715,1441.151880758559,110.31952140074166,98558.84811924145
2015-10-23,180383.82837361755,1441.151880758559,110.31952140074166,98558.84811924145
2015-10-26,181079.94455365624,1441.151880758559,110.31952140074166,98558.84811924145
2015-10-27,180618.80895420114,1441.151880758559,110.31952140074166,98558.84811924145
2015-10-28,178902.2372012056,1441.151880758559,110.31952140074166,98558.84811924145
2015-10-29,179695.43456007692,1441.151880758559,110.31952140074166,98558.84811924145
2015-10-30,179720.8080499991,1441.151880758559,110.31952140074166,98558.84811924145
2015-11-02,177727.3342982877,1441.151880758559,110.31952140074166,98558.84811924145
2015-11-03,177070.93314595328,1441.151880758559,110.31952140074166,98558.84811924145
2015-11-04,184122.5569538887,1441.151880758559,110.31952140074166,98558.84811924145
2015-11-05,186733.82002544423,1441.151880758559,110.31952140074166,98558.84811924145
2015-11-06,189368.25019649396,1441.151880758559,110.31952140074166,98558.84811924145
2015-11-09,192577.44507404152,1441.151880758559,110.31952140074166,98558.84811924145
2015-11-10,191077.09958299145,1441.151880758559,110.31952140074166,98558.84811924145
2015-11-11,190609.3448122523,1441.151880758559,110.31952140074166,98558.84811924145
2015-11-12,189442.16427583247,1441.151880758559,110.31952140074166,98558.84811924145
2015-11-13,187767.5139409692,1441.151880758559,110.31952140074166,98558.84811924145
2015-11-16,188507.75792956818,1441.151880758559,110.31952140074166,98558.84811924145
2015-11-17,188652.27650260314,1441.151880758559,110.31952140074166,98558.84811924145
2015-11-18,187716.76696112487,1441.151880758559,110.31952140074166,98558.84811924145
2015-11-19,190387.6025742368,1441.151880758559,110.31952140074166,98558.84811924145
2015-11-20,190558.59783240798,1441.151880758559,110.31952140074166,98558.84811924145
2015-11-23,190157.0347745093,1441.151880758559,110.31952140074166,98558.84811924145
2015-11-24,189667.21609948998,1441.151880758559,110.31952140074166,98558.84811924145
2015-11-25,190955.74810945062,1441.151880758559,110.31952140074166,98558.84811924145
2015-11-26,190133.86767501512,1441.151880758559,110.31952140074166,98558.84811924145
2015-11-27,181535.56417704132,1441.151880758559,110.31952140074166,98558.84811924145
2015-11-30,182700.53832303314,1441.151880758559,110.31952140074166,98558.84811924145
2015-12-01,183939.42654836347,1441.151880758559,110.31952140074166,98558.84811924145
2015-12-02,189446.5770566885,1441.151880758559,110.31952140074166,98558.84811924145
2015-12-03,191302.15140664898,1441.151880758559,110.31952140074166,98558.84811924145
2015-12-04,188781.35034264202,1441.151880758559,110.31952140074166,98558.84811924145
2015-12-07,189972.80117377004,1441.151880758559,110.31952140074166,98558.84811924145
2015-12-08,187083.5329082846,1441.151880758559,110.31952140074166,98558.84811924145
2015-12-09,188377.5808943153,1441.151880758559,110.31952140074166,98558.84811924145
2015-12-10,187846.94399637775,1441.151880758559,110.31952140074166,98558.84811924145
2015-12-11,186292.54193984126,1441.151880758559,110.31952140074166,98558.84811924145
2015-12-14,189808.42508688293,1441.151880758559,110.31952140074166,98558.84811924145
2015-12-15,189008.60855672756,1441.151880758559,110.31952140074166,98558.84811924145
2015-12-16,188539.7505907744,1441.151880758559,110.31952140074166,98558.84811924145
2015-12-17,191862.57457536474,1441.151880758559,110.31952140074166,98558.84811924145
2015-12-18,192643.63678688198,1441.151880758559,110.31952140074166,98558.84811924145
2015-12-21,199305.83268427275,1441.151880758559,110.31952140074166,98558.84811924145
2015-12-22,199623.55290590692,1441.151880758559,110.31952140074166,98558.84811924145
2015-12-23,199452.55764773578,1441.151880758559,110.31952140074166,98558.84811924145
2015-12-24,197710.61240481804,1441.151880758559,110.31952140074166,98558.84811924145
2015-12-25,198626.2644324442,1441.151880758559,110.31952140074166,98558.84811924145
2015-12-28,193483.16834474163,1441.151880758559,110.31952140074166,98558.84811924145
2015-12-29,195496.49961030515,1441.151880758559,110.31952140074166,98558.84811924145
2015-12-30,195513.04753851527,1441.151880758559,110.31952140074166,98558.84811924145
2015-12-31,194048.00429431343,1441.151880758559,110.31952140074166,98558.84811924145
2016-01-04,181663.53482186617,1152.921504606847,110.4959558515091,98847.07849539316
2016-01-05,182464.63050178962,1152.921504606847,110.4959558515091,98847.07849539316
2016-01-06,186209.33844559724,1152.921504606847,110.4959558515091,98847.07849539316
2016-01-07,174616.1027576569,1152.921504606847,110.4959558515091,98847.07849539316
2016-01-08,178896.71608734436,1152.921504606847,110.4959558515091,98847.07849539316
2016-01-11,170252.6174610808,1152.921504606847,110.4959558515091,98847.07849539316
2016-01-12,170555.37638011394,1152.921504606847,110.4959558515091,98847.07849539316
2016-01-13,168170.87365283837,1152.921504606847,110.4959558515091,98847.07849539316
2016-01-14,170933.27254912612,1152.921504606847,110.4959558515091,98847.07849539316
2016-01-15,165634.99146604625,1152.921504606847,110.4959558515091,98847.07849539316
2016-01-18,165742.1725432222,1152.921504606847,110.4959558515091,98847.07849539316
2016-01-19,170244.8827441712,1152.921504606847,110.4959558515091,98847.07849539316
2016-01-20,167658.1724176874,1152.921504606847,110.4959558515091,98847.07849539316
2016-01-21,163412.91779387242,1152.921504606847,110.4959558515091,98847.07849539316
2016-01-22,164862.6247346442,1152.921504606847,110.4959558515091,98847.07849539316
2016-01-25,165777.5312490947,1152.921504606847,110.4959558515091,98847.07849539316
2016-01-26,156454.98745390287,1152.921504606847,110.4959558515091,98847.07849539316
2016-01-27,155868.25392833137,1152.921504606847,110.4959558515091,98847.07849539316
2016-01-28,152952.26565341002,1152.921504606847,110.4959558515091,98847.07849539316
2016-01-29,157247.2434573582,1152.921504606847,110.4959558515091,98847.07849539316
2016-02-01,155618.53306810695,1152.921504606847,110.4959558515091,98847.07849539316
2016-02-02,158247.23185781436,1152.921504606847,110.4959558515091,98847.07849539316
2016-02-03,157305.8063139595,1152.921504606847,110.4959558515091,98847.07849539316
2016-02-04,159048.3275377378,1152.921504606847,110.4959558515091,98847.07849539316
2016-02-05,158346.6782180807,1152.921504606847,110.4959558515091,98847.07849539316
2016-02-15,157350.00469630008,1152.921504606847,110.4959558515091,98847.07849539316
2016-02-16,161511.28239366793,1152.921504606847,110.4959558515091,98847.07849539316
2016-02-17,162387.5153235704,1152.921504606847,110.4959558515091,98847.07849539316
2016-02-18,162244.97554052196,1152.921504606847,110.4959558515091,98847.07849539316
2016-02-19,161802.99171711592,1152.921504606847,110.4959558515091,98847.07849539316
2016-02-22,165216.21179336903,1152.921504606847,110.4959558515091,98847.07849539316
2016-02-23,163931.143826816,1152.921504606847,110.4959558515091,98847.07849539316
2016-02-24,165141.07454339,1152.921504606847,110.4959558515091,98847.07849539316
2016-02-25,156182.06244294965,1152.921504606847,110.4959558515091,98847.07849539316
2016-02-26,158011.87547185062,1152.921504606847,110.4959558515091,98847.07849539316
2016-02-29,154925.723424918,1152.921504606847,110.4959558515091,98847.07849539316
2016-03-01,157232.8789830975,1152.921504606847,110.4959558515091,98847.07849539316
2016-03-02,163314.57639316455,1152.921504606847,110.4959558515091,98847.07849539316
2016-03-03,163693.57752173522,1152.921504606847,110.4959558515091,98847.07849539316
2016-03-04,165499.08144034888,1152.921504606847,110.4959558515091,98847.07849539316
2016-03-07,166141.06294384616,1152.921504606847,110.4959558515091,98847.07849539316
2016-03-08,165944.38014243048,1152.921504606847,110.4959558515091,98847.07849539316
2016-03-09,164646.05266117526,1152.921504606847,110.4959558515091,98847.07849539316
2016-03-10,162062.65721336697,1152.921504606847,110.4959558515091,98847.07849539316
2016-03-11,162154.3688567237,1152.921504606847,110.4959558515091,98847.07849539316
2016-03-14,164270.36641128012,1152.921504606847,110.4959558515091,98847.07849539316
2016-03-15,165076.98688899612,1152.921504606847,110.4959558515091,98847.07849539316
2016-03-16,166220.62003205926,1152.921504606847,110.4959558515091,98847.07849539316
2016-03-17,167345.4688626276,1152.921504606847,110.4959558515091,98847.07849539316
2016-03-18,169188.5414062308,1152.921504606847,110.4959558515091,98847.07849539316
2016-03-21,171187.41324758457,1152.921504606847,110.4959558515091,98847.07849539316
2016-03-22,170580.79044995978,1152.921504606847,110.4959558515091,98847.07849539316
2016-03-23,170268.0868949,1152.921504606847,110.4959558515091,98847.07849539316
2016-03-24,168238.2761859078,1152.921504606847,110.4959558515091,98847.07849539316
2016-03-25,169499.03504217352,1152.921504606847,110.4959558515091,98847.07849539316
2016-03-28,169245.99930327357,1152.921504606847,110.4959558515091,98847.07849539316
2016-03-29,167862.58993601266,1152.921504606847,110.4959558515091,98847.07849539316
2016-03-30,171684.64504891637,1152.921504606847,110.4959558515091,98847.07849539316
2016-03-31,171710.0591187622,1152.921504606847,110.4959558515091,98847.07849539316
2016-04-01,172196.24132450885,1152.921504606847,110.4959558515091,98847.07849539316
2016-04-05,173980.75101151073,1152.921504606847,110.4959558515091,98847.07849539316
2016-04-06,173581.8606108868,1152.921504606847,110.4959558515091,98847.07849539316
2016-04-07,171359.78693871296,1152.921504606847,110.4959558515091,98847.07849539316
2016-04-08,170321.12495370876,1152.921504606847,110.4959558515091,98847.07849539316
2016-04-11,172115.57927673726,1152.921504606847,110.4959558515091,98847.07849539316
2016-04-12,171401.7754019365,1152.921504606847,110.4959558515091,98847.07849539316
2016-04-13,173433.79603004578,1152.921504606847,110.4959558515091,98847.07849539316
2016-04-14,173955.3369416649,1152.921504606847,110.4959558515091,98847.07849539316
2016-04-15,173823.8467542016,1152.921504606847,110.4959558515091,98847.07849539316
2016-04-18,171857.01874004473,1152.921504606847,110.4959558515091,98847.07849539316
2016-04-19,172167.51237598748,1152.921504606847,110.4959558515091,98847.07849539316
2016-04-20,169270.3084135609,1152.921504606847,110.4959558515091,98847.07849539316
2016-04-21,168510.0962373025,1152.921504606847,110.4959558515091,98847.07849539316
2016-04-22,169396.2738032316,1152.921504606847,110.4959558515091,98847.07849539316
2016-04-25,169280.25304958754,1152.921504606847,110.4959558515091,98847.07849539316
2016-04-26,170048.1999427555,1152.921504606847,110.4959558515091,98847.07849539316
2016-04-27,169947.64862293063,1152.921504606847,110.4959558515091,98847.07849539316
2016-04-28,169553.17806054075,1152.921504606847,110.4959558515091,98847.07849539316
2016-04-29,169452.6267407159,1152.921504606847,110.4959558515091,98847.07849539316
2016-05-03,172161.9875781949,1152.921504606847,110.4959558515091,98847.07849539316
2016-05-04,171807.29555991155,1152.921504606847,110.4959558515091,98847.07849539316
2016-05-05,171922.21135399712,1152.921504606847,110.4959558515091,98847.07849539316
2016-05-06,168179.71332930648,1152.921504606847,110.4959558515091,98847.07849539316
2016-05-09,165402.94995875808,1152.921504606847,110.4959558515091,98847.07849539316
2016-05-10,165855.98337774927,1152.921504606847,110.4959558515091,98847.07849539316
2016-05-11,167370.88293247344,1152.921504606847,110.4959558515091,98847.07849539316
2016-05-12,167602.92443976164,1152.921504606847,110.4959558515091,98847.07849539316
2016-05-13,166731.11134809323,1152.921504606847,110.4959558515091,98847.07849539316
2016-05-16,167729.99478899085,1152.921504606847,110.4959558515091,98847.07849539316
2016-05-17,167099.06288107875,1152.921504606847,110.4959558515091,98847.07849539316
2016-05-18,165739.9626241052,1152.921504606847,110.4959558515091,98847.07849539316
2016-05-19,165568.69389253535,1152.921504606847,110.4959558515091,98847.07849539316
2016-05-20,166006.25787770734,1152.921504606847,110.4959558515091,98847.07849539316
2016-05-23,166548.79302093823,1152.921504606847,110.4959558515091,98847.07849539316
2016-05-24,165472.56241094452,1152.921504606847,110.4959558515091,98847.07849539316
2016-05-25,165306.81847716725,1152.921504606847,110.4959558515091,98847.07849539316
2016-05-26,165467.03761315194,1152.921504606847,110.4959558515091,98847.07849539316
2016-05-27,165732.22790719557,1152.921504606847,110.4959558515091,98847.07849539316
2016-05-30,165862.61313510037,1152.921504606847,110.4959558515091,98847.07849539316
2016-05-31,170331.0695897354,1152.921504606847,110.4959558515091,98847.07849539316
2016-06-01,169828.312990611,1152.921504606847,110.4959558515091,98847.07849539316
2016-06-02,169996.26684350532,1152.921504606847,110.4959558515091,98847.07849539316
2016-06-03,171310.06375857975,1152.921504606847,110.4959558515091,98847.07849539316
2016-06-06,171072.497453499,1152.921504606847,110.4959558515091,98847.07849539316
2016-06-07,170947.6370233868,1152.921504606847,110.4959558515091,98847.07849539316
2016-06-08,169655.93929948268,1152.921504606847,110.4959558515091,98847.07849539316
2016-06-13,165425.04914992838,1152.921504606847,110.4959558515091,98847.07849539316
2016-06-14,165921.17599170166,1152.921504606847,110.4959558515091,98847.07849539316
2016-06-15,168280.26464913136,1152.921504606847,110.4959558515091,98847.07849539316
2016-06-16,167376.40773026602,1152.921504606847,110.4959558515091,98847.07849539316
2016-06-17,168476.94745054707,1152.921504606847,110.4959558515091,98847.07849539316
2016-06-20,168630.53682918067,1152.921504606847,110.4959558515091,98847.07849539316
2016-06-21,168238.2761859078,1152.921504606847,110.4959558515091,98847.07849539316
2016-06-22,169598.48140243988,1152.921504606847,110.4959558515091,98847.07849539316
2016-06-23,168464.7928954034,1152.921504606847,110.4959558515091,98847.07849539316
2016-06-24,166284.70768645313,1152.921504606847,110.4959558515091,98847.07849539316
2016-06-27,168052.64298007727,1152.921504606847,110.4959558515091,98847.07849539316
2016-06-28,168538.8251858239,1152.921504606847,110.4959558515091,98847.07849539316
2016-06-29,169206.22075916704,1152.921504606847,110.4959558515091,98847.07849539316
2016-06-30,169557.5978987748,1152.921504606847,110.4959558515091,98847.07849539316
2016-07-01,169875.82625162718,1152.921504606847,110.4959558515091,98847.07849539316
2016-07-04,172264.7488171368,1152.921504606847,110.4959558515091,98847.07849539316
2016-07-05,172495.68536486645,1152.921504606847,110.4959558515091,98847.07849539316
2016-07-06,173317.77527640166,1152.921504606847,110.4959558515091,98847.07849539316
2016-07-07,172401.76380239267,1152.921504606847,110.4959558515091,98847.07849539316
2016-07-08,170986.31060793484,1152.921504606847,110.4959558515091,98847.07849539316
2016-07-11,172188.50660759927,1152.921504606847,110.4959558515091,98847.07849539316
2016-07-12,176113.32295944486,1152.921504606847,110.4959558515091,98847.07849539316
2016-07-13,176437.07611008978,1152.921504606847,110.4959558515091,98847.07849539316
2016-07-14,175803.93428306063,1152.921504606847,110.4959558515091,98847.07849539316
2016-07-15,175860.28722054488,1152.921504606847,110.4959558515091,98847.07849539316
2016-07-18,176203.9296432431,1152.921504606847,110.4959558515091,98847.07849539316
2016-07-19,175013.88819872236,1152.921504606847,110.4959558515091,98847.07849539316
2016-07-20,174697.86976498703,1152.921504606847,110.4959558515091,98847.07849539316
2016-07-21,175758.6309411615,1152.921504606847,110.4959558515091,98847.07849539316
2016-07-22,173768.59877627585,1152.921504606847,110.4959558515091,98847.07849539316
2016-07-25,174660.30113999752,1152.921504606847,110.4959558515091,98847.07849539316
2016-07-26,176847.01610629886,1152.921504606847,110.4959558515091,98847.07849539316
2016-07-27,175254.76938247867,922.3372036854777,110.64229911578353,99077.66279631453
2016-07-28,178174.61965614418,922.3372036854777,110.64229911578353,99077.66279631453
2016-07-29,177841.58633580565,922.3372036854777,110.64229911578353,99077.66279631453
2016-08-01,176093.4380097763,922.3372036854777,110.64229911578353,99077.66279631453
2016-08-02,176641.11739039942,922.3372036854777,110.64229911578353,99077.66279631453
2016-08-03,176750.65326652405,922.3372036854777,110.64229911578353,99077.66279631453
2016-08-04,176947.59655895014,922.3372036854777,110.64229911578353,99077.66279631453
2016-08-05,176790.4844942057,922.3372036854777,110.64229911578353,99077.66279631453
2016-08-08,178310.70968405658,922.3372036854777,110.64229911578353,99077.66279631453
2016-08-09,179522.2428593744,922.3372036854777,110.64229911578353,99077.66279631453
2016-08-10,178668.08431020056,922.3372036854777,110.64229911578353,99077.66279631453
2016-08-11,178218.8765757905,922.3372036854777,110.64229911578353,99077.66279631453
2016-08-12,181290.30679924463,922.3372036854777,110.64229911578353,99077.66279631453
2016-08-15,185259.0460685278,922.3372036854777,110.64229911578353,99077.66279631453
2016-08-16,183993.29816664322,922.3372036854777,110.64229911578353,99077.66279631453
2016-08-17,183958.99905391733,922.3372036854777,110.64229911578353,99077.66279631453
2016-08-18,183113.69188867277,922.3372036854777,110.64229911578353,99077.66279631453
2016-08-19,183119.22400362854,922.3372036854777,110.64229911578353,99077.66279631453
2016-08-22,182241.83057164037,922.3372036854777,110.64229911578353,99077.66279631453
2016-08-23,182558.26754711152,922.3372036854777,110.64229911578353,99077.66279631453
2016-08-24,182302.68383615406,922.3372036854777,110.64229911578353,99077.66279631453
2016-08-25,181177.45165414654,922.3372036854777,110.64229911578353,99077.66279631453
2016-08-26,180950.63494095916,922.3372036854777,110.64229911578353,99077.66279631453
2016-08-29,180743.73384161267,922.3372036854777,110.64229911578353,99077.66279631453
2016-08-30,180955.06063292382,922.3372036854777,110.64229911578353,99077.66279631453
2016-08-31,181539.25197225515,922.3372036854777,110.64229911578353,99077.66279631453
2016-09-01,180586.62177686824,922.3372036854777,110.64229911578353,99077.66279631453
2016-09-02,181164.17457825263,922.3372036854777,110.64229911578353,99077.66279631453
2016-09-05,181824.70910397387,922.3372036854777,110.64229911578353,99077.66279631453
2016-09-06,183244.24980162937,922.3372036854777,110.64229911578353,99077.66279631453
2016-09-07,183247.56907060285,922.3372036854777,110.64229911578353,99077.66279631453
2016-09-08,183442.29951704663,922.3372036854777,110.64229911578353,99077.66279631453
2016-09-09,182257.3204935166,922.3372036854777,110.64229911578353,99077.66279631453
2016-09-12,179460.28317186958,922.3372036854777,110.64229911578353,99077.66279631453
2016-09-13,179643.9493884018,922.3372036854777,110.64229911578353,99077.66279631453
2016-09-14,178150.2783503387,922.3372036854777,110.64229911578353,99077.66279631453
2016-09-19,179902.85236833274,922.3372036854777,110.64229911578353,99077.66279631453
2016-09-20,179877.40463953608,922.3372036854777,110.64229911578353,99077.66279631453
2016-09-21,179822.0834899782,922.3372036854777,110.64229911578353,99077.66279631453
2016-09-22,181074.55431596885,922.3372036854777,110.64229911578353,99077.66279631453
2016-09-23,180293.41968421143,922.3372036854777,110.64229911578353,99077.66279631453
2016-09-26,177570.512702972,922.3372036854777,110.64229911578353,99077.66279631453
2016-09-27,178635.998043457,922.3372036854777,110.64229911578353,99077.66279631453
2016-09-28,178514.2915144296,922.3372036854777,110.64229911578353,99077.66279631453
2016-09-29,179282.14907029318,922.3372036854777,110.64229911578353,99077.66279631453
2016-09-30,179725.82468974745,922.3372036854777,110.64229911578353,99077.66279631453
2016-10-10,182255.10764753429,922.3372036854777,110.64229911578353,99077.66279631453
2016-10-11,182577.07673796118,922.3372036854777,110.64229911578353,99077.66279631453
2016-10-12,182213.06357387025,922.3372036854777,110.64229911578353,99077.66279631453
2016-10-13,182658.95203930687,922.3372036854777,110.64229911578353,99077.66279631453
2016-10-14,182551.62900916455,922.3372036854777,110.64229911578353,99077.66279631453
2016-10-17,181264.859070448,922.3372036854777,110.64229911578353,99077.66279631453
2016-10-18,183384.7655215064,922.3372036854777,110.64229911578353,99077.66279631453
2016-10-19,183086.03131389382,922.3372036854777,110.64229911578353,99077.66279631453
2016-10-20,182937.77063307865,922.3372036854777,110.64229911578353,99077.66279631453
2016-10-21,183658.0520003224,922.3372036854777,110.64229911578353,99077.66279631453
2016-10-24,185520.16189444106,922.3372036854777,110.64229911578353,99077.66279631453
2016-10-25,185789.02268129238,922.3372036854777,110.64229911578353,99077.66279631453
2016-10-26,184677.06757517878,922.3372036854777,110.64229911578353,99077.66279631453
2016-10-27,183981.1275137405,922.3372036854777,110.64229911578353,99077.66279631453
2016-10-28,183408.00040432072,922.3372036854777,110.64229911578353,99077.66279631453
2016-10-31,183360.42421570097,922.3372036854777,110.64229911578353,99077.66279631453
2016-11-01,184353.99206176068,922.3372036854777,110.64229911578353,99077.66279631453
2016-11-02,182874.70452258264,922.3372036854777,110.64229911578353,99077.66279631453
2016-11-03,183867.16594565124,922.3372036854777,110.64229911578353,99077.66279631453
2016-11-04,183443.4059400378,922.3372036854777,110.64229911578353,99077.66279631453
2016-11-07,183531.9197793304,922.3372036854777,110.64229911578353,99077.66279631453
2016-11-08,184442.50590105332,922.3372036854777,110.64229911578353,99077.66279631453
2016-11-09,182859.21460070644,922.3372036854777,110.64229911578353,99077.66279631453
2016-11-10,185100.82758079225,922.3372036854777,110.64229911578353,99077.66279631453
2016-11-11,185648.50696141535,922.3372036854777,110.64229911578353,99077.66279631453
2016-11-14,185813.36398709787,922.3372036854777,110.64229911578353,99077.66279631453
2016-11-15,185816.68325607132,922.3372036854777,110.64229911578353,99077.66279631453
2016-11-16,185787.91625830124,922.3372036854777,110.64229911578353,99077.66279631453
2016-11-17,186310.14791012774,922.3372036854777,110.64229911578353,99077.66279631453
2016-11-18,185509.09766452946,922.3372036854777,110.64229911578353,99077.66279631453
2016-11-21,186653.1390373867,922.3372036854777,110.64229911578353,99077.66279631453
2016-11-22,187555.98019817146,922.3372036854777,110.64229911578353,99077.66279631453
2016-11-23,188260.77164353902,922.3372036854777,110.64229911578353,99077.66279631453
2016-11-24,189394.8552094758,922.3372036854777,110.64229911578353,99077.66279631453
2016-11-25,191210.49533796578,922.3372036854777,110.64229911578353,99077.66279631453
2016-11-28,192636.67457356825,922.3372036854777,110.64229911578353,99077.66279631453
2016-11-29,193784.0352153989,922.3372036854777,110.64229911578353,99077.66279631453
2016-11-30,191920.81889828912,922.3372036854777,110.64229911578353,99077.66279631453
2016-12-01,193717.64983592945,922.3372036854777,110.64229911578353,99077.66279631453
2016-12-02,191982.77858579395,922.3372036854777,110.64229911578353,99077.66279631453
2016-12-05,189603.9691548046,922.3372036854777,110.64229911578353,99077.66279631453
2016-12-06,189217.82753089053,922.3372036854777,110.64229911578353,99077.66279631453
2016-12-07,189768.8261804871,922.3372036854777,110.64229911578353,99077.66279631453
2016-12-08,189732.3142217789,922.3372036854777,110.64229911578353,99077.66279631453
2016-12-09,191114.23653773507,922.3372036854777,110.64229911578353,99077.66279631453
2016-12-12,187352.39836779842,922.3372036854777,110.64229911578353,99077.66279631453
2016-12-13,187049.23846822119,922.3372036854777,110.64229911578353,99077.66279631453
2016-12-14,186321.21214003934,922.3372036854777,110.64229911578353,99077.66279631453
2016-12-15,183702.30891996872,922.3372036854777,110.64229911578353,99077.66279631453
2016-12-16,183905.89075034176,922.3372036854777,110.64229911578353,99077.66279631453
2016-12-19,184247.77545460954,922.3372036854777,110.64229911578353,99077.66279631453
2016-12-20,182849.25679378601,922.3372036854777,110.64229911578353,99077.66279631453
2016-12-21,184330.75717894637,922.3372036854777,110.64229911578353,99077.66279631453
2016-12-22,184352.8856387695,922.3372036854777,110.64229911578353,99077.66279631453
2016-12-23,182531.71339532375,922.3372036854777,110.64229911578353,99077.66279631453
2016-12-26,182943.30274803445,922.3372036854777,110.64229911578353,99077.66279631453
2016-12-27,182772.91360739613,922.3372036854777,110.64229911578353,99077.66279631453
2016-12-28,182135.61396448922,922.3372036854777,110.64229911578353,99077.66279631453
2016-12-29,182031.6102033204,922.3372036854777,110.64229911578353,99077.66279631453
2016-12-30,183099.3083897877,922.3372036854777,110.64229911578353,99077.66279631453
2017-01-03,185059.8899301194,922.3372036854777,110.64229911578353,99077.66279631453
2017-01-04,186479.43062777488,922.3372036854777,110.64229911578353,99077.66279631453
2017-01-05,186400.87459540268,922.3372036854777,110.64229911578353,99077.66279631453
2017-01-06,185559.99312212272,922.3372036854777,110.64229911578353,99077.66279631453
2017-01-09,186605.5628487669,922.3372036854777,110.64229911578353,99077.66279631453
2017-01-10,186419.68378625237,922.3372036854777,110.64229911578353,99077.66279631453
2017-01-11,184916.05494126887,922.3372036854777,110.64229911578353,99077.66279631453
2017-01-12,183931.3384791384,922.3372036854777,110.64229911578353,99077.66279631453
2017-01-13,184237.8176476891,922.3372036854777,110.64229911578353,99077.66279631453
2017-01-16,184804.30621916192,922.3372036854777,110.64229911578353,99077.66279631453
2017-01-17,185250.19468459854,922.3372036854777,110.64229911578353,99077.66279631453
2017-01-18,186608.88211774034,922.3372036854777,110.64229911578353,99077.66279631453
2017-01-19,186237.12399271133,922.3372036854777,110.64229911578353,99077.66279631453
2017-01-20,187775.05195042072,922.3372036854777,110.64229911578353,99077.66279631453
2017-01-23,187893.43921047458,922.3372036854777,110.64229911578353,99077.66279631453
2017-01-24,188961.13739694192,922.3372036854777,110.64229911578353,99077.66279631453
2017-01-25,189498.85897064462,922.3372036854777,110.64229911578353,99077.66279631453
2017-01-26,190002.28143162144,922.3372036854777,110.64229911578353,99077.66279631453
2017-02-03,188735.42710674572,922.3372036854777,110.64229911578353,99077.66279631453
2017-02-06,189217.82753089053,922.3372036854777,110.64229911578353,99077.66279631453
2017-02-07,189101.65311681895,922.3372036854777,110.64229911578353,99077.66279631453
2017-02-08,189867.29782670017,922.3372036854777,110.64229911578353,99077.66279631453
2017-02-09,190452.59558902268,922.3372036854777,110.64229911578353,99077.66279631453
2017-02-10,191594.42411589756,922.3372036854777,110.64229911578353,99077.66279631453
2017-02-13,193298.31552228064,922.3372036854777,110.64229911578353,99077.66279631453
2017-02-14,193073.7116550756,922.3372036854777,110.64229911578353,99077.66279631453
2017-02-15,192543.735042311,922.3372036854777,110.64229911578353,99077.66279631453
2017-02-16,193634.66811159262,922.3372036854777,110.64229911578353,99077.66279631453
2017-02-17,192279.29994742427,922.3372036854777,110.64229911578353,99077.66279631453
2017-02-20,196139.60976357394,922.3372036854777,110.64229911578353,99077.66279631453
2017-02-21,196236.97498679583,922.3372036854777,110.64229911578353,99077.66279631453
2017-02-22,197205.09510405894,922.3372036854777,110.64229911578353,99077.66279631453
2017-02-23,196548.98627030232,922.3372036854777,110.64229911578353,99077.66279631453
2017-02-24,195951.5178550771,922.3372036854777,110.64229911578353,99077.66279631453
2017-02-27,194506.52942862498,922.3372036854777,110.64229911578353,99077.66279631453
2017-02-28,195103.9978438502,922.3372036854777,110.64229911578353,99077.66279631453
2017-03-01,195217.95941193946,922.3372036854777,110.64229911578353,99077.66279631453
2017-03-02,194115.96211274626,922.3372036854777,110.64229911578353,99077.66279631453
2017-03-03,194164.6447243572,922.3372036854777,110.64229911578353,99077.66279631453
2017-03-06,194965.69496995548,922.3372036854777,110.64229911578353,99077.66279631453
2017-03-07,195432.6054722241,922.3372036854777,110.64229911578353,99077.66279631453
2017-03-08,194944.67293312348,922.3372036854777,110.64229911578353,99077.66279631453
2017-03-09,193252.95217964315,922.3372036854777,110.64229911578353,99077.66279631453
2017-03-10,193813.9086361602,922.3372036854777,110.64229911578353,99077.66279631453
2017-03-13,195711.42406599587,922.3372036854777,110.64229911578353,99077.66279631453
2017-03-14,195742.40390974827,922.3372036854777,110.64229911578353,99077.66279631453
2017-03-15,196262.42271559246,922.3372036854777,110.64229911578353,99077.66279631453
2017-03-16,197093.346381952,922.3372036854777,110.64229911578353,99077.66279631453
2017-03-17,195129.44557264683,922.3372036854777,110.64229911578353,99077.66279631453
2017-03-20,196396.29989752258,922.3372036854777,110.64229911578353,99077.66279631453
2017-03-21,197947.50493112585,922.3372036854777,110.64229911578353,99077.66279631453
2017-03-22,197374.3778217061,922.3372036854777,110.64229911578353,99077.66279631453
2017-03-23,197776.0093674964,922.3372036854777,110.64229911578353,99077.66279631453
2017-03-24,199448.92093012703,922.3372036854777,110.64229911578353,99077.66279631453
2017-03-27,199118.10045577082,922.3372036854777,110.64229911578353,99077.66279631453
2017-03-28,198366.83924477466,922.3372036854777,110.64229911578353,99077.66279631453
2017-03-29,198312.62451820794,922.3372036854777,110.64229911578353,99077.66279631453
2017-03-30,197233.86210182903,922.3372036854777,110.64229911578353,99077.66279631453
2017-03-31,199152.39956849674,922.3372036854777,110.64229911578353,99077.66279631453
2017-04-05,200991.27457980104,922.3372036854777,110.64229911578353,99077.66279631453
2017-04-06,201483.6328108663,922.3372036854777,110.64229911578353,99077.66279631453
2017-04-07,201814.4532852225,922.3372036854777,110.64229911578353,99077.66279631453
2017-04-10,201164.98298941282,922.3372036854777,110.64229911578353,99077.66279631453
2017-04-11,200828.63040010084,922.3372036854777,110.64229911578353,99077.66279631453
2017-04-12,200412.6153554255,922.3372036854777,110.64229911578353,99077.66279631453
2017-04-13,201076.46915012022,922.3372036854777,110.64229911578353,99077.66279631453
2017-04-14,199369.25847476366,922.3372036854777,110.64229911578353,99077.66279631453
2017-04-17,199307.29878725883,922.3372036854777,110.64229911578353,99077.66279631453
2017-04-18,199374.79058971946,922.3372036854777,110.64229911578353,99077.66279631453
2017-04-19,198563.78253720075,922.3372036854777,110.64229911578353,99077.66279631453
2017-04-20,200055.24072928153,922.3372036854777,110.64229911578353,99077.66279631453
2017-04-21,200289.802403407,922.3372036854777,110.64229911578353,99077.66279631453
2017-04-24,198167.68310636625,922.3372036854777,110.64229911578353,99077.66279631453
2017-04-25,198896.81585753927,922.3372036854777,110.64229911578353,99077.66279631453
2017-04-26,199311.72447922346,922.3372036854777,110.64229911578353,99077.66279631453
2017-04-27,199244.23267676283,922.3372036854777,110.64229911578353,99077.66279631453
2017-04-28,197995.08111974565,922.3372036854777,110.64229911578353,99077.66279631453
2017-05-02,197115.47484177517,922.3372036854777,110.64229911578353,99077.66279631453
2017-05-03,196347.6172859116,922.3372036854777,110.64229911578353,99077.66279631453
2017-05-04,196064.37300017523,922.3372036854777,110.64229911578353,99077.66279631453
2017-05-05,195406.0513204363,922.3372036854777,110.64229911578353,99077.66279631453
2017-05-08,194231.0301038267,922.3372036854777,110.64229911578353,99077.66279631453
2017-05-09,193687.7764151682,922.3372036854777,110.64229911578353,99077.66279631453
2017-05-10,192749.52971866634,922.3372036854777,110.64229911578353,99077.66279631453
2017-05-11,193957.7436250107,922.3372036854777,110.64229911578353,99077.66279631453
2017-05-12,195638.40014857944,922.3372036854777,110.64229911578353,99077.66279631453
2017-05-15,196543.45415534655,922.3372036854777,110.64229911578353,99077.66279631453
2017-05-16,198646.76426153758,922.3372036854777,110.64229911578353,99077.66279631453
2017-05-17,197448.50816211366,922.3372036854777,110.64229911578353,99077.66279631453
2017-05-18,197015.89677257094,922.3372036854777,110.64229911578353,99077.66279631453
2017-05-19,197701.8790270888,922.3372036854777,110.64229911578353,99077.66279631453
2017-05-22,197910.99297241765,922.3372036854777,110.64229911578353,99077.66279631453
2017-05-23,199448.92093012703,922.3372036854777,110.64229911578353,99077.66279631453
2017-05-24,199043.97011536328,922.3372036854777,110.64229911578353,99077.66279631453
2017-05-25,201632.9999146726,922.3372036854777,110.64229911578353,99077.66279631453
2017-05-26,201835.4753220545,922.3372036854777,110.64229911578353,99077.66279631453
2017-05-31,202334.47209106668,922.3372036854777,110.64229911578353,99077.66279631453
2017-06-01,202720.61371498075,922.3372036854777,110.64229911578353,99077.66279631453
2017-06-02,202523.67042255466,922.3372036854777,110.64229911578353,99077.66279631453
2017-06-05,200725.73306192315,922.3372036854777,110.64229911578353,99077.66279631453
2017-06-06,202135.31595265825,922.3372036854777,110.64229911578353,99077.66279631453
2017-06-07,204534.04099748845,922.3372036854777,110.64229911578353,99077.66279631453
2017-06-08,207104.2616059481,922.3372036854777,110.64229911578353,99077.66279631453
2017-06-09,208156.4698705392,922.3372036854777,110.64229911578353,99077.66279631453
2017-06-12,208555.88857034716,922.3372036854777,110.64229911578353,99077.66279631453
2017-06-13,209334.8103561223,922.3372036854777,110.64229911578353,99077.66279631453
2017-06-14,206489.09042286433,922.3372036854777,110.64229911578353,99077.66279631453
2017-06-15,205388.1995466623,922.3372036854777,110.64229911578353,99077.66279631453
2017-06-16,204114.7066838396,922.3372036854777,110.64229911578353,99077.66279631453
2017-06-19,205460.11704108756,922.3372036854777,110.64229911578353,99077.66279631453
2017-06-20,205080.6139551204,922.3372036854777,110.64229911578353,99077.66279631453
2017-06-21,207623.17398880114,922.3372036854777,110.64229911578353,99077.66279631453
2017-06-22,207474.91330798596,922.3372036854777,110.64229911578353,99077.66279631453
2017-06-23,209318.21401125492,922.3372036854777,110.64229911578353,99077.66279631453
2017-06-26,212319.93958626615,922.3372036854777,110.64229911578353,99077.66279631453
2017-06-27,212961.66492113768,922.3372036854777,110.64229911578353,99077.66279631453
2017-06-28,212276.78908961097,922.3372036854777,110.64229911578353,99077.66279631453
2017-06-29,213479.47088099952,922.3372036854777,110.64229911578353,99077.66279631453
2017-06-30,213527.04706961932,922.3372036854777,110.64229911578353,99077.66279631453
2017-07-03,212978.26126600502,922.3372036854777,110.64229911578353,99077.66279631453
2017-07-04,211521.10218665018,922.3372036854777,110.64229911578353,99077.66279631453
2017-07-05,212966.0906131023,922.3372036854777,110.64229911578353,99077.66279631453
2017-07-06,213243.80278388291,922.3372036854777,110.64229911578353,99077.66279631453
2017-07-07,213082.26502717388,922.3372036854777,110.64229911578353,99077.66279631453
2017-07-10,212575.52329722358,922.3372036854777,110.64229911578353,99077.66279631453
2017-07-11,213562.45260533635,922.3372036854777,110.64229911578353,99077.66279631453
2017-07-12,212783.53081956125,922.3372036854777,110.64229911578353,99077.66279631453
2017-07-13,213780.41793459447,922.3372036854777,110.64229911578353,99077.66279631453
2017-07-14,214477.46441902392,922.3372036854777,110.64229911578353,99077.66279631453
2017-07-17,213007.02826377514,922.3372036854777,110.64229911578353,99077.66279631453
2017-07-18,212846.59693005728,922.3372036854777,110.64229911578353,99077.66279631453
2017-07-19,215656.91132759815,922.3372036854777,110.64229911578353,99077.66279631453
2017-07-20,216627.24429084358,922.3372036854777,110.64229911578353,99077.66279631453
2017-07-21,216768.86643371178,922.3372036854777,110.64229911578353,99077.66279631453
2017-07-24,218016.91156773784,922.3372036854777,110.64229911578353,99077.66279631453
2017-07-25,217089.72910114756,922.3372036854777,110.64229911578353,99077.66279631453
2017-07-26,215840.57754413036,922.3372036854777,110.64229911578353,99077.66279631453
2017-07-27,215357.07069699437,922.3372036854777,110.64229911578353,99077.66279631453
2017-07-28,216226.71916804445,922.3372036854777,110.64229911578353,99077.66279631453
2017-07-31,217748.05078088646,922.3372036854777,110.64229911578353,99077.66279631453
2017-08-01,218795.83335351295,922.3372036854777,110.64229911578353,99077.66279631453
2017-08-02,218467.22572513905,922.3372036854777,110.64229911578353,99077.66279631453
2017-08-03,217045.47218150125,922.3372036854777,110.64229911578353,99077.66279631453
2017-08-04,215549.58829745583,922.3372036854777,110.64229911578353,99077.66279631453
2017-08-07,217074.23917927133,922.3372036854777,110.64229911578353,99077.66279631453
2017-08-08,216818.6554683139,922.3372036854777,110.64229911578353,99077.66279631453
2017-08-09,217233.56408999808,922.3372036854777,110.64229911578353,99077.66279631453
2017-08-10,216431.40742140863,922.3372036854777,110.64229911578353,99077.66279631453
2017-08-11,212417.304809488,922.3372036854777,110.64229911578353,99077.66279631453
2017-08-14,213891.06023371025,922.3372036854777,110.64229911578353,99077.66279631453
2017-08-15,215630.35717581038,922.3372036854777,110.64229911578353,99077.66279631453
2017-08-16,214816.0298543182,922.3372036854777,110.64229911578353,99077.66279631453
2017-08-17,215892.5794247148,922.3372036854777,110.64229911578353,99077.66279631453
2017-08-18,216149.2695586634,922.3372036854777,110.64229911578353,99077.66279631453
2017-08-21,217207.00993821028,922.3372036854777,110.64229911578353,99077.66279631453
2017-08-22,217385.1440397867,922.3372036854777,110.64229911578353,99077.66279631453
2017-08-23,217077.55844824482,922.3372036854777,110.64229911578353,99077.66279631453
2017-08-24,216389.36334774466,922.3372036854777,110.64229911578353,99077.66279631453
2017-08-25,219834.76454221015,922.3372036854777,110.64229911578353,99077.66279631453
2017-08-28,220801.7782364821,922.3372036854777,110.64229911578353,99077.66279631453
2017-08-29,220701.09374428674,922.3372036854777,110.64229911578353,99077.66279631453
2017-08-30,220768.58554674734,922.3372036854777,110.64229911578353,99077.66279631453
2017-08-31,219592.45790714657,922.3372036854777,110.64229911578353,99077.66279631453
2017-09-01,220493.08622194905,922.3372036854777,110.64229911578353,99077.66279631453
2017-09-04,221453.46137827408,922.3372036854777,110.64229911578353,99077.66279631453
2017-09-05,221816.36811937383,922.3372036854777,110.64229911578353,99077.66279631453
2017-09-06,221401.45949768965,922.3372036854777,110.64229911578353,99077.66279631453
2017-09-07,220126.8602118758,922.3372036854777,110.64229911578353,99077.66279631453
2017-09-08,220365.8475779659,922.3372036854777,110.64229911578353,99077.66279631453
2017-09-11,220885.8663838101,922.3372036854777,110.64229911578353,99077.66279631453
2017-09-12,222086.33532921635,922.3372036854777,110.64229911578353,99077.66279631453
2017-09-13,222563.20363840536,922.3372036854777,110.64229911578353,99077.66279631453
2017-09-14,221482.22837604416,922.3372036854777,110.64229911578353,99077.66279631453
2017-09-15,220595.98356012674,922.3372036854777,110.64229911578353,99077.66279631453
2017-09-18,221328.43558027322,922.3372036854777,110.64229911578353,99077.66279631453
2017-09-19,220775.2240846943,922.3372036854777,110.64229911578353,99077.66279631453
2017-09-20,222589.75779019317,922.3372036854777,110.64229911578353,99077.66279631453
2017-09-21,222878.53419088534,922.3372036854777,110.64229911578353,99077.66279631453
2017-09-22,223085.43529023186,922.3372036854777,110.64229911578353,99077.66279631453
2017-09-25,222741.33773998177,922.3372036854777,110.64229911578353,99077.66279631453
2017-09-26,222431.5393024576,922.3372036854777,110.64229911578353,99077.66279631453
2017-09-27,223025.68844870935,922.3372036854777,110.64229911578353,99077.66279631453
2017-09-28,223457.1934152609,922.3372036854777,110.64229911578353,99077.66279631453
2017-09-29,224102.23801910592,922.3372036854777,110.64229911578353,99077.66279631453
2017-10-09,226552.96494452053,922.3372036854777,110.64229911578353,99077.66279631453
2017-10-10,227382.7821878889,922.3372036854777,110.64229911578353,99077.66279631453
2017-10-11,227806.54219350236,922.3372036854777,110.64229911578353,99077.66279631453
2017-10-12,228526.8235607461,922.3372036854777,110.64229911578353,99077.66279631453
2017-10-13,228605.3795931183,922.3372036854777,110.64229911578353,99077.66279631453
2017-10-16,227947.0579133794,922.3372036854777,110.64229911578353,99077.66279631453
2017-10-17,227961.44141226448,922.3372036854777,110.64229911578353,99077.66279631453
2017-10-18,229595.62817020458,922.3372036854777,110.64229911578353,99077.66279631453
2017-10-19,229962.96060326896,922.3372036854777,110.64229911578353,99077.66279631453
2017-10-20,229623.28874498353,922.3372036854777,110.64229911578353,99077.66279631453
2017-10-23,229879.97887893213,922.3372036854777,110.64229911578353,99077.66279631453
2017-10-24,231225.38923618008,922.3372036854777,110.64229911578353,99077.66279631453
2017-10-25,232548.6711336048,922.3372036854777,110.64229911578353,99077.66279631453
2017-10-26,232462.37014029452,922.3372036854777,110.64229911578353,99077.66279631453
2017-10-27,233427.17098858414,922.3372036854777,110.64229911578353,99077.66279631453
2017-10-30,232928.17421957199,922.3372036854777,110.64229911578353,99077.66279631453
2017-10-31,231778.600731759,922.3372036854777,110.64229911578353,99077.66279631453
2017-11-01,230687.66766247735,922.3372036854777,110.64229911578353,99077.66279631453
2017-11-02,230463.0637952723,922.3372036854777,110.64229911578353,99077.66279631453
2017-11-03,229482.7730251065,922.3372036854777,110.64229911578353,99077.66279631453
2017-11-06,232462.37014029452,922.3372036854777,110.64229911578353,99077.66279631453
2017-11-07,233671.69046963003,922.3372036854777,110.64229911578353,99077.66279631453
2017-11-08,233319.84795844185,922.3372036854777,110.64229911578353,99077.66279631453
2017-11-09,235028.16505678956,922.3372036854777,110.64229911578353,99077.66279631453
2017-11-10,237297.43861165424,922.3372036854777,110.64229911578353,99077.66279631453
2017-11-13,239857.7014131935,922.3372036854777,110.64229911578353,99077.66279631453
2017-11-14,238130.57512399612,922.3372036854777,110.64229911578353,99077.66279631453
2017-11-15,236619.20131807454,922.3372036854777,110.64229911578353,99077.66279631453
2017-11-16,238175.93846663358,922.3372036854777,110.64229911578353,99077.66279631453
2017-11-17,238455.86348339653,922.3372036854777,110.64229911578353,99077.66279631453
2017-11-20,240779.351764828,922.3372036854777,110.64229911578353,99077.66279631453
2017-11-21,244043.2995887436,922.3372036854777,110.64229911578353,99077.66279631453
2017-11-22,243950.3600574863,922.3372036854777,110.64229911578353,99077.66279631453
2017-11-23,237535.3195547532,922.3372036854777,110.64229911578353,99077.66279631453
2017-11-24,236937.85113952795,922.3372036854777,110.64229911578353,99077.66279631453
2017-11-27,233868.63376205615,922.3372036854777,110.64229911578353,99077.66279631453
2017-11-28,234764.83638489398,922.3372036854777,110.64229911578353,99077.66279631453
2017-11-29,234633.17204894617,922.3372036854777,110.64229911578353,99077.66279631453
2017-11-30,233386.2333379113,922.3372036854777,110.64229911578353,99077.66279631453
2017-12-01,232533.1812117286,922.3372036854777,110.64229911578353,99077.66279631453
2017-12-04,233065.37067047553,922.3372036854777,110.64229911578353,99077.66279631453
2017-12-05,233586.49589931086,922.3372036854777,110.64229911578353,99077.66279631453
2017-12-06,232504.41421395855,922.3372036854777,110.64229911578353,99077.66279631453
2017-12-07,229581.24467131952,922.3372036854777,110.64229911578353,99077.66279631453
2017-12-08,230788.3521546727,922.3372036854777,110.64229911578353,99077.66279631453
2017-12-11,233948.29621741947,922.3372036854777,110.64229911578353,99077.66279631453
2017-12-12,231664.63916366972,922.3372036854777,110.64229911578353,99077.66279631453
2017-12-13,233876.3787229942,922.3372036854777,110.64229911578353,99077.66279631453
2017-12-14,233230.22769615808,922.3372036854777,110.64229911578353,99077.66279631453
2017-12-15,231000.78536897502,922.3372036854777,110.64229911578353,99077.66279631453
2017-12-18,231729.91812014804,922.3372036854777,110.64229911578353,99077.66279631453
2017-12-19,234201.66708239462,922.3372036854777,110.64229911578353,99077.66279631453
2017-12-20,234447.29298643168,922.3372036854777,110.64229911578353,99077.66279631453
2017-12-21,235991.85948208804,922.3372036854777,110.64229911578353,99077.66279631453
2017-12-22,236378.00110600208,922.3372036854777,110.64229911578353,99077.66279631453
2017-12-25,235974.15671422947,922.3372036854777,110.64229911578353,99077.66279631453
2017-12-26,236559.45447655197,922.3372036854777,110.64229911578353,99077.66279631453
2017-12-27,234400.82322080305,922.3372036854777,110.64229911578353,99077.66279631453
2017-12-28,236446.59933145388,922.3372036854777,110.64229911578353,99077.66279631453
2017-12-29,237439.06075452248,922.3372036854777,110.64229911578353,99077.66279631453
2018-01-02,240709.64711638502,922.3372036854777,110.64229911578353,99077.66279631453
2018-01-03,241653.42592784268,922.3372036854777,110.64229911578353,99077.66279631453
2018-01-04,242591.67262434447,922.3372036854777,110.64229911578353,99077.66279631453
2018-01-05,242818.48933753185,922.3372036854777,110.64229911578353,99077.66279631453
2018-01-08,244793.4543767486,922.3372036854777,110.64229911578353,99077.66279631453
2018-01-09,245110.9977752109,922.3372036854777,110.64229911578353,99077.66279631453
2018-01-10,246177.58953868705,922.3372036854777,110.64229911578353,99077.66279631453
2018-01-11,245051.25093368834,922.3372036854777,110.64229911578353,99077.66279631453
2018-01-12,246237.33638020957,922.3372036854777,110.64229911578353,99077.66279631453
2018-01-15,245521.48070493044,922.3372036854777,110.64229911578353,99077.66279631453
2018-01-16,247462.14663142132,922.3372036854777,110.64229911578353,99077.66279631453
2018-01-17,247032.85451085208,922.3372036854777,110.64229911578353,99077.66279631453
2018-01-18,249377.3648291155,922.3372036854777,110.64229911578353,99077.66279631453
2018-01-19,249879.68086710118,922.3372036854777,110.64229911578353,99077.66279631453
2018-01-22,252706.59160950943,922.3372036854777,110.64229911578353,99077.66279631453
2018-01-23,255371.96459520867,922.3372036854777,110.64229911578353,99077.66279631453
2018-01-24,255308.89848471264,922.3372036854777,110.64229911578353,99077.66279631453
2018-01-25,254712.5364924786,922.3372036854777,110.64229911578353,99077.66279631453
2018-01-26,255720.4878374234,922.3372036854777,110.64229911578353,99077.66279631453
2018-01-29,252934.51474568792,922.3372036854777,110.64229911578353,99077.66279631453
2018-01-30,250565.66312161903,922.3372036854777,110.64229911578353,99077.66279631453
2018-01-31,251138.79023103876,922.3372036854777,110.64229911578353,99077.66279631453
2018-02-01,249297.70237375214,922.3372036854777,110.64229911578353,99077.66279631453
2018-02-02,251620.08423219246,922.3372036854777,110.64229911578353,99077.66279631453
2018-02-05,253336.14629147822,922.3372036854777,110.64229911578353,99077.66279631453
2018-02-06,246792.7607217708,922.3372036854777,110.64229911578353,99077.66279631453
2018-02-07,242436.7734055824,922.3372036854777,110.64229911578353,99077.66279631453
2018-02-08,239107.5466251885,922.3372036854777,110.64229911578353,99077.66279631453
2018-02-09,230605.79236113167,922.3372036854777,110.64229911578353,99077.66279631453
2018-02-12,233222.48273521994,922.3372036854777,110.64229911578353,99077.66279631453
2018-02-13,235741.80788608635,922.3372036854777,110.64229911578353,99077.66279631453
2018-02-14,237232.15965517596,922.3372036854777,110.64229911578353,99077.66279631453
2018-02-22,242135.82635198746,922.3372036854777,110.64229911578353,99077.66279631453
2018-02-23,242518.64870692807,922.3372036854777,110.64229911578353,99077.66279631453
2018-02-26,245479.43663126646,922.3372036854777,110.64229911578353,99077.66279631453
2018-02-27,241391.20367893824,922.3372036854777,110.64229911578353,99077.66279631453
2018-02-28,239285.6807267649,922.3372036854777,110.64229911578353,99077.66279631453
2018-03-01,240627.77181503933,922.3372036854777,110.64229911578353,99077.66279631453
2018-03-02,239240.3173841274,922.3372036854777,110.64229911578353,99077.66279631453
2018-03-05,238435.94786955565,922.3372036854777,110.64229911578353,99077.66279631453
2018-03-06,241128.98143003383,922.3372036854777,110.64229911578353,99077.66279631453
2018-03-07,239926.2996386453,922.3372036854777,110.64229911578353,99077.66279631453
2018-03-08,242175.65757966915,922.3372036854777,110.64229911578353,99077.66279631453
2018-03-09,243228.9722672514,922.3372036854777,110.64229911578353,99077.66279631453
2018-03-12,244506.89082203872,922.3372036854777,110.64229911578353,99077.66279631453
2018-03-13,242883.7682940102,922.3372036854777,110.64229911578353,99077.66279631453
2018-03-14,242519.75512991927,922.3372036854777,110.64229911578353,99077.66279631453
2018-03-15,242741.03972815082,922.3372036854777,110.64229911578353,99077.66279631453
2018-03-16,240709.64711638502,922.3372036854777,110.64229911578353,99077.66279631453
2018-03-19,240564.70570454336,922.3372036854777,110.64229911578353,99077.66279631453
2018-03-20,241585.93412538205,922.3372036854777,110.64229911578353,99077.66279631453
2018-03-21,240570.2378194991,922.3372036854777,110.64229911578353,99077.66279631453
2018-03-22,238453.65063741422,922.3372036854777,110.64229911578353,99077.66279631453
2018-03-23,232164.74235567305,922.3372036854777,110.64229911578353,99077.66279631453
2018-03-26,230445.3610274138,922.3372036854777,110.64229911578353,99077.66279631453
2018-03-27,231427.86464356197,922.3372036854777,110.64229911578353,99077.66279631453
2018-03-28,227867.39545801602,922.3372036854777,110.64229911578353,99077.66279631453
2018-03-29,230773.96865578764,922.3372036854777,110.64229911578353,99077.66279631453
2018-03-30,231291.77461564954,922.3372036854777,110.64229911578353,99077.66279631453
2018-04-02,229883.29814790562,922.3372036854777,110.64229911578353,99077.66279631453
2018-04-03,228441.62899042695,922.3372036854777,110.64229911578353,99077.66279631453
2018-04-04,228688.36131745513,922.3372036854777,110.64229911578353,99077.66279631453
2018-04-09,228716.02189223407,922.3372036854777,110.64229911578353,99077.66279631453
2018-04-10,232663.73912468526,922.3372036854777,110.64229911578353,99077.66279631453
2018-04-11,233430.49025755763,922.3372036854777,110.64229911578353,99077.66279631453
2018-04-12,231492.03717704912,922.3372036854777,110.64229911578353,99077.66279631453
2018-04-13,229868.91464902056,922.3372036854777,110.64229911578353,99077.66279631453
2018-04-16,226320.61611637738,922.3372036854777,110.64229911578353,99077.66279631453
2018-04-17,223373.1052679329,737.8697629483821,110.73404931261477,99262.13023705162
2018-04-18,224117.23807931365,737.8697629483821,110.73404931261477,99262.13023705162
2018-04-19,226801.43143465146,737.8697629483821,110.73404931261477,99262.13023705162
2018-04-20,223663.22847713195,590.2958103587057,110.80735394443225,99409.7041896413
2018-04-23,223880.41089086302,590.2958103587057,110.80735394443225,99409.7041896413
2018-04-24,228382.5136816253,590.2958103587057,110.80735394443225,99409.7041896413
2018-04-25,227584.7007332254,590.2958103587057,110.80735394443225,99409.7041896413
2018-04-26,224229.45405578797,472.23664828696457,110.86584917156823,99527.76335171305
2018-04-27,224601.96330900444,472.23664828696457,110.86584917156823,99527.76335171305
2018-05-02,224965.6032942872,472.23664828696457,110.86584917156823,99527.76335171305
2018-05-03,226257.19043713593,472.23664828696457,110.86584917156823,99527.76335171305
2018-05-04,226045.43666521827,472.23664828696457,110.86584917156823,99527.76335171305
2018-05-07,229453.45286875224,472.23664828696457,110.86584917156823,99527.76335171305
2018-05-08,231378.0840103707,472.23664828696457,110.86584917156823,99527.76335171305
2018-05-09,231568.77327094576,472.23664828696457,110.86584917156823,99527.76335171305
2018-05-10,232978.98687240813,472.23664828696457,110.86584917156823,99527.76335171305
2018-05-11,231964.56435248826,472.23664828696457,110.86584917156823,99527.76335171305
2018-05-14,233637.53001648726,472.23664828696457,110.86584917156823,99527.76335171305
2018-05-15,234687.42960814197,472.23664828696457,110.86584917156823,99527.76335171305
2018-05-16,233827.11061857064,472.23664828696457,110.86584917156823,99527.76335171305
2018-05-17,232246.16360938406,472.23664828696457,110.86584917156823,99527.76335171305
2018-05-18,234191.8592623451,472.23664828696457,110.86584917156823,99527.76335171305
2018-05-21,235190.7605633809,472.23664828696457,110.86584917156823,99527.76335171305
2018-05-22,234838.20716301532,472.23664828696457,110.86584917156823,99527.76335171305
2018-05-23,232085.4081280853,472.23664828696457,110.86584917156823,99527.76335171305
2018-05-24,230723.9755002584,472.23664828696457,110.86584917156823,99527.76335171305
2018-05-25,230169.64625440058,472.23664828696457,110.86584917156823,99527.76335171305
2018-05-28,231547.7087596032,472.23664828696457,110.86584917156823,99527.76335171305
2018-05-29,230528.85160571648,472.23664828696457,110.86584917156823,99527.76335171305
2018-05-30,226788.23785466776,377.78931862957165,110.91211626425562,99622.21068137044
2018-05-31,231597.3872158859,377.78931862957165,110.91211626425562,99622.21068137044
2018-06-01,229572.13197290056,377.78931862957165,110.91211626425562,99622.21068137044
2018-06-04,231716.06318028868,377.78931862957165,110.91211626425562,99622.21068137044
2018-06-05,233511.73034260693,377.78931862957165,110.91211626425562,99622.21068137044
2018-06-06,233913.23220348358,377.78931862957165,110.91211626425562,99622.21068137044
2018-06-07,232982.67954802644,377.78931862957165,110.91211626425562,99622.21068137044
2018-06-08,230583.6504732306,377.78931862957165,110.91211626425562,99622.21068137044
2018-06-11,229650.8795754482,377.78931862957165,110.91211626425562,99622.21068137044
2018-06-12,232710.94486317903,377.78931862957165,110.91211626425562,99622.21068137044
2018-06-13,230763.3281015787,377.78931862957165,110.91211626425562,99622.21068137044
2018-06-14,230131.1290388724,377.78931862957165,110.91211626425562,99622.21068137044
2018-06-15,228748.05494905717,302.2314549036573,110.94881229621544,99697.76854509636
2018-06-19,220705.3755457045,302.2314549036573,110.94881229621544,99697.76854509636
2018-06-20,221352.20712139143,302.2314549036573,110.94881229621544,99697.76854509636
2018-06-21,219751.21575995706,302.2314549036573,110.94881229621544,99697.76854509636
2018-06-22,220441.31737243955,302.2314549036573,110.94881229621544,99697.76854509636
2018-06-25,218707.1874362497,302.2314549036573,110.94881229621544,99697.76854509636
2018-06-26,216600.26949074454,302.2314549036573,110.94881229621544,99697.76854509636
2018-06-27,213855.39587453616,302.2314549036573,110.94881229621544,99697.76854509636
2018-06-28,211129.38355641818,302.2314549036573,110.94881229621544,99697.76854509636
2018-06-29,215154.60646652486,302.2314549036573,110.94881229621544,99697.76854509636
2018-07-02,210266.20179675362,302.2314549036573,110.94881229621544,99697.76854509636
2018-07-03,210394.90241901722,302.2314549036573,110.94881229621544,99697.76854509636
2018-07-04,208737.32716331177,302.2314549036573,110.94881229621544,99697.76854509636
2018-07-05,206715.83980327472,302.2314549036573,110.94881229621544,99697.76854509636
2018-07-06,207373.76626019125,302.2314549036573,110.94881229621544,99697.76854509636
2018-07-09,212032.50688850935,302.2314549036573,110.94881229621544,99697.76854509636
2018-07-10,212871.27990946875,302.2314549036573,110.94881229621544,99697.76854509636
2018-07-11,209509.5308968934,302.2314549036573,110.94881229621544,99697.76854509636
2018-07-12,213414.9290897202,302.2314549036573,110.94881229621544,99697.76854509636
2018-07-13,214007.395747382,302.2314549036573,110.94881229621544,99697.76854509636
2018-07-16,212768.09751403326,302.2314549036573,110.94881229621544,99697.76854509636
2018-07-17,211301.3542154773,302.2314549036573,110.94881229621544,99697.76854509636
2018-07-18,211445.58767146236,302.2314549036573,110.94881229621544,99697.76854509636
2018-07-19,211068.36170965526,302.2314549036573,110.94881229621544,99697.76854509636
2018-07-20,214752.97176601258,302.2314549036573,110.94881229621544,99697.76854509636
2018-07-23,216657.96287313857,302.2314549036573,110.94881229621544,99697.76854509636
2018-07-24,219612.5297445868,302.2314549036573,110.94881229621544,99697.76854509636
2018-07-25,219604.76332772605,302.2314549036573,110.94881229621544,99697.76854509636
2018-07-26,218115.83026671087,302.2314549036573,110.94881229621544,99697.76854509636
2018-07-27,217261.52441203,302.2314549036573,110.94881229621544,99697.76854509636
2018-07-30,217233.78720895594,302.2314549036573,110.94881229621544,99697.76854509636
2018-07-31,217251.53901892333,302.2314549036573,110.94881229621544,99697.76854509636
2018-08-01,213787.71709903548,302.2314549036573,110.94881229621544,99697.76854509636
2018-08-02,209579.42864864002,302.2314549036573,110.94881229621544,99697.76854509636
2018-08-03,207368.21881957646,302.2314549036573,110.94881229621544,99697.76854509636
2018-08-06,204552.33796349852,302.2314549036573,110.94881229621544,99697.76854509636
2018-08-07,209680.3920678296,302.2314549036573,110.94881229621544,99697.76854509636
2018-08-08,207577.91207481633,302.2314549036573,110.94881229621544,99697.76854509636
2018-08-09,210917.47132493238,302.2314549036573,110.94881229621544,99697.76854509636
2018-08-10,210189.64711626922,302.2314549036573,110.94881229621544,99697.76854509636
2018-08-13,209115.66261324185,302.2314549036573,110.94881229621544,99697.76854509636
2018-08-14,208496.56824062899,302.2314549036573,110.94881229621544,99697.76854509636
2018-08-15,204310.46955269275,302.2314549036573,110.94881229621544,99697.76854509636
2018-08-16,202536.39804407628,302.2314549036573,110.94881229621544,99697.76854509636
2018-08-17,200395.08596675933,302.2314549036573,110.94881229621544,99697.76854509636
2018-08-20,202038.23787686627,302.2314549036573,110.94881229621544,99697.76854509636
2018-08-21,204840.80487546866,302.2314549036573,110.94881229621544,99697.76854509636
2018-08-22,203704.68903755542,302.2314549036573,110.94881229621544,99697.76854509636
2018-08-23,203740.1926574902,302.2314549036573,110.94881229621544,99697.76854509636
2018-08-24,204476.8927711371,302.2314549036573,110.94881229621544,99697.76854509636
2018-08-27,208448.8602513416,302.2314549036573,110.94881229621544,99697.76854509636
2018-08-28,208160.39333937145,302.2314549036573,110.94881229621544,99697.76854509636
2018-08-29,206784.62806689835,302.2314549036573,110.94881229621544,99697.76854509636
2018-08-30,205516.48314235263,302.2314549036573,110.94881229621544,99697.76854509636
2018-08-31,204478.00225926004,302.2314549036573,110.94881229621544,99697.76854509636
2018-09-03,204074.14858250183,302.2314549036573,110.94881229621544,99697.76854509636
2018-09-04,205888.16166354495,302.2314549036573,110.94881229621544,99697.76854509636
2018-09-05,202482.03312605113,302.2314549036573,110.94881229621544,99697.76854509636
2018-09-06,201011.96136312626,302.2314549036573,110.94881229621544,99697.76854509636
2018-09-07,202008.28169754628,302.2314549036573,110.94881229621544,99697.76854509636
2018-09-10,200189.8306640113,302.2314549036573,110.94881229621544,99697.76854509636
2018-09-11,199190.1818652224,302.2314549036573,110.94881229621544,99697.76854509636
2018-09-12,198455.70072782147,302.2314549036573,110.94881229621544,99697.76854509636
2018-09-13,200091.0862210677,302.2314549036573,110.94881229621544,99697.76854509636
2018-09-14,200573.71355455622,302.2314549036573,110.94881229621544,99697.76854509636
2018-09-17,198929.45215632633,302.2314549036573,110.94881229621544,99697.76854509636
2018-09-18,202164.71952288397,302.2314549036573,110.94881229621544,99697.76854509636
2018-09-19,204241.68128906912,302.2314549036573,110.94881229621544,99697.76854509636
2018-09-20,204129.62298864993,302.2314549036573,110.94881229621544,99697.76854509636
2018-09-21,209506.20243252453,302.2314549036573,110.94881229621544,99697.76854509636
2018-09-25,208342.34939153722,302.2314549036573,110.94881229621544,99697.76854509636
2018-09-26,210250.66896303213,302.2314549036573,110.94881229621544,99697.76854509636
2018-09-27,209893.4137874383,302.2314549036573,110.94881229621544,99697.76854509636
2018-09-28,211993.6748042057,302.2314549036573,110.94881229621544,99697.76854509636
2018-10-08,205084.89226252036,302.2314549036573,110.94881229621544,99697.76854509636
2018-10-09,204960.62959274856,302.2314549036573,110.94881229621544,99697.76854509636
2018-10-10,205608.5706565585,302.2314549036573,110.94881229621544,99697.76854509636
2018-10-11,196526.3008819903,302.2314549036573,110.94881229621544,99697.76854509636
2018-10-12,199182.4154483617,302.2314549036573,110.94881229621544,99697.76854509636
2018-10-15,195399.06094906075,302.2314549036573,110.94881229621544,99697.76854509636
2018-10-16,193505.16472316434,302.2314549036573,110.94881229621544,99697.76854509636
2018-10-17,194464.8719495266,302.2314549036573,110.94881229621544,99697.76854509636
2018-10-18,190733.66339200488,302.2314549036573,110.94881229621544,99697.76854509636
2018-10-19,195670.88553918648,302.2314549036573,110.94881229621544,99697.76854509636
2018-10-22,203057.8574618685,302.2314549036573,110.94881229621544,99697.76854509636
2018-10-23,198092.89811161286,302.2314549036573,110.94881229621544,99697.76854509636
2018-10-24,198123.9637790558,302.2314549036573,110.94881229621544,99697.76854509636
2018-10-25,198030.766776727,302.2314549036573,110.94881229621544,99697.76854509636
2018-10-26,197563.6722769599,302.2314549036573,110.94881229621544,99697.76854509636
2018-10-29,192617.5742247946,302.2314549036573,110.94881229621544,99697.76854509636
2018-10-30,194180.8429900483,302.2314549036573,110.94881229621544,99697.76854509636
2018-10-31,196494.1257264244,302.2314549036573,110.94881229621544,99697.76854509636
2018-11-01,196988.95742926552,302.2314549036573,110.94881229621544,99697.76854509636
2018-11-02,202219.08444090912,302.2314549036573,110.94881229621544,99697.76854509636
2018-11-05,201541.18719777922,302.2314549036573,110.94881229621544,99697.76854509636
2018-11-06,201098.5014367173,302.2314549036573,110.94881229621544,99697.76854509636
2018-11-07,200084.42929232994,302.2314549036573,110.94881229621544,99697.76854509636
2018-11-08,199833.68497654048,302.2314549036573,110.94881229621544,99697.76854509636
2018-11-09,197667.96416051834,302.2314549036573,110.94881229621544,99697.76854509636
2018-11-12,200113.27598352695,302.2314549036573,110.94881229621544,99697.76854509636
2018-11-13,201743.11403615834,302.2314549036573,110.94881229621544,99697.76854509636
2018-11-14,200307.43640504533,302.2314549036573,110.94881229621544,99697.76854509636
2018-11-15,202204.66109531058,302.2314549036573,110.94881229621544,99697.76854509636
2018-11-16,202921.39042274415,302.2314549036573,110.94881229621544,99697.76854509636
2018-11-19,204472.45481864523,302.2314549036573,110.94881229621544,99697.76854509636
2018-11-20,200493.83040970293,302.2314549036573,110.94881229621544,99697.76854509636
2018-11-21,201023.05624435592,302.2314549036573,110.94881229621544,99697.76854509636
2018-11-22,200700.19520057391,302.2314549036573,110.94881229621544,99697.76854509636
2018-11-23,195918.30139060703,302.2314549036573,110.94881229621544,99697.76854509636
2018-11-26,195794.03872083526,302.2314549036573,110.94881229621544,99697.76854509636
2018-11-27,195497.80539200437,302.2314549036573,110.94881229621544,99697.76854509636
2018-11-28,197282.97178185047,302.2314549036573,110.94881229621544,99697.76854509636
2018-11-29,195561.04621501322,302.2314549036573,110.94881229621544,99697.76854509636
2018-11-30,197238.592256932,302.2314549036573,110.94881229621544,99697.76854509636
2018-12-03,202061.53712744848,302.2314549036573,110.94881229621544,99697.76854509636
2018-12-04,203135.52163047585,302.2314549036573,110.94881229621544,99697.76854509636
2018-12-05,202495.3469835267,302.2314549036573,110.94881229621544,99697.76854509636
2018-12-06,199193.5103295913,302.2314549036573,110.94881229621544,99697.76854509636
2018-12-07,199268.95552195274,302.2314549036573,110.94881229621544,99697.76854509636
2018-12-10,197697.92033983834,302.2314549036573,110.94881229621544,99697.76854509636
2018-12-11,198175.00023271205,302.2314549036573,110.94881229621544,99697.76854509636
2018-12-12,198821.83180839897,302.2314549036573,110.94881229621544,99697.76854509636
2018-12-13,201228.3115471039,302.2314549036573,110.94881229621544,99697.76854509636
2018-12-14,198255.99286568828,302.2314549036573,110.94881229621544,99697.76854509636
2018-12-17,198662.06551869243,302.2314549036573,110.94881229621544,99697.76854509636
2018-12-18,197804.43119964268,302.2314549036573,110.94881229621544,99697.76854509636
2018-12-19,196496.3447026703,302.2314549036573,110.94881229621544,99697.76854509636
2018-12-20,196093.60051403506,302.2314549036573,110.94881229621544,99697.76854509636
2018-12-21,194960.8131404907,302.2314549036573,110.94881229621544,99697.76854509636
2018-12-24,196049.22098911655,302.2314549036573,110.94881229621544,99697.76854509636
2018-12-25,195018.5065228847,302.2314549036573,110.94881229621544,99697.76854509636
2018-12-26,195348.02449540448,302.2314549036573,110.94881229621544,99697.76854509636
2018-12-27,194789.95196955453,302.2314549036573,110.94881229621544,99697.76854509636
2018-12-28,195629.83447863685,302.2314549036573,110.94881229621544,99697.76854509636
2019-01-02,193051.3840808728,302.2314549036573,110.94881229621544,99697.76854509636
2019-01-03,191881.98359927072,302.2314549036573,110.94881229621544,99697.76854509636
2019-01-04,194890.91538874406,302.2314549036573,110.94881229621544,99697.76854509636
2019-01-07,196466.38852335032,302.2314549036573,110.94881229621544,99697.76854509636
2019-01-08,196574.00887127765,302.2314549036573,110.94881229621544,99697.76854509636
2019-01-09,198175.00023271205,302.2314549036573,110.94881229621544,99697.76854509636
2019-01-10,196968.98664305217,302.2314549036573,110.94881229621544,99697.76854509636
2019-01-11,197782.24143718346,302.2314549036573,110.94881229621544,99697.76854509636
2019-01-14,196706.03795791016,302.2314549036573,110.94881229621544,99697.76854509636
2019-01-15,199449.80208599556,302.2314549036573,110.94881229621544,99697.76854509636
2019-01-16,199473.1013365778,302.2314549036573,110.94881229621544,99697.76854509636
2019-01-17,199565.18885078363,302.2314549036573,110.94881229621544,99697.76854509636
2019-01-18,201821.88769288865,302.2314549036573,110.94881229621544,99697.76854509636
2019-01-21,202728.33948934873,302.2314549036573,110.94881229621544,99697.76854509636
2019-01-22,200703.5236649428,302.2314549036573,110.94881229621544,99697.76854509636
2019-01-23,201459.08507668003,302.2314549036573,110.94881229621544,99697.76854509636
2019-01-24,202269.01140644238,302.2314549036573,110.94881229621544,99697.76854509636
2019-01-25,203674.73285823545,302.2314549036573,110.94881229621544,99697.76854509636
2019-01-28,203603.7256183659,302.2314549036573,110.94881229621544,99697.76854509636
2019-01-29,204058.61574878034,302.2314549036573,110.94881229621544,99697.76854509636
2019-01-30,202649.56583261842,302.2314549036573,110.94881229621544,99697.76854509636
2019-01-31,203715.78391878505,302.2314549036573,110.94881229621544,99697.76854509636
2019-02-01,206320.8620315002,302.2314549036573,110.94881229621544,99697.76854509636
2019-02-11,209177.79394812774,302.2314549036573,110.94881229621544,99697.76854509636
2019-02-12,210926.3472299161,302.2314549036573,110.94881229621544,99697.76854509636
2019-02-13,213665.67340550965,302.2314549036573,110.94881229621544,99697.76854509636
2019-02-14,213890.89949447094,302.2314549036573,110.94881229621544,99697.76854509636
2019-02-15,210044.30417216118,302.2314549036573,110.94881229621544,99697.76854509636
2019-02-18,215613.9345494312,302.2314549036573,110.94881229621544,99697.76854509636
2019-02-19,214696.3878717415,302.2314549036573,110.94881229621544,99697.76854509636
2019-02-20,214873.90597141543,302.2314549036573,110.94881229621544,99697.76854509636
2019-02-21,214423.4537934928,302.2314549036573,110.94881229621544,99697.76854509636
2019-02-22,216700.12342181115,302.2314549036573,110.94881229621544,99697.76854509636
2019-02-25,226227.29793368716,302.2314549036573,110.94881229621544,99697.76854509636
2019-02-26,224451.00744882473,302.2314549036573,110.94881229621544,99697.76854509636
2019-02-27,223722.07375203862,302.2314549036573,110.94881229621544,99697.76854509636
2019-02-28,223482.42431747878,302.2314549036573,110.94881229621544,99697.76854509636
2019-03-01,227010.59654849843,302.2314549036573,110.94881229621544,99697.76854509636
2019-03-04,229774.33146279716,302.2314549036573,110.94881229621544,99697.76854509636
2019-03-05,231533.97962581515,302.2314549036573,110.94881229621544,99697.76854509636
2019-03-06,234187.87521594064,302.2314549036573,110.94881229621544,99697.76854509636
2019-03-07,232515.87661463665,302.2314549036573,110.94881229621544,99697.76854509636
2019-03-08,224528.6716174321,302.2314549036573,110.94881229621544,99697.76854509636
2019-03-11,229056.49264724067,302.2314549036573,110.94881229621544,99697.76854509636
2019-03-12,230836.11159647198,302.2314549036573,110.94881229621544,99697.76854509636
2019-03-13,228097.89490900133,302.2314549036573,110.94881229621544,99697.76854509636
2019-03-14,226216.20305245754,302.2314549036573,110.94881229621544,99697.76854509636
2019-03-15,229489.19301519587,302.2314549036573,110.94881229621544,99697.76854509636
2019-03-18,235626.88131142253,302.2314549036573,110.94881229621544,99697.76854509636
2019-03-19,235403.87419870717,302.2314549036573,110.94881229621544,99697.76854509636
2019-03-20,236054.03423876295,302.2314549036573,110.94881229621544,99697.76854509636
2019-03-21,236666.47168263805,302.2314549036573,110.94881229621544,99697.76854509636
2019-03-22,238274.11997281024,302.2314549036573,110.94881229621544,99697.76854509636
2019-03-25,235075.46571431035,302.2314549036573,110.94881229621544,99697.76854509636
2019-03-26,231855.7311814742,302.2314549036573,110.94881229621544,99697.76854509636
2019-03-27,235206.38531281988,302.2314549036573,110.94881229621544,99697.76854509636
2019-03-28,232550.27074644848,302.2314549036573,110.94881229621544,99697.76854509636
2019-03-29,238744.54293694618,302.2314549036573,110.94881229621544,99697.76854509636
2019-04-01,245237.2674325207,302.2314549036573,110.94881229621544,99697.76854509636
2019-04-02,245981.7339630283,302.2314549036573,110.94881229621544,99697.76854509636
2019-04-03,248074.22856293494,302.2314549036573,110.94881229621544,99697.76854509636
2019-04-04,251450.40092110875,302.2314549036573,110.94881229621544,99697.76854509636
2019-04-08,252644.21014141606,302.2314549036573,110.94881229621544,99697.76854509636
2019-04-09,252270.31264397784,302.2314549036573,110.94881229621544,99697.76854509636
2019-04-10,254107.62497560316,302.2314549036573,110.94881229621544,99697.76854509636
2019-04-11,249576.4754814257,302.2314549036573,110.94881229621544,99697.76854509636
2019-04-12,248616.76825506342,302.2314549036573,110.94881229621544,99697.76854509636
2019-04-15,246858.2295801684,302.2314549036573,110.94881229621544,99697.76854509636
2019-04-16,251074.2844474246,302.2314549036573,110.94881229621544,99697.76854509636
2019-04-17,253151.24621360973,302.2314549036573,110.94881229621544,99697.76854509636
2019-04-18,250737.00005804413,302.2314549036573,110.94881229621544,99697.76854509636
2019-04-19,252412.32712371697,302.2314549036573,110.94881229621544,99697.76854509636
2019-04-22,248129.70296908307,302.2314549036573,110.94881229621544,99697.76854509636
2019-04-23,245936.24494998687,302.2314549036573,110.94881229621544,99697.76854509636
2019-04-24,247266.52120941848,302.2314549036573,110.94881229621544,99697.76854509636
2019-04-25,240737.1836057862,302.2314549036573,110.94881229621544,99697.76854509636
2019-04-26,237687.20075576328,302.2314549036573,110.94881229621544,99697.76854509636
2019-04-29,237965.68227462674,302.2314549036573,110.94881229621544,99697.76854509636
2019-04-30,240396.57075203685,302.2314549036573,110.94881229621544,99697.76854509636
2019-05-06,228310.91662861008,302.2314549036573,110.94881229621544,99697.76854509636
2019-05-07,231077.98000727769,302.2314549036573,110.94881229621544,99697.76854509636
2019-05-08,227768.3769364816,302.2314549036573,110.94881229621544,99697.76854509636
2019-05-09,224747.24077765565,302.2314549036573,110.94881229621544,99697.76854509636
2019-05-10,231758.09622665352,302.2314549036573,110.94881229621544,99697.76854509636
2019-05-13,229554.65281445064,302.2314549036573,110.94881229621544,99697.76854509636
2019-05-14,228244.34734123235,302.2314549036573,110.94881229621544,99697.76854509636
2019-05-15,233174.9125596762,302.2314549036573,110.94881229621544,99697.76854509636
2019-05-16,234572.86759460848,302.2314549036573,110.94881229621544,99697.76854509636
2019-05-17,228401.894654693,302.2314549036573,110.94881229621544,99697.76854509636
2019-05-20,225706.9480040179,302.2314549036573,110.94881229621544,99697.76854509636
2019-05-21,229186.3027576272,302.2314549036573,110.94881229621544,99697.76854509636
2019-05-22,227701.80764910387,302.2314549036573,110.94881229621544,99697.76854509636
2019-05-23,224316.75938594632,302.2314549036573,110.94881229621544,99697.76854509636
2019-05-24,224527.56212930914,302.2314549036573,110.94881229621544,99697.76854509636
2019-05-27,227309.04885357525,302.2314549036573,110.94881229621544,99697.76854509636
2019-05-28,229029.86493228955,302.2314549036573,110.94881229621544,99697.76854509636
2019-05-29,228181.1065182235,302.2314549036573,110.94881229621544,99697.76854509636
2019-05-30,227809.4279970312,302.2314549036573,110.94881229621544,99697.76854509636
2019-05-31,226855.26821128375,302.2314549036573,110.94881229621544,99697.76854509636
2019-06-03,226829.74998445562,302.2314549036573,110.94881229621544,99697.76854509636
2019-06-04,225326.3935778419,302.2314549036573,110.94881229621544,99697.76854509636
2019-06-05,224581.9270473343,302.2314549036573,110.94881229621544,99697.76854509636
2019-06-06,222579.3009853876,302.2314549036573,110.94881229621544,99697.76854509636
2019-06-10,224670.68609717124,302.2314549036573,110.94881229621544,99697.76854509636
2019-06-11,230653.0460561832,302.2314549036573,110.94881229621544,99697.76854509636
2019-06-12,228560.55145627656,302.2314549036573,110.94881229621544,99697.76854509636
2019-06-13,227688.4937916283,302.2314549036573,110.94881229621544,99697.76854509636
2019-06-14,225592.6707273528,302.2314549036573,110.94881229621544,99697.76854509636
2019-06-17,226217.31254058052,302.2314549036573,110.94881229621544,99697.76854509636
2019-06-18,226420.34886708256,302.2314549036573,110.94881229621544,99697.76854509636
2019-06-19,228319.79253359378,302.2314549036573,110.94881229621544,99697.76854509636
2019-06-20,232503.67224528405,302.2314549036573,110.94881229621544,99697.76854509636
2019-06-21,232742.21219172093,302.2314549036573,110.94881229621544,99697.76854509636
2019-06-24,233275.87597886572,302.2314549036573,110.94881229621544,99697.76854509636
2019-06-25,231367.55640737084,302.2314549036573,110.94881229621544,99697.76854509636
2019-06-26,230937.0750156615,302.2314549036573,110.94881229621544,99697.76854509636
2019-06-27,231603.8773775618,302.2314549036573,110.94881229621544,99697.76854509636
2019-06-28,230688.549676118,302.2314549036573,110.94881229621544,99697.76854509636
2019-07-01,235061.04236871185,302.2314549036573,110.94881229621544,99697.76854509636
2019-07-02,235423.84498492046,302.2314549036573,110.94881229621544,99697.76854509636
2019-07-03,234674.940501921,302.2314549036573,110.94881229621544,99697.76854509636
2019-07-04,234029.21841435702,302.2314549036573,110.94881229621544,99697.76854509636
2019-07-05,234806.9695885535,302.2314549036573,110.94881229621544,99697.76854509636
2019-07-08,229182.97429325833,302.2314549036573,110.94881229621544,99697.76854509636
2019-07-09,228893.3978931652,302.2314549036573,110.94881229621544,99697.76854509636
2019-07-10,227461.04872642108,302.2314549036573,110.94881229621544,99697.76854509636
2019-07-11,227461.04872642108,302.2314549036573,110.94881229621544,99697.76854509636
2019-07-12,228310.91662861008,302.2314549036573,110.94881229621544,99697.76854509636
2019-07-15,228653.7484586054,302.2314549036573,110.94881229621544,99697.76854509636
2019-07-16,228196.639351945,302.2314549036573,110.94881229621544,99697.76854509636
2019-07-17,227520.96108506105,302.2314549036573,110.94881229621544,99697.76854509636
2019-07-18,225259.82429046417,302.2314549036573,110.94881229621544,99697.76854509636
2019-07-19,226782.04199516823,302.2314549036573,110.94881229621544,99697.76854509636
2019-07-22,225206.56886056197,302.2314549036573,110.94881229621544,99697.76854509636
2019-07-23,226144.086324465,302.2314549036573,110.94881229621544,99697.76854509636
2019-07-24,228134.50801705907,302.2314549036573,110.94881229621544,99697.76854509636
2019-07-25,228870.098642583,302.2314549036573,110.94881229621544,99697.76854509636
2019-07-26,229137.4852802169,302.2314549036573,110.94881229621544,99697.76854509636
2019-07-29,229614.5651730906,302.2314549036573,110.94881229621544,99697.76854509636
2019-07-30,230620.8709006173,302.2314549036573,110.94881229621544,99697.76854509636
2019-07-31,229298.3610580464,302.2314549036573,110.94881229621544,99697.76854509636
2019-08-01,227790.56669894082,302.2314549036573,110.94881229621544,99697.76854509636
2019-08-02,224715.06562208975,302.2314549036573,110.94881229621544,99697.76854509636
2019-08-05,221443.18514747435,302.2314549036573,110.94881229621544,99697.76854509636
2019-08-06,218241.20242460558,302.2314549036573,110.94881229621544,99697.76854509636
2019-08-07,217974.92527509466,302.2314549036573,110.94881229621544,99697.76854509636
2019-08-08,220143.97455548568,302.2314549036573,110.94881229621544,99697.76854509636
2019-08-09,218601.78606456827,302.2314549036573,110.94881229621544,99697.76854509636
2019-08-12,220896.207502854,302.2314549036573,110.94881229621544,99697.76854509636
2019-08-13,219782.2814274,302.2314549036573,110.94881229621544,99697.76854509636
2019-08-14,220429.11300308694,302.2314549036573,110.94881229621544,99697.76854509636
2019-08-15,220829.6382154763,302.2314549036573,110.94881229621544,99697.76854509636
2019-08-16,221324.4699183174,302.2314549036573,110.94881229621544,99697.76854509636
2019-08-19,224936.9632466822,302.2314549036573,110.94881229621544,99697.76854509636
2019-08-20,224418.83229325883,302.2314549036573,110.94881229621544,99697.76854509636
2019-08-21,223838.57000494964,302.2314549036573,110.94881229621544,99697.76854509636
2019-08-22,224232.4382886012,302.2314549036573,110.94881229621544,99697.76854509636
2019-08-23,225493.9262844092,302.2314549036573,110.94881229621544,99697.76854509636
2019-08-26,223933.9859835244,302.2314549036573,110.94881229621544,99697.76854509636
2019-08-27,227051.64760904806,302.2314549036573,110.94881229621544,99697.76854509636
2019-08-28,226517.98382190324,302.2314549036573,110.94881229621544,99697.76854509636
2019-08-29,225721.3713496164,302.2314549036573,110.94881229621544,99697.76854509636
2019-08-30,225043.47410648657,302.2314549036573,110.94881229621544,99697.76854509636
2019-09-02,227073.83737150728,302.2314549036573,110.94881229621544,99697.76854509636
2019-09-03,226746.53837523345,302.2314549036573,110.94881229621544,99697.76854509636
2019-09-04,228497.31063326774,302.2314549036573,110.94881229621544,99697.76854509636
2019-09-05,229979.58676554516,302.2314549036573,110.94881229621544,99697.76854509636
2019-09-06,231191.14779581982,302.2314549036573,110.94881229621544,99697.76854509636
2019-09-09,232247.3804888798,302.2314549036573,110.94881229621544,99697.76854509636
2019-09-10,231928.95739758966,302.2314549036573,110.94881229621544,99697.76854509636
2019-09-11,231697.07437989058,302.2314549036573,110.94881229621544,99697.76854509636
2019-09-12,232586.88385450622,302.2314549036573,110.94881229621544,99697.76854509636
2019-09-16,232883.11718333713,302.2314549036573,110.94881229621544,99697.76854509636
2019-09-17,229514.711242024,302.2314549036573,110.94881229621544,99697.76854509636
2019-09-18,229788.7548083957,302.2314549036573,110.94881229621544,99697.76854509636
2019-09-19,230489.95130210774,302.2314549036573,110.94881229621544,99697.76854509636
2019-09-20,230849.4254539475,302.2314549036573,110.94881229621544,99697.76854509636
2019-09-23,228429.63185776706,302.2314549036573,110.94881229621544,99697.76854509636
2019-09-24,228142.27443391984,302.2314549036573,110.94881229621544,99697.76854509636
2019-09-25,226175.15199190794,302.2314549036573,110.94881229621544,99697.76854509636
2019-09-26,225166.62728813535,302.2314549036573,110.94881229621544,99697.76854509636
2019-09-27,224781.63490946748,302.2314549036573,110.94881229621544,99697.76854509636
2019-09-30,223736.49709763713,302.2314549036573,110.94881229621544,99697.76854509636
2019-10-08,224738.36487267195,302.2314549036573,110.94881229621544,99697.76854509636
2019-10-09,225529.42990434397,302.2314549036573,110.94881229621544,99697.76854509636
2019-10-10,226795.35585264378,302.2314549036573,110.94881229621544,99697.76854509636
2019-10-11,228814.6242364349,302.2314549036573,110.94881229621544,99697.76854509636
2019-10-14,231525.10372083148,302.2314549036573,110.94881229621544,99697.76854509636
2019-10-15,230457.77614654184,302.2314549036573,110.94881229621544,99697.76854509636
2019-10-16,230042.827588554,302.2314549036573,110.94881229621544,99697.76854509636
2019-10-17,229544.66742134397,302.2314549036573,110.94881229621544,99697.76854509636
2019-10-18,227574.21651496322,302.2314549036573,110.94881229621544,99697.76854509636
2019-10-21,228055.73436032882,302.2314549036573,110.94881229621544,99697.76854509636
2019-10-22,228574.97480187507,302.2314549036573,110.94881229621544,99697.76854509636
2019-10-23,227848.26008133485,302.2314549036573,110.94881229621544,99697.76854509636
2019-10-24,228051.29640783693,302.2314549036573,110.94881229621544,99697.76854509636
2019-10-25,228851.23734449263,302.2314549036573,110.94881229621544,99697.76854509636
2019-10-28,229754.36067658386,302.2314549036573,110.94881229621544,99697.76854509636
2019-10-29,229475.87915772034,302.2314549036573,110.94881229621544,99697.76854509636
2019-10-30,228184.43498259241,302.2314549036573,110.94881229621544,99697.76854509636
2019-10-31,227655.20914793946,302.2314549036573,110.94881229621544,99697.76854509636
2019-11-01,230282.47702311384,302.2314549036573,110.94881229621544,99697.76854509636
2019-11-04,231509.57088710996,302.2314549036573,110.94881229621544,99697.76854509636
2019-11-05,233118.32866540508,302.2314549036573,110.94881229621544,99697.76854509636
2019-11-06,232540.2853533418,302.2314549036573,110.94881229621544,99697.76854509636
2019-11-07,233150.50382097097,302.2314549036573,110.94881229621544,99697.76854509636
2019-11-08,232428.22705292265,302.2314549036573,110.94881229621544,99697.76854509636
2019-11-11,227931.47169055702,302.2314549036573,110.94881229621544,99697.76854509636
2019-11-12,228226.595531265,302.2314549036573,110.94881229621544,99697.76854509636
2019-11-13,227405.57432027298,302.2314549036573,110.94881229621544,99697.76854509636
2019-11-14,227230.27519684494,302.2314549036573,110.94881229621544,99697.76854509636
2019-11-15,225921.0792117496,302.2314549036573,110.94881229621544,99697.76854509636
2019-11-18,227689.6032797513,302.2314549036573,110.94881229621544,99697.76854509636
2019-11-19,229418.1857753263,302.2314549036573,110.94881229621544,99697.76854509636
2019-11-20,227650.77119544763,302.2314549036573,110.94881229621544,99697.76854509636
2019-11-21,227111.559967688,302.2314549036573,110.94881229621544,99697.76854509636
2019-11-22,226494.68457132104,302.2314549036573,110.94881229621544,99697.76854509636
2019-11-25,229177.42685264352,302.2314549036573,110.94881229621544,99697.76854509636
2019-11-26,229528.0250994996,302.2314549036573,110.94881229621544,99697.76854509636
2019-11-27,228450.71213210333,302.2314549036573,110.94881229621544,99697.76854509636
2019-11-28,227702.91713722682,302.2314549036573,110.94881229621544,99697.76854509636
2019-11-29,227442.1874283307,302.2314549036573,110.94881229621544,99697.76854509636
2019-12-02,227535.38443065956,302.2314549036573,110.94881229621544,99697.76854509636
2019-12-03,227856.0264981956,302.2314549036573,110.94881229621544,99697.76854509636
2019-12-04,227372.2896765841,302.2314549036573,110.94881229621544,99697.76854509636
2019-12-05,228255.44222246198,302.2314549036573,110.94881229621544,99697.76854509636
2019-12-06,228968.84308552666,302.2314549036573,110.94881229621544,99697.76854509636
2019-12-09,229830.91535706827,302.2314549036573,110.94881229621544,99697.76854509636
2019-12-10,229605.68926810691,302.2314549036573,110.94881229621544,99697.76854509636
2019-12-11,229944.0831456104,302.2314549036573,110.94881229621544,99697.76854509636
2019-12-12,230002.88601612736,302.2314549036573,110.94881229621544,99697.76854509636
2019-12-13,233101.6863435607,302.2314549036573,110.94881229621544,99697.76854509636
2019-12-16,234511.84574784554,302.2314549036573,110.94881229621544,99697.76854509636
2019-12-17,236345.829615102,302.2314549036573,110.94881229621544,99697.76854509636
2019-12-18,235490.4142722982,302.2314549036573,110.94881229621544,99697.76854509636
2019-12-19,236204.92462348583,302.2314549036573,110.94881229621544,99697.76854509636
2019-12-20,235295.14436265687,302.2314549036573,110.94881229621544,99697.76854509636
2019-12-23,232777.71581165574,302.2314549036573,110.94881229621544,99697.76854509636
2019-12-24,234137.94825040732,302.2314549036573,110.94881229621544,99697.76854509636
2019-12-25,233772.92665795278,302.2314549036573,110.94881229621544,99697.76854509636
2019-12-26,235352.8377450509,302.2314549036573,110.94881229621544,99697.76854509636
2019-12-27,235492.6332485441,302.2314549036573,110.94881229621544,99697.76854509636
2019-12-30,237684.98177951734,302.2314549036573,110.94881229621544,99697.76854509636
2019-12-31,239279.31621221395,302.2314549036573,110.94881229621544,99697.76854509636
2020-01-02,242298.23339479396,302.2314549036573,110.94881229621544,99697.76854509636
2020-01-03,242745.3571083477,302.2314549036573,110.94881229621544,99697.76854509636
2020-01-06,241599.25587732779,302.2314549036573,110.94881229621544,99697.76854509636
2020-01-07,243472.0718288879,302.2314549036573,110.94881229621544,99697.76854509636
2020-01-08,240723.86974831068,302.2314549036573,110.94881229621544,99697.76854509636
2020-01-09,242815.2548600943,302.2314549036573,110.94881229621544,99697.76854509636
2020-01-10,242734.26222711807,302.2314549036573,110.94881229621544,99697.76854509636
2020-01-13,243862.6116481706,302.2314549036573,110.94881229621544,99697.76854509636
2020-01-14,243821.560587621,302.2314549036573,110.94881229621544,99697.76854509636
2020-01-15,242592.24774737895,302.2314549036573,110.94881229621544,99697.76854509636
2020-01-16,241234.23428487327,302.2314549036573,110.94881229621544,99697.76854509636
2020-01-17,240926.90607481275,302.2314549036573,110.94881229621544,99697.76854509636
2020-01-20,241893.27022991277,302.2314549036573,110.94881229621544,99697.76854509636
2020-01-21,239299.28699842724,302.2314549036573,110.94881229621544,99697.76854509636
2020-01-22,238578.11971850184,302.2314549036573,110.94881229621544,99697.76854509636
2020-01-23,232371.64315865154,302.2314549036573,110.94881229621544,99697.76854509636
2020-02-03,214112.79711906338,241.78516392292585,110.98017858614219,99758.2148360771
2020-02-04,219145.74821794496,241.78516392292585,110.98017858614219,99758.2148360771
2020-02-05,222080.06413976257,241.78516392292585,110.98017858614219,99758.2148360771
2020-02-06,225029.9172865822,241.78516392292585,110.98017858614219,99758.2148360771
2020-02-07,224042.19369716555,241.78516392292585,110.98017858614219,99758.2148360771
2020-02-10,225633.64945809083,241.78516392292585,110.98017858614219,99758.2148360771
2020-02-11,226462.67139212933,241.78516392292585,110.98017858614219,99758.2148360771
2020-02-12,227771.12769765992,241.78516392292585,110.98017858614219,99758.2148360771
2020-02-13,226195.2091617367,241.78516392292585,110.98017858614219,99758.2148360771
2020-02-14,226842.2236028939,241.78516392292585,110.98017858614219,99758.2148360771
2020-02-17,231864.07668391685,241.78516392292585,110.98017858614219,99758.2148360771
2020-02-18,231486.74407672396,241.78516392292585,110.98017858614219,99758.2148360771
2020-02-19,230511.22830695176,241.78516392292585,110.98017858614219,99758.2148360771
2020-02-20,233872.817916326,241.78516392292585,110.98017858614219,99758.2148360771
2020-02-21,234343.37387353127,241.78516392292585,110.98017858614219,99758.2148360771
2020-02-24,233203.6074394516,241.78516392292585,110.98017858614219,99758.2148360771
2020-02-25,231586.62623745148,241.78516392292585,110.98017858614219,99758.2148360771
2020-02-26,229933.02157651796,193.4281311383407,111.00354330922936,99806.57186886168
2020-02-27,231240.6433167007,193.4281311383407,111.00354330922936,99806.57186886168
2020-02-28,224084.24487955467,154.74250491067255,111.02272337944738,99845.25749508935
2020-03-02,231008.73213673083,154.74250491067255,111.02272337944738,99845.25749508935
2020-03-03,231443.94121237827,154.74250491067255,111.02272337944738,99845.25749508935
2020-03-04,232484.22413044368,154.74250491067255,111.02272337944738,99845.25749508935
2020-03-05,236371.1296759581,154.74250491067255,111.02272337944738,99845.25749508935
2020-03-06,234635.8445095374,154.74250491067255,111.02272337944738,99845.25749508935
2020-03-09,228550.68904110984,123.79400392853805,111.03776737175836,99876.20599607148
2020-03-10,231158.96619667247,123.79400392853805,111.03776737175836,99876.20599607148
2020-03-11,228908.2306520469,123.79400392853805,111.03776737175836,99876.20599607148
2020-03-12,224935.2993354854,123.79400392853805,111.03776737175836,99876.20599607148
2020-03-13,221566.41347342625,123.79400392853805,111.03776737175836,99876.20599607148
2020-03-16,215397.15511825136,123.79400392853805,111.03776737175836,99876.20599607148
2020-03-17,214790.88890840154,123.79400392853805,111.03776737175836,99876.20599607148
2020-03-18,211414.23040262636,123.79400392853805,111.03776737175836,99876.20599607148
2020-03-19,208513.92391887604,123.79400392853805,111.03776737175836,99876.20599607148
2020-03-20,211505.28137187124,123.79400392853805,111.03776737175836,99876.20599607148
2020-03-23,205872.33543310192,123.79400392853805,111.03776737175836,99876.20599607148
2020-03-24,210964.52744477076,123.79400392853805,111.03776737175836,99876.20599607148
2020-03-25,215155.09278538093,123.79400392853805,111.03776737175836,99876.20599607148
2020-03-26,213767.12069323394,123.79400392853805,111.03776737175836,99876.20599607148
2020-03-27,215118.45032214824,123.79400392853805,111.03776737175836,99876.20599607148
2020-03-30,213781.55560299227,123.79400392853805,111.03776737175836,99876.20599607148
2020-03-31,213739.361251391,123.79400392853805,111.03776737175836,99876.20599607148
2020-04-01,212364.71369132865,123.79400392853805,111.03776737175836,99876.20599607148
2020-04-02,213991.4169833249,123.79400392853805,111.03776737175836,99876.20599607148
2020-04-03,213159.74410571042,123.79400392853805,111.03776737175836,99876.20599607148
2020-04-07,217401.3868193116,123.79400392853805,111.03776737175836,99876.20599607148
2020-04-08,217097.14333671296,123.79400392853805,111.03776737175836,99876.20599607148
2020-04-09,218347.42859731897,123.79400392853805,111.03776737175836,99876.20599607148
2020-04-10,216749.59512483937,123.79400392853805,111.03776737175836,99876.20599607148
2020-04-13,216939.4697070451,123.79400392853805,111.03776737175836,99876.20599607148
2020-04-14,219165.77694284884,123.79400392853805,111.03776737175836,99876.20599607148
2020-04-15,218020.977561246,123.79400392853805,111.03776737175836,99876.20599607148
2020-04-16,218385.18143822538,123.79400392853805,111.03776737175836,99876.20599607148
2020-04-17,218549.5173339356,123.79400392853805,111.03776737175836,99876.20599607148
2020-04-20,219149.12127774308,123.79400392853805,111.03776737175836,99876.20599607148
2020-04-21,216888.39233405408,123.79400392853805,111.03776737175836,99876.20599607148
2020-04-22,218241.94271831578,123.79400392853805,111.03776737175836,99876.20599607148
2020-04-23,217772.25296233327,123.79400392853805,111.03776737175836,99876.20599607148
2020-04-24,216335.42425254273,123.79400392853805,111.03776737175836,99876.20599607148
2020-04-27,217522.4179857468,123.79400392853805,111.03776737175836,99876.20599607148
2020-04-28,216146.66004801073,123.79400392853805,111.03776737175836,99876.20599607148
2020-04-29,218456.24560934328,123.79400392853805,111.03776737175836,99876.20599607148
2020-04-30,220210.64233381706,123.79400392853805,111.03776737175836,99876.20599607148
2020-05-06,220679.2217121259,123.79400392853805,111.03776737175836,99876.20599607148
2020-05-07,220424.94522484456,123.79400392853805,111.03776737175836,99876.20599607148
2020-05-08,222380.32030826126,123.79400392853805,111.03776737175836,99876.20599607148
2020-05-11,222184.89383768692,123.79400392853805,111.03776737175836,99876.20599607148
2020-05-12,221295.48132103914,123.79400392853805,111.03776737175836,99876.20599607148
2020-05-13,222330.35331294395,123.79400392853805,111.03776737175836,99876.20599607148
2020-05-14,219807.5752382576,123.79400392853805,111.03776737175836,99876.20599607148
2020-05-15,219414.5015417616,123.79400392853805,111.03776737175836,99876.20599607148
2020-05-18,220075.17625762353,123.79400392853805,111.03776737175836,99876.20599607148
2020-05-19,221384.31153493657,123.79400392853805,111.03776737175836,99876.20599607148
2020-05-20,220270.60272819785,123.79400392853805,111.03776737175836,99876.20599607148
2020-05-21,219008.10331318094,123.79400392853805,111.03776737175836,99876.20599607148
2020-05-22,215185.0729825713,123.79400392853805,111.03776737175836,99876.20599607148
2020-05-25,216244.37328329787,123.79400392853805,111.03776737175836,99876.20599607148
2020-05-26,218215.29365414658,123.79400392853805,111.03776737175836,99876.20599607148
2020-05-27,218551.73808928303,123.79400392853805,111.03776737175836,99876.20599607148
2020-05-28,218859.31270490278,123.79400392853805,111.03776737175836,99876.20599607148
2020-05-29,218615.02961668491,123.79400392853805,111.03776737175836,99876.20599607148
2020-06-01,222546.87695931888,123.79400392853805,111.03776737175836,99876.20599607148
2020-06-02,222790.04966986302,123.79400392853805,111.03776737175836,99876.20599607148
2020-06-03,222486.91656493812,123.79400392853805,111.03776737175836,99876.20599607148
2020-06-04,222443.61183566315,123.79400392853805,111.03776737175836,99876.20599607148
2020-06-05,221923.95508436332,123.79400392853805,111.03776737175836,99876.20599607148
2020-06-08,222929.95725675143,123.79400392853805,111.03776737175836,99876.20599607148
2020-06-09,224460.05769113425,123.79400392853805,111.03776737175836,99876.20599607148
2020-06-10,223647.261233973,123.79400392853805,111.03776737175836,99876.20599607148
2020-06-11,221473.14174883396,123.79400392853805,111.03776737175836,99876.20599607148
2020-06-12,221144.46995741356,123.79400392853805,111.03776737175836,99876.20599607148
2020-06-15,219276.8147102206,123.79400392853805,111.03776737175836,99876.20599607148
2020-06-16,221526.43987717244,123.79400392853805,111.03776737175836,99876.20599607148
2020-06-17,222028.33058569278,123.79400392853805,111.03776737175836,99876.20599607148
2020-06-18,223120.94221663085,123.79400392853805,111.03776737175836,99876.20599607148
2020-06-19,224070.31512765939,123.79400392853805,111.03776737175836,99876.20599607148
2020-06-22,223097.6242854828,123.79400392853805,111.03776737175836,99876.20599607148
2020-06-23,222787.8289145156,123.79400392853805,111.03776737175836,99876.20599607148
2020-06-24,223200.88940913853,123.79400392853805,111.03776737175836,99876.20599607148
2020-06-29,221991.6881224601,123.79400392853805,111.03776737175836,99876.20599607148
2020-06-30,223092.0723971142,123.79400392853805,111.03776737175836,99876.20599607148
2020-07-01,227032.80276113792,123.79400392853805,111.03776737175836,99876.20599607148
2020-07-02,231831.8550669453,123.79400392853805,111.03776737175836,99876.20599607148
2020-07-03,236290.02142692142,123.79400392853805,111.03776737175836,99876.20599607148
2020-07-06,250188.61876884443,123.79400392853805,111.03776737175836,99876.20599607148
2020-07-07,249490.19121207605,123.79400392853805,111.03776737175836,99876.20599607148
2020-07-08,252427.14015905905,123.79400392853805,111.03776737175836,99876.20599607148
2020-07-09,255008.76825045244,123.79400392853805,111.03776737175836,99876.20599607148
2020-07-10,249175.95433041395,123.79400392853805,111.03776737175836,99876.20599607148
2020-07-13,253961.68210413677,123.79400392853805,111.03776737175836,99876.20599607148
2020-07-14,252217.27877872644,123.79400392853805,111.03776737175836,99876.20599607148
2020-07-15,247724.6907108651,123.79400392853805,111.03776737175836,99876.20599607148
2020-07-16,239357.9949394031,123.79400392853805,111.03776737175836,99876.20599607148
2020-07-17,239667.79031037033,123.79400392853805,111.03776737175836,99876.20599607148
2020-07-20,248057.80401298037,123.79400392853805,111.03776737175836,99876.20599607148
2020-07-21,247589.22463467153,123.79400392853805,111.03776737175836,99876.20599607148
2020-07-22,247735.79448760225,123.79400392853805,111.03776737175836,99876.20599607148
2020-07-23,245385.12495234213,123.79400392853805,111.03776737175836,99876.20599607148
2020-07-24,236494.33091888542,123.79400392853805,111.03776737175836,99876.20599607148
2020-07-27,237318.23115278388,123.79400392853805,111.03776737175836,99876.20599607148
2020-07-28,238112.15118949197,123.79400392853805,111.03776737175836,99876.20599607148
2020-07-29,242356.0146584406,123.79400392853805,111.03776737175836,99876.20599607148
2020-07-30,242077.30986233745,123.79400392853805,111.03776737175836,99876.20599607148
2020-07-31,242185.01649668804,123.79400392853805,111.03776737175836,99876.20599607148
2020-08-03,246104.64968491113,123.79400392853805,111.03776737175836,99876.20599607148
2020-08-04,247702.48315739073,123.79400392853805,111.03776737175836,99876.20599607148
2020-08-05,246181.26574439765,123.79400392853805,111.03776737175836,99876.20599607148
2020-08-06,246545.46962137704,123.79400392853805,111.03776737175836,99876.20599607148
2020-08-07,244263.6435018874,123.79400392853805,111.03776737175836,99876.20599607148
2020-08-10,246310.06955454886,123.79400392853805,111.03776737175836,99876.20599607148
2020-08-11,244133.72931406242,123.79400392853805,111.03776737175836,99876.20599607148
2020-08-12,243356.4649424601,123.79400392853805,111.03776737175836,99876.20599607148
2020-08-13,243808.38865566318,123.79400392853805,111.03776737175836,99876.20599607148
2020-08-14,246298.9657778117,123.79400392853805,111.03776737175836,99876.20599607148
2020-08-17,252394.93920652126,123.79400392853805,111.03776737175836,99876.20599607148
2020-08-18,252587.03454407438,123.79400392853805,111.03776737175836,99876.20599607148
2020-08-19,250825.9755535583,123.79400392853805,111.03776737175836,99876.20599607148
2020-08-20,247670.2822048529,123.79400392853805,111.03776737175836,99876.20599607148
2020-08-21,249134.8703564864,123.79400392853805,111.03776737175836,99876.20599607148
2020-08-24,249771.11676352657,123.79400392853805,111.03776737175836,99876.20599607148
2020-08-25,248426.4494006546,123.79400392853805,111.03776737175836,99876.20599607148
2020-08-26,245636.07030660234,123.79400392853805,111.03776737175836,99876.20599607148
2020-08-27,246972.96502575828,123.79400392853805,111.03776737175836,99876.20599607148
2020-08-28,251605.46068050803,123.79400392853805,111.03776737175836,99876.20599607148
2020-08-31,250609.4519071834,123.79400392853805,111.03776737175836,99876.20599607148
2020-09-01,251312.3209746466,123.79400392853805,111.03776737175836,99876.20599607148
2020-09-02,250598.34813044622,123.79400392853805,111.03776737175836,99876.20599607148
2020-09-03,250088.68477820983,123.79400392853805,111.03776737175836,99876.20599607148
2020-09-04,247906.79264935476,123.79400392853805,111.03776737175836,99876.20599607148
2020-09-07,244543.4586756642,123.79400392853805,111.03776737175836,99876.20599607148
2020-09-08,247481.51800032094,123.79400392853805,111.03776737175836,99876.20599607148
2020-09-09,243405.32156010368,123.79400392853805,111.03776737175836,99876.20599607148
2020-09-10,241612.06161704977,123.79400392853805,111.03776737175836,99876.20599607148
2020-09-11,242300.4957747547,123.79400392853805,111.03776737175836,99876.20599607148
2020-09-14,242893.43745251987,123.79400392853805,111.03776737175836,99876.20599607148
2020-09-15,243592.97538696197,123.79400392853805,111.03776737175836,99876.20599607148
2020-09-16,243855.02451795933,123.79400392853805,111.03776737175836,99876.20599607148
2020-09-17,243748.42826128245,123.79400392853805,111.03776737175836,99876.20599607148
2020-09-18,248611.88247216542,123.79400392853805,111.03776737175836,99876.20599607148
2020-09-21,246997.39333458006,123.79400392853805,111.03776737175836,99876.20599607148
2020-09-22,243753.980149651,123.79400392853805,111.03776737175836,99876.20599607148
2020-09-23,243436.4121349678,123.79400392853805,111.03776737175836,99876.20599607148
2020-09-24,239065.9656112154,123.79400392853805,111.03776737175836,99876.20599607148
2020-09-25,238877.20140668337,123.79400392853805,111.03776737175836,99876.20599607148
2020-09-28,239236.9637729679,123.79400392853805,111.03776737175836,99876.20599607148
2020-09-29,239169.2307348711,123.79400392853805,111.03776737175836,99876.20599607148
2020-09-30,238054.41155045864,123.79400392853805,111.03776737175836,99876.20599607148
2020-10-09,241749.74844859078,123.79400392853805,111.03776737175836,99876.20599607148
2020-10-12,247535.92650633308,123.79400392853805,111.03776737175836,99876.20599607148
2020-10-13,247874.59169681696,123.79400392853805,111.03776737175836,99876.20599607148
2020-10-14,246950.7574722839,123.79400392853805,111.03776737175836,99876.20599607148
2020-10-15,247459.31044684656,123.79400392853805,111.03776737175836,99876.20599607148
2020-10-16,248715.14759582118,123.79400392853805,111.03776737175836,99876.20599607148
2020-10-19,247421.5576059402,123.79400392853805,111.03776737175836,99876.20599607148
2020-10-20,248187.71820080534,123.79400392853805,111.03776737175836,99876.20599607148
2020-10-21,249473.5355469703,123.79400392853805,111.03776737175836,99876.20599607148
2020-10-22,248847.28253899355,123.79400392853805,111.03776737175836,99876.20599607148
2020-10-23,248064.46627902266,123.79400392853805,111.03776737175836,99876.20599607148
2020-10-26,246890.79707790317,123.79400392853805,111.03776737175836,99876.20599607148
2020-10-27,246074.66948772076,123.79400392853805,111.03776737175836,99876.20599607148
2020-10-28,246133.5195044278,123.79400392853805,111.03776737175836,99876.20599607148
2020-10-29,246692.03947430773,123.79400392853805,111.03776737175836,99876.20599607148
2020-10-30,243286.5111490159,123.79400392853805,111.03776737175836,99876.20599607148
2020-11-02,244697.80117231095,123.79400392853805,111.03776737175836,99876.20599607148
2020-11-03,247233.9037790819,123.79400392853805,111.03776737175836,99876.20599607148
2020-11-04,249531.2751860036,123.79400392853805,111.03776737175836,99876.20599607148
2020-11-05,253169.98282277613,123.79400392853805,111.03776737175836,99876.20599607148
2020-11-06,253217.72906274596,123.79400392853805,111.03776737175836,99876.20599607148
2020-11-09,256211.30727108856,123.79400392853805,111.03776737175836,99876.20599607148
2020-11-10,254494.66338752117,123.79400392853805,111.03776737175836,99876.20599607148
2020-11-11,254901.06161610186,123.79400392853805,111.03776737175836,99876.20599607148
2020-11-12,254597.92851117696,123.79400392853805,111.03776737175836,99876.20599607148
2020-11-13,251460.00120525103,123.79400392853805,111.03776737175836,99876.20599607148
2020-11-16,255080.94279924408,123.79400392853805,111.03776737175836,99876.20599607148
2020-11-17,255477.34762876123,123.79400392853805,111.03776737175836,99876.20599607148
2020-11-18,256559.9658606359,123.79400392853805,111.03776737175836,99876.20599607148
2020-11-19,257557.08501163428,123.79400392853805,111.03776737175836,99876.20599607148
2020-11-20,259178.23641526198,123.79400392853805,111.03776737175836,99876.20599607148
2020-11-23,261778.74092710853,123.79400392853805,111.03776737175836,99876.20599607148
2020-11-24,260679.46703012814,123.79400392853805,111.03776737175836,99876.20599607148
2020-11-25,257518.22179305417,123.79400392853805,111.03776737175836,99876.20599607148
2020-11-26,258420.95884178657,123.79400392853805,111.03776737175836,99876.20599607148
2020-11-27,261350.13514505356,123.79400392853805,111.03776737175836,99876.20599607148
2020-11-30,259630.160128465,123.79400392853805,111.03776737175836,99876.20599607148
2020-12-01,263447.63857070607,123.79400392853805,111.03776737175836,99876.20599607148
2020-12-02,263690.8112812502,123.79400392853805,111.03776737175836,99876.20599607148
2020-12-03,261920.8692693444,123.79400392853805,111.03776737175836,99876.20599607148
2020-12-04,260975.9378690107,123.79400392853805,111.03776737175836,99876.20599607148
2020-12-07,257433.83308985166,123.79400392853805,111.03776737175836,99876.20599607148
2020-12-08,256757.61308655763,123.79400392853805,111.03776737175836,99876.20599607148
2020-12-09,253682.97730803365,123.79400392853805,111.03776737175836,99876.20599607148
2020-12-10,252980.1082405704,123.79400392853805,111.03776737175836,99876.20599607148
2020-12-11,251076.92090781848,123.79400392853805,111.03776737175836,99876.20599607148
2020-12-14,250875.9425488756,123.79400392853805,111.03776737175836,99876.20599607148
2020-12-15,250220.81972138223,123.79400392853805,111.03776737175836,99876.20599607148
2020-12-16,250102.00931029444,123.79400392853805,111.03776737175836,99876.20599607148
2020-12-17,252378.28354141547,123.79400392853805,111.03776737175836,99876.20599607148
2020-12-18,252413.81562697445,123.79400392853805,111.03776737175836,99876.20599607148
2020-12-21,252625.8977626545,123.79400392853805,111.03776737175836,99876.20599607148
2020-12-22,247942.32473491374,123.79400392853805,111.03776737175836,99876.20599607148
2020-12-23,248852.83442736213,123.79400392853805,111.03776737175836,99876.20599607148
2020-12-24,246723.13004917183,123.79400392853805,111.03776737175836,99876.20599607148
2020-12-25,248786.21176693912,123.79400392853805,111.03776737175836,99876.20599607148
2020-12-28,248605.22020612314,123.79400392853805,111.03776737175836,99876.20599607148
2020-12-29,247026.26315409673,123.79400392853805,111.03776737175836,99876.20599607148
2020-12-30,247679.16522624265,123.79400392853805,111.03776737175836,99876.20599607148
2020-12-31,249523.50254228758,123.79400392853805,111.03776737175836,99876.20599607148
2021-01-04,250012.0687187233,123.79400392853805,111.03776737175836,99876.20599607148
2021-01-05,250255.24142926748,123.79400392853805,111.03776737175836,99876.20599607148
2021-01-06,251800.88715108234,123.79400392853805,111.03776737175836,99876.20599607148
2021-01-07,251239.03604818127,123.79400392853805,111.03776737175836,99876.20599607148
2021-01-08,252591.47605476927,123.79400392853805,111.03776737175836,99876.20599607148
2021-01-11,249656.7478631337,123.79400392853805,111.03776737175836,99876.20599607148
2021-01-12,252334.9788121405,123.79400392853805,111.03776737175836,99876.20599607148
2021-01-13,254758.933273866,123.79400392853805,111.03776737175836,99876.20599607148
2021-01-14,255360.75797302093,123.79400392853805,111.03776737175836,99876.20599607148
2021-01-15,255510.65895897278,123.79400392853805,111.03776737175836,99876.20599607148
2021-01-18,256274.59879849048,123.79400392853805,111.03776737175836,99876.20599607148
2021-01-19,256233.51482456294,123.79400392853805,111.03776737175836,99876.20599607148
2021-01-20,254942.1455900294,123.79400392853805,111.03776737175836,99876.20599607148
2021-01-21,255442.925920876,123.79400392853805,111.03776737175836,99876.20599607148
2021-01-22,252351.6344772463,123.79400392853805,111.03776737175836,99876.20599607148
2021-01-25,251034.7265562172,123.79400392853805,111.03776737175836,99876.20599607148
2021-01-26,249539.04782971958,123.79400392853805,111.03776737175836,99876.20599607148
2021-01-27,251184.62754216907,123.79400392853805,111.03776737175836,99876.20599607148
2021-01-28,248084.45307714958,123.79400392853805,111.03776737175836,99876.20599607148
2021-01-29,246989.62069086407,123.79400392853805,111.03776737175836,99876.20599607148
2021-02-01,249473.5355469703,123.79400392853805,111.03776737175836,99876.20599607148
2021-02-02,249569.02802690997,123.79400392853805,111.03776737175836,99876.20599607148
2021-02-03,249018.28070074608,123.79400392853805,111.03776737175836,99876.20599607148
2021-02-04,247445.98591476196,123.79400392853805,111.03776737175836,99876.20599607148
2021-02-05,249543.4893404145,123.79400392853805,111.03776737175836,99876.20599607148
2021-02-08,251634.33050002472,123.79400392853805,111.03776737175836,99876.20599607148
2021-02-09,254319.2237150738,123.79400392853805,111.03776737175836,99876.20599607148
2021-02-10,255350.76457395745,123.79400392853805,111.03776737175836,99876.20599607148
2021-02-18,259070.52978091134,123.79400392853805,111.03776737175836,99876.20599607148
2021-02-19,263628.6301315221,123.79400392853805,111.03776737175836,99876.20599607148
2021-02-22,264629.08041554154,123.79400392853805,111.03776737175836,99876.20599607148
2021-02-23,263989.5028754803,123.79400392853805,111.03776737175836,99876.20599607148
2021-02-24,261001.4765555062,123.79400392853805,111.03776737175836,99876.20599607148
2021-02-25,263525.3650078663,123.79400392853805,111.03776737175836,99876.20599607148
2021-02-26,258635.26173281405,123.79400392853805,111.03776737175836,99876.20599607148
2021-03-01,260948.17842716776,123.79400392853805,111.03776737175836,99876.20599607148
2021-03-02,259544.66104758874,123.79400392853805,111.03776737175836,99876.20599607148
2021-03-03,265511.83066614706,123.79400392853805,111.03776737175836,99876.20599607148
2021-03-04,264173.8255693174,123.79400392853805,111.03776737175836,99876.20599607148
2021-03-05,263895.12077321426,123.79400392853805,111.03776737175836,99876.20599607148
2021-03-08,262840.2619831826,123.79400392853805,111.03776737175836,99876.20599607148
2021-03-09,261053.66430617098,123.79400392853805,111.03776737175836,99876.20599607148
2021-03-10,259176.01565991456,123.79400392853805,111.03776737175836,99876.20599607148
2021-03-11,264539.13982397044,123.79400392853805,111.03776737175836,99876.20599607148
2021-03-12,267436.11517469963,123.79400392853805,111.03776737175836,99876.20599607148
2021-03-15,268839.63255427865,123.79400392853805,111.03776737175836,99876.20599607148
2021-03-16,271022.6350608074,123.79400392853805,111.03776737175836,99876.20599607148
2021-03-17,267955.77192599943,123.79400392853805,111.03776737175836,99876.20599607148
2021-03-18,268600.90135442937,123.79400392853805,111.03776737175836,99876.20599607148
2021-03-19,265757.22413203865,123.79400392853805,111.03776737175836,99876.20599607148
2021-03-22,270058.82724002056,123.79400392853805,111.03776737175836,99876.20599607148
2021-03-23,267961.32381436805,123.79400392853805,111.03776737175836,99876.20599607148
2021-03-24,266236.9072870846,123.79400392853805,111.03776737175836,99876.20599607148
2021-03-25,264479.1794295897,123.79400392853805,111.03776737175836,99876.20599607148
2021-03-26,267709.2680824342,123.79400392853805,111.03776737175836,99876.20599607148
2021-03-29,270339.75279147114,123.79400392853805,111.03776737175836,99876.20599607148
2021-03-30,270259.80559896346,123.79400392853805,111.03776737175836,99876.20599607148
2021-03-31,271419.0398903246,123.79400392853805,111.03776737175836,99876.20599607148
2021-04-01,271304.6709899317,123.79400392853805,111.03776737175836,99876.20599607148
2021-04-02,268867.3919961216,123.79400392853805,111.03776737175836,99876.20599607148
2021-04-06,268797.43820267735,123.79400392853805,111.03776737175836,99876.20599607148
2021-04-07,270012.1913777244,123.79400392853805,111.03776737175836,99876.20599607148
2021-04-08,268596.4598437345,123.79400392853805,111.03776737175836,99876.20599607148
2021-04-09,268510.9607628582,123.79400392853805,111.03776737175836,99876.20599607148
2021-04-12,268262.2361639455,123.79400392853805,111.03776737175836,99876.20599607148
2021-04-13,265428.5523406183,123.79400392853805,111.03776737175836,99876.20599607148
2021-04-14,266049.25346022635,123.79400392853805,111.03776737175836,99876.20599607148
2021-04-15,265387.4683666907,123.79400392853805,111.03776737175836,99876.20599607148
2021-04-16,267941.3370162411,123.79400392853805,111.03776737175836,99876.20599607148
2021-04-19,268990.64391790424,123.79400392853805,111.03776737175836,99876.20599607148
2021-04-20,268280.002206725,123.79400392853805,111.03776737175836,99876.20599607148
2021-04-21,267796.98791865783,123.79400392853805,111.03776737175836,99876.20599607148
2021-04-22,267391.70006775093,123.79400392853805,111.03776737175836,99876.20599607148
2021-04-23,267208.4877515875,123.79400392853805,111.03776737175836,99876.20599607148
2021-04-26,265576.2325712227,123.79400392853805,111.03776737175836,99876.20599607148
2021-04-27,264787.8644228832,123.79400392853805,111.03776737175836,99876.20599607148
2021-04-28,265755.00337669125,123.79400392853805,111.03776737175836,99876.20599607148
2021-04-29,267665.96335315914,123.79400392853805,111.03776737175836,99876.20599607148
2021-04-30,264897.79181258124,123.79400392853805,111.03776737175836,99876.20599607148
2021-05-06,266399.0224274474,123.79400392853805,111.03776737175836,99876.20599607148
2021-05-07,266845.39425228187,123.79400392853805,111.03776737175836,99876.20599607148
2021-05-10,267993.5247669059,123.79400392853805,111.03776737175836,99876.20599607148
2021-05-11,268605.3428651242,123.79400392853805,111.03776737175836,99876.20599607148
2021-05-12,270025.51590980904,123.79400392853805,111.03776737175836,99876.20599607148
2021-05-13,268275.56069603015,123.79400392853805,111.03776737175836,99876.20599607148
2021-05-14,270218.7216250359,123.79400392853805,111.03776737175836,99876.20599607148
2021-05-17,270663.9830721966,123.79400392853805,111.03776737175836,99876.20599607148
2021-05-18,271335.7615647958,123.79400392853805,111.03776737175836,99876.20599607148
2021-05-19,269696.84411838866,123.79400392853805,111.03776737175836,99876.20599607148
2021-05-20,268794.10706965625,123.79400392853805,111.03776737175836,99876.20599607148
2021-05-21,268621.99853023,123.79400392853805,111.03776737175836,99876.20599607148
2021-05-24,268270.00880766154,123.79400392853805,111.03776737175836,99876.20599607148
2021-05-25,271551.174833497,123.79400392853805,111.03776737175836,99876.20599607148
2021-05-26,273613.14617359056,123.79400392853805,111.03776737175836,99876.20599607148
2021-05-27,274135.0236802378,123.79400392853805,111.03776737175836,99876.20599607148
2021-05-28,273961.8047631379,123.79400392853805,111.03776737175836,99876.20599607148
2021-05-31,275278.71268416697,123.79400392853805,111.03776737175836,99876.20599607148
2021-06-01,274393.741678214,123.79400392853805,111.03776737175836,99876.20599607148
2021-06-02,274357.0992149813,123.79400392853805,111.03776737175836,99876.20599607148
2021-06-03,274987.7937336529,123.79400392853805,111.03776737175836,99876.20599607148
2021-06-04,274047.3038440141,123.79400392853805,111.03776737175836,99876.20599607148
2021-06-07,272190.7523735583,123.79400392853805,111.03776737175836,99876.20599607148
2021-06-08,271642.2258027419,123.79400392853805,111.03776737175836,99876.20599607148
2021-06-09,271406.8257359137,123.79400392853805,111.03776737175836,99876.20599607148
2021-06-10,270681.74911497615,123.79400392853805,111.03776737175836,99876.20599607148
2021-06-11,270472.99811231723,123.79400392853805,111.03776737175836,99876.20599607148
2021-06-15,268592.01833303965,123.79400392853805,111.03776737175836,99876.20599607148
2021-06-16,268060.1474273289,123.79400392853805,111.03776737175836,99876.20599607148
2021-06-17,267079.6839414363,123.79400392853805,111.03776737175836,99876.20599607148
2021-06-18,266567.79983385245,123.79400392853805,111.03776737175836,99876.20599607148
2021-06-21,266626.64985055954,123.79400392853805,111.03776737175836,99876.20599607148
2021-06-22,270198.734826909,123.79400392853805,111.03776737175836,99876.20599607148
2021-06-23,270421.9207393262,123.79400392853805,111.03776737175836,99876.20599607148
2021-06-24,271598.92107346683,123.79400392853805,111.03776737175836,99876.20599607148
2021-06-25,272004.2089243738,123.79400392853805,111.03776737175836,99876.20599607148
2021-06-28,270960.4539110792,123.79400392853805,111.03776737175836,99876.20599607148
2021-06-29,268597.5702214082,123.79400392853805,111.03776737175836,99876.20599607148
2021-06-30,268062.3681826763,123.79400392853805,111.03776737175836,99876.20599607148
2021-07-01,268095.6795128879,123.79400392853805,111.03776737175836,99876.20599607148
2021-07-02,267091.8980958472,123.79400392853805,111.03776737175836,99876.20599607148
2021-07-05,266870.9329387774,123.79400392853805,111.03776737175836,99876.20599607148
2021-07-06,266798.7583899857,123.79400392853805,111.03776737175836,99876.20599607148
2021-07-07,265288.6447537298,123.79400392853805,111.03776737175836,99876.20599607148
2021-07-08,261960.84286559824,123.79400392853805,111.03776737175836,99876.20599607148
2021-07-09,263032.3573207357,123.79400392853805,111.03776737175836,99876.20599607148
2021-07-12,261946.4079558399,123.79400392853805,111.03776737175836,99876.20599607148
2021-07-13,263447.63857070607,123.79400392853805,111.03776737175836,99876.20599607148
2021-07-14,261769.8579057188,123.79400392853805,111.03776737175836,99876.20599607148
2021-07-15,261769.8579057188,123.79400392853805,111.03776737175836,99876.20599607148
2021-07-16,261023.68410898058,123.79400392853805,111.03776737175836,99876.20599607148
2021-07-19,260345.24335033912,123.79400392853805,111.03776737175836,99876.20599607148
2021-07-20,259339.24117795101,123.79400392853805,111.03776737175836,99876.20599607148
2021-07-21,258143.36442335718,123.79400392853805,111.03776737175836,99876.20599607148
2021-07-22,259479.1487648394,123.79400392853805,111.03776737175836,99876.20599607148
2021-07-23,257829.1275416951,123.79400392853805,111.03776737175836,99876.20599607148
2021-07-26,253053.39316703574,99.03520314283044,111.0486366491033,99900.9647968572
2021-07-27,248401.56577780482,99.03520314283044,111.0486366491033,99900.9647968572
2021-07-28,246329.39821793258,99.03520314283044,111.0486366491033,99900.9647968572
2021-07-29,246438.2258818487,99.03520314283044,111.0486366491033,99900.9647968572
2021-07-30,247578.69538023497,99.03520314283044,111.0486366491033,99900.9647968572
2021-08-02,250332.7015691327,99.03520314283044,111.0486366491033,99900.9647968572
2021-08-03,250612.54413348844,99.03520314283044,111.0486366491033,99900.9647968572
2021-08-04,250987.88852536242,99.03520314283044,111.0486366491033,99900.9647968572
2021-08-05,250534.8100878341,99.03520314283044,111.0486366491033,99900.9647968572
2021-08-06,251544.24219497447,99.03520314283044,111.0486366491033,99900.9647968572
2021-08-09,254513.68273897146,99.03520314283044,111.0486366491033,99900.9647968572
2021-08-10,256260.47779346185,99.03520314283044,111.0486366491033,99900.9647968572
2021-08-11,258457.01982638115,99.03520314283044,111.0486366491033,99900.9647968572
2021-08-12,257905.10810223507,99.03520314283044,111.0486366491033,99900.9647968572
2021-08-13,257993.94701155438,99.03520314283044,111.0486366491033,99900.9647968572
2021-08-16,260635.79407743653,99.03520314283044,111.0486366491033,99900.9647968572
2021-08-17,257854.02572937647,99.03520314283044,111.0486366491033,99900.9647968572
2021-08-18,261306.5278427971,99.03520314283044,111.0486366491033,99900.9647968572
2021-08-19,257976.1792296905,99.03520314283044,111.0486366491033,99900.9647968572
2021-08-20,257125.54667295842,79.22816251426435,111.05719430661995,99920.77183748576
2021-08-23,259180.10476763087,79.22816251426435,111.05719430661995,99920.77183748576
2021-08-24,260869.28469303457,79.22816251426435,111.05719430661995,99920.77183748576
2021-08-25,263569.0850866285,79.22816251426435,111.05719430661995,99920.77183748576
2021-08-26,262763.9204279055,79.22816251426435,111.05719430661995,99920.77183748576
2021-08-27,263550.2053635964,79.22816251426435,111.05719430661995,99920.77183748576
2021-08-30,264601.91699368006,79.22816251426435,111.05719430661995,99920.77183748576
2021-08-31,268905.3832730616,79.22816251426435,111.05719430661995,99920.77183748576
2021-09-01,270664.52923087846,79.22816251426435,111.05719430661995,99920.77183748576
2021-09-02,276869.2946767893,79.22816251426435,111.05719430661995,99920.77183748576
2021-09-03,278054.2749400409,79.22816251426435,111.05719430661995,99920.77183748576
2021-09-06,282215.58801071,79.22816251426435,111.05719430661995,99920.77183748576
2021-09-07,286826.68271832087,79.22816251426435,111.05719430661995,99920.77183748576
2021-09-08,292628.31054889865,79.22816251426435,111.05719430661995,99920.77183748576
2021-09-09,296927.33454050793,79.22816251426435,111.05719430661995,99920.77183748576
2021-09-10,293265.7788442187,79.22816251426435,111.05719430661995,99920.77183748576
2021-09-13,298086.77164906904,79.22816251426435,111.05719430661995,99920.77183748576
2021-09-14,290510.4498534714,79.22816251426435,111.05719430661995,99920.77183748576
2021-09-15,291216.77360926155,79.22816251426435,111.05719430661995,99920.77183748576
2021-09-16,287496.3575999898,79.22816251426435,111.05719430661995,99920.77183748576
2021-09-17,287321.9978049284,79.22816251426435,111.05719430661995,99920.77183748576
2021-09-22,294732.8443810091,79.22816251426435,111.05719430661995,99920.77183748576
2021-09-23,299647.12522907706,79.22816251426435,111.05719430661995,99920.77183748576
2021-09-24,293565.63326884655,79.22816251426435,111.05719430661995,99920.77183748576
2021-09-27,285245.22827139456,79.22816251426435,111.05719430661995,99920.77183748576
2021-09-28,291866.45819595526,79.22816251426435,111.05719430661995,99920.77183748576
2021-09-29,284830.98493663094,79.22816251426435,111.05719430661995,99920.77183748576
2021-09-30,287159.8543012407,79.22816251426435,111.05719430661995,99920.77183748576
2021-10-08,287486.3624525022,79.22816251426435,111.05719430661995,99920.77183748576
2021-10-11,285568.40470682684,79.22816251426435,111.05719430661995,99920.77183748576
2021-10-12,280508.6389342173,79.22816251426435,111.05719430661995,99920.77183748576
2021-10-13,274980.2118016337,79.22816251426435,111.05719430661995,99920.77183748576
2021-10-14,273860.755283023,79.22816251426435,111.05719430661995,99920.77183748576
2021-10-15,274041.77850974275,79.22816251426435,111.05719430661995,99920.77183748576
2021-10-18,277696.67077437363,79.22816251426435,111.05719430661995,99920.77183748576
2021-10-19,278753.9352641727,79.22816251426435,111.05719430661995,99920.77183748576
2021-10-20,278311.9276308323,79.22816251426435,111.05719430661995,99920.77183748576
2021-10-21,279042.68396936986,79.22816251426435,111.05719430661995,99920.77183748576
2021-10-22,275172.3407477841,79.22816251426435,111.05719430661995,99920.77183748576
2021-10-25,276228.4946656401,79.22816251426435,111.05719430661995,99920.77183748576
2021-10-26,274073.9850960917,79.22816251426435,111.05719430661995,99920.77183748576
2021-10-27,272610.25127513043,79.22816251426435,111.05719430661995,99920.77183748576
2021-10-28,268253.47754248173,79.22816251426435,111.05719430661995,99920.77183748576
2021-10-29,268488.91879441176,79.22816251426435,111.05719430661995,99920.77183748576
2021-11-01,269860.4751440985,79.22816251426435,111.05719430661995,99920.77183748576
2021-11-02,263137.07260077575,63.38253001141148,111.06388398162865,99936.61746998862
2021-11-03,265247.2863964267,63.38253001141148,111.06388398162865,99936.61746998862
2021-11-04,267226.4448089793,63.38253001141148,111.06388398162865,99936.61746998862
2021-11-05,262701.7021755678,50.70602400912919,111.06924459311074,99949.2939759909
2021-11-08,262360.7195946669,50.70602400912919,111.06924459311074,99949.2939759909
2021-11-09,262452.9070676792,50.70602400912919,111.06924459311074,99949.2939759909
2021-11-10,261687.63997243263,50.70602400912919,111.06924459311074,99949.2939759909
2021-11-11,263623.5769056906,50.70602400912919,111.06924459311074,99949.2939759909
2021-11-12,263891.25378515996,50.70602400912919,111.06924459311074,99949.2939759909
2021-11-15,264212.24390203407,50.70602400912919,111.06924459311074,99949.2939759909
2021-11-16,262530.6555388944,50.70602400912919,111.06924459311074,99949.2939759909
2021-11-17,263660.22975640633,50.70602400912919,111.06924459311074,99949.2939759909
2021-11-18,263383.66733736946,50.70602400912919,111.06924459311074,99949.2939759909
2021-11-19,266247.0324629799,50.70602400912919,111.06924459311074,99949.2939759909
2021-11-22,265920.4888838761,50.70602400912919,111.06924459311074,99949.2939759909
2021-11-23,266550.25150071905,50.70602400912919,111.06924459311074,99949.2939759909
2021-11-24,268006.36929733475,50.70602400912919,111.06924459311074,99949.2939759909
2021-11-25,268104.11023257667,50.70602400912919,111.06924459311074,99949.2939759909
2021-11-26,266250.3645403176,50.70602400912919,111.06924459311074,99949.2939759909
2021-11-29,266431.4074090044,50.70602400912919,111.06924459311074,99949.2939759909
2021-11-30,266211.49030471005,50.70602400912919,111.06924459311074,99949.2939759909
2021-12-01,269753.4885147844,50.70602400912919,111.06924459311074,99949.2939759909
2021-12-02,269928.9779212415,50.70602400912919,111.06924459311074,99949.2939759909
2021-12-03,273791.96624818986,50.70602400912919,111.06924459311074,99949.2939759909
2021-12-06,272734.58703966346,50.70602400912919,111.06924459311074,99949.2939759909
2021-12-07,275756.781185042,50.70602400912919,111.06924459311074,99949.2939759909
2021-12-08,276675.323837827,50.70602400912919,111.06924459311074,99949.2939759909
2021-12-09,278872.2734958788,50.70602400912919,111.06924459311074,99949.2939759909
2021-12-10,276420.9752677088,50.70602400912919,111.06924459311074,99949.2939759909
2021-12-13,276334.3412569262,50.70602400912919,111.06924459311074,99949.2939759909
2021-12-14,274076.3035143482,50.70602400912919,111.06924459311074,99949.2939759909
2021-12-15,275610.16978217906,50.70602400912919,111.06924459311074,99949.2939759909
2021-12-16,278599.0431541797,50.70602400912919,111.06924459311074,99949.2939759909
2021-12-17,278584.6041523826,50.70602400912919,111.06924459311074,99949.2939759909
2021-12-20,278105.8957081863,50.70602400912919,111.06924459311074,99949.2939759909
2021-12-21,281473.5152042494,50.70602400912919,111.06924459311074,99949.2939759909
2021-12-22,280504.9913913975,50.70602400912919,111.06924459311074,99949.2939759909
2021-12-23,281696.76438588154,50.70602400912919,111.06924459311074,99949.2939759909
2021-12-24,280107.36349575414,50.70602400912919,111.06924459311074,99949.2939759909
2021-12-27,281982.21234448586,50.70602400912919,111.06924459311074,99949.2939759909
2021-12-28,280838.1991251768,50.70602400912919,111.06924459311074,99949.2939759909
2021-12-29,280248.4214363874,50.70602400912919,111.06924459311074,99949.2939759909
2021-12-30,281614.5731448827,50.70602400912919,111.06924459311074,99949.2939759909
2021-12-31,284595.67166976177,50.70602400912919,111.06924459311074,99949.2939759909
2022-01-04,288423.11783844035,50.70602400912919,111.06924459311074,99949.2939759909
2022-01-05,287240.2303835237,50.70602400912919,111.06924459311074,99949.2939759909
2022-01-06,288824.0778114215,50.70602400912919,111.06924459311074,99949.2939759909
2022-01-07,291025.470239257,50.70602400912919,111.06924459311074,99949.2939759909
2022-01-10,292658.1881347757,50.70602400912919,111.06924459311074,99949.2939759909
2022-01-11,294275.35633605137,50.70602400912919,111.06924459311074,99949.2939759909
2022-01-12,293189.09912393073,50.70602400912919,111.06924459311074,99949.2939759909
2022-01-13,291998.43682189257,50.70602400912919,111.06924459311074,99949.2939759909
2022-01-14,287605.648198235,50.70602400912919,111.06924459311074,99949.2939759909
2022-01-17,287897.76031151495,50.70602400912919,111.06924459311074,99949.2939759909
2022-01-18,290450.1315522646,50.70602400912919,111.06924459311074,99949.2939759909
2022-01-19,292220.5753110788,50.70602400912919,111.06924459311074,99949.2939759909
2022-01-20,291722.9850953017,50.70602400912919,111.06924459311074,99949.2939759909
2022-01-21,288114.3453384715,50.70602400912919,111.06924459311074,99949.2939759909
2022-01-24,287533.45318924956,50.70602400912919,111.06924459311074,99949.2939759909
2022-01-25,279062.201904133,50.70602400912919,111.06924459311074,99949.2939759909
2022-01-26,281203.61693988816,50.70602400912919,111.06924459311074,99949.2939759909
2022-01-27,278054.80385567347,50.70602400912919,111.06924459311074,99949.2939759909
2022-01-28,276738.6333072451,50.70602400912919,111.06924459311074,99949.2939759909
2022-02-07,284971.0857164865,50.70602400912919,111.06924459311074,99949.2939759909
2022-02-08,291758.5272535715,50.70602400912919,111.06924459311074,99949.2939759909
2022-02-09,292888.1014710834,50.70602400912919,111.06924459311074,99949.2939759909
2022-02-10,295309.4110032132,50.70602400912919,111.06924459311074,99949.2939759909
2022-02-11,294113.1952389454,50.70602400912919,111.06924459311074,99949.2939759909
2022-02-14,289865.9073257049,50.70602400912919,111.06924459311074,99949.2939759909
2022-02-15,288741.88657042256,50.70602400912919,111.06924459311074,99949.2939759909
2022-02-16,291041.0199335,50.70602400912919,111.06924459311074,99949.2939759909
2022-02-17,289504.93228077726,50.70602400912919,111.06924459311074,99949.2939759909
2022-02-18,294325.3374961182,50.70602400912919,111.06924459311074,99949.2939759909
2022-02-21,295185.01344926894,50.70602400912919,111.06924459311074,99949.2939759909
2022-02-22,292422.7213362383,50.70602400912919,111.06924459311074,99949.2939759909
2022-02-23,290824.4349065434,50.70602400912919,111.06924459311074,99949.2939759909
2022-02-24,286326.1305005224,50.70602400912919,111.06924459311074,99949.2939759909
2022-02-25,286739.3080904088,50.70602400912919,111.06924459311074,99949.2939759909
2022-02-28,286260.59964621253,50.70602400912919,111.06924459311074,99949.2939759909
2022-03-01,288399.7932970758,50.70602400912919,111.06924459311074,99949.2939759909
2022-03-02,290116.9238184853,50.70602400912919,111.06924459311074,99949.2939759909
2022-03-03,295189.45621905266,50.70602400912919,111.06924459311074,99949.2939759909
2022-03-04,293070.25503221614,50.70602400912919,111.06924459311074,99949.2939759909
2022-03-07,290672.27004145086,50.70602400912919,111.06924459311074,99949.2939759909
2022-03-08,282566.4365710456,50.70602400912919,111.06924459311074,99949.2939759909
2022-03-09,279930.7633968511,50.70602400912919,111.06924459311074,99949.2939759909
2022-03-10,284576.7898981809,50.70602400912919,111.06924459311074,99949.2939759909
2022-03-11,285459.79039269616,50.70602400912919,111.06924459311074,99949.2939759909
2022-03-14,279779.7092242045,50.70602400912919,111.06924459311074,99949.2939759909
2022-03-15,265065.2557005092,40.56481920730335,111.07349483506152,99959.43518079273
2022-03-16,271511.96134073613,40.56481920730335,111.07349483506152,99959.43518079273
2022-03-17,273871.1623710328,40.56481920730335,111.07349483506152,99959.43518079273
2022-03-18,279884.68138140306,40.56481920730335,111.07349483506152,99959.43518079273
2022-03-21,279754.72539244604,40.56481920730335,111.07349483506152,99959.43518079273
2022-03-22,282960.3064533859,40.56481920730335,111.07349483506152,99959.43518079273
2022-03-23,282146.1377362449,40.56481920730335,111.07349483506152,99959.43518079273
2022-03-24,281891.7794330726,40.56481920730335,111.07349483506152,99959.43518079273
2022-03-25,281045.39940242947,40.56481920730335,111.07349483506152,99959.43518079273
2022-03-28,283535.66715663153,40.56481920730335,111.07349483506152,99959.43518079273
2022-03-29,283379.05352891405,40.56481920730335,111.07349483506152,99959.43518079273
2022-03-30,287439.9005000839,40.56481920730335,111.07349483506152,99959.43518079273
2022-03-31,289524.749998138,40.56481920730335,111.07349483506152,99959.43518079273
2022-04-01,291659.58256886795,40.56481920730335,111.07349483506152,99959.43518079273
2022-04-06,296617.9033783051,40.56481920730335,111.07349483506152,99959.43518079273
2022-04-07,291360.7948677616,40.56481920730335,111.07349483506152,99959.43518079273
2022-04-08,294035.44462338986,40.56481920730335,111.07349483506152,99959.43518079273
2022-04-11,290029.0236646893,40.56481920730335,111.07349483506152,99959.43518079273
2022-04-12,292251.6042963388,40.56481920730335,111.07349483506152,99959.43518079273
2022-04-13,289593.6155649358,40.56481920730335,111.07349483506152,99959.43518079273
2022-04-14,292006.1318727533,40.56481920730335,111.07349483506152,99959.43518079273
2022-04-15,290862.0748759522,40.56481920730335,111.07349483506152,99959.43518079273
2022-04-18,288481.76988163684,40.56481920730335,111.07349483506152,99959.43518079273
2022-04-19,291313.0332649826,40.56481920730335,111.07349483506152,99959.43518079273
2022-04-20,285439.4668581045,40.56481920730335,111.07349483506152,99959.43518079273
2022-04-21,280003.53002087655,40.56481920730335,111.07349483506152,99959.43518079273
2022-04-22,283591.20390404906,40.56481920730335,111.07349483506152,99959.43518079273
2022-04-25,273380.2175238618,32.45185536584268,111.07679159511234,99967.54814463419
2022-04-26,271396.38602597313,32.45185536584268,111.07679159511234,99967.54814463419
2022-04-27,275788.3623656439,32.45185536584268,111.07679159511234,99967.54814463419
2022-04-28,280081.4803607949,32.45185536584268,111.07679159511234,99967.54814463419
2022-04-29,284379.04142760986,32.45185536584268,111.07679159511234,99967.54814463419
2022-05-05,285122.1451633811,32.45185536584268,111.07679159511234,99967.54814463419
2022-05-06,278224.2764053247,32.45185536584268,111.07679159511234,99967.54814463419
2022-05-09,281335.5373379038,32.45185536584268,111.07679159511234,99967.54814463419
2022-05-10,285591.99999182846,32.45185536584268,111.07679159511234,99967.54814463419
2022-05-11,284907.7669556026,32.45185536584268,111.07679159511234,99967.54814463419
2022-05-12,285046.6129450965,32.45185536584268,111.07679159511234,99967.54814463419
2022-05-13,288051.24015774427,32.45185536584268,111.07679159511234,99967.54814463419
2022-05-16,287614.7083667755,32.45185536584268,111.07679159511234,99967.54814463419
2022-05-17,284858.89316730073,32.45185536584268,111.07679159511234,99967.54814463419
2022-05-18,284081.35562613496,32.45185536584268,111.07679159511234,99967.54814463419
2022-05-19,285560.8984901819,32.45185536584268,111.07679159511234,99967.54814463419
2022-05-20,288144.54466268414,32.45185536584268,111.07679159511234,99967.54814463419
2022-05-23,287262.59493741894,32.45185536584268,111.07679159511234,99967.54814463419
2022-05-24,280323.6277664723,32.45185536584268,111.07679159511234,99967.54814463419
2022-05-25,286189.5931306102,32.45185536584268,111.07679159511234,99967.54814463419
2022-05-26,288850.9930572291,32.45185536584268,111.07679159511234,99967.54814463419
2022-05-27,290477.1572861815,32.45185536584268,111.07679159511234,99967.54814463419
2022-05-30,290105.0500343379,32.45185536584268,111.07679159511234,99967.54814463419
2022-05-31,289538.5583972028,32.45185536584268,111.07679159511234,99967.54814463419
2022-06-01,288548.86418409034,32.45185536584268,111.07679159511234,99967.54814463419
2022-06-02,286989.346030095,32.45185536584268,111.07679159511234,99967.54814463419
2022-06-06,287163.7365928993,32.45185536584268,111.07679159511234,99967.54814463419
2022-06-07,287995.70176194666,32.45185536584268,111.07679159511234,99967.54814463419
2022-06-08,288514.4303786959,32.45185536584268,111.07679159511234,99967.54814463419
2022-06-09,289189.77727159415,32.45185536584268,111.07679159511234,99967.54814463419
2022-06-10,290249.44986341154,32.45185536584268,111.07679159511234,99967.54814463419
2022-06-13,285911.9011516224,32.45185536584268,111.07679159511234,99967.54814463419
2022-06-14,289669.629011285,32.45185536584268,111.07679159511234,99967.54814463419
2022-06-15,291527.9437346713,32.45185536584268,111.07679159511234,99967.54814463419
2022-06-16,288001.25560152647,32.45185536584268,111.07679159511234,99967.54814463419
2022-06-17,287068.2105521275,32.45185536584268,111.07679159511234,99967.54814463419
2022-06-20,285933.0057420255,32.45185536584268,111.07679159511234,99967.54814463419
2022-06-21,286508.3835224882,32.45185536584268,111.07679159511234,99967.54814463419
2022-06-22,283043.8983926366,32.45185536584268,111.07679159511234,99967.54814463419
2022-06-23,285187.68047042226,32.45185536584268,111.07679159511234,99967.54814463419
2022-06-24,284392.3706426013,32.45185536584268,111.07679159511234,99967.54814463419
2022-06-27,285423.1632686039,32.45185536584268,111.07679159511234,99967.54814463419
2022-06-28,286966.01990386,32.45185536584268,111.07679159511234,99967.54814463419
2022-06-29,285853.030452077,32.45185536584268,111.07679159511234,99967.54814463419
2022-06-30,286201.81157768564,32.45185536584268,111.07679159511234,99967.54814463419
2022-07-01,286170.710076039,32.45185536584268,111.07679159511234,99967.54814463419
2022-07-04,286721.6509623508,32.45185536584268,111.07679159511234,99967.54814463419
2022-07-05,286798.2939485514,32.45185536584268,111.07679159511234,99967.54814463419
2022-07-06,282878.3939731599,32.45185536584268,111.07679159511234,99967.54814463419
2022-07-07,282000.8873195585,32.45185536584268,111.07679159511234,99967.54814463419
2022-07-08,282369.6622676543,32.45185536584268,111.07679159511234,99967.54814463419
2022-07-11,282126.404094061,32.45185536584268,111.07679159511234,99967.54814463419
2022-07-12,282737.3264478341,32.45185536584268,111.07679159511234,99967.54814463419
2022-07-13,282727.32953659055,32.45185536584268,111.07679159511234,99967.54814463419
2022-07-14,279199.5306355298,32.45185536584268,111.07679159511234,99967.54814463419
2022-07-15,272283.8895908181,25.961484292674147,111.07943962371805,99974.03851570736
2022-07-18,276837.03582099435,25.961484292674147,111.07943962371805,99974.03851570736
2022-07-19,277793.4297961545,25.961484292674147,111.07943962371805,99974.03851570736
2022-07-20,278920.8861083352,25.961484292674147,111.07943962371805,99974.03851570736
2022-07-21,275698.4715648512,20.76918743413932,111.08153180703091,99979.23081256589
2022-07-22,276418.27989096066,20.76918743413932,111.08153180703091,99979.23081256589
2022-07-25,275957.29153396154,20.76918743413932,111.08153180703091,99979.23081256589
2022-07-26,277897.88589463034,20.76918743413932,111.08153180703091,99979.23081256589
2022-07-27,276995.90385635727,20.76918743413932,111.08153180703091,99979.23081256589
2022-07-28,276650.4402924374,20.76918743413932,111.08153180703091,99979.23081256589
2022-07-29,274590.98869273503,20.76918743413932,111.08153180703091,99979.23081256589
2022-08-01,273471.2868521202,20.76918743413932,111.08153180703091,99979.23081256589
2022-08-02,266545.3533439518,20.76918743413932,111.08153180703091,99979.23081256589
2022-08-03,263928.2724545782,20.76918743413932,111.08153180703091,99979.23081256589
2022-08-04,265798.88545020856,20.76918743413932,111.08153180703091,99979.23081256589
2022-08-05,267598.4062654825,20.76918743413932,111.08153180703091,99979.23081256589
2022-08-08,268070.50277566235,20.76918743413932,111.08153180703091,99979.23081256589
2022-08-09,267917.21026176866,20.76918743413932,111.08153180703091,99979.23081256589
2022-08-10,266786.4002679731,20.76918743413932,111.08153180703091,99979.23081256589
2022-08-11,270486.52609246527,20.76918743413932,111.08153180703091,99979.23081256589
2022-08-12,271575.12510417413,20.76918743413932,111.08153180703091,99979.23081256589
2022-08-15,270417.6555427449,20.76918743413932,111.08153180703091,99979.23081256589
2022-08-16,270924.187327785,20.76918743413932,111.08153180703091,99979.23081256589
2022-08-17,272357.13908809563,20.76918743413932,111.08153180703091,99979.23081256589
2022-08-18,269947.7806632011,20.76918743413932,111.08153180703091,99979.23081256589
2022-08-19,270941.9603728741,20.76918743413932,111.08153180703091,99979.23081256589
2022-08-22,272318.2605519632,20.76918743413932,111.08153180703091,99979.23081256589
2022-08-23,272903.66022458626,20.76918743413932,111.08153180703091,99979.23081256589
2022-08-24,270364.3364074775,20.76918743413932,111.08153180703091,99979.23081256589
2022-08-25,274146.66256550694,20.76918743413932,111.08153180703091,99979.23081256589
2022-08-26,274080.0136464227,20.76918743413932,111.08153180703091,99979.23081256589
2022-08-29,274938.67388729105,20.76918743413932,111.08153180703091,99979.23081256589
2022-08-30,275739.57173161977,20.76918743413932,111.08153180703091,99979.23081256589
2022-08-31,274720.9540849493,20.76918743413932,111.08153180703091,99979.23081256589
2022-09-01,275450.7597489215,20.76918743413932,111.08153180703091,99979.23081256589
2022-09-02,276002.8349620024,20.76918743413932,111.08153180703091,99979.23081256589
2022-09-05,279155.32883468596,20.76918743413932,111.08153180703091,99979.23081256589
2022-09-06,281005.9471545911,20.76918743413932,111.08153180703091,99979.23081256589
2022-09-07,279965.11320155923,16.615349947311454,111.08318004404939,99983.38465005271
2022-09-08,280109.5213356165,16.615349947311454,111.08318004404939,99983.38465005271
2022-09-09,282448.9331073442,16.615349947311454,111.08318004404939,99983.38465005271
2022-09-13,281664.6858562332,16.615349947311454,111.08318004404939,99983.38465005271
2022-09-14,279427.47061014606,13.292279957849164,111.08450117089535,99986.70772004218
2022-09-15,279389.7018797479,13.292279957849164,111.08450117089535,99986.70772004218
2022-09-16,272250.3009894945,13.292279957849164,111.08450117089535,99986.70772004218
2022-09-19,271403.8370905723,13.292279957849164,111.08450117089535,99986.70772004218
2022-09-20,271185.00062326563,13.292279957849164,111.08450117089535,99986.70772004218
2022-09-21,273415.5774067772,13.292279957849164,111.08450117089535,99986.70772004218
2022-09-22,272380.26985586446,13.292279957849164,111.08450117089535,99986.70772004218
2022-09-23,272072.5657876211,13.292279957849164,111.08450117089535,99986.70772004218
2022-09-26,265907.3759726364,13.292279957849164,111.08450117089535,99986.70772004218
2022-09-27,268672.26920678,13.292279957849164,111.08450117089535,99986.70772004218
2022-09-28,266369.4874975073,13.292279957849164,111.08450117089535,99986.70772004218
2022-09-29,264154.4625441597,13.292279957849164,111.08450117089535,99986.70772004218
2022-09-30,265364.1727619107,13.292279957849164,111.08450117089535,99986.70772004218
2022-10-10,265281.9702310442,13.292279957849164,111.08450117089535,99986.70772004218
2022-10-11,265730.7516157747,13.292279957849164,111.08450117089535,99986.70772004218
2022-10-12,268865.55623881734,13.292279957849164,111.08450117089535,99986.70772004218
2022-10-13,267868.01741830265,13.292279957849164,111.08450117089535,99986.70772004218
2022-10-14,270909.5110603618,13.292279957849164,111.08450117089535,99986.70772004218
2022-10-17,270959.4990858887,13.292279957849164,111.08450117089535,99986.70772004218
2022-10-18,271063.91851698933,13.292279957849164,111.08450117089535,99986.70772004218
2022-10-19,269185.4796021895,13.292279957849164,111.08450117089535,99986.70772004218
2022-10-20,267918.0054438296,13.292279957849164,111.08450117089535,99986.70772004218
2022-10-21,268628.94625132333,13.292279957849164,111.08450117089535,99986.70772004218
2022-10-24,263709.01369446435,13.292279957849164,111.08450117089535,99986.70772004218
2022-10-25,262893.65345587,13.292279957849164,111.08450117089535,99986.70772004218
2022-10-26,263041.3958424273,13.292279957849164,111.08450117089535,99986.70772004218
2022-10-27,264455.5015423328,13.292279957849164,111.08450117089535,99986.70772004218
2022-10-28,259357.83378360036,13.292279957849164,111.08450117089535,99986.70772004218
2022-10-31,256850.6565921733,13.292279957849164,111.08450117089535,99986.70772004218
2022-11-01,259885.48516416212,13.292279957849164,111.08450117089535,99986.70772004218
2022-11-02,260753.0551183068,13.292279957849164,111.08450117089535,99986.70772004218
2022-11-03,259613.32813629345,13.292279957849164,111.08450117089535,99986.70772004218
2022-11-04,262906.9835960105,13.292279957849164,111.08450117089535,99986.70772004218
2022-11-07,263671.24496406625,13.292279957849164,111.08450117089535,99986.70772004218
2022-11-08,263802.32467544795,13.292279957849164,111.08450117089535,99986.70772004218
2022-11-09,263951.17790701694,13.292279957849164,111.08450117089535,99986.70772004218
2022-11-10,264556.5884383983,13.292279957849164,111.08450117089535,99986.70772004218
2022-11-11,268611.172731136,13.292279957849164,111.08450117089535,99986.70772004218
2022-11-14,270260.77757352375,13.292279957849164,111.08450117089535,99986.70772004218
2022-11-15,272149.214093429,13.292279957849164,111.08450117089535,99986.70772004218
2022-11-16,271207.2175234998,13.292279957849164,111.08450117089535,99986.70772004218
2022-11-17,272090.33930780843,13.292279957849164,111.08450117089535,99986.70772004218
2022-11-18,271436.05159591185,13.292279957849164,111.08450117089535,99986.70772004218
2022-11-21,270688.4529030317,13.292279957849164,111.08450117089535,99986.70772004218
2022-11-22,273437.79430701135,13.292279957849164,111.08450117089535,99986.70772004218
2022-11-23,274485.3211530529,13.292279957849164,111.08450117089535,99986.70772004218
2022-11-24,275131.83294986753,13.292279957849164,111.08450117089535,99986.70772004218
2022-11-25,278720.9731826991,13.292279957849164,111.08450117089535,99986.70772004218
2022-11-28,277857.8466086013,13.292279957849164,111.08450117089535,99986.70772004218
2022-11-29,283926.3929075673,13.292279957849164,111.08450117089535,99986.70772004218
2022-11-30,283877.5157270521,13.292279957849164,111.08450117089535,99986.70772004218
2022-12-01,282532.28241787263,13.292279957849164,111.08450117089535,99986.70772004218
2022-12-02,282299.00496541365,13.292279957849164,111.08450117089535,99986.70772004218
2022-12-05,289562.8204969786,13.292279957849164,111.08450117089535,99986.70772004218
2022-12-06,287888.77706433315,13.292279957849164,111.08450117089535,99986.70772004218
2022-12-07,287663.2755269562,13.292279957849164,111.08450117089535,99986.70772004218
2022-12-08,287942.09762489516,13.292279957849164,111.08450117089535,99986.70772004218
2022-12-09,286114.757580634,13.292279957849164,111.08450117089535,99986.70772004218
2022-12-12,283336.53420634987,13.292279957849164,111.08450117089535,99986.70772004218
2022-12-13,284849.5051122974,13.292279957849164,111.08450117089535,99986.70772004218
2022-12-14,283516.4910982467,13.292279957849164,111.08450117089535,99986.70772004218
2022-12-15,281062.63446738163,13.292279957849164,111.08450117089535,99986.70772004218
2022-12-16,283007.72408288403,13.292279957849164,111.08450117089535,99986.70772004218
2022-12-19,277085.80932546355,10.633823966279332,111.08556700470974,99989.36617603374
2022-12-20,274750.7907070246,10.633823966279332,111.08556700470974,99989.36617603374
2022-12-21,275047.3891709271,10.633823966279332,111.08556700470974,99989.36617603374
2022-12-22,273561.0642844041,10.633823966279332,111.08556700470974,99989.36617603374
2022-12-23,272582.4004390926,10.633823966279332,111.08556700470974,99989.36617603374
2022-12-26,272171.3838411752,10.633823966279332,111.08556700470974,99989.36617603374
2022-12-27,275140.70104721107,10.633823966279332,111.08556700470974,99989.36617603374
2022-12-28,275592.8193049202,10.633823966279332,111.08556700470974,99989.36617603374
2022-12-29,274086.4990163364,10.633823966279332,111.08556700470974,99989.36617603374
2022-12-30,276770.32631517015,10.633823966279332,111.08556700470974,99989.36617603374
2023-01-03,278414.3927068399,10.633823966279332,111.08556700470974,99989.36617603374
2023-01-04,280750.5221809489,10.633823966279332,111.08556700470974,99989.36617603374
2023-01-05,280737.19191290834,10.633823966279332,111.08556700470974,99989.36617603374
2023-01-06,279837.3988201702,8.507059173023466,111.0864112873249,99991.492940827
2023-01-09,279892.94202581386,8.507059173023466,111.0864112873249,99991.492940827
2023-01-10,277964.48192586587,8.507059173023466,111.0864112873249,99991.492940827
2023-01-11,278101.1182117493,8.507059173023466,111.0864112873249,99991.492940827
2023-01-12,277830.0673682082,8.507059173023466,111.0864112873249,99991.492940827
2023-01-13,280816.0701036115,8.507059173023466,111.0864112873249,99991.492940827
2023-01-16,282157.9939519624,8.507059173023466,111.0864112873249,99991.492940827
2023-01-17,281507.0275818187,8.507059173023466,111.0864112873249,99991.492940827
2023-01-18,282323.51270478056,8.507059173023466,111.0864112873249,99991.492940827
2023-01-19,283397.718301929,8.507059173023466,111.0864112873249,99991.492940827
2023-01-20,285628.3334405785,8.507059173023466,111.0864112873249,99991.492940827
2023-01-30,285848.28453492734,8.507059173023466,111.0864112873249,99991.492940827
2023-01-31,286001.5837825039,8.507059173023466,111.0864112873249,99991.492940827
2023-02-01,287581.2325510096,8.507059173023466,111.0864112873249,99991.492940827
2023-02-02,286403.716591364,8.507059173023466,111.0864112873249,99991.492940827
2023-02-03,284463.0369861744,8.507059173023466,111.0864112873249,99991.492940827
2023-02-06,283375.5010196715,8.507059173023466,111.0864112873249,99991.492940827
2023-02-07,284717.4248680224,8.507059173023466,111.0864112873249,99991.492940827
2023-02-08,283192.2084410474,8.507059173023466,111.0864112873249,99991.492940827
2023-02-09,285216.2028547025,8.507059173023466,111.0864112873249,99991.492940827
2023-02-10,285754.971949446,8.507059173023466,111.0864112873249,99991.492940827
2023-02-13,286118.22451435553,8.507059173023466,111.0864112873249,99991.492940827
2023-02-14,286610.3373163584,8.507059173023466,111.0864112873249,99991.492940827
2023-02-15,285381.7216075206,8.507059173023466,111.0864112873249,99991.492940827
2023-02-16,283726.5340793395,8.507059173023466,111.0864112873249,99991.492940827
2023-02-17,283110.0044966948,8.507059173023466,111.0864112873249,99991.492940827
2023-02-20,288561.01469856384,8.507059173023466,111.0864112873249,99991.492940827
2023-02-21,290463.9249239157,8.507059173023466,111.0864112873249,99991.492940827
2023-02-22,290177.3219827944,8.507059173023466,111.0864112873249,99991.492940827
2023-02-23,290802.7384783421,8.507059173023466,111.0864112873249,99991.492940827
2023-02-24,289984.0316271545,8.507059173023466,111.0864112873249,99991.492940827
2023-02-27,288850.9502320237,8.507059173023466,111.0864112873249,99991.492940827
2023-02-28,290858.2816839857,8.507059173023466,111.0864112873249,99991.492940827
2023-03-01,293055.570899249,8.507059173023466,111.0864112873249,99991.492940827
2023-03-02,294788.5189153313,8.507059173023466,111.0864112873249,99991.492940827
2023-03-03,297716.7567168651,8.507059173023466,111.0864112873249,99991.492940827
2023-03-06,297570.1226539659,8.507059173023466,111.0864112873249,99991.492940827
2023-03-07,296614.7795168949,8.507059173023466,111.0864112873249,99991.492940827
2023-03-08,296705.87037415046,8.507059173023466,111.0864112873249,99991.492940827
2023-03-09,296106.0037531989,8.507059173023466,111.0864112873249,99991.492940827
2023-03-10,291399.27250695496,8.507059173023466,111.0864112873249,99991.492940827
2023-03-13,295762.7467423211,8.507059173023466,111.0864112873249,99991.492940827
2023-03-14,293527.6881472202,8.507059173023466,111.0864112873249,99991.492940827
2023-03-15,297755.63696081575,8.507059173023466,111.0864112873249,99991.492940827
2023-03-16,297166.8789809929,8.507059173023466,111.0864112873249,99991.492940827
2023-03-17,299918.4893885799,8.507059173023466,111.0864112873249,99991.492940827
2023-03-20,298773.1884882076,8.507059173023466,111.0864112873249,99991.492940827
2023-03-21,298581.00899668055,8.507059173023466,111.0864112873249,99991.492940827
2023-03-22,300392.8283647768,8.507059173023466,111.0864112873249,99991.492940827
2023-03-23,301096.00534822553,8.507059173023466,111.0864112873249,99991.492940827
2023-03-24,297994.47274508345,8.507059173023466,111.0864112873249,99991.492940827
2023-03-27,294816.2905181531,8.507059173023466,111.0864112873249,99991.492940827
2023-03-28,296482.586687463,8.507059173023466,111.0864112873249,99991.492940827
2023-03-29,294777.4102742025,8.507059173023466,111.0864112873249,99991.492940827
2023-03-30,295465.03516007104,8.507059173023466,111.0864112873249,99991.492940827
2023-03-31,296541.46248544526,8.507059173023466,111.0864112873249,99991.492940827
2023-04-03,298636.5522023242,8.507059173023466,111.0864112873249,99991.492940827
2023-04-04,302201.3151405345,8.507059173023466,111.0864112873249,99991.492940827
2023-04-06,300651.65970307624,8.507059173023466,111.0864112873249,99991.492940827
2023-04-07,300393.9392288897,8.507059173023466,111.0864112873249,99991.492940827
2023-04-10,300255.08121478057,8.507059173023466,111.0864112873249,99991.492940827
2023-04-11,302646.77164979663,8.507059173023466,111.0864112873249,99991.492940827
2023-04-12,306942.48317427747,8.507059173023466,111.0864112873249,99991.492940827
2023-04-13,306841.394540006,8.507059173023466,111.0864112873249,99991.492940827
2023-04-14,307182.4298226581,8.507059173023466,111.0864112873249,99991.492940827
2023-04-17,311462.58924955875,8.507059173023466,111.0864112873249,99991.492940827
2023-04-18,313087.78344669234,8.507059173023466,111.0864112873249,99991.492940827
2023-04-19,312782.2958156522,8.507059173023466,111.0864112873249,99991.492940827
2023-04-20,314985.1393514798,8.507059173023466,111.0864112873249,99991.492940827
2023-04-21,311538.1280092341,8.507059173023466,111.0864112873249,99991.492940827
2023-04-24,313117.77677773987,8.507059173023466,111.0864112873249,99991.492940827
2023-04-25,316073.7861820956,8.507059173023466,111.0864112873249,99991.492940827
2023-04-26,315960.4780425825,8.507059173023466,111.0864112873249,99991.492940827
2023-04-27,319157.54495943175,8.507059173023466,111.0864112873249,99991.492940827
2023-04-28,325108.44401209377,8.507059173023466,111.0864112873249,99991.492940827
2023-05-04,336933.59249362943,8.507059173023466,111.0864112873249,99991.492940827
2023-05-05,338405.4874431865,8.507059173023466,111.0864112873249,99991.492940827
2023-05-08,347441.25613729755,8.507059173023466,111.0864112873249,99991.492940827
2023-05-09,342361.2745491282,8.507059173023466,111.0864112873249,99991.492940827
2023-05-10,335021.7953553746,8.507059173023466,111.0864112873249,99991.492940827
2023-05-11,333181.0935203436,8.507059173023466,111.0864112873249,99991.492940827
2023-05-12,330359.4986736456,8.507059173023466,111.0864112873249,99991.492940827
2023-05-15,329759.63205269404,8.507059173023466,111.0864112873249,99991.492940827
2023-05-16,326733.6382092273,8.507059173023466,111.0864112873249,99991.492940827
2023-05-17,326329.28367214144,8.507059173023466,111.0864112873249,99991.492940827
2023-05-18,329053.12247690663,8.507059173023466,111.0864112873249,99991.492940827
2023-05-19,323723.1964633408,8.507059173023466,111.0864112873249,99991.492940827
2023-05-22,322881.16146578285,8.507059173023466,111.0864112873249,99991.492940827
2023-05-23,317678.98482519743,8.507059173023466,111.0864112873249,99991.492940827
2023-05-24,313063.34443620907,8.507059173023466,111.0864112873249,99991.492940827
2023-05-25,312051.34722938156,8.507059173023466,111.0864112873249,99991.492940827
2023-05-26,315573.8973313026,8.507059173023466,111.0864112873249,99991.492940827
2023-05-29,318704.31240137946,8.507059173023466,111.0864112873249,99991.492940827
2023-05-30,319788.5157755437,8.507059173023466,111.0864112873249,99991.492940827
2023-05-31,318451.03538364434,8.507059173023466,111.0864112873249,99991.492940827
2023-06-01,318838.7269590371,8.507059173023466,111.0864112873249,99991.492940827
2023-06-02,318512.1329098524,8.507059173023466,111.0864112873249,99991.492940827
2023-06-05,321096.0028363955,8.507059173023466,111.0864112873249,99991.492940827
2023-06-06,318907.60053403524,8.507059173023466,111.0864112873249,99991.492940827
2023-06-07,321955.81165975943,8.507059173023466,111.0864112873249,99991.492940827
2023-06-08,324448.590729047,8.507059173023466,111.0864112873249,99991.492940827
2023-06-09,324618.5529383166,8.507059173023466,111.0864112873249,99991.492940827
2023-06-12,321658.1000775094,8.507059173023466,111.0864112873249,99991.492940827
2023-06-13,320476.14066141227,8.507059173023466,111.0864112873249,99991.492940827
2023-06-14,318233.3060175212,8.507059173023466,111.0864112873249,99991.492940827
2023-06-15,318218.8647840539,8.507059173023466,111.0864112873249,99991.492940827
2023-06-16,317680.0956893103,8.507059173023466,111.0864112873249,99991.492940827
2023-06-19,313933.1510365888,8.507059173023466,111.0864112873249,99991.492940827
2023-06-20,311710.3119467295,8.507059173023466,111.0864112873249,99991.492940827
2023-06-21,308942.03857744933,8.507059173023466,111.0864112873249,99991.492940827
2023-06-26,304062.01252959715,8.507059173023466,111.0864112873249,99991.492940827
2023-06-27,309471.9207592899,8.507059173023466,111.0864112873249,99991.492940827
2023-06-28,310166.2108298357,8.507059173023466,111.0864112873249,99991.492940827
2023-06-29,309705.20222299325,8.507059173023466,111.0864112873249,99991.492940827
2023-06-30,310739.4167120782,8.507059173023466,111.0864112873249,99991.492940827
2023-07-03,314040.9048555376,8.507059173023466,111.0864112873249,99991.492940827
2023-07-04,312109.112163251,8.507059173023466,111.0864112873249,99991.492940827
2023-07-05,310997.13718626485,8.507059173023466,111.0864112873249,99991.492940827
2023-07-06,308977.5862290613,8.507059173023466,111.0864112873249,99991.492940827
2023-07-07,310024.0202233879,8.507059173023466,111.0864112873249,99991.492940827
2023-07-10,310578.3414157116,8.507059173023466,111.0864112873249,99991.492940827
2023-07-11,311297.0704967406,8.507059173023466,111.0864112873249,99991.492940827
2023-07-12,309066.4553580911,8.507059173023466,111.0864112873249,99991.492940827
2023-07-13,312618.99879105977,8.507059173023466,111.0864112873249,99991.492940827
2023-07-14,312285.7395571978,8.507059173023466,111.0864112873249,99991.492940827
2023-07-17,310810.51201530214,8.507059173023466,111.0864112873249,99991.492940827
2023-07-18,309904.04689919756,8.507059173023466,111.0864112873249,99991.492940827
2023-07-19,311440.3719673013,8.507059173023466,111.0864112873249,99991.492940827
2023-07-20,309118.6659713962,8.507059173023466,111.0864112873249,99991.492940827
2023-07-21,309319.7323758262,8.507059173023466,111.0864112873249,99991.492940827
2023-07-24,309720.7543205735,8.507059173023466,111.0864112873249,99991.492940827
2023-07-25,314077.56337126234,8.507059173023466,111.0864112873249,99991.492940827
2023-07-26,313868.7209180422,8.507059173023466,111.0864112873249,99991.492940827
2023-07-27,314375.27495351236,8.507059173023466,111.0864112873249,99991.492940827
2023-07-28,320122.8858735186,8.507059173023466,111.0864112873249,99991.492940827
2023-07-31,323011.13256698905,8.507059173023466,111.0864112873249,99991.492940827
2023-08-01,323282.1834105301,8.507059173023466,111.0864112873249,99991.492940827
2023-08-02,320153.99006867904,8.507059173023466,111.0864112873249,99991.492940827
2023-08-03,321746.9692065393,8.507059173023466,111.0864112873249,99991.492940827
2023-08-04,321791.40377105423,8.507059173023466,111.0864112873249,99991.492940827
2023-08-07,319288.62692475074,8.507059173023466,111.0864112873249,99991.492940827
2023-08-08,319278.62914773496,8.507059173023466,111.0864112873249,99991.492940827
2023-08-09,317731.1954385025,8.507059173023466,111.0864112873249,99991.492940827
2023-08-10,318201.09095824783,8.507059173023466,111.0864112873249,99991.492940827
2023-08-11,312697.8701430738,8.507059173023466,111.0864112873249,99991.492940827
2023-08-14,312184.6509229264,8.507059173023466,111.0864112873249,99991.492940827
2023-08-15,314578.5630861682,8.507059173023466,111.0864112873249,99991.492940827
2023-08-16,313693.2043882082,8.507059173023466,111.0864112873249,99991.492940827
2023-08-17,313498.8031684554,8.507059173023466,111.0864112873249,99991.492940827
2023-08-18,312521.2427491269,8.507059173023466,111.0864112873249,99991.492940827
2023-08-21,309499.6923621117,8.507059173023466,111.0864112873249,99991.492940827
2023-08-22,312129.10771728266,8.507059173023466,111.0864112873249,99991.492940827
2023-08-23,311164.8776673087,8.507059173023466,111.0864112873249,99991.492940827
2023-08-24,308740.97217301925,8.507059173023466,111.0864112873249,99991.492940827
2023-08-25,309781.8518467815,8.507059173023466,111.0864112873249,99991.492940827
2023-08-28,313659.878464822,8.507059173023466,111.0864112873249,99991.492940827
2023-08-29,312674.5419967034,8.507059173023466,111.0864112873249,99991.492940827
2023-08-30,308717.64402664895,8.507059173023466,111.0864112873249,99991.492940827
2023-08-31,306840.28367589315,8.507059173023466,111.0864112873249,99991.492940827
2023-09-01,308742.0830371321,8.507059173023466,111.0864112873249,99991.492940827
2023-09-04,313045.57061040314,8.507059173023466,111.0864112873249,99991.492940827
2023-09-05,309812.956041942,8.507059173023466,111.0864112873249,99991.492940827
2023-09-06,309801.84740081325,8.507059173023466,111.0864112873249,99991.492940827
2023-09-07,308637.6618105221,8.507059173023466,111.0864112873249,99991.492940827
2023-09-08,307834.50705691474,8.507059173023466,111.0864112873249,99991.492940827
2023-09-11,310969.365583443,8.507059173023466,111.0864112873249,99991.492940827
2023-09-12,310699.42560401483,8.507059173023466,111.0864112873249,99991.492940827
2023-09-13,310582.7848721631,8.507059173023466,111.0864112873249,99991.492940827
2023-09-14,313179.9851680608,8.507059173023466,111.0864112873249,99991.492940827
2023-09-15,312365.7217733247,8.507059173023466,111.0864112873249,99991.492940827
2023-09-18,312485.695097515,8.507059173023466,111.0864112873249,99991.492940827
2023-09-19,313972.0312805394,8.507059173023466,111.0864112873249,99991.492940827
2023-09-20,314307.51224262716,8.507059173023466,111.0864112873249,99991.492940827
2023-09-21,312293.5156059879,8.507059173023466,111.0864112873249,99991.492940827
2023-09-22,314811.8445498716,8.507059173023466,111.0864112873249,99991.492940827
2023-09-25,314506.3569188315,8.507059173023466,111.0864112873249,99991.492940827
2023-09-26,313678.76315474085,8.507059173023466,111.0864112873249,99991.492940827
2023-09-27,313091.1160390309,8.507059173023466,111.0864112873249,99991.492940827
2023-09-28,313161.1004781419,8.507059173023466,111.0864112873249,99991.492940827
2023-10-09,311427.0415979468,8.507059173023466,111.0864112873249,99991.492940827
2023-10-10,308404.38034681865,8.507059173023466,111.0864112873249,99991.492940827
2023-10-11,307824.50927989883,8.507059173023466,111.0864112873249,99991.492940827
2023-10-12,310856.05744392995,8.507059173023466,111.0864112873249,99991.492940827
2023-10-13,310203.98020967335,8.507059173023466,111.0864112873249,99991.492940827
2023-10-16,310900.49200844485,8.507059173023466,111.0864112873249,99991.492940827
2023-10-17,311898.04798180505,8.507059173023466,111.0864112873249,99991.492940827
2023-10-18,308948.70376212656,8.507059173023466,111.0864112873249,99991.492940827
2023-10-19,303449.926403404,8.507059173023466,111.0864112873249,99991.492940827
2023-10-20,302260.19093851675,8.507059173023466,111.0864112873249,99991.492940827
2023-10-23,298231.08680112544,6.805647338418773,111.08704505467743,99993.1943526616
2023-10-24,300107.3469920989,6.805647338418773,111.08704505467743,99993.1943526616
2023-10-25,301374.8501761728,6.805647338418773,111.08704505467743,99993.1943526616
2023-10-26,303979.84138270497,6.805647338418773,111.08704505467743,99993.1943526616
2023-10-27,306026.06475261215,6.805647338418773,111.08704505467743,99993.1943526616
2023-10-30,302359.08139535727,6.805647338418773,111.08704505467743,99993.1943526616
2023-10-31,302622.35769213684,6.805647338418773,111.08704505467743,99993.1943526616
2023-11-01,302482.3880153679,6.805647338418773,111.08704505467743,99993.1943526616
2023-11-02,303107.80807902577,6.805647338418773,111.08704505467743,99993.1943526616
2023-11-03,302188.007345973,6.805647338418773,111.08704505467743,99993.1943526616
2023-11-06,302772.32520296064,6.805647338418773,111.08704505467743,99993.1943526616
2023-11-07,302227.9986821927,6.805647338418773,111.08704505467743,99993.1943526616
2023-11-08,301865.85491531447,6.805647338418773,111.08704505467743,99993.1943526616
2023-11-09,302181.34212326974,6.805647338418773,111.08704505467743,99993.1943526616
2023-11-10,300842.7432303609,5.444517870735018,111.08754766700399,99994.55548212928
2023-11-13,300938.2785213545,5.444517870735018,111.08754766700399,99994.55548212928
2023-11-14,301142.6796090618,5.444517870735018,111.08754766700399,99994.55548212928
2023-11-15,302613.478740173,5.444517870735018,111.08754766700399,99994.55548212928
2023-11-16,302231.33757619845,5.444517870735018,111.08754766700399,99994.55548212928
2023-11-17,301781.43300814705,4.355614296588014,111.08794850614399,99995.64438570342
2023-11-20,302694.5759448676,4.355614296588014,111.08794850614399,99995.64438570342
2023-11-21,303558.8401842454,4.355614296588014,111.08794850614399,99995.64438570342
2023-11-22,302865.65138556703,4.355614296588014,111.08794850614399,99995.64438570342
2023-11-23,304430.8805800186,4.355614296588014,111.08794850614399,99995.64438570342
2023-11-24,304676.3849462172,4.355614296588014,111.08794850614399,99995.64438570342
2023-11-27,303083.3837646391,4.355614296588014,111.08794850614399,99995.64438570342
2023-11-28,302757.89607551607,3.484491437270411,111.0882681432032,99996.51550856273
2023-11-29,300333.9500646314,3.484491437270411,111.0882681432032,99996.51550856273
2023-11-30,301515.9292376751,3.484491437270411,111.0882681432032,99996.51550856273
2023-12-01,302970.07466766966,3.484491437270411,111.0882681432032,99996.51550856273
2023-12-04,303368.8815503037,3.484491437270411,111.0882681432032,99996.51550856273
2023-12-05,299595.21308147913,3.484491437270411,111.0882681432032,99996.51550856273
2023-12-06,298725.3919419178,3.484491437270411,111.0882681432032,99996.51550856273
2023-12-07,299201.9606122522,3.484491437270411,111.0882681432032,99996.51550856273
2023-12-08,298548.76159557013,3.484491437270411,111.0882681432032,99996.51550856273
2023-12-11,301442.6109807006,3.484491437270411,111.0882681432032,99996.51550856273
2023-12-12,303737.69460053917,3.484491437270411,111.0882681432032,99996.51550856273
2023-12-13,302205.78738284437,3.484491437270411,111.0882681432032,99996.51550856273
2023-12-14,301811.424030936,3.484491437270411,111.0882681432032,99996.51550856273
2023-12-15,299666.30957309075,3.484491437270411,111.0882681432032,99996.51550856273
2023-12-18,299258.6156290052,3.484491437270411,111.0882681432032,99996.51550856273
2023-12-19,298474.3324559142,3.484491437270411,111.0882681432032,99996.51550856273
2023-12-20,297127.9426460186,3.484491437270411,111.0882681432032,99996.51550856273
2023-12-21,297827.7987353207,3.484491437270411,111.0882681432032,99996.51550856273
2023-12-22,297377.8912493408,3.484491437270411,111.0882681432032,99996.51550856273
2023-12-25,296957.97759575944,3.484491437270411,111.0882681432032,99996.51550856273
2023-12-26,296384.7621321405,3.484491437270411,111.0882681432032,99996.51550856273
2023-12-27,298241.0470928135,3.484491437270411,111.0882681432032,99996.51550856273
2023-12-28,298554.3160089773,3.484491437270411,111.0882681432032,99996.51550856273
2023-12-29,299790.7284334111,3.484491437270411,111.0882681432032,99996.51550856273
