日期,市值,持仓
2009-12-31,100000.0,0
2010-01-04,100000.0,0
2010-01-05,100000.0,0
2010-01-06,100000.0,0
2010-01-07,100000.0,0
2010-01-08,100000.0,0
2010-01-11,100000.0,0
2010-01-12,100000.0,0
2010-01-13,100000.0,0
2010-01-14,100000.0,0
2010-01-15,100000.0,0
2010-01-18,100000.0,0
2010-01-19,100000.0,0
2010-01-20,100000.0,0
2010-01-21,100000.0,0
2010-01-22,100000.0,0
2010-01-25,100000.0,0
2010-01-26,100000.0,0
2010-01-27,100000.0,0
2010-01-28,100000.0,0
2010-01-29,100000.0,0
2010-02-01,100000.0,0
2010-02-02,100000.0,0
2010-02-03,100000.0,0
2010-02-04,100000.0,0
2010-02-05,100000.0,0
2010-02-08,100000.0,0
2010-02-09,100000.0,0
2010-02-10,100000.0,0
2010-02-11,100000.0,0
2010-02-12,100000.0,0
2010-02-22,100000.0,0
2010-02-23,100000.0,0
2010-02-24,100000.0,0
2010-02-25,100000.0,0
2010-02-26,100000.0,0
2010-03-01,100000.0,0
2010-03-02,100000.0,0
2010-03-03,100000.0,0
2010-03-04,100000.0,0
2010-03-05,100000.0,0
2010-03-08,100000.0,0
2010-03-09,100000.0,0
2010-03-10,100000.0,0
2010-03-11,100000.0,0
2010-03-12,100000.0,0
2010-03-15,100000.0,0
2010-03-16,100000.0,0
2010-03-17,100000.0,0
2010-03-18,100000.0,0
2010-03-19,100000.0,0
2010-03-22,100000.0,0
2010-03-23,100000.0,0
2010-03-24,100000.0,0
2010-03-25,100000.0,0
2010-03-26,100000.0,0
2010-03-29,100000.0,0
2010-03-30,100000.0,0
2010-03-31,100000.0,0
2010-04-01,100000.0,0
2010-04-02,100000.0,0
2010-04-06,100000.0,0
2010-04-07,100000.0,0
2010-04-08,100000.0,0
2010-04-09,100000.0,0
2010-04-12,100000.0,0
2010-04-13,100000.0,0
2010-04-14,100000.0,0
2010-04-15,100000.0,0
2010-04-16,100000.0,0
2010-04-19,100000.0,0
2010-04-20,100000.0,0
2010-04-21,100000.0,0
2010-04-22,100000.0,0
2010-04-23,100000.0,0
2010-04-26,100000.0,0
2010-04-27,100000.0,0
2010-04-28,100000.0,0
2010-04-29,100000.0,0
2010-04-30,100000.0,0
2010-05-04,100000.0,0
2010-05-05,100000.0,0
2010-05-06,100000.0,0
2010-05-07,100000.0,0
2010-05-10,100000.0,0
2010-05-11,100000.0,0
2010-05-12,100000.0,0
2010-05-13,100000.0,0
2010-05-14,100000.0,0
2010-05-17,100000.0,0
2010-05-18,100000.0,0
2010-05-19,100000.0,0
2010-05-20,100000.0,0
2010-05-21,100000.0,0
2010-05-24,100000.0,0
2010-05-25,100000.0,0
2010-05-26,100000.0,0
2010-05-27,100000.0,0
2010-05-28,100000.0,0
2010-05-31,100000.0,0
2010-06-01,100000.0,0
2010-06-02,100000.0,0
2010-06-03,100000.0,0
2010-06-04,100000.0,0
2010-06-07,100000.0,0
2010-06-08,100000.0,0
2010-06-09,100000.0,0
2010-06-10,100000.0,0
2010-06-11,100000.0,0
2010-06-17,100000.0,0
2010-06-18,100000.0,0
2010-06-21,100000.0,0
2010-06-22,100000.0,0
2010-06-23,100000.0,0
2010-06-24,100000.0,0
2010-06-25,100000.0,0
2010-06-28,100000.0,0
2010-06-29,100000.0,0
2010-06-30,100000.0,0
2010-07-01,100000.0,0
2010-07-02,100000.0,0
2010-07-05,100000.0,0
2010-07-06,100000.0,0
2010-07-07,100000.0,0
2010-07-08,100000.0,0
2010-07-09,100000.0,0
2010-07-12,100000.0,0
2010-07-13,100000.0,0
2010-07-14,100000.0,0
2010-07-15,100000.0,0
2010-07-16,100000.0,0
2010-07-19,100000.0,0
2010-07-20,100000.0,0
2010-07-21,100000.0,0
2010-07-22,100000.0,0
2010-07-23,100000.0,0
2010-07-26,100000.0,0
2010-07-27,100000.0,0
2010-07-28,100000.0,0
2010-07-29,100000.0,0
2010-07-30,100000.0,0
2010-08-02,100000.0,0
2010-08-03,100000.0,0
2010-08-04,100000.0,0
2010-08-05,100000.0,0
2010-08-06,100000.0,0
2010-08-09,100000.0,0
2010-08-10,100000.0,0
2010-08-11,100000.0,0
2010-08-12,100000.0,0
2010-08-13,100000.0,0
2010-08-16,100000.0,0
2010-08-17,100000.0,0
2010-08-18,100000.0,0
2010-08-19,100000.0,0
2010-08-20,100000.0,0
2010-08-23,100000.0,0
2010-08-24,100000.0,0
2010-08-25,100000.0,0
2010-08-26,100000.0,0
2010-08-27,100000.0,0
2010-08-30,100000.0,0
2010-08-31,100000.0,0
2010-09-01,100000.0,0
2010-09-02,100000.0,0
2010-09-03,100000.0,0
2010-09-06,100000.0,0
2010-09-07,100000.0,0
2010-09-08,100000.0,0
2010-09-09,100000.0,0
2010-09-10,100000.0,0
2010-09-13,100000.0,0
2010-09-14,100000.0,0
2010-09-15,100000.0,0
2010-09-16,100000.0,0
2010-09-17,100000.0,0
2010-09-20,100000.0,0
2010-09-21,100000.0,0
2010-09-27,100000.0,0
2010-09-28,100000.0,0
2010-09-29,100000.0,0
2010-09-30,100000.0,0
2010-10-08,100000.0,0
2010-10-11,100000.0,0
2010-10-12,100000.0,0
2010-10-13,100000.0,0
2010-10-14,100000.0,0
2010-10-15,100000.0,0
2010-10-18,100000.0,0
2010-10-19,100000.0,0
2010-10-20,100000.0,0
2010-10-21,100000.0,0
2010-10-22,100000.0,0
2010-10-25,100000.0,0
2010-10-26,100000.0,0
2010-10-27,100000.0,0
2010-10-28,100000.0,0
2010-10-29,100000.0,0
2010-11-01,100000.0,0
2010-11-02,100000.0,0
2010-11-03,100000.0,0
2010-11-04,100000.0,0
2010-11-05,100000.0,0
2010-11-08,100000.0,0
2010-11-09,100000.0,0
2010-11-10,100000.0,0
2010-11-11,100000.0,0
2010-11-12,100000.0,0
2010-11-15,100000.0,0
2010-11-16,100000.0,0
2010-11-17,100000.0,0
2010-11-18,100000.0,0
2010-11-19,100000.0,0
2010-11-22,100000.0,0
2010-11-23,100000.0,0
2010-11-24,100000.0,0
2010-11-25,100000.0,0
2010-11-26,100000.0,0
2010-11-29,100000.0,0
2010-11-30,100000.0,0
2010-12-01,100000.0,0
2010-12-02,100000.0,0
2010-12-03,100000.0,0
2010-12-06,100000.0,0
2010-12-07,100000.0,0
2010-12-08,100000.0,0
2010-12-09,100000.0,0
2010-12-10,100000.0,0
2010-12-13,100000.0,0
2010-12-14,100000.0,0
2010-12-15,100000.0,0
2010-12-16,100000.0,0
2010-12-17,100000.0,0
2010-12-20,100000.0,0
2010-12-21,100000.0,0
2010-12-22,100000.0,0
2010-12-23,100000.0,0
2010-12-24,100000.0,0
2010-12-27,100000.0,0
2010-12-28,100000.0,0
2010-12-29,100000.0,0
2010-12-30,100000.0,0
2010-12-31,100000.0,0
2011-01-04,100000.0,0
2011-01-05,100000.0,0
2011-01-06,100000.0,0
2011-01-07,100000.0,0
2011-01-10,100000.0,0
2011-01-11,100000.0,0
2011-01-12,100000.0,0
2011-01-13,100000.0,0
2011-01-14,100000.0,0
2011-01-17,100000.0,1
2011-01-18,100350.7764261831,1
2011-01-19,102055.4267779852,1
2011-01-20,99056.39090032617,1
2011-01-21,100144.61835114566,1
2011-01-24,99259.471989169,1
2011-01-25,99140.49518964492,1
2011-01-26,100067.69369628096,1
2011-01-27,101327.20671193255,1
2011-01-28,101781.57500666681,1
2011-01-31,102954.93240886992,1
2011-02-01,102730.31241666496,1
2011-02-09,102163.1212947958,1
2011-02-10,104296.49838971056,1
2011-02-11,105178.56776549263,1
2011-02-14,107667.8495969148,1
2011-02-15,107360.15097745595,1
2011-02-16,108607.35604832921,0
2011-02-17,108607.35604832921,0
2011-02-18,108607.35604832921,0
2011-02-21,108607.35604832921,0
2011-02-22,108607.35604832921,0
2011-02-23,108607.35604832921,0
2011-02-24,108607.35604832921,0
2011-02-25,108607.35604832921,0
2011-02-28,108607.35604832921,0
2011-03-01,108607.35604832921,0
2011-03-02,108607.35604832921,0
2011-03-03,108607.35604832921,0
2011-03-04,108607.35604832921,0
2011-03-07,108607.35604832921,0
2011-03-08,108607.35604832921,0
2011-03-09,108607.35604832921,0
2011-03-10,108607.35604832921,0
2011-03-11,108607.35604832921,0
2011-03-14,108607.35604832921,0
2011-03-15,108607.35604832921,0
2011-03-16,108607.35604832921,0
2011-03-17,108607.35604832921,0
2011-03-18,108607.35604832921,0
2011-03-21,108607.35604832921,0
2011-03-22,108607.35604832921,0
2011-03-23,108607.35604832921,0
2011-03-24,108607.35604832921,0
2011-03-25,108607.35604832921,0
2011-03-28,108607.35604832921,0
2011-03-29,108607.35604832921,0
2011-03-30,108607.35604832921,0
2011-03-31,108607.35604832921,0
2011-04-01,108607.35604832921,0
2011-04-06,108607.35604832921,0
2011-04-07,108607.35604832921,0
2011-04-08,108607.35604832921,0
2011-04-11,108607.35604832921,0
2011-04-12,108607.35604832921,0
2011-04-13,108607.35604832921,0
2011-04-14,108607.35604832921,0
2011-04-15,108607.35604832921,0
2011-04-18,108607.35604832921,0
2011-04-19,108607.35604832921,0
2011-04-20,108607.35604832921,0
2011-04-21,108607.35604832921,0
2011-04-22,108607.35604832921,0
2011-04-25,108607.35604832921,0
2011-04-26,108607.35604832921,0
2011-04-27,108607.35604832921,0
2011-04-28,108607.35604832921,0
2011-04-29,108607.35604832921,0
2011-05-03,108607.35604832921,0
2011-05-04,108607.35604832921,0
2011-05-05,108607.35604832921,0
2011-05-06,108607.35604832921,0
2011-05-09,108607.35604832921,0
2011-05-10,108607.35604832921,0
2011-05-11,108607.35604832921,0
2011-05-12,108607.35604832921,0
2011-05-13,108607.35604832921,0
2011-05-16,108607.35604832921,0
2011-05-17,108607.35604832921,0
2011-05-18,108607.35604832921,0
2011-05-19,108607.35604832921,0
2011-05-20,108607.35604832921,0
2011-05-23,108607.35604832921,0
2011-05-24,108607.35604832921,0
2011-05-25,108607.35604832921,0
2011-05-26,108607.35604832921,1
2011-05-27,107097.03551224171,1
2011-05-30,106275.09974961175,1
2011-05-31,108093.78191923547,1
2011-06-01,108519.40783594742,1
2011-06-02,106585.63294394751,1
2011-06-03,107948.28734566558,1
2011-06-07,108384.77106637528,1
2011-06-08,108475.97661995639,1
2011-06-09,106190.40887842928,1
2011-06-10,106404.30761718503,1
2011-06-13,105981.93904167242,1
2011-06-14,107184.9837246235,1
2011-06-15,106000.3973084686,1
2011-06-16,103943.92923129408,1
2011-06-17,102916.7809731066,1
2011-06-20,101862.48820492472,1
2011-06-21,103189.31185345021,1
2011-06-22,102836.43322352321,1
2011-06-23,104346.75375961073,1
2011-06-24,106674.66693672909,1
2011-06-27,107150.2387518307,1
2011-06-28,107053.60429625069,1
2011-06-29,105777.81232651466,1
2011-06-30,106898.33769908281,1
2011-07-01,106829.93353389697,1
2011-07-04,109088.35676542971,1
2011-07-05,109173.04763661217,1
2011-07-06,108858.17132067733,1
2011-07-07,108659.47350751843,1
2011-07-08,108735.47813550271,0
2011-07-11,108735.47813550271,1
2011-07-12,107401.83711281647,1
2011-07-13,108915.81663816555,1
2011-07-14,109171.7461299685,1
2011-07-15,109711.68176668357,1
2011-07-18,109676.04601466037,1
2011-07-19,108338.08550688042,1
2011-07-20,108427.71482257513,1
2011-07-21,107622.13085259622,1
2011-07-22,107865.10188911801,1
2011-07-25,104689.20047395992,1
2011-07-26,105056.35670692618,1
2011-07-27,105929.97256713118,1
2011-07-28,105139.50679498029,1
2011-07-29,105052.03722183246,1
2011-08-01,105130.86782479285,1
2011-08-02,104176.2616190806,1
2011-08-03,104227.0155689318,1
2011-08-04,104464.58724908644,1
2011-08-05,102520.81895691216,1
2011-08-08,98396.7905636824,1
2011-08-09,98531.77447286117,1
2011-08-10,99417.26891707389,1
2011-08-11,101133.18437055442,1
2011-08-12,101799.46494626082,1
2011-08-15,103248.6521952041,1
2011-08-16,102566.17355039623,1
2011-08-17,102126.66594211016,1
2011-08-18,100555.45323926928,1
2011-08-19,99866.49536682083,1
2011-08-22,99155.9400689038,1
2011-08-23,100580.29027855817,1
2011-08-24,100249.84966888855,1
2011-08-25,102782.14780508226,1
2011-08-26,102622.3268566146,1
2011-08-29,101512.21918752839,1
2011-08-30,101062.99273778146,1
2011-08-31,101014.39853047709,1
2011-09-01,100448.5459831997,1
2011-09-02,99298.48307699658,1
2011-09-05,97524.25457475083,1
2011-09-06,96853.6545139507,1
2011-09-07,98885.97225054626,1
2011-09-08,98023.15510307557,1
2011-09-09,97719.71127524169,1
2011-09-13,96625.80167525694,1
2011-09-14,97175.4561534329,1
2011-09-15,97070.70863991017,1
2011-09-16,97107.42426320679,1
2011-09-19,95320.23730567988,1
2011-09-20,95747.86632995823,1
2011-09-21,97985.3596085055,1
2011-09-22,95630.16036115434,1
2011-09-23,95045.95000222862,1
2011-09-26,93632.39850530855,1
2011-09-27,94446.62144547488,1
2011-09-28,93313.83647964665,1
2011-09-29,92076.30400029568,1
2011-09-30,91900.28498272657,1
2011-10-10,91388.42599912068,1
2011-10-11,91308.51552488685,1
2011-10-12,93946.64104587672,1
2011-10-13,94671.23467034836,1
2011-10-14,94453.10067311546,1
2011-10-17,94905.56673668271,1
2011-10-18,92608.68053809677,1
2011-10-19,92341.95233355951,1
2011-10-20,90249.16180565188,1
2011-10-21,89978.11411602091,1
2011-10-24,91854.93038924251,1
2011-10-25,93402.38592406793,1
2011-10-26,94022.23203501683,1
2011-10-27,94697.15158091068,1
2011-10-28,96189.53368079117,1
2011-10-31,96176.57522551,1
2011-11-01,96233.80840300179,1
2011-11-02,97652.75925628902,1
2011-11-03,97903.28939172481,1
2011-11-04,98297.44240652682,1
2011-11-07,97861.17441206104,1
2011-11-08,97404.38886340009,1
2011-11-09,98150.57991334032,0
2011-11-10,98150.57991334032,1
2011-11-11,98131.97254583957,0
2011-11-14,98131.97254583957,1
2011-11-15,98293.08762521476,0
2011-11-16,98293.08762521476,1
2011-11-17,98151.46284381332,1
2011-11-18,96375.11481042157,1
2011-11-21,96468.43346483338,1
2011-11-22,96477.2163970133,1
2011-11-23,95926.0874027224,1
2011-11-24,96087.47378152871,1
2011-11-25,95396.91573888135,1
2011-11-28,95805.3220852483,1
2011-11-29,96787.91262287849,1
2011-11-30,93751.21382166613,1
2011-12-01,95563.79145030012,1
2011-12-02,94275.99401941721,1
2011-12-05,92738.98088792867,1
2011-12-06,92632.48783524697,1
2011-12-07,92892.68220107752,1
2011-12-08,92826.810209728,1
2011-12-09,92325.08520894925,1
2011-12-12,91682.83329329155,1
2011-12-13,89969.06365168182,1
2011-12-14,89197.26348637008,1
2011-12-15,87997.29537728651,1
2011-12-16,89747.29461413847,1
2011-12-19,89748.39248066096,1
2011-12-20,89415.73892434595,1
2011-12-21,88311.28520271917,1
2011-12-22,87969.84871422422,1
2011-12-23,88539.64143939747,1
2011-12-26,88143.31162477793,1
2011-12-27,86632.6472898292,1
2011-12-28,85971.73164328912,1
2011-12-29,85915.74045064204,1
2011-12-30,87068.50029925845,1
2012-01-04,85588.57622693948,1
2012-01-05,84316.14892737145,1
2012-01-06,84637.82381846155,1
2012-01-09,87266.11627330697,1
2012-01-10,89682.52048931146,1
2012-01-11,89269.72267685454,1
2012-01-12,89231.29734856731,1
2012-01-13,87523.01703957006,1
2012-01-16,85943.18711370433,1
2012-01-17,89410.24959173347,1
2012-01-18,88040.1121716637,1
2012-01-19,89329.00746906908,1
2012-01-20,90629.9792982219,1
2012-01-30,89229.10161552233,1
2012-01-31,89419.03252391343,1
2012-02-01,88732.86594735604,1
2012-02-02,90361.00200021139,1
2012-02-03,91447.8898574783,1
2012-02-06,91768.4668820459,1
2012-02-07,90059.08870652613,1
2012-02-08,92045.12924571383,1
2012-02-09,92378.88066855136,1
2012-02-10,92395.34866638873,1
2012-02-13,92642.36863394939,1
2012-02-14,92277.87694848211,1
2012-02-15,93229.72722348252,1
2012-02-16,93048.57924727135,1
2012-02-17,92886.09500194257,1
2012-02-20,93006.86031941666,1
2012-02-21,93637.03570332697,0
2012-02-22,93637.03570332697,1
2012-02-23,93769.94002245723,1
2012-02-24,95047.11811361143,1
2012-02-27,95506.34035450866,0
2012-02-28,95506.34035450866,1
2012-02-29,94418.00427094907,0
2012-03-01,94418.00427094907,1
2012-03-02,96031.84051087438,0
2012-03-05,96031.84051087438,1
2012-03-06,94814.55372955256,1
2012-03-07,94346.20048212909,1
2012-03-08,95462.04669834075,1
2012-03-09,96311.34164240128,1
2012-03-12,96202.34699265526,1
2012-03-13,97062.43348619559,1
2012-03-14,93860.58075553793,1
2012-03-15,93231.43342086539,1
2012-03-16,95040.09711368044,1
2012-03-19,95380.03092229425,1
2012-03-20,93637.19568130601,1
2012-03-21,93730.00300683231,1
2012-03-22,93615.6125823464,1
2012-03-23,92179.25734658456,1
2012-03-26,92396.16749112862,1
2012-03-27,92099.39988043402,1
2012-03-28,89335.68405865638,1
2012-03-29,88363.3654505261,1
2012-03-30,88751.861231799,1
2012-04-05,90754.77281525052,1
2012-04-06,91184.2764845467,1
2012-04-09,90347.93139986193,1
2012-04-10,91212.33451319419,1
2012-04-11,91522.05198326454,1
2012-04-12,93179.63398336235,1
2012-04-13,93521.7261018721,1
2012-04-16,93693.31173860098,1
2012-04-17,92935.74496511879,1
2012-04-18,94709.87569959846,1
2012-04-19,94471.3824560948,1
2012-04-20,95526.79599521958,0
2012-04-23,95526.79599521958,1
2012-04-24,95347.5223138555,0
2012-04-25,95347.5223138555,1
2012-04-26,94899.4475203143,1
2012-04-27,94551.3030764118,1
2012-05-02,95966.44576968218,1
2012-05-03,95932.06113324736,1
2012-05-04,96413.44604333478,1
2012-05-07,96945.33338818584,1
2012-05-08,96599.3379840605,1
2012-05-09,94761.90897457504,1
2012-05-10,94746.8656961348,1
2012-05-11,94164.47591652011,1
2012-05-14,93786.24491573714,1
2012-05-15,93754.0093190795,1
2012-05-16,92619.31631673059,1
2012-05-17,94146.20907841412,1
2012-05-18,93098.55218704083,1
2012-05-21,92811.65537678784,1
2012-05-22,93855.01418860677,1
2012-05-23,93613.24721367448,1
2012-05-24,92893.31888832051,1
2012-05-25,91942.36878692014,1
2012-05-28,93315.6052045356,1
2012-05-29,94332.10101913984,1
2012-05-30,94202.0841126207,1
2012-05-31,93885.10074548723,1
2012-06-01,93752.93479919092,1
2012-06-04,91026.87784184318,1
2012-06-05,91242.85633944935,1
2012-06-06,91013.98360318012,1
2012-06-07,90557.31265053022,1
2012-06-08,90028.64886534493,1
2012-06-11,91078.4547964954,1
2012-06-12,90555.16361075305,1
2012-06-13,91919.8038692598,1
2012-06-14,91367.50064652556,1
2012-06-15,92020.80873878706,1
2012-06-18,92413.00849812168,1
2012-06-19,91719.94316998243,1
2012-06-20,91613.56570101222,1
2012-06-21,90672.28627860914,1
2012-06-25,88890.73230333025,1
2012-06-26,88751.04471781381,1
2012-06-27,88423.31615179447,1
2012-06-28,87606.68103646759,1
2012-06-29,88524.32102132174,1
2012-07-02,88816.59043101768,1
2012-07-03,88805.8452321318,1
2012-07-04,88539.36429976198,1
2012-07-05,87364.9140615353,1
2012-07-06,88527.54458098751,1
2012-07-09,86499.92555122197,1
2012-07-10,86014.24256158019,1
2012-07-11,86728.79828749121,1
2012-07-12,87080.16629105948,1
2012-07-13,86795.41852058365,1
2012-07-16,84605.54698764134,1
2012-07-17,84841.9413631307,1
2012-07-18,85120.24201427498,1
2012-07-19,85799.3385838626,1
2012-07-20,85263.15315945719,1
2012-07-23,84176.81355209473,1
2012-07-24,84509.91471755701,1
2012-07-25,83707.24836078177,1
2012-07-26,83169.98841648777,1
2012-07-27,83015.25755253111,1
2012-07-30,82421.04805414194,1
2012-07-31,82304.99990617445,1
2012-08-01,83307.52696222703,1
2012-08-02,82821.84397258527,1
2012-08-03,83736.26039777364,1
2012-08-06,84721.59513560885,1
2012-08-07,84985.92702820148,1
2012-08-08,84728.04225494036,1
2012-08-09,85525.33601227266,1
2012-08-10,85389.94650631056,1
2012-08-13,84130.60919688545,1
2012-08-14,84353.03481382315,1
2012-08-15,83557.89009626803,1
2012-08-16,83218.34181147424,1
2012-08-17,83224.78893080576,1
2012-08-20,82869.12284768315,1
2012-08-21,83605.16897136591,1
2012-08-22,83079.72874584638,1
2012-08-23,83234.45960980306,1
2012-08-24,82216.88927531023,1
2012-08-27,80948.9558067764,1
2012-08-28,81640.94661502706,1
2012-08-29,81245.52329602669,1
2012-08-30,80852.24901680349,1
2012-08-31,80870.51585490948,1
2012-09-03,81403.47771964912,1
2012-09-04,80471.86897624332,1
2012-09-05,80565.35220655048,1
2012-09-06,81208.98961981469,1
2012-09-07,83702.95028122743,1
2012-09-10,83935.04657716243,1
2012-09-11,83637.40456802356,1
2012-09-12,83823.29650874928,1
2012-09-13,83318.27216111292,1
2012-09-14,83552.51749682511,1
2012-09-17,81578.62446148896,1
2012-09-18,81095.09051162437,1
2012-09-19,81461.50179363287,1
2012-09-20,79643.41414214199,1
2012-09-21,79471.49095996791,1
2012-09-24,79611.17854548435,1
2012-09-25,79332.87789434005,1
2012-09-26,78229.34596876019,1
2012-09-27,79952.87587005533,1
2012-09-28,81005.90536087156,1
2012-10-08,80561.05412699614,1
2012-10-09,82230.85803386186,1
2012-10-10,82487.6682872344,1
2012-10-11,81658.13893324448,1
2012-10-12,81672.10769179612,1
2012-10-15,81467.94891296439,1
2012-10-16,81657.0644133559,1
2012-10-17,81753.77120332881,1
2012-10-18,82827.2165720282,1
2012-10-19,82584.37507720733,1
2012-10-22,82790.68289581622,1
2012-10-23,82056.78581191061,1
2012-10-24,82038.51897380462,1
2012-10-25,81562.50666316014,1
2012-10-26,80059.25333902554,1
2012-10-29,79912.04411428899,1
2012-10-30,80218.28228253656,1
2012-10-31,80526.66949056131,1
2012-11-01,81697.89616912224,1
2012-11-02,82076.1271699052,1
2012-11-05,81975.12230037793,1
2012-11-06,81588.29514048625,1
2012-11-07,81443.23495552687,1
2012-11-08,80126.94809200658,1
2012-11-09,80000.1547451532,1
2012-11-12,80406.32326303945,1
2012-11-13,79149.13499339152,1
2012-11-14,79389.82744843523,1
2012-11-15,78259.43252564066,1
2012-11-16,77715.72546201512,1
2012-11-19,77870.4563259718,1
2012-11-20,77579.26143616445,1
2012-11-21,78322.82919906735,1
2012-11-22,77620.09319193079,1
2012-11-23,77992.95159327083,1
2012-11-26,77490.07628541165,1
2012-11-27,76095.34947002443,1
2012-11-28,75148.69744817841,1
2012-11-29,74901.55787380318,1
2012-11-30,75734.31078745887,1
2012-12-03,74530.84851224032,1
2012-12-04,75258.2984768144,1
2012-12-05,77516.93928262635,1
2012-12-06,77531.98256106657,1
2012-12-07,78824.62998703794,1
2012-12-10,79746.56805144643,1
2012-12-11,79297.41873801665,1
2012-12-12,79401.6471672097,1
2012-12-13,78585.01205188282,1
2012-12-14,81859.07415241044,1
2012-12-17,82222.26187475317,1
2012-12-18,82105.13920689707,0
2012-12-19,82105.13920689707,1
2012-12-20,82258.56664768879,0
2012-12-21,82258.56664768879,1
2012-12-24,82619.00063187504,0
2012-12-25,82619.00063187504,1
2012-12-26,83001.82133478891,0
2012-12-27,83001.82133478891,1
2012-12-28,83965.69576400102,0
2012-12-31,83965.69576400102,0
2013-01-04,83965.69576400102,0
2013-01-07,83965.69576400102,0
2013-01-08,83965.69576400102,0
2013-01-09,83965.69576400102,0
2013-01-10,83965.69576400102,0
2013-01-11,83965.69576400102,1
2013-01-14,86601.65772349155,0
2013-01-15,86601.65772349155,0
2013-01-16,86601.65772349155,0
2013-01-17,86601.65772349155,0
2013-01-18,86601.65772349155,0
2013-01-21,86601.65772349155,0
2013-01-22,86601.65772349155,0
2013-01-23,86601.65772349155,0
2013-01-24,86601.65772349155,0
2013-01-25,86601.65772349155,0
2013-01-28,86601.65772349155,0
2013-01-29,86601.65772349155,0
2013-01-30,86601.65772349155,0
2013-01-31,86601.65772349155,0
2013-02-01,86601.65772349155,0
2013-02-04,86601.65772349155,0
2013-02-05,86601.65772349155,0
2013-02-06,86601.65772349155,0
2013-02-07,86601.65772349155,0
2013-02-08,86601.65772349155,0
2013-02-18,86601.65772349155,0
2013-02-19,86601.65772349155,0
2013-02-20,86601.65772349155,0
2013-02-21,86601.65772349155,0
2013-02-22,86601.65772349155,0
2013-02-25,86601.65772349155,0
2013-02-26,86601.65772349155,0
2013-02-27,86601.65772349155,0
2013-02-28,86601.65772349155,0
2013-03-01,86601.65772349155,0
2013-03-04,86601.65772349155,0
2013-03-05,86601.65772349155,0
2013-03-06,86601.65772349155,0
2013-03-07,86601.65772349155,0
2013-03-08,86601.65772349155,0
2013-03-11,86601.65772349155,0
2013-03-12,86601.65772349155,0
2013-03-13,86601.65772349155,0
2013-03-14,86601.65772349155,0
2013-03-15,86601.65772349155,0
2013-03-18,86601.65772349155,0
2013-03-19,86601.65772349155,0
2013-03-20,86601.65772349155,0
2013-03-21,86601.65772349155,0
2013-03-22,86601.65772349155,0
2013-03-25,86601.65772349155,0
2013-03-26,86601.65772349155,0
2013-03-27,86601.65772349155,0
2013-03-28,86601.65772349155,0
2013-03-29,86601.65772349155,0
2013-04-01,86601.65772349155,0
2013-04-02,86601.65772349155,0
2013-04-03,86601.65772349155,0
2013-04-08,86601.65772349155,0
2013-04-09,86601.65772349155,0
2013-04-10,86601.65772349155,0
2013-04-11,86601.65772349155,0
2013-04-12,86601.65772349155,0
2013-04-15,86601.65772349155,0
2013-04-16,86601.65772349155,0
2013-04-17,86601.65772349155,0
2013-04-18,86601.65772349155,0
2013-04-19,86601.65772349155,0
2013-04-22,86601.65772349155,0
2013-04-23,86601.65772349155,0
2013-04-24,86601.65772349155,0
2013-04-25,86601.65772349155,0
2013-04-26,86601.65772349155,0
2013-05-02,86601.65772349155,0
2013-05-03,86601.65772349155,0
2013-05-06,86601.65772349155,0
2013-05-07,86601.65772349155,0
2013-05-08,86601.65772349155,0
2013-05-09,86601.65772349155,0
2013-05-10,86601.65772349155,0
2013-05-13,86601.65772349155,0
2013-05-14,86601.65772349155,0
2013-05-15,86601.65772349155,0
2013-05-16,86601.65772349155,0
2013-05-17,86601.65772349155,0
2013-05-20,86601.65772349155,0
2013-05-21,86601.65772349155,0
2013-05-22,86601.65772349155,0
2013-05-23,86601.65772349155,0
2013-05-24,86601.65772349155,0
2013-05-27,86601.65772349155,0
2013-05-28,86601.65772349155,0
2013-05-29,86601.65772349155,0
2013-05-30,86601.65772349155,0
2013-05-31,86601.65772349155,0
2013-06-03,86601.65772349155,0
2013-06-04,86601.65772349155,0
2013-06-05,86601.65772349155,0
2013-06-06,86601.65772349155,0
2013-06-07,86601.65772349155,0
2013-06-13,86601.65772349155,0
2013-06-14,86601.65772349155,0
2013-06-17,86601.65772349155,0
2013-06-18,86601.65772349155,0
2013-06-19,86601.65772349155,0
2013-06-20,86601.65772349155,1
2013-06-21,85950.39399313921,1
2013-06-24,81348.8600059102,1
2013-06-25,81085.07083109522,1
2013-06-26,81414.5336593911,1
2013-06-27,81017.20805583161,1
2013-06-28,81774.64419264476,1
2013-07-01,82370.08531753832,1
2013-07-02,83024.63273056471,1
2013-07-03,82265.00747196889,1
2013-07-04,82827.61177012199,1
2013-07-05,82780.545651794,1
2013-07-08,80322.16188982534,1
2013-07-09,80520.2774111594,1
2013-07-10,82544.12049926275,1
2013-07-11,85379.03320785529,1
2013-07-12,83962.67141445036,1
2013-07-15,84861.30590624746,1
2013-07-16,85498.34034501229,1
2013-07-17,84454.12925466584,1
2013-07-18,83513.9014489975,1
2013-07-19,81831.56135899488,1
2013-07-22,82401.82758338744,1
2013-07-23,84062.27645556309,1
2013-07-24,83809.43288966159,1
2013-07-25,83545.64371484659,1
2013-07-26,83230.41017813823,1
2013-07-29,81741.8073659043,1
2013-07-30,82341.62673436326,1
2013-07-31,82107.3907036147,1
2013-08-01,83616.79017278424,1
2013-08-02,83611.31736832751,1
2013-08-05,84572.34183093146,1
2013-08-06,85209.37626969628,1
2013-08-07,84627.06987549888,1
2013-08-08,84583.28743984495,1
2013-08-09,84563.58534380069,1
2013-08-12,86365.23257096027,1
2013-08-13,86649.81840271088,1
2013-08-14,86337.86854867656,1
2013-08-15,85712.87427971659,1
2013-08-16,84932.45236418513,1
2013-08-19,85704.11779258579,1
2013-08-20,85366.99303805045,1
2013-08-21,85410.7754737044,1
2013-08-22,85172.16119939044,1
2013-08-23,84671.94687204418,1
2013-08-26,86498.76899970479,1
2013-08-27,87342.67544693447,1
2013-08-28,87186.15323947163,1
2013-08-29,87506.85958063674,1
2013-08-30,88046.47810007153,1
2013-09-02,87497.0085326146,1
2013-09-03,88590.47486307174,1
2013-09-04,88933.07242206381,1
2013-09-05,88890.38454730122,0
2013-09-06,88890.38454730122,0
2013-09-09,88890.38454730122,0
2013-09-10,88890.38454730122,0
2013-09-11,88890.38454730122,0
2013-09-12,88890.38454730122,0
2013-09-13,88890.38454730122,0
2013-09-16,88890.38454730122,0
2013-09-17,88890.38454730122,0
2013-09-18,88890.38454730122,0
2013-09-23,88890.38454730122,0
2013-09-24,88890.38454730122,0
2013-09-25,88890.38454730122,0
2013-09-26,88890.38454730122,0
2013-09-27,88890.38454730122,0
2013-09-30,88890.38454730122,0
2013-10-08,88890.38454730122,0
2013-10-09,88890.38454730122,0
2013-10-10,88890.38454730122,0
2013-10-11,88890.38454730122,0
2013-10-14,88890.38454730122,0
2013-10-15,88890.38454730122,0
2013-10-16,88890.38454730122,0
2013-10-17,88890.38454730122,0
2013-10-18,88890.38454730122,0
2013-10-21,88890.38454730122,0
2013-10-22,88890.38454730122,0
2013-10-23,88890.38454730122,0
2013-10-24,88890.38454730122,0
2013-10-25,88890.38454730122,0
2013-10-28,88890.38454730122,0
2013-10-29,88890.38454730122,0
2013-10-30,88890.38454730122,0
2013-10-31,88890.38454730122,0
2013-11-01,88890.38454730122,0
2013-11-04,88890.38454730122,0
2013-11-05,88890.38454730122,0
2013-11-06,88890.38454730122,0
2013-11-07,88890.38454730122,0
2013-11-08,88890.38454730122,0
2013-11-11,88890.38454730122,0
2013-11-12,88890.38454730122,0
2013-11-13,88890.38454730122,0
2013-11-14,88890.38454730122,0
2013-11-15,88890.38454730122,0
2013-11-18,88890.38454730122,0
2013-11-19,88890.38454730122,0
2013-11-20,88890.38454730122,0
2013-11-21,88890.38454730122,0
2013-11-22,88890.38454730122,0
2013-11-25,88890.38454730122,0
2013-11-26,88890.38454730122,0
2013-11-27,88890.38454730122,0
2013-11-28,88890.38454730122,0
2013-11-29,88890.38454730122,0
2013-12-02,88890.38454730122,0
2013-12-03,88890.38454730122,0
2013-12-04,88890.38454730122,0
2013-12-05,88890.38454730122,0
2013-12-06,88890.38454730122,0
2013-12-09,88890.38454730122,0
2013-12-10,88890.38454730122,0
2013-12-11,88890.38454730122,0
2013-12-12,88890.38454730122,0
2013-12-13,88890.38454730122,0
2013-12-16,88890.38454730122,0
2013-12-17,88890.38454730122,0
2013-12-18,88890.38454730122,0
2013-12-19,88890.38454730122,0
2013-12-20,88890.38454730122,0
2013-12-23,88890.38454730122,0
2013-12-24,88890.38454730122,0
2013-12-25,88890.38454730122,0
2013-12-26,88890.38454730122,0
2013-12-27,88890.38454730122,0
2013-12-30,88890.38454730122,0
2013-12-31,88890.38454730122,0
2014-01-02,88890.38454730122,0
2014-01-03,88890.38454730122,0
2014-01-06,88890.38454730122,1
2014-01-07,88855.88703586452,1
2014-01-08,88653.21415617387,1
2014-01-09,88007.46386396802,1
2014-01-10,87159.04069207152,1
2014-01-13,87219.41133708575,1
2014-01-14,88206.90260196148,1
2014-01-15,87881.33233777757,1
2014-01-16,88236.0098772362,1
2014-01-17,87093.2798108953,1
2014-01-20,86916.48006478218,1
2014-01-21,87512.64018429776,1
2014-01-22,89363.64728232355,1
2014-01-23,89032.68678197764,1
2014-01-24,89390.59846313349,1
2014-01-27,88970.16004249861,1
2014-01-28,89121.0866550342,1
2014-01-29,89703.23216052863,1
2014-01-30,88887.15040560403,1
2014-02-07,89442.34473028853,1
2014-02-10,91208.18609695495,1
2014-02-11,91987.61424597804,1
2014-02-12,92492.14035073988,1
2014-02-13,92069.54583564021,0
2014-02-14,92069.54583564021,0
2014-02-17,92069.54583564021,0
2014-02-18,92069.54583564021,0
2014-02-19,92069.54583564021,0
2014-02-20,92069.54583564021,0
2014-02-21,92069.54583564021,0
2014-02-24,92069.54583564021,0
2014-02-25,92069.54583564021,0
2014-02-26,92069.54583564021,0
2014-02-27,92069.54583564021,0
2014-02-28,92069.54583564021,0
2014-03-03,92069.54583564021,0
2014-03-04,92069.54583564021,0
2014-03-05,92069.54583564021,0
2014-03-06,92069.54583564021,0
2014-03-07,92069.54583564021,0
2014-03-10,92069.54583564021,1
2014-03-11,92393.57933355955,1
2014-03-12,92227.61095657646,1
2014-03-13,93964.06921371915,1
2014-03-14,93389.38959545802,1
2014-03-17,94360.36105263793,1
2014-03-18,94723.91083079134,1
2014-03-19,94437.13553994984,1
2014-03-20,92692.77402676034,1
2014-03-21,95062.6218042262,1
2014-03-24,96078.75472453077,1
2014-03-25,96022.30289562495,1
2014-03-26,95549.23656939427,1
2014-03-27,94874.07269568079,1
2014-03-28,94300.52211399778,1
2014-03-31,93885.03665325102,1
2014-04-01,94828.91123255614,1
2014-04-02,95288.42911984943,1
2014-04-03,94568.10378301132,1
2014-04-04,95210.52559595942,1
2014-04-08,96782.14451269715,1
2014-04-09,96936.82252389907,1
2014-04-10,98099.73019935873,1
2014-04-11,98316.50522235702,1
2014-04-14,98126.82707723351,1
2014-04-15,96654.56337937003,1
2014-04-16,96869.08032921208,1
2014-04-17,96647.78915990131,1
2014-04-18,96628.59553807335,1
2014-04-21,95038.91203608576,1
2014-04-22,95282.78393695885,1
2014-04-23,95440.84905789512,1
2014-04-24,95079.55735289794,1
2014-04-25,93885.03665325102,1
2014-04-28,92635.19316127642,1
2014-04-29,93266.32460844336,1
2014-04-30,93541.8095335037,1
2014-05-05,93507.93843616023,1
2014-05-06,93503.42228984775,1
2014-05-07,92819.22612350935,1
2014-05-08,92846.32300138414,1
2014-05-09,92584.38651526118,1
2014-05-12,94421.3290278562,1
2014-05-13,94387.45793051273,1
2014-05-14,94281.32849216979,1
2014-05-15,93204.22759664696,1
2014-05-16,93261.80846213088,1
2014-05-19,92351.80498016925,1
2014-05-20,92316.80484624764,1
2014-05-21,93071.00128042926,1
2014-05-22,93012.29137836723,1
2014-05-23,93369.06693705193,1
2014-05-26,93809.39120251723,1
2014-05-27,93444.71238778571,1
2014-05-28,94073.58576179642,1
2014-05-29,93637.77764264357,1
2014-05-30,93463.9060096137,1
2014-06-03,93223.42121847495,1
2014-06-04,92315.67580966953,1
2014-06-05,93207.61470638131,1
2014-06-06,92586.6445884174,1
2014-06-09,92376.64378488781,1
2014-06-10,93296.80859605249,1
2014-06-11,93433.42202200454,1
2014-06-12,92987.45257364865,1
2014-06-13,93720.19731284607,1
2014-06-16,94402.13540602823,1
2014-06-17,93593.74521609706,1
2014-06-18,92945.67822025836,1
2014-06-19,91725.18967931476,1
2014-06-20,92078.57812826513,1
2014-06-23,91782.77054479868,1
2014-06-24,92237.77228577952,1
2014-06-25,91928.41626337568,1
2014-06-26,92482.77322323073,1
2014-06-27,92448.90212588724,1
2014-06-30,93142.13058485057,1
2014-07-01,92956.96858603953,1
2014-07-02,93373.58308336438,1
2014-07-03,93803.74601962666,1
2014-07-04,93781.16528806434,1
2014-07-07,93819.55253172028,1
2014-07-08,94294.8769311072,1
2014-07-09,93142.13058485057,1
2014-07-10,93138.74347511624,1
2014-07-11,93329.55065681785,1
2014-07-14,94399.877332872,1
2014-07-15,94574.87800248,1
2014-07-16,95208.26752280319,1
2014-07-17,94690.03973344785,1
2014-07-18,95068.26698711677,1
2014-07-21,95220.68692516246,1
2014-07-22,96148.75499237397,1
2014-07-23,96225.52947968587,1
2014-07-24,97424.56632564525,0
2014-07-25,97424.56632564525,0
2014-07-28,97424.56632564525,0
2014-07-29,97424.56632564525,0
2014-07-30,97424.56632564525,0
2014-07-31,97424.56632564525,0
2014-08-01,97424.56632564525,0
2014-08-04,97424.56632564525,0
2014-08-05,97424.56632564525,0
2014-08-06,97424.56632564525,0
2014-08-07,97424.56632564525,0
2014-08-08,97424.56632564525,0
2014-08-11,97424.56632564525,0
2014-08-12,97424.56632564525,0
2014-08-13,97424.56632564525,0
2014-08-14,97424.56632564525,0
2014-08-15,97424.56632564525,0
2014-08-18,97424.56632564525,0
2014-08-19,97424.56632564525,0
2014-08-20,97424.56632564525,0
2014-08-21,97424.56632564525,0
2014-08-22,97424.56632564525,0
2014-08-25,97424.56632564525,0
2014-08-26,97424.56632564525,0
2014-08-27,97424.56632564525,0
2014-08-28,97424.56632564525,0
2014-08-29,97424.56632564525,0
2014-09-01,97424.56632564525,0
2014-09-02,97424.56632564525,0
2014-09-03,97424.56632564525,0
2014-09-04,97424.56632564525,0
2014-09-05,97424.56632564525,0
2014-09-09,97424.56632564525,0
2014-09-10,97424.56632564525,0
2014-09-11,97424.56632564525,0
2014-09-12,97424.56632564525,0
2014-09-15,97424.56632564525,0
2014-09-16,97424.56632564525,0
2014-09-17,97424.56632564525,0
2014-09-18,97424.56632564525,0
2014-09-19,97424.56632564525,0
2014-09-22,97424.56632564525,0
2014-09-23,97424.56632564525,0
2014-09-24,97424.56632564525,0
2014-09-25,97424.56632564525,0
2014-09-26,97424.56632564525,0
2014-09-29,97424.56632564525,0
2014-09-30,97424.56632564525,0
2014-10-08,97424.56632564525,0
2014-10-09,97424.56632564525,0
2014-10-10,97424.56632564525,0
2014-10-13,97424.56632564525,0
2014-10-14,97424.56632564525,0
2014-10-15,97424.56632564525,0
2014-10-16,97424.56632564525,0
2014-10-17,97424.56632564525,0
2014-10-20,97424.56632564525,0
2014-10-21,97424.56632564525,0
2014-10-22,97424.56632564525,0
2014-10-23,97424.56632564525,0
2014-10-24,97424.56632564525,0
2014-10-27,97424.56632564525,0
2014-10-28,97424.56632564525,0
2014-10-29,97424.56632564525,0
2014-10-30,97424.56632564525,0
2014-10-31,97424.56632564525,0
2014-11-03,97424.56632564525,0
2014-11-04,97424.56632564525,0
2014-11-05,97424.56632564525,0
2014-11-06,97424.56632564525,0
2014-11-07,97424.56632564525,0
2014-11-10,97424.56632564525,0
2014-11-11,97424.56632564525,0
2014-11-12,97424.56632564525,0
2014-11-13,97424.56632564525,0
2014-11-14,97424.56632564525,0
2014-11-17,97424.56632564525,0
2014-11-18,97424.56632564525,0
2014-11-19,97424.56632564525,0
2014-11-20,97424.56632564525,0
2014-11-21,97424.56632564525,0
2014-11-24,97424.56632564525,0
2014-11-25,97424.56632564525,0
2014-11-26,97424.56632564525,0
2014-11-27,97424.56632564525,0
2014-11-28,97424.56632564525,0
2014-12-01,97424.56632564525,0
2014-12-02,97424.56632564525,0
2014-12-03,97424.56632564525,0
2014-12-04,97424.56632564525,0
2014-12-05,97424.56632564525,0
2014-12-08,97424.56632564525,0
2014-12-09,97424.56632564525,0
2014-12-10,97424.56632564525,0
2014-12-11,97424.56632564525,0
2014-12-12,97424.56632564525,0
2014-12-15,97424.56632564525,0
2014-12-16,97424.56632564525,0
2014-12-17,97424.56632564525,0
2014-12-18,97424.56632564525,0
2014-12-19,97424.56632564525,0
2014-12-22,97424.56632564525,0
2014-12-23,97424.56632564525,0
2014-12-24,97424.56632564525,0
2014-12-25,97424.56632564525,0
2014-12-26,97424.56632564525,0
2014-12-29,97424.56632564525,0
2014-12-30,97424.56632564525,0
2014-12-31,97424.56632564525,0
2015-01-05,97424.56632564525,0
2015-01-06,97424.56632564525,0
2015-01-07,97424.56632564525,0
2015-01-08,97424.56632564525,0
2015-01-09,97424.56632564525,0
2015-01-12,97424.56632564525,0
2015-01-13,97424.56632564525,0
2015-01-14,97424.56632564525,0
2015-01-15,97424.56632564525,0
2015-01-16,97424.56632564525,0
2015-01-19,97424.56632564525,0
2015-01-20,97424.56632564525,0
2015-01-21,97424.56632564525,0
2015-01-22,97424.56632564525,0
2015-01-23,97424.56632564525,0
2015-01-26,97424.56632564525,0
2015-01-27,97424.56632564525,0
2015-01-28,97424.56632564525,0
2015-01-29,97424.56632564525,0
2015-01-30,97424.56632564525,0
2015-02-02,97424.56632564525,0
2015-02-03,97424.56632564525,0
2015-02-04,97424.56632564525,0
2015-02-05,97424.56632564525,0
2015-02-06,97424.56632564525,0
2015-02-09,97424.56632564525,0
2015-02-10,97424.56632564525,0
2015-02-11,97424.56632564525,0
2015-02-12,97424.56632564525,0
2015-02-13,97424.56632564525,0
2015-02-16,97424.56632564525,0
2015-02-17,97424.56632564525,0
2015-02-25,97424.56632564525,0
2015-02-26,97424.56632564525,0
2015-02-27,97424.56632564525,0
2015-03-02,97424.56632564525,0
2015-03-03,97424.56632564525,0
2015-03-04,97424.56632564525,0
2015-03-05,97424.56632564525,0
2015-03-06,97424.56632564525,0
2015-03-09,97424.56632564525,0
2015-03-10,97424.56632564525,0
2015-03-11,97424.56632564525,0
2015-03-12,97424.56632564525,0
2015-03-13,97424.56632564525,0
2015-03-16,97424.56632564525,0
2015-03-17,97424.56632564525,0
2015-03-18,97424.56632564525,0
2015-03-19,97424.56632564525,0
2015-03-20,97424.56632564525,0
2015-03-23,97424.56632564525,0
2015-03-24,97424.56632564525,0
2015-03-25,97424.56632564525,0
2015-03-26,97424.56632564525,0
2015-03-27,97424.56632564525,0
2015-03-30,97424.56632564525,0
2015-03-31,97424.56632564525,0
2015-04-01,97424.56632564525,0
2015-04-02,97424.56632564525,0
2015-04-03,97424.56632564525,0
2015-04-07,97424.56632564525,0
2015-04-08,97424.56632564525,0
2015-04-09,97424.56632564525,0
2015-04-10,97424.56632564525,0
2015-04-13,97424.56632564525,0
2015-04-14,97424.56632564525,0
2015-04-15,97424.56632564525,0
2015-04-16,97424.56632564525,0
2015-04-17,97424.56632564525,0
2015-04-20,97424.56632564525,0
2015-04-21,97424.56632564525,0
2015-04-22,97424.56632564525,0
2015-04-23,97424.56632564525,0
2015-04-24,97424.56632564525,0
2015-04-27,97424.56632564525,0
2015-04-28,97424.56632564525,0
2015-04-29,97424.56632564525,0
2015-04-30,97424.56632564525,0
2015-05-04,97424.56632564525,0
2015-05-05,97424.56632564525,0
2015-05-06,97424.56632564525,0
2015-05-07,97424.56632564525,0
2015-05-08,97424.56632564525,0
2015-05-11,97424.56632564525,0
2015-05-12,97424.56632564525,0
2015-05-13,97424.56632564525,0
2015-05-14,97424.56632564525,0
2015-05-15,97424.56632564525,0
2015-05-18,97424.56632564525,0
2015-05-19,97424.56632564525,0
2015-05-20,97424.56632564525,0
2015-05-21,97424.56632564525,0
2015-05-22,97424.56632564525,0
2015-05-25,97424.56632564525,0
2015-05-26,97424.56632564525,0
2015-05-27,97424.56632564525,0
2015-05-28,97424.56632564525,0
2015-05-29,97424.56632564525,0
2015-06-01,97424.56632564525,0
2015-06-02,97424.56632564525,0
2015-06-03,97424.56632564525,0
2015-06-04,97424.56632564525,0
2015-06-05,97424.56632564525,0
2015-06-08,97424.56632564525,0
2015-06-09,97424.56632564525,0
2015-06-10,97424.56632564525,0
2015-06-11,97424.56632564525,0
2015-06-12,97424.56632564525,0
2015-06-15,97424.56632564525,0
2015-06-16,97424.56632564525,0
2015-06-17,97424.56632564525,0
2015-06-18,97424.56632564525,0
2015-06-19,97424.56632564525,0
2015-06-23,97424.56632564525,0
2015-06-24,97424.56632564525,0
2015-06-25,97424.56632564525,0
2015-06-26,97424.56632564525,0
2015-06-29,97424.56632564525,0
2015-06-30,97424.56632564525,0
2015-07-01,97424.56632564525,0
2015-07-02,97424.56632564525,0
2015-07-03,97424.56632564525,0
2015-07-06,97424.56632564525,0
2015-07-07,97424.56632564525,0
2015-07-08,97424.56632564525,0
2015-07-09,97424.56632564525,0
2015-07-10,97424.56632564525,0
2015-07-13,97424.56632564525,0
2015-07-14,97424.56632564525,0
2015-07-15,97424.56632564525,0
2015-07-16,97424.56632564525,0
2015-07-17,97424.56632564525,0
2015-07-20,97424.56632564525,0
2015-07-21,97424.56632564525,0
2015-07-22,97424.56632564525,0
2015-07-23,97424.56632564525,0
2015-07-24,97424.56632564525,0
2015-07-27,97424.56632564525,0
2015-07-28,97424.56632564525,0
2015-07-29,97424.56632564525,0
2015-07-30,97424.56632564525,0
2015-07-31,97424.56632564525,0
2015-08-03,97424.56632564525,0
2015-08-04,97424.56632564525,0
2015-08-05,97424.56632564525,0
2015-08-06,97424.56632564525,0
2015-08-07,97424.56632564525,0
2015-08-10,97424.56632564525,0
2015-08-11,97424.56632564525,0
2015-08-12,97424.56632564525,0
2015-08-13,97424.56632564525,0
2015-08-14,97424.56632564525,0
2015-08-17,97424.56632564525,0
2015-08-18,97424.56632564525,0
2015-08-19,97424.56632564525,0
2015-08-20,97424.56632564525,0
2015-08-21,97424.56632564525,0
2015-08-24,97424.56632564525,0
2015-08-25,97424.56632564525,1
2015-08-26,98830.41125697174,1
2015-08-27,104359.78946383836,1
2015-08-28,108431.09967357882,1
2015-08-31,108188.08834072447,1
2015-09-01,107782.83735011921,1
2015-09-02,108766.02360224056,1
2015-09-07,105402.8581647433,1
2015-09-08,108333.61661741948,1
2015-09-09,109937.21289124063,1
2015-09-10,108764.63098715257,1
2015-09-11,108894.1441903357,1
2015-09-14,106615.8259063831,1
2015-09-15,103763.75020617839,1
2015-09-16,107996.60376612576,1
2015-09-17,105723.15963498113,1
2015-09-18,105709.23348410123,1
2015-09-21,106737.67972658228,1
2015-09-22,107350.43036529813,1
2015-09-23,105326.96064244783,1
2015-09-24,105767.02701025284,1
2015-09-25,104554.75557615704,1
2015-09-28,104778.96660532351,1
2015-09-29,102918.4328477681,1
2015-09-30,103579.22870701963,1
2015-10-08,106143.03308401028,1
2015-10-09,107137.36025683559,1
2015-10-12,110013.11041353614,1
2015-10-13,110416.2724815094,1
2015-10-14,108938.70787315139,1
2015-10-15,110800.6342457948,1
2015-10-16,112258.70224292095,1
2015-10-19,112017.08352515458,1
2015-10-20,112912.53502673251,1
2015-10-21,110012.41410599214,1
2015-10-22,111400.85134871876,1
2015-10-23,112943.86886621232,1
2015-10-26,113383.23892647334,0
2015-10-27,113383.23892647334,0
2015-10-28,113383.23892647334,0
2015-10-29,113383.23892647334,0
2015-10-30,113383.23892647334,0
2015-11-02,113383.23892647334,0
2015-11-03,113383.23892647334,0
2015-11-04,113383.23892647334,0
2015-11-05,113383.23892647334,0
2015-11-06,113383.23892647334,0
2015-11-09,113383.23892647334,0
2015-11-10,113383.23892647334,0
2015-11-11,113383.23892647334,0
2015-11-12,113383.23892647334,0
2015-11-13,113383.23892647334,0
2015-11-16,113383.23892647334,0
2015-11-17,113383.23892647334,0
2015-11-18,113383.23892647334,0
2015-11-19,113383.23892647334,0
2015-11-20,113383.23892647334,0
2015-11-23,113383.23892647334,0
2015-11-24,113383.23892647334,0
2015-11-25,113383.23892647334,0
2015-11-26,113383.23892647334,0
2015-11-27,113383.23892647334,0
2015-11-30,113383.23892647334,0
2015-12-01,113383.23892647334,0
2015-12-02,113383.23892647334,0
2015-12-03,113383.23892647334,0
2015-12-04,113383.23892647334,0
2015-12-07,113383.23892647334,0
2015-12-08,113383.23892647334,0
2015-12-09,113383.23892647334,0
2015-12-10,113383.23892647334,0
2015-12-11,113383.23892647334,0
2015-12-14,113383.23892647334,0
2015-12-15,113383.23892647334,0
2015-12-16,113383.23892647334,0
2015-12-17,113383.23892647334,0
2015-12-18,113383.23892647334,0
2015-12-21,113383.23892647334,0
2015-12-22,113383.23892647334,0
2015-12-23,113383.23892647334,0
2015-12-24,113383.23892647334,0
2015-12-25,113383.23892647334,0
2015-12-28,113383.23892647334,0
2015-12-29,113383.23892647334,0
2015-12-30,113383.23892647334,0
2015-12-31,113383.23892647334,0
2016-01-04,113383.23892647334,1
2016-01-05,113886.42719452317,1
2016-01-06,116238.57207786232,1
2016-01-07,108956.57027320181,1
2016-01-08,111645.33075654673,1
2016-01-11,106215.75583109313,1
2016-01-12,106405.92629377679,1
2016-01-13,104908.16038694709,1
2016-01-14,106643.29234573961,1
2016-01-15,103315.30924877553,1
2016-01-18,103382.63236877669,1
2016-01-19,106210.89746160852,1
2016-01-20,104586.1198953952,1
2016-01-21,101919.56910112283,1
2016-01-22,102830.16635309714,1
2016-01-25,103404.84205784922,1
2016-01-26,97549.11872331619,1
2016-01-27,97180.57669526867,1
2016-01-28,95348.97139956726,1
2016-01-29,98046.7545690979,1
2016-02-01,97023.72076619382,1
2016-02-02,98674.8723381808,1
2016-02-03,98083.5393666243,1
2016-02-04,99178.06060623063,1
2016-02-05,98737.33708869731,1
2016-02-15,98111.30147796497,1
2016-02-16,100725.10426069004,1
2016-02-17,101275.48811801904,1
2016-02-18,101185.95530894535,1
2016-02-19,100908.33419553854,1
2016-02-22,103052.26324382258,1
2016-02-23,102245.07985659232,1
2016-02-24,103005.06765454343,1
2016-02-25,97377.68768578749,1
2016-02-26,98527.03909529166,1
2016-02-29,96588.54967092865,1
2016-03-01,98037.73188291217,1
2016-03-02,101857.79840338981,1
2016-03-03,102095.85850813615,1
2016-03-04,103229.94075640294,1
2016-03-07,103633.18542362633,1
2016-03-08,103509.64402816031,1
2016-03-09,102694.13200752782,1
2016-03-10,101071.43659966503,1
2016-03-11,101129.04298069695,1
2016-03-14,102458.15406113202,1
2016-03-15,102964.81259309944,1
2016-03-16,103683.15722403956,1
2016-03-17,104389.70295765987,1
2016-03-18,105547.38300056626,0
2016-03-21,105547.38300056626,1
2016-03-22,105170.82734940719,1
2016-03-23,104976.71942722502,1
2016-03-24,103716.73266733575,1
2016-03-25,104499.33739952608,1
2016-03-28,104342.26773811365,1
2016-03-29,103483.52880322994,1
2016-03-30,105856.03517364745,0
2016-03-31,105856.03517364747,1
2016-04-01,106157.7834404878,1
2016-04-05,107265.33673809488,1
2016-04-06,107017.76600098271,1
2016-04-07,105638.63926321933,1
2016-04-08,104993.9952386059,1
2016-04-11,106107.72065985292,1
2016-04-12,105664.69934081008,1
2016-04-13,106925.86993789952,1
2016-04-14,107249.56353323733,1
2016-04-15,107167.95434288733,1
2016-04-18,105947.24544521511,1
2016-04-19,106139.9528610836,1
2016-04-20,104341.80750732149,1
2016-04-21,103869.98294462569,1
2016-04-22,104419.98774009374,1
2016-04-25,104347.97963096139,1
2016-04-26,104824.604734266,1
2016-04-27,104762.19770635129,1
2016-04-28,104517.3701353013,1
2016-04-29,104454.9631073866,1
2016-05-03,106136.52390350586,1
2016-05-04,105916.38482701553,1
2016-05-05,105987.70714463234,1
2016-05-06,103664.93128147739,1
2016-05-09,101941.53720290982,1
2016-05-10,102222.71172428376,1
2016-05-11,103162.93189209758,1
2016-05-12,103306.9481103623,1
2016-05-13,102765.85860459635,1
2016-05-16,103385.81413465009,1
2016-05-17,102994.22717927322,1
2016-05-18,102150.7036151514,1
2016-05-19,102044.40593024176,1
2016-05-20,102315.97937039804,1
2016-05-23,102652.70300453121,1
2016-05-24,101984.74206838923,1
2016-05-25,101881.8733410573,1
2016-05-26,101981.3131108115,1
2016-05-27,102145.90307454258,1
2016-05-30,102226.82647337705,1
2016-05-31,105000.16736224582,1
2016-06-01,104688.1322226723,1
2016-06-02,104792.37253303532,1
2016-06-03,105607.77864501975,1
2016-06-06,105460.33346917732,1
2016-06-07,105382.8390279206,0
2016-06-08,105382.8390279206,1
2016-06-13,102736.81392160436,1
2016-06-14,103047.09474498802,1
2016-06-15,104522.48351542029,1
2016-06-16,103957.20575700642,1
2016-06-17,104645.49016700668,1
2016-06-20,104741.54592302078,1
2016-06-21,104496.22366845241,1
2016-06-22,105346.90450049088,1
2016-06-23,104637.88863235808,1
2016-06-24,103274.44973584151,1
2016-06-27,104380.1275029102,1
2016-06-28,104684.18888885407,1
2016-06-29,105101.58224592252,1
2016-06-30,105321.33570212741,1
2016-07-01,105520.35770019978,1
2016-07-04,107014.40478295133,1
2016-07-05,107158.83394127469,1
2016-07-06,107672.97410296161,1
2016-07-07,107100.09480989915,1
2016-07-08,106214.86154763978,1
2016-07-11,106966.7224292465,1
2016-07-12,109421.32707213897,1
2016-07-13,109623.80431323341,1
2016-07-14,109227.83346290195,0
2016-07-15,109227.83346290195,1
2016-07-18,109442.68025635826,0
2016-07-19,109442.68025635826,1
2016-07-20,109243.75173861189,1
2016-07-21,109911.48382615212,1
2016-07-22,108658.79060775635,1
2016-07-25,109220.10289384484,1
2016-07-26,110596.6047701387,1
2016-07-27,109594.31108457052,1
2016-07-28,111429.87877104827,1
2016-07-29,111220.51693943409,1
2016-08-01,110121.54121202415,1
2016-08-02,110465.84056966208,1
2016-08-03,110534.70044118966,1
2016-08-04,110658.50909908775,1
2016-08-05,110559.74039447242,1
2016-08-08,111515.43194476436,1
2016-08-09,112277.06385711493,1
2016-08-10,111740.09597005133,1
2016-08-11,111457.70094136245,1
2016-08-12,113388.55956116626,1
2016-08-15,115883.51268408999,1
2016-08-16,115087.79861310455,1
2016-08-17,115066.23643111107,1
2016-08-18,114534.83297811031,1
2016-08-19,114538.31074939958,1
2016-08-22,113986.73622292104,1
2016-08-23,114185.6647406674,1
2016-08-24,114024.99170710304,1
2016-08-25,113317.61302686512,1
2016-08-26,113175.02440400496,1
2016-08-29,113044.95575778619,1
2016-08-30,113177.80662103639,1
2016-08-31,113545.0592691835,1
2016-09-01,112946.18705317086,1
2016-09-02,113309.26637577085,1
2016-09-05,113724.51226770993,1
2016-09-06,114616.90838053712,1
2016-09-07,114618.9950433107,1
2016-09-08,114741.41259269307,1
2016-09-09,113996.47398253101,1
2016-09-12,112238.11281867509,1
2016-09-13,112353.5748254789,1
2016-09-14,111414.57657737547,1
2016-09-19,112516.33452181685,1
2016-09-20,112500.3367738862,1
2016-09-21,112465.55906099347,1
2016-09-22,113252.92648088465,1
2016-09-23,112761.86517483945,1
2016-09-26,111050.10614625977,1
2016-09-27,111719.92489657356,1
2016-09-28,111643.41392820957,1
2016-09-29,112126.12858316052,1
2016-09-30,112405.04584056014,1
2016-10-10,113995.08287401531,1
2016-10-11,114197.48916305092,1
2016-10-12,113968.65181221683,1
2016-10-13,114248.96017813215,1
2016-10-14,114181.49141512027,1
2016-10-17,113372.56181323562,1
2016-10-18,114705.24377128463,1
2016-10-19,114517.44412166395,1
2016-10-20,114424.23985111146,1
2016-10-21,114877.04567297467,0
2016-10-24,114877.04567297467,0
2016-10-25,114877.04567297467,0
2016-10-26,114877.04567297467,0
2016-10-27,114877.04567297467,0
2016-10-28,114877.04567297467,0
2016-10-31,114877.04567297467,0
2016-11-01,114877.04567297467,0
2016-11-02,114877.04567297467,0
2016-11-03,114877.04567297467,0
2016-11-04,114877.04567297467,0
2016-11-07,114877.04567297467,0
2016-11-08,114877.04567297467,0
2016-11-09,114877.04567297467,0
2016-11-10,114877.04567297467,0
2016-11-11,114877.04567297467,0
2016-11-14,114877.04567297467,0
2016-11-15,114877.04567297467,0
2016-11-16,114877.04567297467,0
2016-11-17,114877.04567297467,0
2016-11-18,114877.04567297467,0
2016-11-21,114877.04567297467,0
2016-11-22,114877.04567297467,0
2016-11-23,114877.04567297467,0
2016-11-24,114877.04567297467,0
2016-11-25,114877.04567297467,0
2016-11-28,114877.04567297467,0
2016-11-29,114877.04567297467,0
2016-11-30,114877.04567297467,0
2016-12-01,114877.04567297467,0
2016-12-02,114877.04567297467,0
2016-12-05,114877.04567297467,0
2016-12-06,114877.04567297467,0
2016-12-07,114877.04567297467,0
2016-12-08,114877.04567297467,0
2016-12-09,114877.04567297467,0
2016-12-12,114877.04567297467,0
2016-12-13,114877.04567297467,0
2016-12-14,114877.04567297467,0
2016-12-15,114877.04567297467,0
2016-12-16,114877.04567297467,0
2016-12-19,114877.04567297467,0
2016-12-20,114877.04567297467,0
2016-12-21,114877.04567297467,0
2016-12-22,114877.04567297467,0
2016-12-23,114877.04567297467,0
2016-12-26,114877.04567297467,0
2016-12-27,114877.04567297467,0
2016-12-28,114877.04567297467,0
2016-12-29,114877.04567297467,0
2016-12-30,114877.04567297467,0
2017-01-03,114877.04567297467,0
2017-01-04,114877.04567297467,0
2017-01-05,114877.04567297467,0
2017-01-06,114877.04567297467,0
2017-01-09,114877.04567297467,0
2017-01-10,114877.04567297467,0
2017-01-11,114877.04567297467,0
2017-01-12,114877.04567297467,0
2017-01-13,114877.04567297467,0
2017-01-16,114877.04567297467,0
2017-01-17,114877.04567297467,0
2017-01-18,114877.04567297467,0
2017-01-19,114877.04567297467,0
2017-01-20,114877.04567297467,0
2017-01-23,114877.04567297467,0
2017-01-24,114877.04567297467,0
2017-01-25,114877.04567297467,0
2017-01-26,114877.04567297467,0
2017-02-03,114877.04567297467,0
2017-02-06,114877.04567297467,0
2017-02-07,114877.04567297467,0
2017-02-08,114877.04567297467,0
2017-02-09,114877.04567297467,0
2017-02-10,114877.04567297467,0
2017-02-13,114877.04567297467,0
2017-02-14,114877.04567297467,0
2017-02-15,114877.04567297467,0
2017-02-16,114877.04567297467,0
2017-02-17,114877.04567297467,0
2017-02-20,114877.04567297467,0
2017-02-21,114877.04567297467,0
2017-02-22,114877.04567297467,0
2017-02-23,114877.04567297467,0
2017-02-24,114877.04567297467,0
2017-02-27,114877.04567297467,0
2017-02-28,114877.04567297467,0
2017-03-01,114877.04567297467,0
2017-03-02,114877.04567297467,0
2017-03-03,114877.04567297467,0
2017-03-06,114877.04567297467,0
2017-03-07,114877.04567297467,0
2017-03-08,114877.04567297467,0
2017-03-09,114877.04567297467,0
2017-03-10,114877.04567297467,0
2017-03-13,114877.04567297467,0
2017-03-14,114877.04567297467,0
2017-03-15,114877.04567297467,0
2017-03-16,114877.04567297467,0
2017-03-17,114877.04567297467,0
2017-03-20,114877.04567297467,0
2017-03-21,114877.04567297467,0
2017-03-22,114877.04567297467,0
2017-03-23,114877.04567297467,0
2017-03-24,114877.04567297467,0
2017-03-27,114877.04567297467,0
2017-03-28,114877.04567297467,0
2017-03-29,114877.04567297467,0
2017-03-30,114877.04567297467,0
2017-03-31,114877.04567297467,0
2017-04-05,114877.04567297467,0
2017-04-06,114877.04567297467,0
2017-04-07,114877.04567297467,0
2017-04-10,114877.04567297467,0
2017-04-11,114877.04567297467,0
2017-04-12,114877.04567297467,0
2017-04-13,114877.04567297467,0
2017-04-14,114877.04567297467,0
2017-04-17,114877.04567297467,0
2017-04-18,114877.04567297467,0
2017-04-19,114877.04567297467,0
2017-04-20,114877.04567297467,0
2017-04-21,114877.04567297467,0
2017-04-24,114877.04567297467,0
2017-04-25,114877.04567297467,0
2017-04-26,114877.04567297467,0
2017-04-27,114877.04567297467,0
2017-04-28,114877.04567297467,0
2017-05-02,114877.04567297467,0
2017-05-03,114877.04567297467,0
2017-05-04,114877.04567297467,0
2017-05-05,114877.04567297467,0
2017-05-08,114877.04567297467,0
2017-05-09,114877.04567297467,0
2017-05-10,114877.04567297467,0
2017-05-11,114877.04567297467,0
2017-05-12,114877.04567297467,0
2017-05-15,114877.04567297467,0
2017-05-16,114877.04567297467,0
2017-05-17,114877.04567297467,0
2017-05-18,114877.04567297467,0
2017-05-19,114877.04567297467,0
2017-05-22,114877.04567297467,0
2017-05-23,114877.04567297467,0
2017-05-24,114877.04567297467,0
2017-05-25,114877.04567297467,0
2017-05-26,114877.04567297467,0
2017-05-31,114877.04567297467,0
2017-06-01,114877.04567297467,0
2017-06-02,114877.04567297467,0
2017-06-05,114877.04567297467,0
2017-06-06,114877.04567297467,0
2017-06-07,114877.04567297467,0
2017-06-08,114877.04567297467,0
2017-06-09,114877.04567297467,0
2017-06-12,114877.04567297467,0
2017-06-13,114877.04567297467,0
2017-06-14,114877.04567297467,0
2017-06-15,114877.04567297467,0
2017-06-16,114877.04567297467,0
2017-06-19,114877.04567297467,0
2017-06-20,114877.04567297467,0
2017-06-21,114877.04567297467,0
2017-06-22,114877.04567297467,0
2017-06-23,114877.04567297467,0
2017-06-26,114877.04567297467,0
2017-06-27,114877.04567297467,0
2017-06-28,114877.04567297467,0
2017-06-29,114877.04567297467,0
2017-06-30,114877.04567297467,0
2017-07-03,114877.04567297467,0
2017-07-04,114877.04567297467,0
2017-07-05,114877.04567297467,0
2017-07-06,114877.04567297467,0
2017-07-07,114877.04567297467,0
2017-07-10,114877.04567297467,0
2017-07-11,114877.04567297467,0
2017-07-12,114877.04567297467,0
2017-07-13,114877.04567297467,0
2017-07-14,114877.04567297467,0
2017-07-17,114877.04567297467,0
2017-07-18,114877.04567297467,0
2017-07-19,114877.04567297467,0
2017-07-20,114877.04567297467,0
2017-07-21,114877.04567297467,0
2017-07-24,114877.04567297467,0
2017-07-25,114877.04567297467,0
2017-07-26,114877.04567297467,0
2017-07-27,114877.04567297467,0
2017-07-28,114877.04567297467,0
2017-07-31,114877.04567297467,0
2017-08-01,114877.04567297467,0
2017-08-02,114877.04567297467,0
2017-08-03,114877.04567297467,0
2017-08-04,114877.04567297467,0
2017-08-07,114877.04567297467,0
2017-08-08,114877.04567297467,0
2017-08-09,114877.04567297467,0
2017-08-10,114877.04567297467,0
2017-08-11,114877.04567297467,0
2017-08-14,114877.04567297467,0
2017-08-15,114877.04567297467,0
2017-08-16,114877.04567297467,0
2017-08-17,114877.04567297467,0
2017-08-18,114877.04567297467,0
2017-08-21,114877.04567297467,0
2017-08-22,114877.04567297467,0
2017-08-23,114877.04567297467,0
2017-08-24,114877.04567297467,0
2017-08-25,114877.04567297467,0
2017-08-28,114877.04567297467,0
2017-08-29,114877.04567297467,0
2017-08-30,114877.04567297467,0
2017-08-31,114877.04567297467,0
2017-09-01,114877.04567297467,0
2017-09-04,114877.04567297467,0
2017-09-05,114877.04567297467,0
2017-09-06,114877.04567297467,0
2017-09-07,114877.04567297467,0
2017-09-08,114877.04567297467,0
2017-09-11,114877.04567297467,0
2017-09-12,114877.04567297467,0
2017-09-13,114877.04567297467,0
2017-09-14,114877.04567297467,0
2017-09-15,114877.04567297467,0
2017-09-18,114877.04567297467,0
2017-09-19,114877.04567297467,0
2017-09-20,114877.04567297467,0
2017-09-21,114877.04567297467,0
2017-09-22,114877.04567297467,0
2017-09-25,114877.04567297467,0
2017-09-26,114877.04567297467,0
2017-09-27,114877.04567297467,0
2017-09-28,114877.04567297467,0
2017-09-29,114877.04567297467,0
2017-10-09,114877.04567297467,0
2017-10-10,114877.04567297467,0
2017-10-11,114877.04567297467,0
2017-10-12,114877.04567297467,0
2017-10-13,114877.04567297467,0
2017-10-16,114877.04567297467,0
2017-10-17,114877.04567297467,0
2017-10-18,114877.04567297467,0
2017-10-19,114877.04567297467,0
2017-10-20,114877.04567297467,0
2017-10-23,114877.04567297467,0
2017-10-24,114877.04567297467,0
2017-10-25,114877.04567297467,0
2017-10-26,114877.04567297467,0
2017-10-27,114877.04567297467,0
2017-10-30,114877.04567297467,0
2017-10-31,114877.04567297467,0
2017-11-01,114877.04567297467,0
2017-11-02,114877.04567297467,0
2017-11-03,114877.04567297467,0
2017-11-06,114877.04567297467,0
2017-11-07,114877.04567297467,0
2017-11-08,114877.04567297467,0
2017-11-09,114877.04567297467,0
2017-11-10,114877.04567297467,0
2017-11-13,114877.04567297467,0
2017-11-14,114877.04567297467,0
2017-11-15,114877.04567297467,0
2017-11-16,114877.04567297467,0
2017-11-17,114877.04567297467,0
2017-11-20,114877.04567297467,0
2017-11-21,114877.04567297467,0
2017-11-22,114877.04567297467,0
2017-11-23,114877.04567297467,0
2017-11-24,114877.04567297467,0
2017-11-27,114877.04567297467,0
2017-11-28,114877.04567297467,0
2017-11-29,114877.04567297467,0
2017-11-30,114877.04567297467,0
2017-12-01,114877.04567297467,0
2017-12-04,114877.04567297467,0
2017-12-05,114877.04567297467,0
2017-12-06,114877.04567297467,0
2017-12-07,114877.04567297467,0
2017-12-08,114877.04567297467,0
2017-12-11,114877.04567297467,0
2017-12-12,114877.04567297467,0
2017-12-13,114877.04567297467,0
2017-12-14,114877.04567297467,0
2017-12-15,114877.04567297467,0
2017-12-18,114877.04567297467,0
2017-12-19,114877.04567297467,0
2017-12-20,114877.04567297467,0
2017-12-21,114877.04567297467,0
2017-12-22,114877.04567297467,0
2017-12-25,114877.04567297467,0
2017-12-26,114877.04567297467,0
2017-12-27,114877.04567297467,0
2017-12-28,114877.04567297467,0
2017-12-29,114877.04567297467,0
2018-01-02,114877.04567297467,0
2018-01-03,114877.04567297467,0
2018-01-04,114877.04567297467,0
2018-01-05,114877.04567297467,0
2018-01-08,114877.04567297467,0
2018-01-09,114877.04567297467,0
2018-01-10,114877.04567297467,0
2018-01-11,114877.04567297467,0
2018-01-12,114877.04567297467,0
2018-01-15,114877.04567297467,0
2018-01-16,114877.04567297467,0
2018-01-17,114877.04567297467,0
2018-01-18,114877.04567297467,0
2018-01-19,114877.04567297467,0
2018-01-22,114877.04567297467,0
2018-01-23,114877.04567297467,0
2018-01-24,114877.04567297467,0
2018-01-25,114877.04567297467,0
2018-01-26,114877.04567297467,0
2018-01-29,114877.04567297467,0
2018-01-30,114877.04567297467,0
2018-01-31,114877.04567297467,0
2018-02-01,114877.04567297467,0
2018-02-02,114877.04567297467,0
2018-02-05,114877.04567297467,0
2018-02-06,114877.04567297467,0
2018-02-07,114877.04567297467,0
2018-02-08,114877.04567297467,0
2018-02-09,114877.04567297467,0
2018-02-12,114877.04567297467,0
2018-02-13,114877.04567297467,0
2018-02-14,114877.04567297467,0
2018-02-22,114877.04567297467,0
2018-02-23,114877.04567297467,0
2018-02-26,114877.04567297467,0
2018-02-27,114877.04567297467,0
2018-02-28,114877.04567297467,0
2018-03-01,114877.04567297467,0
2018-03-02,114877.04567297467,0
2018-03-05,114877.04567297467,0
2018-03-06,114877.04567297467,0
2018-03-07,114877.04567297467,0
2018-03-08,114877.04567297467,0
2018-03-09,114877.04567297467,0
2018-03-12,114877.04567297467,0
2018-03-13,114877.04567297467,0
2018-03-14,114877.04567297467,0
2018-03-15,114877.04567297467,0
2018-03-16,114877.04567297467,0
2018-03-19,114877.04567297467,0
2018-03-20,114877.04567297467,0
2018-03-21,114877.04567297467,0
2018-03-22,114877.04567297467,0
2018-03-23,114877.04567297467,0
2018-03-26,114877.04567297467,0
2018-03-27,114877.04567297467,0
2018-03-28,114877.04567297467,0
2018-03-29,114877.04567297467,0
2018-03-30,114877.04567297467,0
2018-04-02,114877.04567297467,0
2018-04-03,114877.04567297467,0
2018-04-04,114877.04567297467,0
2018-04-09,114877.04567297467,0
2018-04-10,114877.04567297467,0
2018-04-11,114877.04567297467,0
2018-04-12,114877.04567297467,0
2018-04-13,114877.04567297467,0
2018-04-16,114877.04567297467,0
2018-04-17,114877.04567297467,1
2018-04-18,115261.00905938946,1
2018-04-19,116646.01984609995,1
2018-04-20,115026.74568374948,1
2018-04-23,115138.73500478713,1
2018-04-24,117460.2279199706,1
2018-04-25,117048.83857738333,1
2018-04-26,115318.71784216906,1
2018-04-27,115510.69953537647,1
2018-05-02,115698.11023588844,1
2018-05-03,116363.76104715813,1
2018-05-04,116254.62859655512,1
2018-05-07,118011.032539768,1
2018-05-08,119002.93795467287,1
2018-05-09,119101.21429762426,1
2018-05-10,119828.00213619514,1
2018-05-11,119305.19484665713,1
2018-05-14,120167.39834382963,1
2018-05-15,120708.48960414928,0
2018-05-16,120708.48960414928,0
2018-05-17,120708.48960414928,0
2018-05-18,120708.48960414928,0
2018-05-21,120708.48960414928,0
2018-05-22,120708.48960414928,0
2018-05-23,120708.48960414928,0
2018-05-24,120708.48960414928,0
2018-05-25,120708.48960414928,0
2018-05-28,120708.48960414928,0
2018-05-29,120708.48960414928,0
2018-05-30,120708.48960414928,1
2018-05-31,123272.43998465038,1
2018-06-01,122192.6951980279,1
2018-06-04,123335.71090040538,1
2018-06-05,124293.05307430556,1
2018-06-06,124507.10981732712,1
2018-06-07,124010.99487977165,1
2018-06-08,122731.97627436949,1
2018-06-11,122234.67870287468,1
2018-06-12,123866.12222220183,1
2018-06-13,122827.76962345646,1
2018-06-14,122490.71895074297,1
2018-06-15,121753.34668956105,1
2018-06-19,117466.8899764032,1
2018-06-20,117811.62776972241,1
2018-06-21,116958.35738248462,1
2018-06-22,117326.1565376211,1
2018-06-25,116401.92811402255,1
2018-06-26,115279.01718861397,1
2018-06-27,113816.09900564357,1
2018-06-28,112363.2332111576,1
2018-06-29,114508.53117713037,1
2018-07-02,111903.18860875219,1
2018-07-03,111971.78137723422,1
2018-07-04,111088.35382454313,1
2018-07-05,110010.97430579935,1
2018-07-06,110361.62526881529,1
2018-07-09,112844.56522447121,1
2018-07-10,113291.60085354383,1
2018-07-11,111499.91043543535,1
2018-07-12,113581.34616868348,1
2018-07-13,113897.10943048874,1
2018-07-16,113236.60837536426,1
2018-07-17,112454.88734145687,1
2018-07-18,112531.75854751433,1
2018-07-19,112330.71077782559,1
2018-07-20,114294.47443410884,1
2018-07-23,115309.76567103696,1
2018-07-24,116884.44276127554,1
2018-07-25,116880.30354248782,1
2018-07-26,116086.75616918698,1
2018-07-27,115631.44210253895,1
2018-07-30,115616.65917829712,1
2018-07-31,115626.1202498119,1
2018-08-01,113780.02867049353,1
2018-08-02,111537.16340452475,1
2018-08-03,110358.66868396693,1
2018-08-06,108857.90621493747,1
2018-08-07,111590.97324876497,1
2018-08-08,110470.42759123509,1
2018-08-09,112250.2916699501,1
2018-08-10,111862.38773784477,1
2018-08-13,111289.99291120152,1
2018-08-14,110960.03804212413,1
2018-08-15,108728.9991155488,1
2018-08-16,107783.48328104205,1
2018-08-17,106642.24152957361,1
2018-08-20,107517.98196165898,1
2018-08-21,109011.64862705237,1
2018-08-22,108406.14005010747,1
2018-08-23,108425.062193137,1
2018-08-24,108817.6966609997,1
2018-08-27,110934.61141242819,1
2018-08-28,110780.86900031328,1
2018-08-29,110047.63595791905,1
2018-08-30,109371.76066158309,1
2018-08-31,108818.28797796938,1
2018-09-03,108603.0486010085,1
2018-09-04,109569.85184642347,1
2018-09-05,107754.50874952809,1
2018-09-06,106971.01376471168,1
2018-09-07,107502.01640347781,1
2018-09-10,106532.84789018414,1
2018-09-11,106000.071300509,1
2018-09-12,105608.61946658563,1
2018-09-13,106480.22067988328,1
2018-09-14,106737.44356169093,1
2018-09-17,105861.11181263589,1
2018-09-18,107585.39209620169,1
2018-09-19,108692.3374634291,1
2018-09-20,108632.61444949215,1
2018-09-21,111498.13648452633,1
2018-09-25,110877.8449833396,1
2018-09-26,111894.91017117676,1
2018-09-27,111704.50610694214,1
2018-09-28,112823.86913053268,1
2018-10-08,109141.73836038039,1
2018-10-09,109075.51085977703,1
2018-10-10,109420.83997006594,1
2018-10-11,104580.31925632468,1
2018-10-12,105995.93208172129,1
2018-10-15,103979.54121513717,1
2018-10-16,102970.16314790575,1
2018-10-17,103481.6523266727,1
2018-10-18,101493.05335766322,1
2018-10-19,104124.41387270701,1
2018-10-22,108061.40225678825,1
2018-10-23,105415.25881750263,1
2018-10-24,105431.81569265347,1
2018-10-25,105382.14506720097,1
2018-10-26,105133.20062296874,1
2018-10-29,102497.10957216755,1
2018-10-30,103330.27518243648,1
2018-10-31,104563.17106420419,1
2018-11-01,104826.89843267824,1
2018-11-02,107614.36662771564,1
2018-11-05,107253.07195924559,1
2018-11-06,107017.13648834615,1
2018-11-07,106476.67277806524,1
2018-11-08,106343.03514291921,1
2018-11-09,105188.78441811798,1
2018-11-12,106492.04701927674,1
2018-11-13,107360.69164772602,1
2018-11-14,106595.52748896947,1
2018-11-15,107606.67950710989,1
2018-11-16,107988.6702695185,1
2018-11-19,108815.33139312101,1
2018-11-20,106694.8687398745,1
2018-11-21,106976.9269344084,1
2018-11-22,106804.85369623364,1
2018-11-23,104256.27755694401,1
2018-11-26,104190.05005634067,1
2018-11-27,104032.16842543804,1
2018-11-28,104983.59742964152,1
2018-11-29,104065.8734927094,1
2018-11-30,104959.94475085461,1
2018-12-03,107530.39961802211,1
2018-12-04,108102.79444466534,1
2018-12-05,107761.60455316416,1
2018-12-06,106001.84525141802,1
2018-12-07,106042.05480535576,1
2018-12-10,105204.74997629914,1
2018-12-11,105459.01627325843,1
2018-12-12,105803.75406657765,1
2018-12-13,107086.32057379786,1
2018-12-14,105502.18241204454,1
2018-12-17,105718.60442294476,1
2018-12-18,105261.51640538771,1
2018-12-19,104564.35369814353,1
2018-12-20,104349.70563815233,1
2018-12-21,103745.97101211642,1
2018-12-24,104326.0529593654,1
2018-12-25,103776.71949453941,1
2018-12-26,103952.34063453223,1
2018-12-27,103654.90819878683,1
2018-12-28,104102.5351448291,1
2019-01-02,102728.31450730961,1
2019-01-03,102105.06642127452,1
2019-01-04,103708.71804302704,1
2019-01-07,104548.38813996236,1
2019-01-08,104605.74588602062,1
2019-01-09,105459.01627325843,1
2019-01-10,104816.25472722412,1
2019-01-11,105249.69006599426,1
2019-01-14,104676.11260541169,1
2019-01-15,106138.43947141242,1
2019-01-16,106150.85712777555,1
2019-01-17,106199.93643625839,1
2019-01-18,107402.67515257279,1
2019-01-21,107885.78111679544,1
2019-01-22,106806.62764714265,1
2019-01-23,107209.31450348979,0
2019-01-24,107209.31450348979,1
2019-01-25,107955.50867099469,1
2019-01-28,107917.8161479321,1
2019-01-29,108159.28387380186,1
2019-01-30,107411.3228692784,1
2019-01-31,107977.29966089026,1
2019-02-01,109360.14410074937,0
2019-02-11,109360.14410074937,1
2019-02-12,110275.62715957018,0
2019-02-13,110275.62715957018,1
2019-02-14,110392.033925349,0
2019-02-15,110392.033925349,1
2019-02-18,113323.45735219805,0
2019-02-19,113323.45735219805,0
2019-02-20,113323.45735219805,0
2019-02-21,113323.45735219805,0
2019-02-22,113323.45735219805,0
2019-02-25,113323.45735219805,0
2019-02-26,113323.45735219805,0
2019-02-27,113323.45735219805,0
2019-02-28,113323.45735219805,0
2019-03-01,113323.45735219805,0
2019-03-04,113323.45735219805,0
2019-03-05,113323.45735219805,0
2019-03-06,113323.45735219805,0
2019-03-07,113323.45735219805,0
2019-03-08,113323.45735219805,0
2019-03-11,113323.45735219805,0
2019-03-12,113323.45735219805,0
2019-03-13,113323.45735219805,0
2019-03-14,113323.45735219805,0
2019-03-15,113323.45735219805,0
2019-03-18,113323.45735219805,0
2019-03-19,113323.45735219805,0
2019-03-20,113323.45735219805,0
2019-03-21,113323.45735219805,0
2019-03-22,113323.45735219805,0
2019-03-25,113323.45735219805,0
2019-03-26,113323.45735219805,0
2019-03-27,113323.45735219805,0
2019-03-28,113323.45735219805,0
2019-03-29,113323.45735219805,0
2019-04-01,113323.45735219805,0
2019-04-02,113323.45735219805,0
2019-04-03,113323.45735219805,0
2019-04-04,113323.45735219805,0
2019-04-08,113323.45735219805,0
2019-04-09,113323.45735219805,0
2019-04-10,113323.45735219805,0
2019-04-11,113323.45735219805,0
2019-04-12,113323.45735219805,0
2019-04-15,113323.45735219805,0
2019-04-16,113323.45735219805,0
2019-04-17,113323.45735219805,0
2019-04-18,113323.45735219805,0
2019-04-19,113323.45735219805,0
2019-04-22,113323.45735219805,0
2019-04-23,113323.45735219805,0
2019-04-24,113323.45735219805,0
2019-04-25,113323.45735219805,0
2019-04-26,113323.45735219805,0
2019-04-29,113323.45735219805,0
2019-04-30,113323.45735219805,0
2019-05-06,113323.45735219805,0
2019-05-07,113323.45735219805,0
2019-05-08,113323.45735219805,0
2019-05-09,113323.45735219805,0
2019-05-10,113323.45735219805,0
2019-05-13,113323.45735219805,0
2019-05-14,113323.45735219805,0
2019-05-15,113323.45735219805,0
2019-05-16,113323.45735219805,0
2019-05-17,113323.45735219805,0
2019-05-20,113323.45735219805,0
2019-05-21,113323.45735219805,0
2019-05-22,113323.45735219805,0
2019-05-23,113323.45735219805,0
2019-05-24,113323.45735219805,0
2019-05-27,113323.45735219805,0
2019-05-28,113323.45735219805,0
2019-05-29,113323.45735219805,0
2019-05-30,113323.45735219805,0
2019-05-31,113323.45735219805,0
2019-06-03,113323.45735219805,0
2019-06-04,113323.45735219805,0
2019-06-05,113323.45735219805,0
2019-06-06,113323.45735219805,0
2019-06-10,113323.45735219805,0
2019-06-11,113323.45735219805,0
2019-06-12,113323.45735219805,0
2019-06-13,113323.45735219805,0
2019-06-14,113323.45735219805,0
2019-06-17,113323.45735219805,0
2019-06-18,113323.45735219805,0
2019-06-19,113323.45735219805,0
2019-06-20,113323.45735219805,0
2019-06-21,113323.45735219805,0
2019-06-24,113323.45735219805,0
2019-06-25,113323.45735219805,0
2019-06-26,113323.45735219805,0
2019-06-27,113323.45735219805,0
2019-06-28,113323.45735219805,0
2019-07-01,113323.45735219805,0
2019-07-02,113323.45735219805,0
2019-07-03,113323.45735219805,0
2019-07-04,113323.45735219805,0
2019-07-05,113323.45735219805,0
2019-07-08,113323.45735219805,0
2019-07-09,113323.45735219805,0
2019-07-10,113323.45735219805,0
2019-07-11,113323.45735219805,0
2019-07-12,113323.45735219805,0
2019-07-15,113323.45735219805,0
2019-07-16,113323.45735219805,0
2019-07-17,113323.45735219805,0
2019-07-18,113323.45735219805,0
2019-07-19,113323.45735219805,0
2019-07-22,113323.45735219805,0
2019-07-23,113323.45735219805,0
2019-07-24,113323.45735219805,0
2019-07-25,113323.45735219805,0
2019-07-26,113323.45735219805,0
2019-07-29,113323.45735219805,0
2019-07-30,113323.45735219805,0
2019-07-31,113323.45735219805,0
2019-08-01,113323.45735219805,0
2019-08-02,113323.45735219805,0
2019-08-05,113323.45735219805,0
2019-08-06,113323.45735219805,0
2019-08-07,113323.45735219805,0
2019-08-08,113323.45735219805,0
2019-08-09,113323.45735219805,0
2019-08-12,113323.45735219805,0
2019-08-13,113323.45735219805,0
2019-08-14,113323.45735219805,0
2019-08-15,113323.45735219805,0
2019-08-16,113323.45735219805,0
2019-08-19,113323.45735219805,0
2019-08-20,113323.45735219805,0
2019-08-21,113323.45735219805,0
2019-08-22,113323.45735219805,0
2019-08-23,113323.45735219805,0
2019-08-26,113323.45735219805,0
2019-08-27,113323.45735219805,0
2019-08-28,113323.45735219805,0
2019-08-29,113323.45735219805,0
2019-08-30,113323.45735219805,0
2019-09-02,113323.45735219805,0
2019-09-03,113323.45735219805,0
2019-09-04,113323.45735219805,0
2019-09-05,113323.45735219805,0
2019-09-06,113323.45735219805,0
2019-09-09,113323.45735219805,0
2019-09-10,113323.45735219805,0
2019-09-11,113323.45735219805,0
2019-09-12,113323.45735219805,0
2019-09-16,113323.45735219805,0
2019-09-17,113323.45735219805,0
2019-09-18,113323.45735219805,0
2019-09-19,113323.45735219805,0
2019-09-20,113323.45735219805,0
2019-09-23,113323.45735219805,0
2019-09-24,113323.45735219805,0
2019-09-25,113323.45735219805,0
2019-09-26,113323.45735219805,0
2019-09-27,113323.45735219805,0
2019-09-30,113323.45735219805,0
2019-10-08,113323.45735219805,0
2019-10-09,113323.45735219805,0
2019-10-10,113323.45735219805,0
2019-10-11,113323.45735219805,0
2019-10-14,113323.45735219805,0
2019-10-15,113323.45735219805,0
2019-10-16,113323.45735219805,0
2019-10-17,113323.45735219805,0
2019-10-18,113323.45735219805,0
2019-10-21,113323.45735219805,0
2019-10-22,113323.45735219805,0
2019-10-23,113323.45735219805,0
2019-10-24,113323.45735219805,0
2019-10-25,113323.45735219805,0
2019-10-28,113323.45735219805,0
2019-10-29,113323.45735219805,0
2019-10-30,113323.45735219805,0
2019-10-31,113323.45735219805,0
2019-11-01,113323.45735219805,0
2019-11-04,113323.45735219805,0
2019-11-05,113323.45735219805,0
2019-11-06,113323.45735219805,0
2019-11-07,113323.45735219805,0
2019-11-08,113323.45735219805,0
2019-11-11,113323.45735219805,0
2019-11-12,113323.45735219805,0
2019-11-13,113323.45735219805,0
2019-11-14,113323.45735219805,0
2019-11-15,113323.45735219805,0
2019-11-18,113323.45735219805,0
2019-11-19,113323.45735219805,0
2019-11-20,113323.45735219805,0
2019-11-21,113323.45735219805,0
2019-11-22,113323.45735219805,0
2019-11-25,113323.45735219805,0
2019-11-26,113323.45735219805,0
2019-11-27,113323.45735219805,0
2019-11-28,113323.45735219805,0
2019-11-29,113323.45735219805,0
2019-12-02,113323.45735219805,0
2019-12-03,113323.45735219805,0
2019-12-04,113323.45735219805,0
2019-12-05,113323.45735219805,0
2019-12-06,113323.45735219805,0
2019-12-09,113323.45735219805,0
2019-12-10,113323.45735219805,0
2019-12-11,113323.45735219805,0
2019-12-12,113323.45735219805,0
2019-12-13,113323.45735219805,0
2019-12-16,113323.45735219805,0
2019-12-17,113323.45735219805,0
2019-12-18,113323.45735219805,0
2019-12-19,113323.45735219805,0
2019-12-20,113323.45735219805,0
2019-12-23,113323.45735219805,0
2019-12-24,113323.45735219805,0
2019-12-25,113323.45735219805,0
2019-12-26,113323.45735219805,0
2019-12-27,113323.45735219805,0
2019-12-30,113323.45735219805,0
2019-12-31,113323.45735219805,0
2020-01-02,113323.45735219805,0
2020-01-03,113323.45735219805,0
2020-01-06,113323.45735219805,0
2020-01-07,113323.45735219805,0
2020-01-08,113323.45735219805,0
2020-01-09,113323.45735219805,0
2020-01-10,113323.45735219805,0
2020-01-13,113323.45735219805,0
2020-01-14,113323.45735219805,0
2020-01-15,113323.45735219805,0
2020-01-16,113323.45735219805,0
2020-01-17,113323.45735219805,0
2020-01-20,113323.45735219805,0
2020-01-21,113323.45735219805,0
2020-01-22,113323.45735219805,0
2020-01-23,113323.45735219805,0
2020-02-03,113323.45735219805,1
2020-02-04,115990.25830851201,1
2020-02-05,117545.05913067168,1
2020-02-06,119108.09263494566,1
2020-02-07,118584.72927196452,1
2020-02-10,119427.99113995885,1
2020-02-11,119867.26353562952,1
2020-02-12,120560.57297939889,1
2020-02-13,119725.5437935189,1
2020-02-14,120068.37619870766,1
2020-02-17,122729.2966677971,1
2020-02-18,122529.36010216385,1
2020-02-19,122012.46527512968,1
2020-02-20,123793.66485543287,1
2020-02-21,124042.99751375198,0
2020-02-24,124042.99751375198,0
2020-02-25,124042.99751375198,0
2020-02-26,124042.99751375198,1
2020-02-27,124749.020005713,1
2020-02-28,120885.07517916584,1
2020-03-02,124623.15861071147,1
2020-03-03,124858.099881381,1
2020-03-04,125419.68143907833,1
2020-03-05,127517.97069574679,1
2020-03-06,126581.20231294965,1
2020-03-09,123296.21990340954,1
2020-03-10,124704.06950749816,1
2020-03-11,123489.20737574525,1
2020-03-12,121344.76894090955,1
2020-03-13,119526.37145312544,1
2020-03-16,116196.43854537052,1
2020-03-17,115869.19891836651,1
2020-03-18,114046.60605074903,1
2020-03-19,112481.13003292041,1
2020-03-20,114095.75192879727,1
2020-03-23,111055.30022954587,1
2020-03-24,113803.87336038893,1
2020-03-25,116065.7824305594,1
2020-03-26,115316.60746031215,1
2020-03-27,116046.00421134487,1
2020-03-30,115324.39888000273,1
2020-03-31,115301.6239609072,1
2020-04-01,114559.64107037436,1
2020-04-02,115437.67413550412,1
2020-04-03,114988.76849333197,1
2020-04-07,117278.24720240753,1
2020-04-08,117114.02804892934,1
2020-04-09,117788.88486212805,1
2020-04-10,116926.43463637943,1
2020-04-13,117028.92177230926,1
2020-04-14,118230.59842458583,1
2020-04-15,117612.67890912588,1
2020-04-16,117809.26242131878,1
2020-04-17,117897.96473779605,1
2020-04-20,118221.60832494285,1
2020-04-21,117001.35213340416,1
2020-04-22,117731.94756438925,1
2020-04-23,117478.4267544576,1
2020-04-24,116702.88082525766,1
2020-04-27,117343.5752598131,1
2020-04-28,116600.99302930402,1
2020-04-29,117847.62017979543,1
2020-04-30,118794.57734218794,1
2020-05-06,119047.4988121434,1
2020-05-07,118910.24995759412,1
2020-05-08,119965.68765567843,1
2020-05-11,119860.2038198676,1
2020-05-12,119380.13249893318,1
2020-05-13,119938.71735674953,1
2020-05-14,118577.01693082815,1
2020-05-15,118364.85057925413,1
2020-05-18,118721.4578650918,1
2020-05-19,119428.07969702901,1
2020-05-20,118826.94170090262,1
2020-05-21,118145.49214796574,1
2020-05-22,116081.96460991673,1
2020-05-25,116653.73494720942,1
2020-05-26,117717.5634049605,1
2020-05-27,117899.16341774845,1
2020-05-28,118065.18059115524,1
2020-05-29,117933.32579639171,1
2020-06-01,120055.5886521081,1
2020-06-02,120186.8441068954,1
2020-06-03,120023.2242933934,1
2020-06-04,119999.8500343217,1
2020-06-05,119719.35892546113,1
2020-06-08,120262.36094389633,1
2020-06-09,121088.25143109688,1
2020-06-10,120649.5345685201,1
2020-06-11,119476.02689512483,1
2020-06-12,119298.62226217028,1
2020-06-15,118290.53242220561,1
2020-06-16,119504.79521398233,1
2020-06-17,119775.69688322373,1
2020-06-18,120365.44741980235,1
2020-06-19,120877.88309945146,1
2020-06-22,120352.8612803022,1
2020-06-23,120185.64542694301,1
2020-06-24,120408.59989808859,1
2020-06-29,119755.91866400921,1
2020-06-30,120349.8645804212,1
2020-07-01,122476.92215594716,1
2020-07-02,125067.26953307402,1
2020-07-03,127473.61953750816,0
2020-07-06,127473.61953750816,0
2020-07-07,127473.61953750816,0
2020-07-08,127473.61953750816,0
2020-07-09,127473.61953750816,0
2020-07-10,127473.61953750816,0
2020-07-13,127473.61953750816,0
2020-07-14,127473.61953750816,0
2020-07-15,127473.61953750816,0
2020-07-16,127473.61953750816,0
2020-07-17,127473.61953750816,0
2020-07-20,127473.61953750816,0
2020-07-21,127473.61953750816,0
2020-07-22,127473.61953750816,0
2020-07-23,127473.61953750816,0
2020-07-24,127473.61953750816,0
2020-07-27,127473.61953750816,0
2020-07-28,127473.61953750816,0
2020-07-29,127473.61953750816,0
2020-07-30,127473.61953750816,0
2020-07-31,127473.61953750816,0
2020-08-03,127473.61953750816,0
2020-08-04,127473.61953750816,0
2020-08-05,127473.61953750816,0
2020-08-06,127473.61953750816,0
2020-08-07,127473.61953750816,0
2020-08-10,127473.61953750816,0
2020-08-11,127473.61953750816,0
2020-08-12,127473.61953750816,0
2020-08-13,127473.61953750816,0
2020-08-14,127473.61953750816,0
2020-08-17,127473.61953750816,0
2020-08-18,127473.61953750816,0
2020-08-19,127473.61953750816,0
2020-08-20,127473.61953750816,0
2020-08-21,127473.61953750816,0
2020-08-24,127473.61953750816,0
2020-08-25,127473.61953750816,0
2020-08-26,127473.61953750816,0
2020-08-27,127473.61953750816,0
2020-08-28,127473.61953750816,0
2020-08-31,127473.61953750816,0
2020-09-01,127473.61953750816,0
2020-09-02,127473.61953750816,0
2020-09-03,127473.61953750816,0
2020-09-04,127473.61953750816,0
2020-09-07,127473.61953750816,0
2020-09-08,127473.61953750816,0
2020-09-09,127473.61953750816,0
2020-09-10,127473.61953750816,0
2020-09-11,127473.61953750816,0
2020-09-14,127473.61953750816,0
2020-09-15,127473.61953750816,0
2020-09-16,127473.61953750816,0
2020-09-17,127473.61953750816,0
2020-09-18,127473.61953750816,0
2020-09-21,127473.61953750816,0
2020-09-22,127473.61953750816,0
2020-09-23,127473.61953750816,0
2020-09-24,127473.61953750816,0
2020-09-25,127473.61953750816,0
2020-09-28,127473.61953750816,0
2020-09-29,127473.61953750816,0
2020-09-30,127473.61953750816,0
2020-10-09,127473.61953750816,0
2020-10-12,127473.61953750816,0
2020-10-13,127473.61953750816,0
2020-10-14,127473.61953750816,0
2020-10-15,127473.61953750816,0
2020-10-16,127473.61953750816,0
2020-10-19,127473.61953750816,0
2020-10-20,127473.61953750816,0
2020-10-21,127473.61953750816,0
2020-10-22,127473.61953750816,0
2020-10-23,127473.61953750816,0
2020-10-26,127473.61953750816,0
2020-10-27,127473.61953750816,0
2020-10-28,127473.61953750816,0
2020-10-29,127473.61953750816,0
2020-10-30,127473.61953750816,0
2020-11-02,127473.61953750816,0
2020-11-03,127473.61953750816,0
2020-11-04,127473.61953750816,0
2020-11-05,127473.61953750816,0
2020-11-06,127473.61953750816,0
2020-11-09,127473.61953750816,0
2020-11-10,127473.61953750816,0
2020-11-11,127473.61953750816,0
2020-11-12,127473.61953750816,0
2020-11-13,127473.61953750816,0
2020-11-16,127473.61953750816,0
2020-11-17,127473.61953750816,0
2020-11-18,127473.61953750816,0
2020-11-19,127473.61953750816,0
2020-11-20,127473.61953750816,0
2020-11-23,127473.61953750816,0
2020-11-24,127473.61953750816,0
2020-11-25,127473.61953750816,0
2020-11-26,127473.61953750816,0
2020-11-27,127473.61953750816,0
2020-11-30,127473.61953750816,0
2020-12-01,127473.61953750816,0
2020-12-02,127473.61953750816,0
2020-12-03,127473.61953750816,0
2020-12-04,127473.61953750816,0
2020-12-07,127473.61953750816,0
2020-12-08,127473.61953750816,0
2020-12-09,127473.61953750816,0
2020-12-10,127473.61953750816,0
2020-12-11,127473.61953750816,0
2020-12-14,127473.61953750816,0
2020-12-15,127473.61953750816,0
2020-12-16,127473.61953750816,0
2020-12-17,127473.61953750816,0
2020-12-18,127473.61953750816,0
2020-12-21,127473.61953750816,0
2020-12-22,127473.61953750816,0
2020-12-23,127473.61953750816,0
2020-12-24,127473.61953750816,0
2020-12-25,127473.61953750816,0
2020-12-28,127473.61953750816,0
2020-12-29,127473.61953750816,0
2020-12-30,127473.61953750816,0
2020-12-31,127473.61953750816,0
2021-01-04,127473.61953750816,0
2021-01-05,127473.61953750816,0
2021-01-06,127473.61953750816,0
2021-01-07,127473.61953750816,0
2021-01-08,127473.61953750816,0
2021-01-11,127473.61953750816,0
2021-01-12,127473.61953750816,0
2021-01-13,127473.61953750816,0
2021-01-14,127473.61953750816,0
2021-01-15,127473.61953750816,0
2021-01-18,127473.61953750816,0
2021-01-19,127473.61953750816,0
2021-01-20,127473.61953750816,0
2021-01-21,127473.61953750816,0
2021-01-22,127473.61953750816,0
2021-01-25,127473.61953750816,0
2021-01-26,127473.61953750816,0
2021-01-27,127473.61953750816,0
2021-01-28,127473.61953750816,0
2021-01-29,127473.61953750816,0
2021-02-01,127473.61953750816,0
2021-02-02,127473.61953750816,0
2021-02-03,127473.61953750816,0
2021-02-04,127473.61953750816,0
2021-02-05,127473.61953750816,0
2021-02-08,127473.61953750816,0
2021-02-09,127473.61953750816,0
2021-02-10,127473.61953750816,0
2021-02-18,127473.61953750816,0
2021-02-19,127473.61953750816,0
2021-02-22,127473.61953750816,0
2021-02-23,127473.61953750816,0
2021-02-24,127473.61953750816,0
2021-02-25,127473.61953750816,0
2021-02-26,127473.61953750816,0
2021-03-01,127473.61953750816,0
2021-03-02,127473.61953750816,0
2021-03-03,127473.61953750816,0
2021-03-04,127473.61953750816,0
2021-03-05,127473.61953750816,0
2021-03-08,127473.61953750816,0
2021-03-09,127473.61953750816,0
2021-03-10,127473.61953750816,0
2021-03-11,127473.61953750816,0
2021-03-12,127473.61953750816,0
2021-03-15,127473.61953750816,0
2021-03-16,127473.61953750816,0
2021-03-17,127473.61953750816,0
2021-03-18,127473.61953750816,0
2021-03-19,127473.61953750816,0
2021-03-22,127473.61953750816,0
2021-03-23,127473.61953750816,0
2021-03-24,127473.61953750816,0
2021-03-25,127473.61953750816,0
2021-03-26,127473.61953750816,0
2021-03-29,127473.61953750816,0
2021-03-30,127473.61953750816,0
2021-03-31,127473.61953750816,0
2021-04-01,127473.61953750816,0
2021-04-02,127473.61953750816,0
2021-04-06,127473.61953750816,0
2021-04-07,127473.61953750816,0
2021-04-08,127473.61953750816,0
2021-04-09,127473.61953750816,0
2021-04-12,127473.61953750816,0
2021-04-13,127473.61953750816,0
2021-04-14,127473.61953750816,0
2021-04-15,127473.61953750816,0
2021-04-16,127473.61953750816,0
2021-04-19,127473.61953750816,0
2021-04-20,127473.61953750816,0
2021-04-21,127473.61953750816,0
2021-04-22,127473.61953750816,0
2021-04-23,127473.61953750816,0
2021-04-26,127473.61953750816,0
2021-04-27,127473.61953750816,0
2021-04-28,127473.61953750816,0
2021-04-29,127473.61953750816,0
2021-04-30,127473.61953750816,0
2021-05-06,127473.61953750816,0
2021-05-07,127473.61953750816,0
2021-05-10,127473.61953750816,0
2021-05-11,127473.61953750816,0
2021-05-12,127473.61953750816,0
2021-05-13,127473.61953750816,0
2021-05-14,127473.61953750816,0
2021-05-17,127473.61953750816,0
2021-05-18,127473.61953750816,0
2021-05-19,127473.61953750816,0
2021-05-20,127473.61953750816,0
2021-05-21,127473.61953750816,0
2021-05-24,127473.61953750816,0
2021-05-25,127473.61953750816,0
2021-05-26,127473.61953750816,0
2021-05-27,127473.61953750816,0
2021-05-28,127473.61953750816,0
2021-05-31,127473.61953750816,0
2021-06-01,127473.61953750816,0
2021-06-02,127473.61953750816,0
2021-06-03,127473.61953750816,0
2021-06-04,127473.61953750816,0
2021-06-07,127473.61953750816,0
2021-06-08,127473.61953750816,0
2021-06-09,127473.61953750816,0
2021-06-10,127473.61953750816,0
2021-06-11,127473.61953750816,0
2021-06-15,127473.61953750816,0
2021-06-16,127473.61953750816,0
2021-06-17,127473.61953750816,0
2021-06-18,127473.61953750816,0
2021-06-21,127473.61953750816,0
2021-06-22,127473.61953750816,0
2021-06-23,127473.61953750816,0
2021-06-24,127473.61953750816,0
2021-06-25,127473.61953750816,0
2021-06-28,127473.61953750816,0
2021-06-29,127473.61953750816,0
2021-06-30,127473.61953750816,0
2021-07-01,127473.61953750816,0
2021-07-02,127473.61953750816,0
2021-07-05,127473.61953750816,0
2021-07-06,127473.61953750816,0
2021-07-07,127473.61953750816,0
2021-07-08,127473.61953750816,0
2021-07-09,127473.61953750816,0
2021-07-12,127473.61953750816,0
2021-07-13,127473.61953750816,0
2021-07-14,127473.61953750816,0
2021-07-15,127473.61953750816,0
2021-07-16,127473.61953750816,0
2021-07-19,127473.61953750816,0
2021-07-20,127473.61953750816,0
2021-07-21,127473.61953750816,0
2021-07-22,127473.61953750816,0
2021-07-23,127473.61953750816,0
2021-07-26,127473.61953750814,1
2021-07-27,125129.38131389301,1
2021-07-28,124085.13482898832,1
2021-07-29,124139.97735606262,1
2021-07-30,124714.70465509646,1
2021-08-02,126102.5563606504,1
2021-08-03,126243.58000169863,1
2021-08-04,126432.73075834269,1
2021-08-05,126204.40676807413,1
2021-08-06,126713.09918756953,1
2021-08-09,128209.51671202568,1
2021-08-10,129089.79523333067,1
2021-08-11,130196.71889203461,1
2021-08-12,129918.58893330059,1
2021-08-13,129963.35834315719,1
2021-08-16,131294.68866876722,0
2021-08-17,131294.68866876722,0
2021-08-18,131294.68866876722,0
2021-08-19,131294.68866876722,0
2021-08-20,131294.68866876722,1
2021-08-23,132344.12040914423,1
2021-08-24,133206.9234778542,1
2021-08-25,134585.9335107496,1
2021-08-26,134174.66972060184,1
2021-08-27,134576.29008394614,1
2021-08-30,135113.48568293912,1
2021-08-31,137311.6197337288,1
2021-09-01,138210.16020765158,1
2021-09-02,141379.44406359014,0
2021-09-03,141379.44406359014,0
2021-09-06,141379.44406359014,0
2021-09-07,141379.44406359014,0
2021-09-08,141379.44406359014,0
2021-09-09,141379.44406359014,0
2021-09-10,141379.44406359014,0
2021-09-13,141379.44406359014,0
2021-09-14,141379.44406359014,0
2021-09-15,141379.44406359014,0
2021-09-16,141379.44406359014,0
2021-09-17,141379.44406359014,0
2021-09-22,141379.44406359014,0
2021-09-23,141379.44406359014,0
2021-09-24,141379.44406359014,0
2021-09-27,141379.44406359014,0
2021-09-28,141379.44406359014,0
2021-09-29,141379.44406359014,0
2021-09-30,141379.44406359014,0
2021-10-08,141379.44406359014,0
2021-10-11,141379.44406359014,0
2021-10-12,141379.44406359014,0
2021-10-13,141379.44406359014,0
2021-10-14,141379.44406359014,0
2021-10-15,141379.44406359014,0
2021-10-18,141379.44406359014,0
2021-10-19,141379.44406359014,0
2021-10-20,141379.44406359014,0
2021-10-21,141379.44406359014,0
2021-10-22,141379.44406359014,0
2021-10-25,141379.44406359014,0
2021-10-26,141379.44406359014,0
2021-10-27,141379.44406359014,0
2021-10-28,141379.44406359014,0
2021-10-29,141379.44406359014,0
2021-11-01,141379.44406359014,0
2021-11-02,141379.44406359014,1
2021-11-03,142513.5021794139,1
2021-11-04,143577.12931751803,1
2021-11-05,141145.46996811492,1
2021-11-08,140962.2300515055,1
2021-11-09,141011.77048498625,1
2021-11-10,140600.52519982698,1
2021-11-11,141640.87430292214,1
2021-11-12,141784.720621824,1
2021-11-15,141957.21682996769,1
2021-11-16,141053.55157346395,1
2021-11-17,141660.57110177592,1
2021-11-18,141511.94980133374,1
2021-11-19,143050.6876026988,1
2021-11-22,142875.2070310924,1
2021-11-23,143213.6338477619,1
2021-11-24,143996.1339476803,1
2021-11-25,144048.65874462368,1
2021-11-26,143052.47822077642,1
2021-11-29,143149.76846966025,1
2021-11-30,143031.58767653754,1
2021-12-01,144935.0146930438,1
2021-12-02,145029.32057846498,1
2021-12-03,147105.24380311492,0
2021-12-06,147105.24380311492,0
2021-12-07,147105.24380311492,0
2021-12-08,147105.24380311492,0
2021-12-09,147105.24380311492,0
2021-12-10,147105.24380311492,0
2021-12-13,147105.24380311492,0
2021-12-14,147105.24380311492,0
2021-12-15,147105.24380311492,0
2021-12-16,147105.24380311492,0
2021-12-17,147105.24380311492,0
2021-12-20,147105.24380311492,0
2021-12-21,147105.24380311492,0
2021-12-22,147105.24380311492,0
2021-12-23,147105.24380311492,0
2021-12-24,147105.24380311492,0
2021-12-27,147105.24380311492,0
2021-12-28,147105.24380311492,0
2021-12-29,147105.24380311492,0
2021-12-30,147105.24380311492,0
2021-12-31,147105.24380311492,0
2022-01-04,147105.24380311492,0
2022-01-05,147105.24380311492,0
2022-01-06,147105.24380311492,0
2022-01-07,147105.24380311492,0
2022-01-10,147105.24380311492,0
2022-01-11,147105.24380311492,0
2022-01-12,147105.24380311492,0
2022-01-13,147105.24380311492,0
2022-01-14,147105.24380311492,0
2022-01-17,147105.24380311492,0
2022-01-18,147105.24380311492,0
2022-01-19,147105.24380311492,0
2022-01-20,147105.24380311492,0
2022-01-21,147105.24380311492,0
2022-01-24,147105.24380311492,0
2022-01-25,147105.24380311492,0
2022-01-26,147105.24380311492,0
2022-01-27,147105.24380311492,0
2022-01-28,147105.24380311492,0
2022-02-07,147105.24380311492,0
2022-02-08,147105.24380311492,0
2022-02-09,147105.24380311492,0
2022-02-10,147105.24380311492,0
2022-02-11,147105.24380311492,0
2022-02-14,147105.24380311492,0
2022-02-15,147105.24380311492,0
2022-02-16,147105.24380311492,0
2022-02-17,147105.24380311492,0
2022-02-18,147105.24380311492,0
2022-02-21,147105.24380311492,0
2022-02-22,147105.24380311492,0
2022-02-23,147105.24380311492,0
2022-02-24,147105.24380311492,0
2022-02-25,147105.24380311492,0
2022-02-28,147105.24380311492,0
2022-03-01,147105.24380311492,0
2022-03-02,147105.24380311492,0
2022-03-03,147105.24380311492,0
2022-03-04,147105.24380311492,0
2022-03-07,147105.24380311492,0
2022-03-08,147105.24380311492,0
2022-03-09,147105.24380311492,0
2022-03-10,147105.24380311492,0
2022-03-11,147105.24380311492,0
2022-03-14,147105.24380311492,0
2022-03-15,147105.24380311492,1
2022-03-16,150683.56777654894,1
2022-03-17,151993.0715876402,1
2022-03-18,155330.94994604334,1
2022-03-21,155258.8162615341,1
2022-03-22,157038.11381276266,1
2022-03-23,156586.19936194818,1
2022-03-24,156445.0146290198,1
2022-03-25,155975.22088888253,1
2022-03-28,157357.47491170114,1
2022-03-29,157270.54457395917,1
2022-03-30,159524.56808306923,1
2022-03-31,160681.78967130763,1
2022-04-01,161866.7549843573,1
2022-04-06,164618.9324856339,0
2022-04-07,164618.9324856339,0
2022-04-08,164618.9324856339,0
2022-04-11,164618.9324856339,0
2022-04-12,164618.9324856339,0
2022-04-13,164618.9324856339,0
2022-04-14,164618.9324856339,0
2022-04-15,164618.9324856339,0
2022-04-18,164618.9324856339,0
2022-04-19,164618.9324856339,0
2022-04-20,164618.9324856339,0
2022-04-21,164618.9324856339,0
2022-04-22,164618.9324856339,0
2022-04-25,164618.9324856339,1
2022-04-26,163424.2045074661,1
2022-04-27,166069.19578723965,1
2022-04-28,168654.651350296,1
2022-04-29,171242.78267590143,1
2022-05-05,171690.30396223642,1
2022-05-06,167536.1826047772,1
2022-05-09,169409.88532977612,1
2022-05-10,171973.26585180248,1
2022-05-11,171561.19841924292,1
2022-05-12,171644.81599890193,1
2022-05-13,173454.30042272274,1
2022-05-16,173191.40675227484,1
2022-05-17,171531.76503120296,1
2022-05-18,171063.50658511254,1
2022-05-19,171954.5355139589,1
2022-05-20,173510.4914362536,1
2022-05-23,172979.3525702596,1
2022-05-24,168800.48040922132,1
2022-05-25,172333.15591465484,1
2022-05-26,173935.9376815586,1
2022-05-27,174915.26677452482,1
2022-05-30,174691.1716610387,1
2022-05-31,174350.01193602997,1
2022-06-01,173753.98582822058,1
2022-06-02,172814.79317349067,1
2022-06-06,172919.8168535424,1
2022-06-07,173420.85339085912,1
2022-06-08,173733.24866846515,1
2022-06-09,174139.96457592654,1
2022-06-10,174778.13394388408,1
2022-06-13,172165.92075533682,1
2022-06-14,174428.94693122807,1
2022-06-15,175548.08461738416,1
2022-06-16,173424.19809404548,1
2022-06-17,172862.287958737,1
2022-06-20,172178.630627445,1
2022-06-21,172525.1418775519,1
2022-06-22,170438.71602990048,1
2022-06-23,171729.77145983547,1
2022-06-24,171250.80996354873,1
2022-06-27,171871.58687493714,1
2022-06-28,172800.74542010797,1
2022-06-29,172130.4669015614,1
2022-06-30,172340.51426166482,1
2022-07-01,172321.7839238212,1
2022-07-04,172653.57847990814,1
2022-07-05,172699.73538387992,1
2022-07-06,170339.04387494695,1
2022-07-07,169810.58077150205,1
2022-07-08,170032.66906307638,1
2022-07-11,169886.1710635138,1
2022-07-12,170254.08841401341,1
2022-07-13,170248.06794827795,1
2022-07-14,168123.51248430202,1
2022-07-15,163958.68807664642,1
2022-07-18,166700.67574882443,1
2022-07-19,167276.63363751562,1
2022-07-20,167955.60838434673,1
2022-07-21,166015.01159562063,1
2022-07-22,166448.48512857288,1
2022-07-25,166170.874764105,1
2022-07-26,167339.5140574192,1
2022-07-27,166796.33425995434,1
2022-07-28,166588.29372176272,1
2022-07-29,165348.0777802604,1
2022-08-01,164673.78561789021,1
2022-08-02,160502.94074449918,1
2022-08-03,158926.9166030863,1
2022-08-04,160053.41263625238,1
2022-08-05,161137.09646863307,1
2022-08-08,161421.39623947366,1
2022-08-09,161329.0824315301,1
2022-08-10,160648.10086278722,1
2022-08-11,162876.3421255403,1
2022-08-12,163531.90395006686,1
2022-08-15,162834.86780602942,1
2022-08-16,163139.9047366255,1
2022-08-17,164002.83815870638,1
2022-08-18,162551.90591646335,1
2022-08-19,163150.60778682184,1
2022-08-22,163979.42523640185,1
2022-08-23,164331.95695224422,1
2022-08-24,162802.75865544035,1
2022-08-25,165080.5015253516,1
2022-08-26,165040.3650871153,1
2022-08-29,165557.45619972656,1
2022-08-30,166039.76239919968,1
2022-08-31,165426.34383482125,1
2022-09-01,165865.83783350897,1
2022-09-02,166198.30133023314,1
2022-09-05,168096.75485881115,1
2022-09-06,169211.20996050633,1
2022-09-07,168584.41258338245,0
2022-09-08,168584.41258338245,1
2022-09-09,169992.4752329504,0
2022-09-13,169992.4752329504,0
2022-09-14,169992.4752329504,1
2022-09-15,169969.49715787507,1
2022-09-16,165625.9651429022,1
2022-09-19,165110.98593092005,1
2022-09-20,164977.8482606307,1
2022-09-21,166334.90634154956,1
2022-09-22,165705.0367541908,1
2022-09-23,165517.8330249007,1
2022-09-26,161767.00018172356,1
2022-09-27,163449.13044238448,1
2022-09-28,162048.1436885275,1
2022-09-29,160700.54716793375,1
2022-09-30,161436.5213960815,1
2022-10-10,161386.51029150578,1
2022-10-11,161659.5438894596,1
2022-10-12,163566.7241207111,1
2022-10-13,162959.83260842765,1
2022-10-14,164810.2434777284,1
2022-10-17,164840.65563591628,1
2022-10-18,164904.18325524218,1
2022-10-19,163761.3619331138,1
2022-10-20,162990.24476661556,1
2022-10-21,163422.7732386216,1
2022-10-24,160429.54104719247,1
2022-10-25,159933.48495586056,1
2022-10-26,160023.36977894936,1
2022-10-27,160883.6959427988,1
2022-10-28,157782.3316333682,1
2022-10-31,156256.99294380948,1
2022-11-01,158103.34885868515,1
2022-11-02,158631.16875967997,1
2022-11-03,157937.77155299534,1
2022-11-04,159941.5948647107,1
2022-11-07,160406.56297211716,1
2022-11-08,160486.31040914328,1
2022-11-09,160576.87105796955,1
2022-11-10,160945.19608491217,1
2022-11-11,163411.96002682144,1
2022-11-14,164415.56124702288,1
2022-11-15,165564.46500078886,1
2022-11-16,164991.36477538088,1
2022-11-17,165528.64623670088,0
2022-11-18,165528.64623670088,1
2022-11-21,165072.7191071092,0
2022-11-22,165072.7191071092,1
2022-11-23,165705.13538118792,0
2022-11-24,165705.13538118792,1
2022-11-25,167866.89069849678,0
2022-11-28,167866.89069849678,1
2022-11-29,171533.35808969257,0
2022-11-30,171533.35808969257,0
2022-12-01,171533.35808969257,0
2022-12-02,171533.35808969257,0
2022-12-05,171533.35808969257,0
2022-12-06,171533.35808969257,0
2022-12-07,171533.35808969257,0
2022-12-08,171533.35808969257,0
2022-12-09,171533.35808969257,0
2022-12-12,171533.35808969257,0
2022-12-13,171533.35808969257,0
2022-12-14,171533.35808969257,0
2022-12-15,171533.35808969257,0
2022-12-16,171533.35808969257,0
2022-12-19,171533.35808969254,1
2022-12-20,170087.7807870784,1
2022-12-21,170271.40073940856,1
2022-12-22,169351.237832226,1
2022-12-23,168745.36076105424,1
2022-12-26,168490.90614546565,1
2022-12-27,170329.16881429893,1
2022-12-28,170609.0688914464,1
2022-12-29,169676.52711107305,1
2022-12-30,171338.04697934887,1
2023-01-03,172355.86544170327,1
2023-01-04,173802.13045949466,1
2023-01-05,173793.8778773675,1
2023-01-06,173236.82858378164,1
2023-01-09,173271.21434264496,1
2023-01-10,172077.34079491033,1
2023-01-11,172161.9297617141,1
2023-01-12,171994.12725846109,1
2023-01-13,173842.7056549534,1
2023-01-16,174673.4655890913,0
2023-01-17,174673.4655890913,0
2023-01-18,174673.4655890913,0
2023-01-19,174673.4655890913,0
2023-01-20,174673.4655890913,0
2023-01-30,174673.4655890913,0
2023-01-31,174673.4655890913,0
2023-02-01,174673.4655890913,0
2023-02-02,174673.4655890913,0
2023-02-03,174673.4655890913,0
2023-02-06,174673.4655890913,0
2023-02-07,174673.4655890913,0
2023-02-08,174673.4655890913,0
2023-02-09,174673.4655890913,0
2023-02-10,174673.4655890913,0
2023-02-13,174673.4655890913,0
2023-02-14,174673.4655890913,0
2023-02-15,174673.4655890913,0
2023-02-16,174673.4655890913,0
2023-02-17,174673.4655890913,0
2023-02-20,174673.4655890913,0
2023-02-21,174673.4655890913,0
2023-02-22,174673.4655890913,0
2023-02-23,174673.4655890913,0
2023-02-24,174673.4655890913,0
2023-02-27,174673.4655890913,0
2023-02-28,174673.4655890913,0
2023-03-01,174673.4655890913,0
2023-03-02,174673.4655890913,0
2023-03-03,174673.4655890913,0
2023-03-06,174673.4655890913,0
2023-03-07,174673.4655890913,0
2023-03-08,174673.4655890913,0
2023-03-09,174673.4655890913,0
2023-03-10,174673.4655890913,0
2023-03-13,174673.4655890913,0
2023-03-14,174673.4655890913,0
2023-03-15,174673.4655890913,0
2023-03-16,174673.4655890913,0
2023-03-17,174673.4655890913,0
2023-03-20,174673.4655890913,0
2023-03-21,174673.4655890913,0
2023-03-22,174673.4655890913,0
2023-03-23,174673.4655890913,0
2023-03-24,174673.4655890913,0
2023-03-27,174673.4655890913,0
2023-03-28,174673.4655890913,0
2023-03-29,174673.4655890913,0
2023-03-30,174673.4655890913,0
2023-03-31,174673.4655890913,0
2023-04-03,174673.4655890913,0
2023-04-04,174673.4655890913,0
2023-04-06,174673.4655890913,0
2023-04-07,174673.4655890913,0
2023-04-10,174673.4655890913,0
2023-04-11,174673.4655890913,0
2023-04-12,174673.4655890913,0
2023-04-13,174673.4655890913,0
2023-04-14,174673.4655890913,0
2023-04-17,174673.4655890913,0
2023-04-18,174673.4655890913,0
2023-04-19,174673.4655890913,0
2023-04-20,174673.4655890913,0
2023-04-21,174673.4655890913,0
2023-04-24,174673.4655890913,0
2023-04-25,174673.4655890913,0
2023-04-26,174673.4655890913,0
2023-04-27,174673.4655890913,0
2023-04-28,174673.4655890913,0
2023-05-04,174673.4655890913,0
2023-05-05,174673.4655890913,0
2023-05-08,174673.4655890913,0
2023-05-09,174673.4655890913,0
2023-05-10,174673.4655890913,0
2023-05-11,174673.4655890913,0
2023-05-12,174673.4655890913,0
2023-05-15,174673.4655890913,0
2023-05-16,174673.4655890913,0
2023-05-17,174673.4655890913,0
2023-05-18,174673.4655890913,0
2023-05-19,174673.4655890913,0
2023-05-22,174673.4655890913,0
2023-05-23,174673.4655890913,0
2023-05-24,174673.4655890913,0
2023-05-25,174673.4655890913,0
2023-05-26,174673.4655890913,0
2023-05-29,174673.4655890913,0
2023-05-30,174673.4655890913,0
2023-05-31,174673.4655890913,0
2023-06-01,174673.4655890913,0
2023-06-02,174673.4655890913,0
2023-06-05,174673.4655890913,0
2023-06-06,174673.4655890913,0
2023-06-07,174673.4655890913,0
2023-06-08,174673.4655890913,0
2023-06-09,174673.4655890913,0
2023-06-12,174673.4655890913,0
2023-06-13,174673.4655890913,0
2023-06-14,174673.4655890913,0
2023-06-15,174673.4655890913,0
2023-06-16,174673.4655890913,0
2023-06-19,174673.4655890913,0
2023-06-20,174673.4655890913,0
2023-06-21,174673.4655890913,0
2023-06-26,174673.4655890913,0
2023-06-27,174673.4655890913,0
2023-06-28,174673.4655890913,0
2023-06-29,174673.4655890913,0
2023-06-30,174673.4655890913,0
2023-07-03,174673.4655890913,0
2023-07-04,174673.4655890913,0
2023-07-05,174673.4655890913,0
2023-07-06,174673.4655890913,0
2023-07-07,174673.4655890913,0
2023-07-10,174673.4655890913,0
2023-07-11,174673.4655890913,0
2023-07-12,174673.4655890913,0
2023-07-13,174673.4655890913,0
2023-07-14,174673.4655890913,0
2023-07-17,174673.4655890913,0
2023-07-18,174673.4655890913,0
2023-07-19,174673.4655890913,0
2023-07-20,174673.4655890913,0
2023-07-21,174673.4655890913,0
2023-07-24,174673.4655890913,0
2023-07-25,174673.4655890913,0
2023-07-26,174673.4655890913,0
2023-07-27,174673.4655890913,0
2023-07-28,174673.4655890913,0
2023-07-31,174673.4655890913,0
2023-08-01,174673.4655890913,0
2023-08-02,174673.4655890913,0
2023-08-03,174673.4655890913,0
2023-08-04,174673.4655890913,0
2023-08-07,174673.4655890913,0
2023-08-08,174673.4655890913,0
2023-08-09,174673.4655890913,0
2023-08-10,174673.4655890913,0
2023-08-11,174673.4655890913,0
2023-08-14,174673.4655890913,0
2023-08-15,174673.4655890913,0
2023-08-16,174673.4655890913,0
2023-08-17,174673.4655890913,0
2023-08-18,174673.4655890913,0
2023-08-21,174673.4655890913,0
2023-08-22,174673.4655890913,0
2023-08-23,174673.4655890913,0
2023-08-24,174673.4655890913,0
2023-08-25,174673.4655890913,0
2023-08-28,174673.4655890913,0
2023-08-29,174673.4655890913,0
2023-08-30,174673.4655890913,0
2023-08-31,174673.4655890913,0
2023-09-01,174673.4655890913,0
2023-09-04,174673.4655890913,0
2023-09-05,174673.4655890913,0
2023-09-06,174673.4655890913,0
2023-09-07,174673.4655890913,0
2023-09-08,174673.4655890913,0
2023-09-11,174673.4655890913,0
2023-09-12,174673.4655890913,0
2023-09-13,174673.4655890913,0
2023-09-14,174673.4655890913,0
2023-09-15,174673.4655890913,0
2023-09-18,174673.4655890913,0
2023-09-19,174673.4655890913,0
2023-09-20,174673.4655890913,0
2023-09-21,174673.4655890913,0
2023-09-22,174673.4655890913,0
2023-09-25,174673.4655890913,0
2023-09-26,174673.4655890913,0
2023-09-27,174673.4655890913,0
2023-09-28,174673.4655890913,0
2023-10-09,174673.4655890913,0
2023-10-10,174673.4655890913,0
2023-10-11,174673.4655890913,0
2023-10-12,174673.4655890913,0
2023-10-13,174673.4655890913,0
2023-10-16,174673.4655890913,0
2023-10-17,174673.4655890913,0
2023-10-18,174673.4655890913,0
2023-10-19,174673.4655890913,0
2023-10-20,174673.4655890913,0
2023-10-23,174673.4655890913,1
2023-10-24,175772.41322888856,1
2023-10-25,176514.80473688664,1
2023-10-26,178040.5786950421,1
2023-10-27,179239.07576579793,1
2023-10-30,177091.28052662042,1
2023-10-31,177245.48454712483,1
2023-11-01,177163.50266280601,1
2023-11-02,177529.81854273845,1
2023-11-03,176991.08044578633,1
2023-11-06,177333.32228032354,1
2023-11-07,177014.503841306,1
2023-11-08,176802.391981878,1
2023-11-09,176987.17654653304,1
2023-11-10,176203.14344650006,1
2023-11-13,176259.09933579701,1
2023-11-14,176378.8189128975,1
2023-11-15,177240.27934812047,1
2023-11-16,177016.45579093264,1
2023-11-17,176752.94259133647,1
2023-11-20,177287.77678903533,1
2023-11-21,177793.98239221014,1
2023-11-22,177387.97686986942,1
2023-11-23,178304.74254451378,1
2023-11-24,178448.53616700947,1
2023-11-27,177515.50424547645,1
2023-11-28,177324.86383194145,1
2023-11-29,175905.1458035,1
2023-11-30,176597.43727108097,1
2023-12-01,177449.13795817076,1
2023-12-04,177682.72126349178,1
2023-12-05,175472.46363626188,1
2023-12-06,174963.00478370933,1
2023-12-07,175242.13358031856,1
2023-12-08,174859.5514534975,1
2023-12-11,176554.49437929495,1
2023-12-12,177898.73702217307,1
2023-12-13,177001.49084379507,1
2023-12-14,176770.5101379762,1
2023-12-15,175514.1052282968,1
2023-12-18,175275.3167239714,1
2023-12-19,174815.9579118359,1
2023-12-20,174027.37026267409,1
2023-12-21,174437.27968426808,1
2023-12-22,174173.76648467197,1
2023-12-25,173927.82083171554,1
2023-12-26,173592.0854959338,1
2023-12-27,174679.32143797123,1
2023-12-28,174862.80470287523,1
2023-12-29,175586.97801435794,1
