日期,市值,持仓
2009-12-31,100000.0,0
2010-01-04,100000.0,0
2010-01-05,100000.0,0
2010-01-06,100000.0,0
2010-01-07,100000.0,0
2010-01-08,100000.0,0
2010-01-11,100000.0,0
2010-01-12,100000.0,0
2010-01-13,100000.0,0
2010-01-14,100000.0,0
2010-01-15,100000.0,0
2010-01-18,100000.0,0
2010-01-19,100000.0,0
2010-01-20,100000.0,0
2010-01-21,100000.0,0
2010-01-22,100000.0,0
2010-01-25,100000.0,0
2010-01-26,100000.0,0
2010-01-27,100000.0,0
2010-01-28,100000.0,0
2010-01-29,100000.0,0
2010-02-01,100000.0,0
2010-02-02,100000.0,0
2010-02-03,100000.0,0
2010-02-04,100000.0,0
2010-02-05,100000.0,0
2010-02-08,100000.0,0
2010-02-09,100000.0,0
2010-02-10,100000.0,0
2010-02-11,100000.0,0
2010-02-12,100000.0,0
2010-02-22,100000.0,0
2010-02-23,100000.0,0
2010-02-24,100000.0,0
2010-02-25,100000.0,0
2010-02-26,100000.0,0
2010-03-01,100000.0,0
2010-03-02,100000.0,0
2010-03-03,100000.0,0
2010-03-04,100000.0,0
2010-03-05,100000.0,0
2010-03-08,100000.0,0
2010-03-09,100000.0,0
2010-03-10,100000.0,0
2010-03-11,100000.0,0
2010-03-12,100000.0,0
2010-03-15,100000.0,0
2010-03-16,100000.0,0
2010-03-17,100000.0,0
2010-03-18,100000.0,0
2010-03-19,100000.0,0
2010-03-22,100000.0,0
2010-03-23,100000.0,0
2010-03-24,100000.0,0
2010-03-25,100000.0,0
2010-03-26,100000.0,0
2010-03-29,100000.0,0
2010-03-30,100000.0,0
2010-03-31,100000.0,0
2010-04-01,100000.0,0
2010-04-02,100000.0,0
2010-04-06,100000.0,0
2010-04-07,100000.0,0
2010-04-08,100000.0,0
2010-04-09,100000.0,0
2010-04-12,100000.0,0
2010-04-13,100000.0,0
2010-04-14,100000.0,0
2010-04-15,100000.0,0
2010-04-16,100000.0,0
2010-04-19,100000.0,0
2010-04-20,100000.0,0
2010-04-21,100000.0,0
2010-04-22,100000.0,0
2010-04-23,100000.0,0
2010-04-26,100000.0,0
2010-04-27,100000.0,0
2010-04-28,100000.0,0
2010-04-29,100000.0,0
2010-04-30,100000.0,0
2010-05-04,100000.0,0
2010-05-05,100000.0,0
2010-05-06,100000.0,0
2010-05-07,100000.0,0
2010-05-10,100000.0,0
2010-05-11,100000.0,0
2010-05-12,100000.0,0
2010-05-13,100000.0,0
2010-05-14,100000.0,0
2010-05-17,100000.0,0
2010-05-18,100000.0,0
2010-05-19,100000.0,0
2010-05-20,100000.0,0
2010-05-21,100000.0,0
2010-05-24,100000.0,0
2010-05-25,100000.0,0
2010-05-26,100000.0,0
2010-05-27,100000.0,0
2010-05-28,100000.0,0
2010-05-31,100000.0,0
2010-06-01,100000.0,0
2010-06-02,100000.0,0
2010-06-03,100000.0,0
2010-06-04,100000.0,0
2010-06-07,100000.0,0
2010-06-08,100000.0,0
2010-06-09,100000.0,0
2010-06-10,100000.0,0
2010-06-11,100000.0,0
2010-06-17,100000.0,0
2010-06-18,100000.0,0
2010-06-21,100000.0,0
2010-06-22,100000.0,0
2010-06-23,100000.0,0
2010-06-24,100000.0,0
2010-06-25,100000.0,0
2010-06-28,100000.0,0
2010-06-29,100000.0,0
2010-06-30,100000.0,0
2010-07-01,100000.0,0
2010-07-02,100000.0,0
2010-07-05,100000.0,0
2010-07-06,100000.0,0
2010-07-07,100000.0,0
2010-07-08,100000.0,0
2010-07-09,100000.0,0
2010-07-12,100000.0,0
2010-07-13,100000.0,0
2010-07-14,100000.0,0
2010-07-15,100000.0,0
2010-07-16,100000.0,0
2010-07-19,100000.0,0
2010-07-20,100000.0,0
2010-07-21,100000.0,0
2010-07-22,100000.0,0
2010-07-23,100000.0,0
2010-07-26,100000.0,0
2010-07-27,100000.0,0
2010-07-28,100000.0,0
2010-07-29,100000.0,0
2010-07-30,100000.0,0
2010-08-02,100000.0,0
2010-08-03,100000.0,0
2010-08-04,100000.0,0
2010-08-05,100000.0,0
2010-08-06,100000.0,0
2010-08-09,100000.0,0
2010-08-10,100000.0,0
2010-08-11,100000.0,0
2010-08-12,100000.0,0
2010-08-13,100000.0,0
2010-08-16,100000.0,0
2010-08-17,100000.0,0
2010-08-18,100000.0,0
2010-08-19,100000.0,0
2010-08-20,100000.0,0
2010-08-23,100000.0,0
2010-08-24,100000.0,0
2010-08-25,100000.0,0
2010-08-26,100000.0,0
2010-08-27,100000.0,0
2010-08-30,100000.0,0
2010-08-31,100000.0,0
2010-09-01,100000.0,0
2010-09-02,100000.0,0
2010-09-03,100000.0,0
2010-09-06,100000.0,0
2010-09-07,100000.0,0
2010-09-08,100000.0,0
2010-09-09,100000.0,0
2010-09-10,100000.0,0
2010-09-13,100000.0,0
2010-09-14,100000.0,0
2010-09-15,100000.0,0
2010-09-16,100000.0,0
2010-09-17,100000.0,0
2010-09-20,100000.0,0
2010-09-21,100000.0,0
2010-09-27,100000.0,0
2010-09-28,100000.0,0
2010-09-29,100000.0,0
2010-09-30,100000.0,0
2010-10-08,100000.0,0
2010-10-11,100000.0,0
2010-10-12,100000.0,0
2010-10-13,100000.0,0
2010-10-14,100000.0,0
2010-10-15,100000.0,0
2010-10-18,100000.0,0
2010-10-19,100000.0,0
2010-10-20,100000.0,0
2010-10-21,100000.0,0
2010-10-22,100000.0,0
2010-10-25,100000.0,0
2010-10-26,100000.0,0
2010-10-27,100000.0,0
2010-10-28,100000.0,0
2010-10-29,100000.0,0
2010-11-01,100000.0,0
2010-11-02,100000.0,0
2010-11-03,100000.0,0
2010-11-04,100000.0,0
2010-11-05,100000.0,0
2010-11-08,100000.0,0
2010-11-09,100000.0,0
2010-11-10,100000.0,0
2010-11-11,100000.0,0
2010-11-12,100000.0,0
2010-11-15,100000.0,0
2010-11-16,100000.0,0
2010-11-17,100000.0,0
2010-11-18,100000.0,0
2010-11-19,100000.0,0
2010-11-22,100000.0,0
2010-11-23,100000.0,0
2010-11-24,100000.0,0
2010-11-25,100000.0,0
2010-11-26,100000.0,0
2010-11-29,100000.0,0
2010-11-30,100000.0,0
2010-12-01,100000.0,0
2010-12-02,100000.0,0
2010-12-03,100000.0,0
2010-12-06,100000.0,0
2010-12-07,100000.0,0
2010-12-08,100000.0,0
2010-12-09,100000.0,0
2010-12-10,100000.0,0
2010-12-13,100000.0,0
2010-12-14,100000.0,0
2010-12-15,100000.0,0
2010-12-16,100000.0,0
2010-12-17,100000.0,0
2010-12-20,100000.0,0
2010-12-21,100000.0,0
2010-12-22,100000.0,0
2010-12-23,100000.0,0
2010-12-24,100000.0,0
2010-12-27,100000.0,0
2010-12-28,100000.0,0
2010-12-29,100000.0,0
2010-12-30,100000.0,0
2010-12-31,100000.0,0
2011-01-04,100000.0,0
2011-01-05,100000.0,0
2011-01-06,100000.0,0
2011-01-07,100000.0,0
2011-01-10,100000.0,0
2011-01-11,100000.0,0
2011-01-12,100000.0,0
2011-01-13,100000.0,0
2011-01-14,100000.0,0
2011-01-17,100000.0,0
2011-01-18,100000.0,0
2011-01-19,100000.0,0
2011-01-20,100000.0,0
2011-01-21,100000.0,0
2011-01-24,100000.0,1
2011-01-25,99880.13557080268,1
2011-01-26,100814.25146730595,1
2011-01-27,102083.16111432586,1
2011-01-28,102540.91923617426,1
2011-01-31,103723.03050343061,1
2011-02-01,103496.73472761843,1
2011-02-09,102925.31206084155,1
2011-02-10,105074.6052740349,1
2011-02-11,105963.25535256676,1
2011-02-14,108471.10853930727,0
2011-02-15,108471.10853930727,0
2011-02-16,108471.10853930727,0
2011-02-17,108471.10853930727,0
2011-02-18,108471.10853930727,0
2011-02-21,108471.10853930727,0
2011-02-22,108471.10853930727,0
2011-02-23,108471.10853930727,0
2011-02-24,108471.10853930727,0
2011-02-25,108471.10853930727,0
2011-02-28,108471.10853930727,0
2011-03-01,108471.10853930727,0
2011-03-02,108471.10853930727,0
2011-03-03,108471.10853930727,0
2011-03-04,108471.10853930727,0
2011-03-07,108471.10853930727,0
2011-03-08,108471.10853930727,0
2011-03-09,108471.10853930727,0
2011-03-10,108471.10853930727,0
2011-03-11,108471.10853930727,0
2011-03-14,108471.10853930727,0
2011-03-15,108471.10853930727,0
2011-03-16,108471.10853930727,0
2011-03-17,108471.10853930727,0
2011-03-18,108471.10853930727,0
2011-03-21,108471.10853930727,0
2011-03-22,108471.10853930727,0
2011-03-23,108471.10853930727,0
2011-03-24,108471.10853930727,0
2011-03-25,108471.10853930727,0
2011-03-28,108471.10853930727,0
2011-03-29,108471.10853930727,0
2011-03-30,108471.10853930727,0
2011-03-31,108471.10853930727,0
2011-04-01,108471.10853930727,0
2011-04-06,108471.10853930727,0
2011-04-07,108471.10853930727,0
2011-04-08,108471.10853930727,0
2011-04-11,108471.10853930727,0
2011-04-12,108471.10853930727,0
2011-04-13,108471.10853930727,0
2011-04-14,108471.10853930727,0
2011-04-15,108471.10853930727,0
2011-04-18,108471.10853930727,0
2011-04-19,108471.10853930727,0
2011-04-20,108471.10853930727,0
2011-04-21,108471.10853930727,0
2011-04-22,108471.10853930727,0
2011-04-25,108471.10853930727,0
2011-04-26,108471.10853930727,0
2011-04-27,108471.10853930727,0
2011-04-28,108471.10853930727,1
2011-04-29,110152.7669350213,1
2011-05-03,111648.03462185076,1
2011-05-04,109788.26954875815,1
2011-05-05,110233.5362422046,1
2011-05-06,110405.4298959537,1
2011-05-09,110820.66697519096,1
2011-05-10,111291.82126709359,1
2011-05-11,111083.68497550584,1
2011-05-12,109853.50629686774,1
2011-05-13,110375.40028174453,1
2011-05-16,109724.06830458679,1
2011-05-17,109275.69509932562,1
2011-05-18,110057.50057270251,1
2011-05-19,109519.0385248138,1
2011-05-20,109325.3992883615,1
2011-05-23,105664.89286665642,1
2011-05-24,105448.47254356268,1
2011-05-25,104279.38859728118,1
2011-05-26,103578.35243108761,1
2011-05-27,102137.96645298526,1
2011-05-30,101354.08997173187,1
2011-05-31,103088.55906829651,1
2011-06-01,103494.47661208955,1
2011-06-02,101650.24409807066,1
2011-06-03,102949.80154057135,1
2011-06-07,103366.07412374686,1
2011-06-08,103453.05645455964,1
2011-06-09,101273.32066454856,1
2011-06-10,101477.31494038332,1
2011-06-13,101074.50390840504,1
2011-06-14,102221.8422719833,1
2011-06-15,101092.10747535524,1
2011-06-16,99130.86301631438,1
2011-06-17,98151.2762907322,1
2011-06-20,97145.80196669382,1
2011-06-21,98411.18777923234,1
2011-06-22,98074.64899930188,1
2011-06-23,99515.03497740421,1
2011-06-24,101735.15542100697,1
2011-06-27,102188.7061459594,1
2011-06-28,102096.54629545537,1
2011-06-29,100879.82916801449,1
2011-06-30,101948.46923228596,1
2011-07-01,101883.23248417636,1
2011-07-04,104037.08067573127,1
2011-07-05,104117.84998291457,1
2011-07-06,103817.55384082279,1
2011-07-07,103628.05662012349,0
2011-07-08,103628.05662012349,0
2011-07-11,103628.05662012349,0
2011-07-12,103628.05662012349,0
2011-07-13,103628.05662012349,0
2011-07-14,103628.05662012349,0
2011-07-15,103628.05662012349,0
2011-07-18,103628.05662012349,0
2011-07-19,103628.05662012349,0
2011-07-20,103628.05662012349,0
2011-07-21,103628.05662012349,0
2011-07-22,103628.05662012349,0
2011-07-25,103628.05662012349,0
2011-07-26,103628.05662012349,0
2011-07-27,103628.05662012349,0
2011-07-28,103628.05662012349,0
2011-07-29,103628.05662012349,0
2011-08-01,103628.05662012349,0
2011-08-02,103628.05662012349,1
2011-08-03,103678.54348831337,1
2011-08-04,103914.8649989894,1
2011-08-05,101981.32536618553,1
2011-08-08,97878.99877858665,1
2011-08-09,98013.27236419803,1
2011-08-10,98894.10708580868,1
2011-08-11,100600.99290610054,1
2011-08-12,101263.76732467832,1
2011-08-15,102705.3285398021,1
2011-08-16,102026.44129095094,1
2011-08-17,101589.2464962003,1
2011-08-18,100026.30195968383,1
2011-08-19,99340.96957872335,1
2011-08-22,98634.15342406505,1
2011-08-23,100051.00829943633,1
2011-08-24,99722.30656185967,1
2011-08-25,102241.27902792915,1
2011-08-26,102082.29910256529,1
2011-08-29,100978.0331344973,1
2011-08-30,100531.17064158262,1
2011-08-31,100482.83215076252,1
2011-09-01,99919.95727987963,1
2011-09-02,98775.94633047066,1
2011-09-05,97011.0543211947,1
2011-09-06,96343.98314787736,1
2011-09-07,98365.60625284229,1
2011-09-08,97507.32949361435,1
2011-09-09,97205.48247315997,1
2011-09-13,96117.32933536534,1
2011-09-14,96664.09137597488,1
2011-09-15,96559.89507354045,1
2011-09-16,96596.41748882674,1
2011-09-19,94818.63521533208,1
2011-09-20,95244.01393454893,1
2011-09-21,97469.73288964316,1
2011-09-22,95126.92736789581,1
2011-09-23,94545.79128936975,1
2011-09-26,93139.67830084739,1
2011-09-27,93949.61656925523,1
2011-09-28,92822.79263880453,1
2011-09-29,91591.77240591939,1
2011-09-30,91416.67965028215,1
2011-10-10,90907.5142136438,1
2011-10-11,90828.02425096185,1
2011-10-12,93452.26720815068,1
2011-10-13,94173.04781571256,1
2011-10-14,93956.06170136457,1
2011-10-17,94406.14676033391,1
2011-10-18,92121.34742757068,1
2011-10-19,91856.02282240259,1
2011-10-20,89774.24515108376,1
2011-10-21,89504.6237911761,1
2011-10-24,91371.56372551672,1
2011-10-25,92910.87611096559,1
2011-10-26,93527.46041609305,1
2011-10-27,94198.82834414994,1
2011-10-28,95683.35710666937,1
2011-10-31,95670.46684245067,1
2011-11-01,95727.3988427499,1
2011-11-02,97138.88277469671,1
2011-11-03,97388.09454959145,1
2011-11-04,97780.17341957668,1
2011-11-07,97346.20119088069,0
2011-11-08,97346.20119088069,0
2011-11-09,97346.20119088069,0
2011-11-10,97346.20119088069,0
2011-11-11,97346.20119088069,0
2011-11-14,97346.20119088069,0
2011-11-15,97346.20119088069,0
2011-11-16,97346.20119088069,0
2011-11-17,97346.20119088069,0
2011-11-18,97346.20119088069,0
2011-11-21,97346.20119088069,0
2011-11-22,97346.20119088069,0
2011-11-23,97346.20119088069,0
2011-11-24,97346.20119088069,0
2011-11-25,97346.20119088069,1
2011-11-28,97762.95267653554,1
2011-11-29,98765.62090143097,1
2011-11-30,95666.87195164243,1
2011-12-01,97516.48674415902,1
2011-12-02,96202.37520471508,1
2011-12-05,94633.95563504625,1
2011-12-06,94525.28656486205,1
2011-12-07,94790.79759201313,1
2011-12-08,94723.5796104559,1
2011-12-09,94211.6026509283,1
2011-12-12,93556.22733074524,1
2011-12-13,91807.43951056451,1
2011-12-14,91019.86882665224,1
2011-12-15,89795.38126261793,1
2011-12-16,91581.13897265516,1
2011-12-19,91582.25927234777,1
2011-12-20,91242.80846548373,1
2011-12-21,90115.78697470741,1
2011-12-22,89767.37377030241,1
2011-12-23,90348.8093107725,1
2011-12-26,89944.38112173647,1
2011-12-27,88402.84874469055,1
2011-12-28,87728.42832973295,1
2011-12-29,87671.2930454093,1
2011-12-30,88847.60772266092,1
2012-01-04,87337.44373700836,1
2012-01-05,86039.0163932611,1
2012-01-06,86367.26420319892,1
2012-01-09,89049.26166733263,1
2012-01-10,91515.04129079053,1
2012-01-11,91093.80860636519,1
2012-01-12,91054.59811712347,1
2012-01-13,89311.41179540585,1
2012-01-16,87699.30053772482,1
2012-01-17,91237.20696702063,1
2012-01-18,89839.07295063013,1
2012-01-19,91154.3047897667,1
2012-01-20,92481.8599255221,1
2012-01-30,91052.35751773823,1
2012-01-31,91246.16936456159,1
2012-02-01,90545.98205667373,1
2012-02-02,92207.38650083005,1
2012-02-03,93316.48319652444,1
2012-02-06,93643.61070676964,1
2012-02-07,91899.30408535938,1
2012-02-08,93925.92622931003,1
2012-02-09,94266.4973358667,1
2012-02-10,94283.301831256,1
2012-02-13,94535.36926209564,1
2012-02-14,94163.4297641456,1
2012-02-15,95134.72959764766,1
2012-02-16,94949.88014836525,1
2012-02-17,94784.0757938574,1
2012-02-20,94907.30876004566,1
2012-02-21,95550.36078360988,0
2012-02-22,95550.36078360988,0
2012-02-23,95550.36078360988,0
2012-02-24,95550.36078360988,0
2012-02-27,95550.36078360988,0
2012-02-28,95550.36078360988,0
2012-02-29,95550.36078360988,0
2012-03-01,95550.36078360988,0
2012-03-02,95550.36078360988,0
2012-03-05,95550.36078360988,0
2012-03-06,95550.36078360988,0
2012-03-07,95550.36078360988,0
2012-03-08,95550.36078360988,0
2012-03-09,95550.36078360988,0
2012-03-12,95550.36078360988,0
2012-03-13,95550.36078360988,0
2012-03-14,95550.36078360988,0
2012-03-15,95550.36078360988,0
2012-03-16,95550.36078360988,0
2012-03-19,95550.36078360988,0
2012-03-20,95550.36078360988,0
2012-03-21,95550.36078360988,0
2012-03-22,95550.36078360988,0
2012-03-23,95550.36078360988,0
2012-03-26,95550.36078360988,0
2012-03-27,95550.36078360988,0
2012-03-28,95550.36078360988,1
2012-03-29,94510.40239763653,1
2012-03-30,94925.92406128846,1
2012-04-05,97068.16908278299,1
2012-04-06,97527.55136648708,1
2012-04-09,96633.02556279191,1
2012-04-10,97557.5612644175,1
2012-04-11,97888.82436849558,1
2012-04-12,99661.71680007725,1
2012-04-13,100027.60670945967,1
2012-04-16,100211.12877757261,1
2012-04-17,99400.8615334513,1
2012-04-18,101298.41046412855,1
2012-04-19,101043.32633171999,1
2012-04-20,102172.16018464114,0
2012-04-23,102172.16018464114,0
2012-04-24,102172.16018464114,0
2012-04-25,102172.16018464114,0
2012-04-26,102172.16018464114,0
2012-04-27,102172.16018464114,0
2012-05-02,102172.16018464114,0
2012-05-03,102172.16018464114,0
2012-05-04,102172.16018464114,0
2012-05-07,102172.16018464114,0
2012-05-08,102172.16018464114,0
2012-05-09,102172.16018464114,0
2012-05-10,102172.16018464114,0
2012-05-11,102172.16018464114,0
2012-05-14,102172.16018464114,0
2012-05-15,102172.16018464114,0
2012-05-16,102172.16018464114,0
2012-05-17,102172.16018464114,0
2012-05-18,102172.16018464114,0
2012-05-21,102172.16018464114,0
2012-05-22,102172.16018464114,0
2012-05-23,102172.16018464114,0
2012-05-24,102172.16018464114,0
2012-05-25,102172.16018464114,1
2012-05-28,103698.18711959162,1
2012-05-29,104827.78139225446,1
2012-05-30,104683.29840389061,1
2012-05-31,104331.04649011097,1
2012-06-01,104184.17535317912,1
2012-06-04,101154.80889467416,1
2012-06-05,101394.81782575793,1
2012-06-06,101140.48000326617,1
2012-06-07,100632.99843256669,1
2012-06-08,100045.51388483928,1
2012-06-11,101212.1244603061,1
2012-06-12,100630.6102839987,1
2012-06-13,102147.08462467717,1
2012-06-14,101533.33044270177,1
2012-06-15,102259.32760737305,1
2012-06-18,102695.1647210326,1
2012-06-19,101924.98680785339,1
2012-06-20,101806.7734537375,1
2012-06-21,100760.76438095457,1
2012-06-25,98780.98921808455,1
2012-06-26,98625.75956116471,1
2012-06-27,98261.56690454508,1
2012-06-28,97354.07044870598,1
2012-06-29,98373.80988724098,1
2012-07-02,98698.59809248864,1
2012-07-03,98686.65734964865,1
2012-07-04,98390.52692721695,1
2012-07-05,97085.40373480626,1
2012-07-06,98377.39211009296,1
2012-07-09,96124.17393618723,1
2012-07-10,95584.45235981977,1
2012-07-11,96378.51175867897,1
2012-07-12,96768.97404954658,1
2012-07-13,96452.54436428689,1
2012-07-16,94019.02097349735,1
2012-07-17,94281.71731597709,1
2012-07-18,94590.98255553277,1
2012-07-19,95345.63750302001,1
2012-07-20,94749.79443530462,1
2012-07-23,93542.58533418183,1
2012-07-24,93912.74836222146,1
2012-07-25,93020.77487207435,1
2012-07-26,92423.73773007495,1
2012-07-27,92251.79103317914,1
2012-07-30,91591.46795412779,1
2012-07-31,91462.50793145593,1
2012-08-01,92576.5792384268,1
2012-08-02,92036.85766205934,1
2012-08-03,93053.01487774232,1
2012-08-06,94147.98099616922,1
2012-08-07,94441.72327003292,1
2012-08-08,94155.14544187322,1
2012-08-09,95041.14856060033,1
2012-08-10,94890.69520081647,1
2012-08-13,93491.24013996989,1
2012-08-14,93738.41351675763,1
2012-08-15,92854.79854659853,1
2012-08-16,92477.47107285491,1
2012-08-17,92484.63551855889,1
2012-08-20,92089.39693055529,1
2012-08-21,92907.33781509448,1
2012-08-22,92323.43549021905,1
2012-08-23,92495.38218711488,1
2012-08-24,91364.59384016802,1
2012-08-27,89955.58618504944,1
2012-08-28,90724.57002394466,1
2012-08-29,90285.15068743311,1
2012-08-30,89848.11949948955,1
2012-08-31,89868.41876231752,1
2012-09-03,90460.67960718094,1
2012-09-04,89425.41720295398,1
2012-09-05,89529.30166566187,1
2012-09-06,90244.55216177714,1
2012-09-07,93015.99857493836,1
2012-09-10,93273.9186202821,1
2012-09-11,92943.16004361444,1
2012-09-12,93149.73489474623,1
2012-09-13,92588.51998126679,1
2012-09-14,92848.82817517854,1
2012-09-17,90655.31371547274,1
2012-09-18,90117.98028767329,1
2012-09-19,90525.15961851687,1
2012-09-20,88504.7859299909,1
2012-09-21,88313.73404455109,1
2012-09-24,88468.96370147093,1
2012-09-25,88159.69846191524,1
2012-09-26,86933.38417224848,1
2012-09-27,88848.67932378256,1
2012-09-28,90018.87212210137,1
2012-10-08,89524.52536852588,1
2012-10-09,91380.11680586,1
2012-10-10,91665.50055973571,1
2012-10-11,90743.67521248866,1
2012-10-12,90759.19817818064,1
2012-10-15,90532.32406422085,1
2012-10-16,90742.48113820466,1
2012-10-17,90849.94782376454,1
2012-10-18,92042.82803347934,1
2012-10-19,91772.96724529561,1
2012-10-22,92002.22950782339,1
2012-10-23,91186.6767718522,0
2012-10-24,91186.6767718522,0
2012-10-25,91186.6767718522,0
2012-10-26,91186.6767718522,0
2012-10-29,91186.6767718522,0
2012-10-30,91186.6767718522,0
2012-10-31,91186.6767718522,0
2012-11-01,91186.6767718522,0
2012-11-02,91186.6767718522,0
2012-11-05,91186.6767718522,0
2012-11-06,91186.6767718522,0
2012-11-07,91186.6767718522,0
2012-11-08,91186.6767718522,0
2012-11-09,91186.6767718522,0
2012-11-12,91186.6767718522,0
2012-11-13,91186.6767718522,0
2012-11-14,91186.6767718522,0
2012-11-15,91186.6767718522,0
2012-11-16,91186.6767718522,0
2012-11-19,91186.6767718522,0
2012-11-20,91186.6767718522,0
2012-11-21,91186.6767718522,1
2012-11-22,90368.52245089637,1
2012-11-23,90802.61962118946,1
2012-11-26,90217.15139151464,1
2012-11-27,88593.35275451056,1
2012-11-28,87491.22132215263,1
2012-11-29,87203.49120927826,1
2012-11-30,88173.01658961583,1
2012-12-03,86771.8960399667,1
2012-12-04,87618.82337220997,1
2012-12-05,90248.42640378358,1
2012-12-06,90265.9404106542,1
2012-12-07,91770.89400103626,1
2012-12-10,92844.25242210674,1
2012-12-11,92321.33421696984,1
2012-12-12,92442.68126457339,1
2012-12-13,91491.9208915972,1
2012-12-14,95303.71938693727,1
2012-12-17,95726.55755281352,0
2012-12-18,95726.55755281352,0
2012-12-19,95726.55755281352,0
2012-12-20,95726.55755281352,0
2012-12-21,95726.55755281352,0
2012-12-24,95726.55755281352,0
2012-12-25,95726.55755281352,0
2012-12-26,95726.55755281352,0
2012-12-27,95726.55755281352,0
2012-12-28,95726.55755281352,0
2012-12-31,95726.55755281352,0
2013-01-04,95726.55755281352,0
2013-01-07,95726.55755281352,0
2013-01-08,95726.55755281352,0
2013-01-09,95726.55755281352,0
2013-01-10,95726.55755281352,0
2013-01-11,95726.55755281352,0
2013-01-14,95726.55755281352,0
2013-01-15,95726.55755281352,0
2013-01-16,95726.55755281352,0
2013-01-17,95726.55755281352,0
2013-01-18,95726.55755281352,0
2013-01-21,95726.55755281352,0
2013-01-22,95726.55755281352,0
2013-01-23,95726.55755281352,0
2013-01-24,95726.55755281352,0
2013-01-25,95726.55755281352,0
2013-01-28,95726.55755281352,0
2013-01-29,95726.55755281352,0
2013-01-30,95726.55755281352,0
2013-01-31,95726.55755281352,0
2013-02-01,95726.55755281352,0
2013-02-04,95726.55755281352,0
2013-02-05,95726.55755281352,0
2013-02-06,95726.55755281352,0
2013-02-07,95726.55755281352,0
2013-02-08,95726.55755281352,0
2013-02-18,95726.55755281352,0
2013-02-19,95726.55755281352,0
2013-02-20,95726.55755281352,0
2013-02-21,95726.55755281352,0
2013-02-22,95726.55755281352,0
2013-02-25,95726.55755281352,0
2013-02-26,95726.55755281352,0
2013-02-27,95726.55755281352,0
2013-02-28,95726.55755281352,0
2013-03-01,95726.55755281352,0
2013-03-04,95726.55755281352,0
2013-03-05,95726.55755281352,0
2013-03-06,95726.55755281352,0
2013-03-07,95726.55755281352,0
2013-03-08,95726.55755281352,0
2013-03-11,95726.55755281352,0
2013-03-12,95726.55755281352,0
2013-03-13,95726.55755281352,0
2013-03-14,95726.55755281352,0
2013-03-15,95726.55755281352,0
2013-03-18,95726.55755281352,0
2013-03-19,95726.55755281352,0
2013-03-20,95726.55755281352,0
2013-03-21,95726.55755281352,0
2013-03-22,95726.55755281352,0
2013-03-25,95726.55755281352,0
2013-03-26,95726.55755281352,0
2013-03-27,95726.55755281352,0
2013-03-28,95726.55755281352,0
2013-03-29,95726.55755281352,0
2013-04-01,95726.55755281352,0
2013-04-02,95726.55755281352,0
2013-04-03,95726.55755281352,0
2013-04-08,95726.55755281352,0
2013-04-09,95726.55755281352,0
2013-04-10,95726.55755281352,0
2013-04-11,95726.55755281352,0
2013-04-12,95726.55755281352,1
2013-04-15,94798.01474534003,1
2013-04-16,95334.29798093,1
2013-04-17,95319.07596769274,1
2013-04-18,95816.71870814197,1
2013-04-19,97971.21904326334,1
2013-04-22,97948.97148545501,1
2013-04-23,95266.38438340988,1
2013-04-24,96917.38735760615,1
2013-04-25,95943.17851042084,1
2013-04-26,94836.65524048077,1
2013-05-02,95173.88137989109,1
2013-05-03,96703.10824818918,1
2013-05-06,97911.50191440944,1
2013-05-07,98320.15442362537,1
2013-05-08,98800.23330264699,1
2013-05-09,98944.25696635347,1
2013-05-10,99433.70323813648,1
2013-05-13,99460.6344923255,1
2013-05-14,98159.73782258645,1
2013-05-15,99047.29828672884,1
2013-05-16,99919.63673763396,0
2013-05-17,99919.63673763396,0
2013-05-20,99919.63673763396,0
2013-05-21,99919.63673763396,0
2013-05-22,99919.63673763396,0
2013-05-23,99919.63673763396,0
2013-05-24,99919.63673763396,0
2013-05-27,99919.63673763396,0
2013-05-28,99919.63673763396,0
2013-05-29,99919.63673763396,0
2013-05-30,99919.63673763396,0
2013-05-31,99919.63673763396,0
2013-06-03,99919.63673763396,0
2013-06-04,99919.63673763396,0
2013-06-05,99919.63673763396,0
2013-06-06,99919.63673763396,0
2013-06-07,99919.63673763396,0
2013-06-13,99919.63673763396,1
2013-06-14,100863.33853686832,1
2013-06-17,100613.31883940884,1
2013-06-18,100683.17728428722,1
2013-06-19,99820.36421070152,1
2013-06-20,96968.42383821018,1
2013-06-21,96239.19972062,1
2013-06-24,91086.83301415089,1
2013-06-25,90791.46660685806,1
2013-06-26,91160.36821928603,1
2013-06-27,90715.48022821841,1
2013-06-28,91563.58626077708,1
2013-07-01,92230.30545400237,1
2013-07-02,92963.20633184932,1
2013-07-03,92112.64912578616,1
2013-07-04,92742.60071644389,1
2013-07-05,92689.90048609703,1
2013-07-08,89937.23264053815,1
2013-07-09,90159.06384269582,1
2013-07-10,92425.17374761052,1
2013-07-11,95599.44343594424,1
2013-07-12,94013.53417852963,1
2013-07-15,95019.74090212885,1
2013-07-16,95733.03239193975,1
2013-07-17,94563.82263029096,1
2013-07-18,93511.04361010615,1
2013-07-19,91627.3167718942,1
2013-07-22,92265.8474698177,1
2013-07-23,94125.0625729846,1
2013-07-24,93841.9520332143,1
2013-07-25,93546.58562592146,1
2013-07-26,93193.61664127278,1
2013-07-29,91526.8186582095,1
2013-07-30,92198.44019844382,1
2013-07-31,91936.1646334618,1
2013-08-01,93626.24876481786,1
2013-08-02,93620.12083105661,1
2013-08-05,94696.18599953421,1
2013-08-06,95409.47748934512,1
2013-08-07,94757.46533714683,1
2013-08-08,94708.44186705674,1
2013-08-09,94686.3813055162,1
2013-08-12,96703.69709972365,1
2013-08-13,97022.34965530928,1
2013-08-14,96673.05743091734,1
2013-08-15,95973.24739538123,1
2013-08-16,95099.40404102526,1
2013-08-19,95963.44270136321,1
2013-08-20,95585.96198166946,1
2013-08-21,95634.98545175957,1
2013-08-22,95367.80753976853,1
2013-08-23,94807.7143939892,1
2013-08-26,96853.21868349845,1
2013-08-27,97798.14606948505,1
2013-08-28,97622.88716391295,1
2013-08-29,97981.98408232292,1
2013-08-30,98586.19835118335,1
2013-09-02,97970.95380155265,1
2013-09-03,99195.3149670528,1
2013-09-04,99578.92362050779,1
2013-09-05,99531.12573716995,0
2013-09-06,99531.12573716995,0
2013-09-09,99531.12573716995,0
2013-09-10,99531.12573716995,0
2013-09-11,99531.12573716995,0
2013-09-12,99531.12573716995,0
2013-09-13,99531.12573716995,0
2013-09-16,99531.12573716995,0
2013-09-17,99531.12573716995,0
2013-09-18,99531.12573716995,0
2013-09-23,99531.12573716995,0
2013-09-24,99531.12573716995,0
2013-09-25,99531.12573716995,0
2013-09-26,99531.12573716995,0
2013-09-27,99531.12573716995,0
2013-09-30,99531.12573716995,0
2013-10-08,99531.12573716995,0
2013-10-09,99531.12573716995,0
2013-10-10,99531.12573716995,0
2013-10-11,99531.12573716995,0
2013-10-14,99531.12573716995,0
2013-10-15,99531.12573716995,0
2013-10-16,99531.12573716995,0
2013-10-17,99531.12573716995,0
2013-10-18,99531.12573716995,0
2013-10-21,99531.12573716995,0
2013-10-22,99531.12573716995,0
2013-10-23,99531.12573716995,0
2013-10-24,99531.12573716995,0
2013-10-25,99531.12573716995,0
2013-10-28,99531.12573716995,0
2013-10-29,99531.12573716995,0
2013-10-30,99531.12573716995,0
2013-10-31,99531.12573716995,0
2013-11-01,99531.12573716995,0
2013-11-04,99531.12573716995,0
2013-11-05,99531.12573716995,0
2013-11-06,99531.12573716995,0
2013-11-07,99531.12573716995,0
2013-11-08,99531.12573716995,1
2013-11-11,99546.68607863979,1
2013-11-12,100248.0983941265,1
2013-11-13,97922.4258190571,1
2013-11-14,98452.67437837554,1
2013-11-15,100099.67667549108,1
2013-11-18,102744.93472536416,1
2013-11-19,102867.02355843522,1
2013-11-20,103648.63147995881,1
2013-11-21,103497.81586263572,1
2013-11-22,102869.4174571229,1
2013-11-25,102828.72117943254,1
2013-11-26,102890.96254531191,1
2013-11-27,103873.6579565996,1
2013-11-28,104748.62792694222,0
2013-11-29,104748.62792694222,0
2013-12-02,104748.62792694222,0
2013-12-03,104748.62792694222,0
2013-12-04,104748.62792694222,0
2013-12-05,104748.62792694222,0
2013-12-06,104748.62792694222,0
2013-12-09,104748.62792694222,0
2013-12-10,104748.62792694222,0
2013-12-11,104748.62792694222,0
2013-12-12,104748.62792694222,0
2013-12-13,104748.62792694222,0
2013-12-16,104748.62792694222,0
2013-12-17,104748.62792694222,0
2013-12-18,104748.62792694222,0
2013-12-19,104748.62792694222,0
2013-12-20,104748.62792694222,0
2013-12-23,104748.62792694222,0
2013-12-24,104748.62792694222,1
2013-12-25,105351.59017411243,1
2013-12-26,103585.94867573904,1
2013-12-27,105168.7245745608,1
2013-12-30,105095.82545041523,1
2013-12-31,106169.5430585933,1
2014-01-02,105851.99941612867,1
2014-01-03,104249.45426330132,1
2014-01-06,101879.61493938239,1
2014-01-07,101840.07643137123,1
2014-01-08,101607.78769680567,1
2014-01-09,100867.67624997176,1
2014-01-10,99895.27606857228,1
2014-01-13,99964.4684575918,1
2014-01-14,101096.25824941129,1
2014-01-15,100723.11358005596,1
2014-01-16,101129.6188655457,1
2014-01-17,99819.905787676,1
2014-01-20,99617.2709341188,1
2014-01-21,100300.54577568667,1
2014-01-22,102422.03384616051,1
2014-01-23,102042.71128492843,1
2014-01-24,102452.92330554423,1
2014-01-27,101971.0477391582,1
2014-01-28,102144.02871170704,1
2014-01-29,102811.24103439537,1
2014-01-30,101875.90820425634,1
2014-02-07,102512.23106756096,1
2014-02-10,104536.10844638223,1
2014-02-11,105429.43161175938,0
2014-02-12,105429.43161175938,0
2014-02-13,105429.43161175938,0
2014-02-14,105429.43161175938,0
2014-02-17,105429.43161175938,0
2014-02-18,105429.43161175938,0
2014-02-19,105429.43161175938,0
2014-02-20,105429.43161175938,0
2014-02-21,105429.43161175938,0
2014-02-24,105429.43161175938,0
2014-02-25,105429.43161175938,0
2014-02-26,105429.43161175938,0
2014-02-27,105429.43161175938,0
2014-02-28,105429.43161175938,0
2014-03-03,105429.43161175938,0
2014-03-04,105429.43161175938,0
2014-03-05,105429.43161175938,0
2014-03-06,105429.43161175938,0
2014-03-07,105429.43161175938,0
2014-03-10,105429.43161175938,1
2014-03-11,105800.48446315275,1
2014-03-12,105610.43300268298,1
2014-03-13,107598.86256868647,1
2014-03-14,106940.7932259714,1
2014-03-17,108052.65891307348,1
2014-03-18,108468.96211219774,1
2014-03-19,108140.57387437923,1
2014-03-20,106143.09423882957,1
2014-03-21,108856.82223560545,1
2014-03-24,110020.40260582855,1
2014-03-25,109955.75925192726,1
2014-03-26,109414.0479462345,1
2014-03-27,108640.91343357514,1
2014-03-28,107984.13695793811,1
2014-03-31,107508.36187322465,1
2014-04-01,108589.19875045412,1
2014-04-02,109115.39565121058,1
2014-04-03,108290.5464554302,1
2014-04-04,109026.1878228268,1
2014-04-08,110825.85879543854,1
2014-04-09,111002.98158512806,1
2014-04-10,112334.6346754945,0
2014-04-11,112334.6346754945,0
2014-04-14,112334.6346754945,0
2014-04-15,112334.6346754945,0
2014-04-16,112334.6346754945,0
2014-04-17,112334.6346754945,0
2014-04-18,112334.6346754945,0
2014-04-21,112334.6346754945,0
2014-04-22,112334.6346754945,0
2014-04-23,112334.6346754945,0
2014-04-24,112334.6346754945,0
2014-04-25,112334.6346754945,0
2014-04-28,112334.6346754945,1
2014-04-29,113099.98009261132,1
2014-04-30,113434.04857521688,1
2014-05-05,113392.9745814539,1
2014-05-06,113387.49804895217,1
2014-05-07,112557.80337494,1
2014-05-08,112590.6625699504,1
2014-05-09,112273.02368485002,1
2014-05-12,114500.60327992887,1
2014-05-13,114459.5292861659,1
2014-05-14,114330.83077237522,1
2014-05-15,113024.67777071253,1
2014-05-16,113094.50356010959,1
2014-05-19,111990.98226101091,1
2014-05-20,111948.53913412249,1
2014-05-21,112863.12006191148,1
2014-05-22,112791.92513938899,1
2014-05-23,113224.57120702568,1
2014-05-26,113758.5331259444,1
2014-05-27,113316.30312642967,1
2014-05-28,114078.91027729564,1
2014-05-29,113550.42489087865,1
2014-05-30,113339.57838956204,1
2014-06-03,113047.95303384488,1
2014-06-04,111947.17000099707,1
2014-06-05,113028.78517008881,1
2014-06-06,112275.76195110088,1
2014-06-09,112021.10318977044,1
2014-06-10,113136.94668699801,1
2014-06-11,113302.61179517534,1
2014-06-12,112761.80421062947,1
2014-06-13,113650.37160903524,1
2014-06-16,114477.32801679653,1
2014-06-17,113497.02869898677,1
2014-06-18,112711.14628498847,1
2014-06-19,111231.1133763958,1
2014-06-20,111659.6520446562,1
2014-06-23,111300.93916579286,1
2014-06-24,111852.69981534222,1
2014-06-25,111477.55733897368,1
2014-06-26,112149.8017035611,1
2014-06-27,112108.72770979811,1
2014-06-30,112949.37544881373,1
2014-07-01,112724.83761624279,1
2014-07-02,113230.04773952742,1
2014-07-03,113751.68746031725,1
2014-07-04,113724.3047978086,1
2014-07-07,113770.8553240733,1
2014-07-08,114347.26036988042,1
2014-07-09,112949.37544881373,1
2014-07-10,112945.26804943745,1
2014-07-11,113176.65154763554,1
2014-07-14,114474.58975054565,1
2014-07-15,114686.8053849877,0
2014-07-16,114686.8053849877,0
2014-07-17,114686.8053849877,0
2014-07-18,114686.8053849877,0
2014-07-21,114686.8053849877,0
2014-07-22,114686.8053849877,0
2014-07-23,114686.8053849877,0
2014-07-24,114686.8053849877,0
2014-07-25,114686.8053849877,0
2014-07-28,114686.8053849877,0
2014-07-29,114686.8053849877,0
2014-07-30,114686.8053849877,0
2014-07-31,114686.8053849877,0
2014-08-01,114686.8053849877,0
2014-08-04,114686.8053849877,0
2014-08-05,114686.8053849877,0
2014-08-06,114686.8053849877,0
2014-08-07,114686.8053849877,0
2014-08-08,114686.8053849877,0
2014-08-11,114686.8053849877,0
2014-08-12,114686.8053849877,0
2014-08-13,114686.8053849877,0
2014-08-14,114686.8053849877,0
2014-08-15,114686.8053849877,0
2014-08-18,114686.8053849877,0
2014-08-19,114686.8053849877,0
2014-08-20,114686.8053849877,0
2014-08-21,114686.8053849877,0
2014-08-22,114686.8053849877,0
2014-08-25,114686.8053849877,0
2014-08-26,114686.8053849877,0
2014-08-27,114686.8053849877,0
2014-08-28,114686.8053849877,0
2014-08-29,114686.8053849877,0
2014-09-01,114686.8053849877,0
2014-09-02,114686.8053849877,0
2014-09-03,114686.8053849877,0
2014-09-04,114686.8053849877,0
2014-09-05,114686.8053849877,0
2014-09-09,114686.8053849877,0
2014-09-10,114686.8053849877,0
2014-09-11,114686.8053849877,0
2014-09-12,114686.8053849877,0
2014-09-15,114686.8053849877,0
2014-09-16,114686.8053849877,0
2014-09-17,114686.8053849877,0
2014-09-18,114686.8053849877,0
2014-09-19,114686.8053849877,0
2014-09-22,114686.8053849877,0
2014-09-23,114686.8053849877,0
2014-09-24,114686.8053849877,0
2014-09-25,114686.8053849877,0
2014-09-26,114686.8053849877,0
2014-09-29,114686.8053849877,0
2014-09-30,114686.8053849877,0
2014-10-08,114686.8053849877,0
2014-10-09,114686.8053849877,0
2014-10-10,114686.8053849877,0
2014-10-13,114686.8053849877,0
2014-10-14,114686.8053849877,0
2014-10-15,114686.8053849877,0
2014-10-16,114686.8053849877,0
2014-10-17,114686.8053849877,0
2014-10-20,114686.8053849877,0
2014-10-21,114686.8053849877,0
2014-10-22,114686.8053849877,0
2014-10-23,114686.8053849877,0
2014-10-24,114686.8053849877,0
2014-10-27,114686.8053849877,0
2014-10-28,114686.8053849877,0
2014-10-29,114686.8053849877,0
2014-10-30,114686.8053849877,0
2014-10-31,114686.8053849877,0
2014-11-03,114686.8053849877,0
2014-11-04,114686.8053849877,0
2014-11-05,114686.8053849877,0
2014-11-06,114686.8053849877,0
2014-11-07,114686.8053849877,0
2014-11-10,114686.8053849877,0
2014-11-11,114686.8053849877,0
2014-11-12,114686.8053849877,0
2014-11-13,114686.8053849877,0
2014-11-14,114686.8053849877,0
2014-11-17,114686.8053849877,0
2014-11-18,114686.8053849877,0
2014-11-19,114686.8053849877,0
2014-11-20,114686.8053849877,0
2014-11-21,114686.8053849877,0
2014-11-24,114686.8053849877,0
2014-11-25,114686.8053849877,0
2014-11-26,114686.8053849877,0
2014-11-27,114686.8053849877,0
2014-11-28,114686.8053849877,0
2014-12-01,114686.8053849877,0
2014-12-02,114686.8053849877,0
2014-12-03,114686.8053849877,0
2014-12-04,114686.8053849877,0
2014-12-05,114686.8053849877,0
2014-12-08,114686.8053849877,0
2014-12-09,114686.8053849877,0
2014-12-10,114686.8053849877,0
2014-12-11,114686.8053849877,0
2014-12-12,114686.8053849877,0
2014-12-15,114686.8053849877,0
2014-12-16,114686.8053849877,0
2014-12-17,114686.8053849877,0
2014-12-18,114686.8053849877,0
2014-12-19,114686.8053849877,0
2014-12-22,114686.8053849877,0
2014-12-23,114686.8053849877,0
2014-12-24,114686.8053849877,0
2014-12-25,114686.8053849877,0
2014-12-26,114686.8053849877,0
2014-12-29,114686.8053849877,0
2014-12-30,114686.8053849877,0
2014-12-31,114686.8053849877,0
2015-01-05,114686.8053849877,0
2015-01-06,114686.8053849877,0
2015-01-07,114686.8053849877,0
2015-01-08,114686.8053849877,0
2015-01-09,114686.8053849877,0
2015-01-12,114686.8053849877,0
2015-01-13,114686.8053849877,0
2015-01-14,114686.8053849877,0
2015-01-15,114686.8053849877,0
2015-01-16,114686.8053849877,0
2015-01-19,114686.8053849877,0
2015-01-20,114686.8053849877,0
2015-01-21,114686.8053849877,0
2015-01-22,114686.8053849877,0
2015-01-23,114686.8053849877,0
2015-01-26,114686.8053849877,0
2015-01-27,114686.8053849877,0
2015-01-28,114686.8053849877,0
2015-01-29,114686.8053849877,0
2015-01-30,114686.8053849877,0
2015-02-02,114686.8053849877,0
2015-02-03,114686.8053849877,0
2015-02-04,114686.8053849877,0
2015-02-05,114686.8053849877,0
2015-02-06,114686.8053849877,0
2015-02-09,114686.8053849877,0
2015-02-10,114686.8053849877,0
2015-02-11,114686.8053849877,0
2015-02-12,114686.8053849877,0
2015-02-13,114686.8053849877,0
2015-02-16,114686.8053849877,0
2015-02-17,114686.8053849877,0
2015-02-25,114686.8053849877,0
2015-02-26,114686.8053849877,0
2015-02-27,114686.8053849877,0
2015-03-02,114686.8053849877,0
2015-03-03,114686.8053849877,0
2015-03-04,114686.8053849877,0
2015-03-05,114686.8053849877,0
2015-03-06,114686.8053849877,0
2015-03-09,114686.8053849877,0
2015-03-10,114686.8053849877,0
2015-03-11,114686.8053849877,0
2015-03-12,114686.8053849877,0
2015-03-13,114686.8053849877,0
2015-03-16,114686.8053849877,0
2015-03-17,114686.8053849877,0
2015-03-18,114686.8053849877,0
2015-03-19,114686.8053849877,0
2015-03-20,114686.8053849877,0
2015-03-23,114686.8053849877,0
2015-03-24,114686.8053849877,0
2015-03-25,114686.8053849877,0
2015-03-26,114686.8053849877,0
2015-03-27,114686.8053849877,0
2015-03-30,114686.8053849877,0
2015-03-31,114686.8053849877,0
2015-04-01,114686.8053849877,0
2015-04-02,114686.8053849877,0
2015-04-03,114686.8053849877,0
2015-04-07,114686.8053849877,0
2015-04-08,114686.8053849877,0
2015-04-09,114686.8053849877,0
2015-04-10,114686.8053849877,0
2015-04-13,114686.8053849877,0
2015-04-14,114686.8053849877,0
2015-04-15,114686.8053849877,0
2015-04-16,114686.8053849877,0
2015-04-17,114686.8053849877,0
2015-04-20,114686.8053849877,0
2015-04-21,114686.8053849877,0
2015-04-22,114686.8053849877,0
2015-04-23,114686.8053849877,0
2015-04-24,114686.8053849877,0
2015-04-27,114686.8053849877,0
2015-04-28,114686.8053849877,0
2015-04-29,114686.8053849877,0
2015-04-30,114686.8053849877,0
2015-05-04,114686.8053849877,0
2015-05-05,114686.8053849877,0
2015-05-06,114686.8053849877,0
2015-05-07,114686.8053849877,0
2015-05-08,114686.8053849877,0
2015-05-11,114686.8053849877,0
2015-05-12,114686.8053849877,0
2015-05-13,114686.8053849877,0
2015-05-14,114686.8053849877,0
2015-05-15,114686.8053849877,0
2015-05-18,114686.8053849877,0
2015-05-19,114686.8053849877,0
2015-05-20,114686.8053849877,0
2015-05-21,114686.8053849877,0
2015-05-22,114686.8053849877,0
2015-05-25,114686.8053849877,0
2015-05-26,114686.8053849877,0
2015-05-27,114686.8053849877,0
2015-05-28,114686.8053849877,0
2015-05-29,114686.8053849877,0
2015-06-01,114686.8053849877,0
2015-06-02,114686.8053849877,0
2015-06-03,114686.8053849877,0
2015-06-04,114686.8053849877,0
2015-06-05,114686.8053849877,0
2015-06-08,114686.8053849877,0
2015-06-09,114686.8053849877,0
2015-06-10,114686.8053849877,0
2015-06-11,114686.8053849877,0
2015-06-12,114686.8053849877,0
2015-06-15,114686.8053849877,0
2015-06-16,114686.8053849877,0
2015-06-17,114686.8053849877,0
2015-06-18,114686.8053849877,0
2015-06-19,114686.8053849877,0
2015-06-23,114686.8053849877,0
2015-06-24,114686.8053849877,0
2015-06-25,114686.8053849877,0
2015-06-26,114686.8053849877,1
2015-06-29,113381.01434307129,1
2015-06-30,120169.91024025159,1
2015-07-01,115234.68973823934,1
2015-07-02,111364.19116271276,1
2015-07-03,105421.47221111001,1
2015-07-06,108626.5956776321,1
2015-07-07,106638.99299611365,1
2015-07-08,100002.28719705882,1
2015-07-09,106847.18905034928,1
2015-07-10,112463.61243157106,1
2015-07-13,115776.48648756594,1
2015-07-14,113315.8769810736,1
2015-07-15,109016.20232883326,1
2015-07-16,109947.60572936104,1
2015-07-17,113043.15232523279,1
2015-07-20,112587.79955164142,1
2015-07-21,113177.68837197569,1
2015-07-22,112963.40471381505,1
2015-07-23,114708.11199872526,1
2015-07-24,112599.97475949147,1
2015-07-27,103348.64307464132,1
2015-07-28,103695.02773797486,1
2015-07-29,106643.86307925366,1
2015-07-30,103872.78577258538,1
2015-07-31,104166.20828177125,1
2015-08-03,105650.3661186907,1
2015-08-04,108194.37579895579,1
2015-08-05,106137.37443269214,1
2015-08-06,105273.54343573206,1
2015-08-07,106890.41103821689,1
2015-08-10,110981.28087582912,1
2015-08-11,110737.1679584359,1
2015-08-12,109604.26486799002,1
2015-08-13,111172.4316390747,1
2015-08-14,111735.53500213887,1
2015-08-17,113079.0691883904,1
2015-08-18,105959.00763768911,1
2015-08-19,107393.85588281591,1
2015-08-20,104380.4919399319,1
2015-08-21,99938.36735584613,1
2015-08-24,91297.0135842828,1
2015-08-25,85175.31907728451,1
2015-08-26,86404.40630974568,1
2015-08-27,91238.57258660263,1
2015-08-28,94797.99460156077,1
2015-08-31,94585.53722457764,1
2015-09-01,94231.23867614158,1
2015-09-02,95090.80835035414,1
2015-09-07,92150.49565457036,1
2015-09-08,94712.76814661051,1
2015-09-09,96114.7433305422,1
2015-09-10,95089.59082956913,1
2015-09-11,95202.82026257449,1
2015-09-14,93210.95625830854,1
2015-09-15,90717.47369062107,1
2015-09-16,94418.12811663964,1
2015-09-17,92430.52543512119,1
2015-09-18,92418.35022727116,1
2015-09-21,93317.48932699635,1
2015-09-22,93853.19847239794,1
2015-09-23,92084.14077178766,1
2015-09-24,92468.87733984881,1
2015-09-25,91409.02549650313,1
2015-09-28,91605.04634288873,1
2015-09-29,89978.43857412387,1
2015-09-30,90556.15218660809,1
2015-10-08,92797.60795179979,1
2015-10-09,93666.9177922924,1
2015-10-12,96181.0982133249,1
2015-10-13,96533.57048058345,1
2015-10-14,95241.78092769459,1
2015-10-15,96869.60621724445,1
2015-10-16,98144.35047914326,1
2015-10-19,97933.11062294514,1
2015-10-20,98715.97648770247,0
2015-10-21,98715.97648770247,0
2015-10-22,98715.97648770247,0
2015-10-23,98715.97648770247,0
2015-10-26,98715.97648770247,0
2015-10-27,98715.97648770247,0
2015-10-28,98715.97648770247,0
2015-10-29,98715.97648770247,0
2015-10-30,98715.97648770247,0
2015-11-02,98715.97648770247,0
2015-11-03,98715.97648770247,0
2015-11-04,98715.97648770247,0
2015-11-05,98715.97648770247,0
2015-11-06,98715.97648770247,0
2015-11-09,98715.97648770247,0
2015-11-10,98715.97648770247,0
2015-11-11,98715.97648770247,0
2015-11-12,98715.97648770247,0
2015-11-13,98715.97648770247,0
2015-11-16,98715.97648770247,0
2015-11-17,98715.97648770247,0
2015-11-18,98715.97648770247,0
2015-11-19,98715.97648770247,0
2015-11-20,98715.97648770247,0
2015-11-23,98715.97648770247,0
2015-11-24,98715.97648770247,0
2015-11-25,98715.97648770247,0
2015-11-26,98715.97648770247,0
2015-11-27,98715.97648770247,1
2015-11-30,99354.53911126303,1
2015-12-01,100033.61659825026,1
2015-12-02,103052.2762732638,1
2015-12-03,104069.3807551093,1
2015-12-04,102687.64250242383,1
2015-12-07,103340.71791288348,1
2015-12-08,101757.0100425188,1
2015-12-09,102466.32250221248,1
2015-12-10,102175.4620647763,1
2015-12-11,101323.44053390808,1
2015-12-14,103250.6176942182,1
2015-12-15,102812.21058997446,1
2015-12-16,102555.2133219695,1
2015-12-17,104376.568077807,1
2015-12-18,104804.69529133056,1
2015-12-21,108456.47529481749,0
2015-12-22,108456.47529481749,0
2015-12-23,108456.47529481749,0
2015-12-24,108456.47529481749,0
2015-12-25,108456.47529481749,0
2015-12-28,108456.47529481749,0
2015-12-29,108456.47529481749,0
2015-12-30,108456.47529481749,0
2015-12-31,108456.47529481749,0
2016-01-04,108456.47529481749,0
2016-01-05,108456.47529481749,0
2016-01-06,108456.47529481749,0
2016-01-07,108456.47529481749,0
2016-01-08,108456.47529481749,0
2016-01-11,108456.47529481747,1
2016-01-12,108650.65757904142,1
2016-01-13,107121.29491716086,1
2016-01-14,108893.03108708738,1
2016-01-15,105494.84111316832,1
2016-01-18,105563.58447656147,1
2016-01-19,108451.51443354168,1
2016-01-20,106792.46068402252,1
2016-01-21,104069.65653807943,1
2016-01-22,104999.46368005687,1
2016-01-25,105586.26269953653,1
2016-01-26,99607.00747326855,1
2016-01-27,99230.69071077615,1
2016-01-28,97360.44600980172,1
2016-01-29,100115.14140680346,1
2016-02-01,99070.5257610148,1
2016-02-02,100756.50990031686,1
2016-02-03,100152.70221360591,1
2016-02-04,101270.31338959555,1
2016-02-05,100820.2924024342,1
2016-02-15,100181.04999232473,1
2016-02-16,102849.99335870202,1
2016-02-17,103411.98807180273,1
2016-02-18,103320.56648543452,1
2016-02-19,103037.08869824627,1
2016-02-22,105226.24590980746,1
2016-02-23,104402.03424355766,1
2016-02-24,105178.05468598545,0
2016-02-25,105178.05468598545,0
2016-02-26,105178.05468598545,0
2016-02-29,105178.05468598545,0
2016-03-01,105178.05468598545,0
2016-03-02,105178.05468598545,0
2016-03-03,105178.05468598545,0
2016-03-04,105178.05468598545,0
2016-03-07,105178.05468598545,0
2016-03-08,105178.05468598545,0
2016-03-09,105178.05468598545,0
2016-03-10,105178.05468598545,0
2016-03-11,105178.05468598545,0
2016-03-14,105178.05468598545,0
2016-03-15,105178.05468598545,0
2016-03-16,105178.05468598545,0
2016-03-17,105178.05468598545,0
2016-03-18,105178.05468598545,0
2016-03-21,105178.05468598545,0
2016-03-22,105178.05468598545,0
2016-03-23,105178.05468598545,0
2016-03-24,105178.05468598545,0
2016-03-25,105178.05468598545,0
2016-03-28,105178.05468598545,0
2016-03-29,105178.05468598545,0
2016-03-30,105178.05468598545,0
2016-03-31,105178.05468598545,0
2016-04-01,105178.05468598545,0
2016-04-05,105178.05468598545,0
2016-04-06,105178.05468598545,0
2016-04-07,105178.05468598545,0
2016-04-08,105178.05468598545,0
2016-04-11,105178.05468598545,0
2016-04-12,105178.05468598545,0
2016-04-13,105178.05468598545,0
2016-04-14,105178.05468598545,0
2016-04-15,105178.05468598545,0
2016-04-18,105178.05468598545,0
2016-04-19,105178.05468598545,0
2016-04-20,105178.05468598545,0
2016-04-21,105178.05468598545,0
2016-04-22,105178.05468598545,0
2016-04-25,105178.05468598545,0
2016-04-26,105178.05468598545,0
2016-04-27,105178.05468598545,0
2016-04-28,105178.05468598545,0
2016-04-29,105178.05468598545,0
2016-05-03,105178.05468598545,0
2016-05-04,105178.05468598545,0
2016-05-05,105178.05468598545,0
2016-05-06,105178.05468598545,0
2016-05-09,105178.05468598545,1
2016-05-10,105468.15614998936,1
2016-05-11,106438.22714303661,1
2016-05-12,106586.81569777033,1
2016-05-13,106028.54727069938,1
2016-05-16,106668.18562060069,1
2016-05-17,106264.16626463426,1
2016-05-18,105393.86187262251,1
2016-05-19,105284.1893679381,1
2016-05-20,105564.3849282931,1
2016-05-23,105911.79912055144,1
2016-05-24,105222.63125240555,1
2016-05-25,105116.4965704529,1
2016-05-26,105219.09342967381,1
2016-05-27,105388.90892079806,1
2016-05-30,105472.40153726748,1
2016-05-31,108333.79256271097,1
2016-06-01,108011.85069412125,1
2016-06-02,108119.40050516662,1
2016-06-03,108960.69475077797,1
2016-06-06,108808.5683733125,1
2016-06-07,108728.61357957484,0
2016-06-08,108728.61357957484,0
2016-06-13,108728.61357957484,0
2016-06-14,108728.61357957484,0
2016-06-15,108728.61357957484,0
2016-06-16,108728.61357957484,0
2016-06-17,108728.61357957484,0
2016-06-20,108728.61357957484,0
2016-06-21,108728.61357957484,0
2016-06-22,108728.61357957484,0
2016-06-23,108728.61357957484,0
2016-06-24,108728.61357957484,0
2016-06-27,108728.61357957484,0
2016-06-28,108728.61357957484,0
2016-06-29,108728.61357957484,0
2016-06-30,108728.61357957484,0
2016-07-01,108728.61357957484,0
2016-07-04,108728.61357957484,0
2016-07-05,108728.61357957484,0
2016-07-06,108728.61357957484,0
2016-07-07,108728.61357957484,0
2016-07-08,108728.61357957484,0
2016-07-11,108728.61357957484,0
2016-07-12,108728.61357957484,0
2016-07-13,108728.61357957484,0
2016-07-14,108728.61357957484,0
2016-07-15,108728.61357957484,0
2016-07-18,108728.61357957484,0
2016-07-19,108728.61357957484,0
2016-07-20,108728.61357957484,0
2016-07-21,108728.61357957484,0
2016-07-22,108728.61357957484,0
2016-07-25,108728.61357957484,0
2016-07-26,108728.61357957484,0
2016-07-27,108728.61357957484,0
2016-07-28,108728.61357957484,0
2016-07-29,108728.61357957484,0
2016-08-01,108728.61357957484,0
2016-08-02,108728.61357957484,0
2016-08-03,108728.61357957484,0
2016-08-04,108728.61357957484,0
2016-08-05,108728.61357957484,0
2016-08-08,108728.61357957484,0
2016-08-09,108728.61357957484,0
2016-08-10,108728.61357957484,0
2016-08-11,108728.61357957484,0
2016-08-12,108728.61357957484,0
2016-08-15,108728.61357957484,0
2016-08-16,108728.61357957484,0
2016-08-17,108728.61357957484,0
2016-08-18,108728.61357957484,0
2016-08-19,108728.61357957484,0
2016-08-22,108728.61357957484,0
2016-08-23,108728.61357957484,0
2016-08-24,108728.61357957484,0
2016-08-25,108728.61357957484,0
2016-08-26,108728.61357957484,0
2016-08-29,108728.61357957484,0
2016-08-30,108728.61357957484,0
2016-08-31,108728.61357957484,0
2016-09-01,108728.61357957484,0
2016-09-02,108728.61357957484,1
2016-09-05,109127.07269566708,1
2016-09-06,109983.39270562744,1
2016-09-07,109985.3950127435,1
2016-09-08,110102.8636968846,1
2016-09-09,109388.04005645782,1
2016-09-12,107700.76259334026,1
2016-09-13,107811.55692042787,1
2016-09-14,106910.51871820925,1
2016-09-19,107967.73687547911,1
2016-09-20,107952.38585425612,1
2016-09-21,107919.01406898878,1
2016-09-22,108674.55128744172,1
2016-09-23,108203.34167946666,1
2016-09-26,106560.78240860734,1
2016-09-27,107203.52299285664,1
2016-09-28,107130.10506526845,1
2016-09-29,107593.30544477937,1
2016-09-30,107860.94716262356,1
2016-10-10,109386.70518504712,1
2016-10-11,109580.92897530312,1
2016-10-12,109361.34262824392,1
2016-10-13,109630.3192174988,1
2016-10-14,109565.57795408014,1
2016-10-17,108789.35022876142,1
2016-10-18,110068.15704020653,1
2016-10-19,109887.94939976282,1
2016-10-20,109798.5130152463,1
2016-10-21,110233.01365942728,0
2016-10-24,110233.01365942728,0
2016-10-25,110233.01365942728,0
2016-10-26,110233.01365942728,0
2016-10-27,110233.01365942728,0
2016-10-28,110233.01365942728,0
2016-10-31,110233.01365942728,0
2016-11-01,110233.01365942728,0
2016-11-02,110233.01365942728,0
2016-11-03,110233.01365942728,0
2016-11-04,110233.01365942728,0
2016-11-07,110233.01365942728,0
2016-11-08,110233.01365942728,0
2016-11-09,110233.01365942728,0
2016-11-10,110233.01365942728,0
2016-11-11,110233.01365942728,0
2016-11-14,110233.01365942728,0
2016-11-15,110233.01365942728,0
2016-11-16,110233.01365942728,0
2016-11-17,110233.01365942728,0
2016-11-18,110233.01365942728,0
2016-11-21,110233.01365942728,0
2016-11-22,110233.01365942728,0
2016-11-23,110233.01365942728,0
2016-11-24,110233.01365942728,0
2016-11-25,110233.01365942728,0
2016-11-28,110233.01365942728,0
2016-11-29,110233.01365942728,0
2016-11-30,110233.01365942728,0
2016-12-01,110233.01365942728,0
2016-12-02,110233.01365942728,0
2016-12-05,110233.01365942728,0
2016-12-06,110233.01365942728,0
2016-12-07,110233.01365942728,0
2016-12-08,110233.01365942728,0
2016-12-09,110233.01365942728,0
2016-12-12,110233.01365942728,0
2016-12-13,110233.01365942728,0
2016-12-14,110233.01365942728,0
2016-12-15,110233.01365942728,0
2016-12-16,110233.01365942726,1
2016-12-19,110438.9719575641,1
2016-12-20,109596.47587715973,1
2016-12-21,110488.96183575265,1
2016-12-22,110502.29246993626,1
2016-12-23,109405.18127662488,1
2016-12-26,109653.1310724401,1
2016-12-27,109550.48518922625,1
2016-12-28,109166.56292473819,1
2016-12-29,109103.90894407521,1
2016-12-30,109747.11204343456,1
2017-01-03,110928.20623210272,1
2017-01-04,111783.36641498152,1
2017-01-05,111736.04266362969,1
2017-01-06,111229.47856465238,1
2017-01-09,111859.35102982812,1
2017-01-10,111747.37370268576,1
2017-01-11,110841.55710990923,1
2017-01-12,110248.34388873843,1
2017-01-13,110432.97317218148,1
2017-01-16,110774.23740728198,1
2017-01-17,111042.8496860818,1
2017-01-18,111861.35062495565,1
2017-01-19,111637.39597067096,1
2017-01-20,112563.87504643208,1
2017-01-23,112635.19393931441,1
2017-01-24,113278.39703867376,1
2017-01-25,113602.33144933559,1
2017-01-26,113905.60337701278,0
2017-02-03,113905.60337701278,0
2017-02-06,113905.60337701278,0
2017-02-07,113905.60337701278,0
2017-02-08,113905.60337701278,0
2017-02-09,113905.60337701278,0
2017-02-10,113905.60337701278,0
2017-02-13,113905.60337701278,0
2017-02-14,113905.60337701278,0
2017-02-15,113905.60337701278,0
2017-02-16,113905.60337701278,0
2017-02-17,113905.60337701278,0
2017-02-20,113905.60337701278,0
2017-02-21,113905.60337701278,0
2017-02-22,113905.60337701278,0
2017-02-23,113905.60337701278,0
2017-02-24,113905.60337701278,0
2017-02-27,113905.60337701278,0
2017-02-28,113905.60337701278,0
2017-03-01,113905.60337701278,0
2017-03-02,113905.60337701278,0
2017-03-03,113905.60337701278,0
2017-03-06,113905.60337701278,0
2017-03-07,113905.60337701278,0
2017-03-08,113905.60337701278,0
2017-03-09,113905.60337701278,0
2017-03-10,113905.60337701278,0
2017-03-13,113905.60337701278,0
2017-03-14,113905.60337701278,0
2017-03-15,113905.60337701278,0
2017-03-16,113905.60337701278,0
2017-03-17,113905.60337701278,0
2017-03-20,113905.60337701278,0
2017-03-21,113905.60337701278,0
2017-03-22,113905.60337701278,0
2017-03-23,113905.60337701278,0
2017-03-24,113905.60337701278,0
2017-03-27,113905.60337701278,0
2017-03-28,113905.60337701278,0
2017-03-29,113905.60337701278,0
2017-03-30,113905.60337701278,0
2017-03-31,113905.60337701278,0
2017-04-05,113905.60337701278,0
2017-04-06,113905.60337701278,0
2017-04-07,113905.60337701278,0
2017-04-10,113905.60337701278,0
2017-04-11,113905.60337701278,0
2017-04-12,113905.60337701278,0
2017-04-13,113905.60337701278,0
2017-04-14,113905.60337701278,0
2017-04-17,113905.60337701278,0
2017-04-18,113905.60337701278,0
2017-04-19,113905.60337701278,0
2017-04-20,113905.60337701278,0
2017-04-21,113905.60337701278,0
2017-04-24,113905.60337701278,0
2017-04-25,113905.60337701278,0
2017-04-26,113905.60337701278,0
2017-04-27,113905.60337701278,0
2017-04-28,113905.60337701278,0
2017-05-02,113905.60337701278,0
2017-05-03,113905.60337701278,0
2017-05-04,113905.60337701278,1
2017-05-05,113521.33697412955,1
2017-05-08,112835.46988192451,1
2017-05-09,112518.36937130993,1
2017-05-10,111970.70901896541,1
2017-05-11,112675.95088778641,1
2017-05-12,113656.96041044127,1
2017-05-15,114185.24598616983,1
2017-05-16,115412.9609977346,1
2017-05-17,114713.53156189839,1
2017-05-18,114461.01364000367,1
2017-05-19,114861.42569006688,1
2017-05-22,114983.48678274745,1
2017-05-23,115881.18476595366,1
2017-05-24,115644.81249123895,1
2017-05-25,117156.04506728394,1
2017-05-26,117274.23120464131,0
2017-05-31,117274.23120464131,0
2017-06-01,117274.23120464131,0
2017-06-02,117274.23120464131,0
2017-06-05,117274.23120464131,0
2017-06-06,117274.23120464131,0
2017-06-07,117274.23120464131,0
2017-06-08,117274.23120464131,0
2017-06-09,117274.23120464131,0
2017-06-12,117274.23120464131,0
2017-06-13,117274.23120464131,0
2017-06-14,117274.23120464131,0
2017-06-15,117274.23120464131,0
2017-06-16,117274.23120464131,0
2017-06-19,117274.23120464131,0
2017-06-20,117274.23120464131,0
2017-06-21,117274.23120464131,0
2017-06-22,117274.23120464131,0
2017-06-23,117274.23120464131,0
2017-06-26,117274.23120464131,0
2017-06-27,117274.23120464131,0
2017-06-28,117274.23120464131,0
2017-06-29,117274.23120464131,0
2017-06-30,117274.23120464131,0
2017-07-03,117274.23120464131,0
2017-07-04,117274.23120464131,0
2017-07-05,117274.23120464131,0
2017-07-06,117274.23120464131,0
2017-07-07,117274.23120464131,0
2017-07-10,117274.23120464131,0
2017-07-11,117274.23120464131,0
2017-07-12,117274.23120464131,0
2017-07-13,117274.23120464131,0
2017-07-14,117274.23120464131,0
2017-07-17,117274.23120464131,0
2017-07-18,117274.23120464131,0
2017-07-19,117274.23120464131,0
2017-07-20,117274.23120464131,0
2017-07-21,117274.23120464131,0
2017-07-24,117274.23120464131,0
2017-07-25,117274.23120464131,0
2017-07-26,117274.23120464131,0
2017-07-27,117274.23120464131,0
2017-07-28,117274.23120464131,0
2017-07-31,117274.23120464131,0
2017-08-01,117274.23120464131,0
2017-08-02,117274.23120464131,0
2017-08-03,117274.23120464131,0
2017-08-04,117274.23120464131,0
2017-08-07,117274.23120464131,0
2017-08-08,117274.23120464131,0
2017-08-09,117274.23120464131,0
2017-08-10,117274.23120464131,0
2017-08-11,117274.23120464131,0
2017-08-14,117274.23120464131,0
2017-08-15,117274.23120464131,0
2017-08-16,117274.23120464131,0
2017-08-17,117274.23120464131,0
2017-08-18,117274.23120464131,0
2017-08-21,117274.23120464131,0
2017-08-22,117274.23120464131,0
2017-08-23,117274.23120464131,0
2017-08-24,117274.23120464131,0
2017-08-25,117274.23120464131,0
2017-08-28,117274.23120464131,0
2017-08-29,117274.23120464131,0
2017-08-30,117274.23120464131,0
2017-08-31,117274.23120464131,0
2017-09-01,117274.23120464131,0
2017-09-04,117274.23120464131,0
2017-09-05,117274.23120464131,0
2017-09-06,117274.23120464131,0
2017-09-07,117274.23120464131,0
2017-09-08,117274.23120464131,0
2017-09-11,117274.23120464131,0
2017-09-12,117274.23120464131,0
2017-09-13,117274.23120464131,0
2017-09-14,117274.23120464131,0
2017-09-15,117274.23120464131,0
2017-09-18,117274.23120464131,0
2017-09-19,117274.23120464131,0
2017-09-20,117274.23120464131,0
2017-09-21,117274.23120464131,0
2017-09-22,117274.23120464131,0
2017-09-25,117274.23120464131,0
2017-09-26,117274.23120464131,0
2017-09-27,117274.23120464131,0
2017-09-28,117274.23120464131,0
2017-09-29,117274.23120464131,0
2017-10-09,117274.23120464131,0
2017-10-10,117274.23120464131,0
2017-10-11,117274.23120464131,0
2017-10-12,117274.23120464131,0
2017-10-13,117274.23120464131,0
2017-10-16,117274.23120464131,0
2017-10-17,117274.23120464131,0
2017-10-18,117274.23120464131,0
2017-10-19,117274.23120464131,0
2017-10-20,117274.23120464131,0
2017-10-23,117274.23120464131,0
2017-10-24,117274.23120464131,0
2017-10-25,117274.23120464131,0
2017-10-26,117274.23120464131,0
2017-10-27,117274.23120464131,0
2017-10-30,117274.23120464131,0
2017-10-31,117274.23120464131,0
2017-11-01,117274.23120464131,0
2017-11-02,117274.23120464131,0
2017-11-03,117274.23120464131,0
2017-11-06,117274.23120464131,0
2017-11-07,117274.23120464131,0
2017-11-08,117274.23120464131,0
2017-11-09,117274.23120464131,0
2017-11-10,117274.23120464131,0
2017-11-13,117274.23120464131,0
2017-11-14,117274.23120464131,0
2017-11-15,117274.23120464131,0
2017-11-16,117274.23120464131,0
2017-11-17,117274.23120464131,0
2017-11-20,117274.23120464131,0
2017-11-21,117274.23120464131,0
2017-11-22,117274.23120464131,0
2017-11-23,117274.23120464131,0
2017-11-24,117274.23120464131,0
2017-11-27,117274.23120464131,0
2017-11-28,117274.23120464131,0
2017-11-29,117274.23120464131,0
2017-11-30,117274.23120464131,0
2017-12-01,117274.23120464131,0
2017-12-04,117274.23120464131,0
2017-12-05,117274.23120464131,0
2017-12-06,117274.23120464131,0
2017-12-07,117274.23120464131,0
2017-12-08,117274.23120464131,1
2017-12-11,118886.38779371914,1
2017-12-12,117721.29983858728,1
2017-12-13,118849.69655482206,1
2017-12-14,118520.03988534678,1
2017-12-15,117382.6114795373,1
2017-12-18,117754.60419389386,1
2017-12-19,119015.65385075656,1
2017-12-20,119140.96854360505,1
2017-12-21,119928.98345899464,1
2017-12-22,120125.98718784202,1
2017-12-25,119919.95176941996,1
2017-12-26,120218.56200598234,1
2017-12-27,119117.26035847155,1
2017-12-28,120160.98498494385,1
2017-12-29,120667.32408172356,1
2018-01-02,122335.92873064306,0
2018-01-03,122335.92873064306,0
2018-01-04,122335.92873064306,0
2018-01-05,122335.92873064306,0
2018-01-08,122335.92873064306,0
2018-01-09,122335.92873064306,0
2018-01-10,122335.92873064306,0
2018-01-11,122335.92873064306,0
2018-01-12,122335.92873064306,0
2018-01-15,122335.92873064306,0
2018-01-16,122335.92873064306,0
2018-01-17,122335.92873064306,0
2018-01-18,122335.92873064306,0
2018-01-19,122335.92873064306,0
2018-01-22,122335.92873064306,0
2018-01-23,122335.92873064306,0
2018-01-24,122335.92873064306,0
2018-01-25,122335.92873064306,0
2018-01-26,122335.92873064306,0
2018-01-29,122335.92873064306,0
2018-01-30,122335.92873064306,0
2018-01-31,122335.92873064306,0
2018-02-01,122335.92873064306,0
2018-02-02,122335.92873064306,0
2018-02-05,122335.92873064306,0
2018-02-06,122335.92873064306,0
2018-02-07,122335.92873064306,0
2018-02-08,122335.92873064306,0
2018-02-09,122335.92873064306,1
2018-02-12,123729.65230944933,1
2018-02-13,125071.5164062535,1
2018-02-14,125865.32006826284,1
2018-02-22,128477.1521618228,1
2018-02-23,128681.05421605831,1
2018-02-26,130258.05391875835,1
2018-02-27,128080.54498696588,1
2018-02-28,126959.08368867062,1
2018-03-01,127673.91950308582,1
2018-03-02,126934.921884556,1
2018-03-05,126506.49184574325,1
2018-03-06,127940.87797293752,1
2018-03-07,127300.29550775258,1
2018-03-08,128498.36740446003,1
2018-03-09,129059.3927097554,1
2018-03-12,129740.0484110329,1
2018-03-13,128875.52727356617,1
2018-03-14,128681.6435283538,1
2018-03-15,128799.50598744946,1
2018-03-16,127717.52861295124,1
2018-03-19,127640.32870224357,1
2018-03-20,128184.26395097008,1
2018-03-21,127643.27526372095,1
2018-03-22,126515.92084247092,1
2018-03-23,123166.26975497205,1
2018-03-26,122250.47844779873,1
2018-03-27,122773.7877661835,1
2018-03-28,120877.38079933419,1
2018-03-29,122425.50419955577,1
2018-03-30,122701.30235383965,1
2018-04-02,121951.10780169573,1
2018-04-03,121183.23388068745,1
2018-04-04,121314.65052257912,1
2018-04-09,121329.38332996608,1
2018-04-10,123432.0496002328,1
2018-04-11,123840.44302099927,1
2018-04-12,122807.96787932122,1
2018-04-13,121943.44674185451,1
2018-04-16,120053.52221025548,1
2018-04-17,118483.5942551012,1
2018-04-18,118879.61211766265,1
2018-04-19,120308.10512190213,1
2018-04-20,118637.99407651652,1
2018-04-23,118753.49928643028,1
2018-04-24,121147.87514295876,1
2018-04-25,120723.57029021437,1
2018-04-26,118939.13265950595,1
2018-04-27,119137.14159078668,1
2018-05-02,119330.43602370357,1
2018-05-03,120016.98484793582,1
2018-05-04,119904.42619949947,1
2018-05-07,121715.97219579986,1
2018-05-08,122739.01834075026,1
2018-05-09,122840.38005557252,1
2018-05-10,123589.98529542098,1
2018-05-11,123050.7645450583,1
2018-05-14,123940.0367989351,0
2018-05-15,123940.0367989351,0
2018-05-16,123940.0367989351,0
2018-05-17,123940.0367989351,0
2018-05-18,123940.0367989351,0
2018-05-21,123940.0367989351,0
2018-05-22,123940.0367989351,0
2018-05-23,123940.0367989351,0
2018-05-24,123940.0367989351,0
2018-05-25,123940.0367989351,0
2018-05-28,123940.0367989351,0
2018-05-29,123940.0367989351,0
2018-05-30,123940.0367989351,0
2018-05-31,123940.0367989351,0
2018-06-01,123940.0367989351,0
2018-06-04,123940.0367989351,0
2018-06-05,123940.0367989351,0
2018-06-06,123940.0367989351,0
2018-06-07,123940.0367989351,0
2018-06-08,123940.0367989351,0
2018-06-11,123940.0367989351,0
2018-06-12,123940.0367989351,0
2018-06-13,123940.0367989351,0
2018-06-14,123940.0367989351,0
2018-06-15,123940.0367989351,0
2018-06-19,123940.0367989351,0
2018-06-20,123940.0367989351,0
2018-06-21,123940.0367989351,1
2018-06-22,124329.79125378911,1
2018-06-25,123350.3921976206,1
2018-06-26,122160.45054204545,1
2018-06-27,120610.20533093806,1
2018-06-28,119070.61257277682,1
2018-06-29,121343.97135446544,1
2018-07-02,118583.10619676973,1
2018-07-03,118655.79352275535,1
2018-07-04,117719.63089325074,1
2018-07-05,116577.93858337293,1
2018-07-06,116949.52120673053,1
2018-07-09,119580.67708443463,1
2018-07-10,120054.39793309964,1
2018-07-11,118155.75484916453,1
2018-07-12,120361.439223901,1
2018-07-13,120696.0515693866,1
2018-07-16,119996.12274933528,1
2018-07-17,119167.73787905074,1
2018-07-18,119249.19781334497,1
2018-07-19,119036.14875442158,1
2018-07-20,121117.13676819994,1
2018-07-23,122193.03451576314,1
2018-07-24,123861.7099390368,1
2018-07-25,123857.32363488249,0
2018-07-26,123857.32363488249,0
2018-07-27,123857.32363488249,0
2018-07-30,123857.32363488249,0
2018-07-31,123857.32363488249,0
2018-08-01,123857.32363488249,0
2018-08-02,123857.32363488249,0
2018-08-03,123857.32363488249,0
2018-08-06,123857.32363488249,0
2018-08-07,123857.32363488249,0
2018-08-08,123857.32363488249,0
2018-08-09,123857.32363488249,0
2018-08-10,123857.32363488249,0
2018-08-13,123857.32363488249,0
2018-08-14,123857.32363488249,0
2018-08-15,123857.32363488249,1
2018-08-16,122780.25071349973,1
2018-08-17,121480.21898224975,1
2018-08-20,122477.8080983022,1
2018-08-21,124179.3004056273,1
2018-08-22,123489.54263733716,1
2018-08-23,123511.09756759621,1
2018-08-24,123958.36237047186,1
2018-08-27,126369.82019320501,1
2018-08-28,126194.6863848501,1
2018-08-29,125359.43283731124,1
2018-08-30,124589.51767212019,1
2018-08-31,123959.03596204246,1
2018-09-03,123713.84863034559,1
2018-09-04,124815.17084826979,1
2018-09-05,122747.24472654054,1
2018-09-06,121854.73589550103,1
2018-09-07,122459.6211258961,1
2018-09-10,121355.60454168949,1
2018-09-11,120748.69853658264,1
2018-09-12,120302.78091684819,1
2018-09-13,121295.65489190648,1
2018-09-14,121588.66722511567,1
2018-09-17,120590.40451749261,1
2018-09-18,122554.59753735013,1
2018-09-19,123815.56095750556,1
2018-09-20,123747.52820887537,1
2018-09-21,127011.75295998286,1
2018-09-25,126305.1554024278,1
2018-09-26,127463.73290385267,1
2018-09-27,127246.8364181208,1
2018-09-28,128521.94526125875,0
2018-10-08,128521.94526125875,0
2018-10-09,128521.94526125875,0
2018-10-10,128521.94526125875,0
2018-10-11,128521.94526125875,0
2018-10-12,128521.94526125875,0
2018-10-15,128521.94526125875,0
2018-10-16,128521.94526125875,0
2018-10-17,128521.94526125875,0
2018-10-18,128521.94526125875,0
2018-10-19,128521.94526125875,0
2018-10-22,128521.94526125875,0
2018-10-23,128521.94526125875,0
2018-10-24,128521.94526125875,0
2018-10-25,128521.94526125875,0
2018-10-26,128521.94526125875,0
2018-10-29,128521.94526125875,0
2018-10-30,128521.94526125875,0
2018-10-31,128521.94526125875,0
2018-11-01,128521.94526125875,0
2018-11-02,128521.94526125875,0
2018-11-05,128521.94526125875,0
2018-11-06,128521.94526125875,0
2018-11-07,128521.94526125875,0
2018-11-08,128521.94526125875,0
2018-11-09,128521.94526125875,0
2018-11-12,128521.94526125875,0
2018-11-13,128521.94526125875,0
2018-11-14,128521.94526125875,0
2018-11-15,128521.94526125875,0
2018-11-16,128521.94526125875,0
2018-11-19,128521.94526125875,0
2018-11-20,128521.94526125875,0
2018-11-21,128521.94526125875,0
2018-11-22,128521.94526125875,0
2018-11-23,128521.94526125875,0
2018-11-26,128521.94526125875,0
2018-11-27,128521.94526125875,0
2018-11-28,128521.94526125875,0
2018-11-29,128521.94526125875,0
2018-11-30,128521.94526125875,0
2018-12-03,128521.94526125875,0
2018-12-04,128521.94526125875,0
2018-12-05,128521.94526125875,0
2018-12-06,128521.94526125875,0
2018-12-07,128521.94526125875,0
2018-12-10,128521.94526125875,0
2018-12-11,128521.94526125875,0
2018-12-12,128521.94526125875,0
2018-12-13,128521.94526125875,0
2018-12-14,128521.94526125875,0
2018-12-17,128521.94526125875,0
2018-12-18,128521.94526125875,0
2018-12-19,128521.94526125875,0
2018-12-20,128521.94526125875,0
2018-12-21,128521.94526125875,1
2018-12-24,129240.55880879275,1
2018-12-25,128560.0369069996,1
2018-12-26,128777.59880671173,1
2018-12-27,128409.13538733394,1
2018-12-28,128963.66184552277,1
2019-01-02,127261.25829356656,1
2019-01-03,126489.16993566559,1
2019-01-04,128475.7957673804,1
2019-01-07,129515.99070876502,1
2019-01-08,129587.04627870467,1
2019-01-09,130644.08944801311,1
2019-01-10,129847.82754569968,1
2019-01-11,130384.77324431583,1
2019-01-14,129674.2175449193,1
2019-01-15,131485.768312556,1
2019-01-16,131501.1514771821,1
2019-01-17,131561.9516040377,1
2019-01-18,133051.92097782381,1
2019-01-21,133650.39933494438,1
2019-01-22,132313.52907577052,0
2019-01-23,132313.52907577052,0
2019-01-24,132313.52907577052,0
2019-01-25,132313.52907577052,0
2019-01-28,132313.52907577052,0
2019-01-29,132313.52907577052,0
2019-01-30,132313.52907577052,0
2019-01-31,132313.52907577052,0
2019-02-01,132313.52907577052,0
2019-02-11,132313.52907577052,0
2019-02-12,132313.52907577052,0
2019-02-13,132313.52907577052,0
2019-02-14,132313.52907577052,0
2019-02-15,132313.52907577052,0
2019-02-18,132313.52907577052,0
2019-02-19,132313.52907577052,0
2019-02-20,132313.52907577052,0
2019-02-21,132313.52907577052,0
2019-02-22,132313.52907577052,0
2019-02-25,132313.52907577052,0
2019-02-26,132313.52907577052,0
2019-02-27,132313.52907577052,0
2019-02-28,132313.52907577052,0
2019-03-01,132313.52907577052,0
2019-03-04,132313.52907577052,0
2019-03-05,132313.52907577052,0
2019-03-06,132313.52907577052,0
2019-03-07,132313.52907577052,0
2019-03-08,132313.52907577052,0
2019-03-11,132313.52907577052,0
2019-03-12,132313.52907577052,0
2019-03-13,132313.52907577052,0
2019-03-14,132313.52907577052,0
2019-03-15,132313.52907577052,0
2019-03-18,132313.52907577052,0
2019-03-19,132313.52907577052,0
2019-03-20,132313.52907577052,0
2019-03-21,132313.52907577052,0
2019-03-22,132313.52907577052,0
2019-03-25,132313.52907577052,0
2019-03-26,132313.52907577052,0
2019-03-27,132313.52907577052,0
2019-03-28,132313.52907577052,0
2019-03-29,132313.52907577052,0
2019-04-01,132313.52907577052,0
2019-04-02,132313.52907577052,0
2019-04-03,132313.52907577052,0
2019-04-04,132313.52907577052,0
2019-04-08,132313.52907577052,0
2019-04-09,132313.52907577052,0
2019-04-10,132313.52907577052,0
2019-04-11,132313.52907577052,0
2019-04-12,132313.52907577052,0
2019-04-15,132313.52907577052,0
2019-04-16,132313.52907577052,0
2019-04-17,132313.52907577052,0
2019-04-18,132313.52907577052,0
2019-04-19,132313.52907577052,0
2019-04-22,132313.52907577052,0
2019-04-23,132313.52907577052,0
2019-04-24,132313.52907577052,0
2019-04-25,132313.52907577052,0
2019-04-26,132313.52907577052,1
2019-04-29,132468.7489814441,1
2019-04-30,133823.67652459498,1
2019-05-06,127087.37998076009,1
2019-05-07,128629.68454151692,1
2019-05-08,126784.97944739598,1
2019-05-09,125101.05991293694,1
2019-05-10,129008.76741871978,1
2019-05-13,127780.61310530236,1
2019-05-14,127050.27562083812,1
2019-05-15,129798.4718790592,1
2019-05-16,130577.6634374207,1
2019-05-17,127138.08927265347,1
2019-05-20,125635.9811018121,1
2019-05-21,127575.30231373406,1
2019-05-22,126747.875087474,1
2019-05-23,124861.11838544147,1
2019-05-24,124978.61552519441,1
2019-05-27,126528.95936393434,1
2019-05-28,127488.10706791743,1
2019-05-29,127015.02647891223,1
2019-05-30,126807.86046934786,1
2019-05-31,126276.03131046619,1
2019-06-03,126261.8079724961,1
2019-06-04,125423.86784425813,1
2019-06-05,125008.9174191307,1
2019-06-06,123892.69459147789,1
2019-06-10,125058.38989902666,1
2019-06-11,128392.83504401498,1
2019-06-12,127226.5213304675,1
2019-06-13,126740.45421548959,1
2019-06-14,125572.28528394602,1
2019-06-17,125920.44786121392,1
2019-06-18,126033.61615897594,1
2019-06-19,127092.32722874968,1
2019-06-20,129424.33624984592,1
2019-06-21,129557.29353956634,1
2019-06-24,129854.74682494086,1
2019-06-25,128791.08850717753,1
2019-06-26,128551.14697968207,1
2019-06-27,128922.80898490055,1
2019-06-28,128412.62403597338,1
2019-07-01,130849.76207684854,1
2019-07-02,131051.9808384233,1
2019-07-03,130634.55678930107,1
2019-07-04,130274.64449805788,0
2019-07-05,130274.64449805788,0
2019-07-08,130274.64449805788,0
2019-07-09,130274.64449805788,0
2019-07-10,130274.64449805788,0
2019-07-11,130274.64449805788,0
2019-07-12,130274.64449805788,0
2019-07-15,130274.64449805788,0
2019-07-16,130274.64449805788,0
2019-07-17,130274.64449805788,0
2019-07-18,130274.64449805788,0
2019-07-19,130274.64449805788,1
2019-07-22,129368.40829961942,1
2019-07-23,129907.6826571409,1
2019-07-24,131052.60360080187,1
2019-07-25,131475.72655824182,1
2019-07-26,131629.531434174,1
2019-07-29,131903.9550717293,1
2019-07-30,132482.7974886192,1
2019-07-31,131722.06963753563,1
2019-08-01,130854.76330395968,1
2019-08-02,129085.68813348687,1
2019-08-05,127203.65253546221,1
2019-08-06,125361.82319131194,1
2019-08-07,125208.65650988572,1
2019-08-08,126456.32676900346,1
2019-08-09,125569.23640574327,1
2019-08-12,126889.02264403252,1
2019-08-13,126248.27536006618,1
2019-08-14,126620.3427570307,1
2019-08-15,126850.73097367598,1
2019-08-16,127135.36572332635,1
2019-08-19,129213.32703467539,1
2019-08-20,128915.2902004002,1
2019-08-21,128581.51447379224,1
2019-08-22,128808.07352340185,1
2019-08-23,129533.70067665855,1
2019-08-26,128636.3992013033,1
2019-08-27,130429.72576300193,0
2019-08-28,130429.72576300193,0
2019-08-29,130429.72576300193,0
2019-08-30,130429.72576300193,0
2019-09-02,130429.72576300193,0
2019-09-03,130429.72576300193,0
2019-09-04,130429.72576300193,0
2019-09-05,130429.72576300193,0
2019-09-06,130429.72576300193,0
2019-09-09,130429.72576300193,0
2019-09-10,130429.72576300193,0
2019-09-11,130429.72576300193,0
2019-09-12,130429.72576300193,0
2019-09-16,130429.72576300193,0
2019-09-17,130429.72576300193,0
2019-09-18,130429.72576300193,0
2019-09-19,130429.72576300193,0
2019-09-20,130429.72576300193,0
2019-09-23,130429.72576300193,0
2019-09-24,130429.72576300193,0
2019-09-25,130429.72576300193,0
2019-09-26,130429.72576300193,0
2019-09-27,130429.72576300193,1
2019-09-30,129822.46720794626,1
2019-10-08,130404.58448524486,1
2019-10-09,130864.21861449612,1
2019-10-10,131599.76215092768,1
2019-10-11,132773.02177959148,1
2019-10-14,134347.897204221,1
2019-10-15,133727.74568621296,1
2019-10-16,133486.64727900404,1
2019-10-17,133197.20026072377,1
2019-10-18,132052.30515055513,1
2019-10-21,132332.08244662115,1
2019-10-22,132633.7777797061,1
2019-10-23,132211.53324301663,1
2019-10-24,132329.50385403063,1
2019-10-25,132794.29516846285,1
2019-10-28,133319.0387606235,1
2019-10-29,133157.2320755715,1
2019-10-30,132406.86163174474,1
2019-10-31,132099.36446533122,1
2019-11-01,133625.8912788894,1
2019-11-04,134338.87213015434,1
2019-11-05,135273.61194419969,1
2019-11-06,134937.75025929097,1
2019-11-07,135292.3067404806,0
2019-11-08,135292.3067404806,0
2019-11-11,135292.3067404806,0
2019-11-12,135292.3067404806,0
2019-11-13,135292.3067404806,0
2019-11-14,135292.3067404806,0
2019-11-15,135292.3067404806,0
2019-11-18,135292.3067404806,0
2019-11-19,135292.3067404806,0
2019-11-20,135292.3067404806,0
2019-11-21,135292.3067404806,0
2019-11-22,135292.3067404806,0
2019-11-25,135292.3067404806,0
2019-11-26,135292.3067404806,0
2019-11-27,135292.3067404806,0
2019-11-28,135292.3067404806,0
2019-11-29,135292.3067404806,0
2019-12-02,135292.3067404806,0
2019-12-03,135292.3067404806,0
2019-12-04,135292.3067404806,0
2019-12-05,135292.3067404806,0
2019-12-06,135292.3067404806,0
2019-12-09,135292.3067404806,0
2019-12-10,135292.3067404806,0
2019-12-11,135292.3067404806,0
2019-12-12,135292.3067404806,0
2019-12-13,135292.3067404806,0
2019-12-16,135292.3067404806,0
2019-12-17,135292.3067404806,0
2019-12-18,135292.3067404806,0
2019-12-19,135292.3067404806,0
2019-12-20,135292.3067404806,0
2019-12-23,135292.3067404806,0
2019-12-24,135292.3067404806,0
2019-12-25,135292.3067404806,0
2019-12-26,135292.3067404806,0
2019-12-27,135292.3067404806,0
2019-12-30,135292.3067404806,0
2019-12-31,135292.3067404806,0
2020-01-02,135292.3067404806,0
2020-01-03,135292.3067404806,0
2020-01-06,135292.3067404806,0
2020-01-07,135292.3067404806,0
2020-01-08,135292.3067404806,0
2020-01-09,135292.3067404806,0
2020-01-10,135292.3067404806,0
2020-01-13,135292.3067404806,0
2020-01-14,135292.3067404806,0
2020-01-15,135292.3067404806,0
2020-01-16,135292.3067404806,0
2020-01-17,135292.3067404806,0
2020-01-20,135292.3067404806,0
2020-01-21,135292.3067404806,0
2020-01-22,135292.3067404806,0
2020-01-23,135292.3067404806,1
2020-02-03,124647.72682372425,1
2020-02-04,127581.01781980434,1
2020-02-05,129291.18791762921,1
2020-02-06,131010.41337905829,1
2020-02-07,130434.75097850453,1
2020-02-10,131362.2789362507,1
2020-02-11,131845.44726570425,1
2020-02-12,132608.03824351644,1
2020-02-13,131689.5656493745,1
2020-02-14,132066.6568623215,1
2020-02-17,134993.47974154144,1
2020-02-18,134773.56376829618,1
2020-02-19,134205.0162962886,1
2020-02-20,136164.2088932294,1
2020-02-21,136438.45704809998,0
2020-02-24,136438.45704809998,0
2020-02-25,136438.45704809998,0
2020-02-26,136438.45704809998,0
2020-02-27,136438.45704809998,0
2020-02-28,136438.45704809998,0
2020-03-02,136438.45704809998,0
2020-03-03,136438.45704809998,0
2020-03-04,136438.45704809998,0
2020-03-05,136438.45704809998,0
2020-03-06,136438.45704809998,0
2020-03-09,136438.45704809998,0
2020-03-10,136438.45704809998,0
2020-03-11,136438.45704809998,0
2020-03-12,136438.45704809998,0
2020-03-13,136438.45704809998,0
2020-03-16,136438.45704809998,0
2020-03-17,136438.45704809998,0
2020-03-18,136438.45704809998,0
2020-03-19,136438.45704809998,0
2020-03-20,136438.45704809998,1
2020-03-23,132802.6114398076,1
2020-03-24,136089.42160334572,1
2020-03-25,138794.26712388493,1
2020-03-26,137898.3855921748,1
2020-03-27,138770.6158514478,1
2020-03-30,137907.70276010458,1
2020-03-31,137880.4679615406,1
2020-04-01,136993.1868925349,1
2020-04-02,138043.16004769914,1
2020-04-03,137506.34783389844,1
2020-04-07,140244.1617948046,1
2020-04-08,140047.78456305375,1
2020-04-09,140854.79464681822,1
2020-04-10,139823.45582751354,1
2020-04-13,139946.01242105148,0
2020-04-14,139946.01242105148,0
2020-04-15,139946.01242105148,0
2020-04-16,139946.01242105148,0
2020-04-17,139946.01242105148,0
2020-04-20,139946.01242105148,0
2020-04-21,139946.01242105148,0
2020-04-22,139946.01242105148,0
2020-04-23,139946.01242105148,0
2020-04-24,139946.01242105148,0
2020-04-27,139946.01242105148,0
2020-04-28,139946.01242105148,0
2020-04-29,139946.01242105148,0
2020-04-30,139946.01242105148,0
2020-05-06,139946.01242105148,0
2020-05-07,139946.01242105148,0
2020-05-08,139946.01242105148,0
2020-05-11,139946.01242105148,0
2020-05-12,139946.01242105148,0
2020-05-13,139946.01242105148,0
2020-05-14,139946.01242105148,0
2020-05-15,139946.01242105148,0
2020-05-18,139946.01242105148,0
2020-05-19,139946.01242105148,0
2020-05-20,139946.01242105148,0
2020-05-21,139946.01242105148,0
2020-05-22,139946.01242105148,0
2020-05-25,139946.01242105148,0
2020-05-26,139946.01242105148,0
2020-05-27,139946.01242105148,0
2020-05-28,139946.01242105148,0
2020-05-29,139946.01242105148,0
2020-06-01,139946.01242105148,0
2020-06-02,139946.01242105148,0
2020-06-03,139946.01242105148,0
2020-06-04,139946.01242105148,0
2020-06-05,139946.01242105148,0
2020-06-08,139946.01242105148,0
2020-06-09,139946.01242105148,0
2020-06-10,139946.01242105148,0
2020-06-11,139946.01242105148,0
2020-06-12,139946.01242105148,0
2020-06-15,139946.01242105148,0
2020-06-16,139946.01242105148,0
2020-06-17,139946.01242105148,0
2020-06-18,139946.01242105148,0
2020-06-19,139946.01242105148,0
2020-06-22,139946.01242105148,0
2020-06-23,139946.01242105148,0
2020-06-24,139946.01242105148,0
2020-06-29,139946.01242105148,0
2020-06-30,139946.01242105148,0
2020-07-01,139946.01242105148,0
2020-07-02,139946.01242105148,0
2020-07-03,139946.01242105148,0
2020-07-06,139946.01242105148,0
2020-07-07,139946.01242105148,0
2020-07-08,139946.01242105148,0
2020-07-09,139946.01242105148,0
2020-07-10,139946.01242105148,0
2020-07-13,139946.01242105148,0
2020-07-14,139946.01242105148,0
2020-07-15,139946.01242105148,0
2020-07-16,139946.01242105148,0
2020-07-17,139946.01242105148,0
2020-07-20,139946.01242105148,0
2020-07-21,139946.01242105148,0
2020-07-22,139946.01242105148,0
2020-07-23,139946.01242105148,0
2020-07-24,139946.01242105148,0
2020-07-27,139946.01242105148,0
2020-07-28,139946.01242105148,0
2020-07-29,139946.01242105148,0
2020-07-30,139946.01242105148,0
2020-07-31,139946.01242105148,0
2020-08-03,139946.01242105148,0
2020-08-04,139946.01242105148,0
2020-08-05,139946.01242105148,0
2020-08-06,139946.01242105148,0
2020-08-07,139946.01242105148,0
2020-08-10,139946.01242105148,0
2020-08-11,139946.01242105148,0
2020-08-12,139946.01242105148,0
2020-08-13,139946.01242105148,0
2020-08-14,139946.01242105148,0
2020-08-17,139946.01242105148,0
2020-08-18,139946.01242105148,0
2020-08-19,139946.01242105148,0
2020-08-20,139946.01242105148,0
2020-08-21,139946.01242105148,0
2020-08-24,139946.01242105148,0
2020-08-25,139946.01242105148,0
2020-08-26,139946.01242105148,0
2020-08-27,139946.01242105148,0
2020-08-28,139946.01242105148,0
2020-08-31,139946.01242105148,0
2020-09-01,139946.01242105148,0
2020-09-02,139946.01242105148,0
2020-09-03,139946.01242105148,0
2020-09-04,139946.01242105148,0
2020-09-07,139946.01242105148,0
2020-09-08,139946.01242105148,0
2020-09-09,139946.01242105148,0
2020-09-10,139946.01242105148,0
2020-09-11,139946.01242105148,0
2020-09-14,139946.01242105148,0
2020-09-15,139946.01242105148,0
2020-09-16,139946.01242105148,0
2020-09-17,139946.01242105148,1
2020-09-18,142739.74067222033,1
2020-09-21,141812.3249468323,1
2020-09-22,139949.2016085528,1
2020-09-23,139766.7800834765,1
2020-09-24,137256.2516824261,1
2020-09-25,137147.81930738073,1
2020-09-28,137354.4786574672,1
2020-09-29,137315.5705699509,1
2020-09-30,136675.181719683,1
2020-10-09,138797.90492057113,1
2020-10-12,142121.6761344617,1
2020-10-13,142316.21657204314,1
2020-10-14,141785.5357718211,1
2020-10-15,142077.6653469433,1
2020-10-16,142799.05955974516,1
2020-10-19,142055.97887193426,1
2020-10-20,142496.0867471184,1
2020-10-21,143234.70257242743,1
2020-10-22,142874.9622222769,0
2020-10-23,142874.9622222769,0
2020-10-26,142874.9622222769,0
2020-10-27,142874.9622222769,0
2020-10-28,142874.9622222769,0
2020-10-29,142874.9622222769,0
2020-10-30,142874.9622222769,0
2020-11-02,142874.9622222769,0
2020-11-03,142874.9622222769,0
2020-11-04,142874.9622222769,0
2020-11-05,142874.9622222769,0
2020-11-06,142874.9622222769,0
2020-11-09,142874.9622222769,0
2020-11-10,142874.9622222769,0
2020-11-11,142874.9622222769,0
2020-11-12,142874.9622222769,0
2020-11-13,142874.9622222769,0
2020-11-16,142874.9622222769,0
2020-11-17,142874.9622222769,0
2020-11-18,142874.9622222769,0
2020-11-19,142874.9622222769,0
2020-11-20,142874.9622222769,0
2020-11-23,142874.9622222769,0
2020-11-24,142874.9622222769,0
2020-11-25,142874.9622222769,0
2020-11-26,142874.9622222769,0
2020-11-27,142874.9622222769,0
2020-11-30,142874.9622222769,0
2020-12-01,142874.9622222769,0
2020-12-02,142874.9622222769,0
2020-12-03,142874.9622222769,0
2020-12-04,142874.9622222769,0
2020-12-07,142874.9622222769,0
2020-12-08,142874.9622222769,0
2020-12-09,142874.9622222769,0
2020-12-10,142874.9622222769,0
2020-12-11,142874.9622222769,1
2020-12-14,142760.53935855042,1
2020-12-15,142387.55875303314,1
2020-12-16,142319.91650762575,1
2020-12-17,143615.86606916884,1
2020-12-18,143636.09552573928,1
2020-12-21,143756.84009464402,1
2020-12-22,141090.3448504544,1
2020-12-23,141608.72467507163,1
2020-12-24,140396.22162188156,1
2020-12-25,141570.79444400207,1
2020-12-28,141467.75064959645,1
2020-12-29,140568.80417324803,1
2020-12-30,140940.52043772963,1
2020-12-31,141990.55566783846,1
2021-01-04,142268.71069568186,1
2021-01-05,142407.15603908573,1
2021-01-06,143287.1373998994,1
2021-01-07,142967.2591178795,1
2021-01-08,143737.2428085914,1
2021-01-11,142066.4161299776,1
2021-01-12,143591.21141897363,1
2021-01-13,144971.23965938756,1
2021-01-14,145313.8760800492,0
2021-01-15,145313.8760800492,0
2021-01-18,145313.8760800492,0
2021-01-19,145313.8760800492,0
2021-01-20,145313.8760800492,0
2021-01-21,145313.8760800492,0
2021-01-22,145313.8760800492,0
2021-01-25,145313.8760800492,0
2021-01-26,145313.8760800492,0
2021-01-27,145313.8760800492,0
2021-01-28,145313.8760800492,0
2021-01-29,145313.8760800492,0
2021-02-01,145313.8760800492,0
2021-02-02,145313.8760800492,0
2021-02-03,145313.8760800492,0
2021-02-04,145313.87608004917,1
2021-02-05,146546.26186200377,1
2021-02-08,147774.73323702783,1
2021-02-09,149352.23923002204,1
2021-02-10,149958.31990309551,1
2021-02-18,152143.86377262848,1
2021-02-19,154821.97051425025,0
2021-02-22,154821.97051425025,0
2021-02-23,154821.97051425025,0
2021-02-24,154821.97051425025,0
2021-02-25,154821.97051425025,0
2021-02-26,154821.97051425025,0
2021-03-01,154821.97051425025,0
2021-03-02,154821.97051425025,0
2021-03-03,154821.97051425025,0
2021-03-04,154821.97051425025,0
2021-03-05,154821.97051425025,0
2021-03-08,154821.97051425025,0
2021-03-09,154821.97051425025,0
2021-03-10,154821.97051425025,0
2021-03-11,154821.97051425025,0
2021-03-12,154821.97051425025,0
2021-03-15,154821.97051425025,0
2021-03-16,154821.97051425025,0
2021-03-17,154821.97051425025,0
2021-03-18,154821.97051425025,0
2021-03-19,154821.97051425025,0
2021-03-22,154821.97051425025,0
2021-03-23,154821.97051425025,0
2021-03-24,154821.97051425025,0
2021-03-25,154821.97051425025,0
2021-03-26,154821.97051425025,0
2021-03-29,154821.97051425025,0
2021-03-30,154821.97051425025,0
2021-03-31,154821.97051425025,0
2021-04-01,154821.97051425025,0
2021-04-02,154821.97051425025,0
2021-04-06,154821.97051425025,0
2021-04-07,154821.97051425025,0
2021-04-08,154821.97051425025,0
2021-04-09,154821.97051425025,0
2021-04-12,154821.97051425025,0
2021-04-13,154821.97051425025,0
2021-04-14,154821.97051425025,0
2021-04-15,154821.97051425025,0
2021-04-16,154821.97051425025,0
2021-04-19,154821.97051425025,0
2021-04-20,154821.97051425025,0
2021-04-21,154821.97051425025,0
2021-04-22,154821.97051425025,0
2021-04-23,154821.97051425025,0
2021-04-26,154821.97051425025,0
2021-04-27,154821.97051425025,0
2021-04-28,154821.97051425025,0
2021-04-29,154821.97051425025,0
2021-04-30,154821.97051425025,0
2021-05-06,154821.97051425025,0
2021-05-07,154821.97051425025,0
2021-05-10,154821.97051425025,0
2021-05-11,154821.97051425025,0
2021-05-12,154821.97051425025,0
2021-05-13,154821.97051425025,0
2021-05-14,154821.97051425025,0
2021-05-17,154821.97051425025,0
2021-05-18,154821.97051425025,0
2021-05-19,154821.97051425025,0
2021-05-20,154821.97051425025,0
2021-05-21,154821.97051425025,0
2021-05-24,154821.97051425025,0
2021-05-25,154821.97051425025,0
2021-05-26,154821.97051425025,0
2021-05-27,154821.97051425025,0
2021-05-28,154821.97051425025,0
2021-05-31,154821.97051425025,0
2021-06-01,154821.97051425025,0
2021-06-02,154821.97051425025,0
2021-06-03,154821.97051425025,0
2021-06-04,154821.97051425025,0
2021-06-07,154821.97051425025,0
2021-06-08,154821.97051425025,0
2021-06-09,154821.97051425025,0
2021-06-10,154821.97051425025,0
2021-06-11,154821.97051425025,0
2021-06-15,154821.97051425025,0
2021-06-16,154821.97051425025,1
2021-06-17,154255.4281732664,1
2021-06-18,153959.64559207324,1
2021-06-21,153993.6509647484,1
2021-06-22,156057.71292504855,1
2021-06-23,156186.67669689195,1
2021-06-24,156866.78415039464,1
2021-06-25,157100.97209428943,1
2021-06-28,156497.8579374097,1
2021-06-29,155132.5101439628,1
2021-06-30,154823.25373586064,1
2021-07-01,154842.50206001638,1
2021-07-02,154262.4858921235,1
2021-07-05,154134.80534189046,1
2021-07-06,154093.100639553,1
2021-07-07,153220.50994449298,1
2021-07-08,151297.60236133492,1
2021-07-09,151916.7567883444,1
2021-07-12,151289.26142086743,1
2021-07-13,152156.71922948596,1
2021-07-14,151187.24530284203,1
2021-07-15,151187.24530284203,1
2021-07-16,150756.08284175352,1
2021-07-19,150364.0586397817,1
2021-07-20,149782.75925027847,1
2021-07-21,149091.74441308752,1
2021-07-22,149863.60221173253,1
2021-07-23,148910.1685552184,1
2021-07-26,146150.600482091,1
2021-07-27,143462.892819145,1
2021-07-28,142265.6470566582,1
2021-07-29,142328.52491556696,1
2021-07-30,142987.45921249833,1
2021-08-02,144578.65400937252,1
2021-08-03,144740.3399322807,1
2021-08-04,144957.20438443535,1
2021-08-05,144695.4271759173,1
2021-08-06,145278.65139783616,1
2021-08-09,146994.31869091743,1
2021-08-10,148003.5724874832,1
2021-08-11,149272.67866015146,1
2021-08-12,148953.79808997142,1
2021-08-13,149005.1269543867,1
2021-08-16,150531.5190599366,0
2021-08-17,150531.5190599366,0
2021-08-18,150531.5190599366,0
2021-08-19,150531.5190599366,0
2021-08-20,150531.5190599366,0
2021-08-23,150531.5190599366,0
2021-08-24,150531.5190599366,0
2021-08-25,150531.5190599366,0
2021-08-26,150531.5190599366,0
2021-08-27,150531.5190599366,0
2021-08-30,150531.5190599366,0
2021-08-31,150531.5190599366,0
2021-09-01,150531.5190599366,0
2021-09-02,150531.5190599366,0
2021-09-03,150531.5190599366,0
2021-09-06,150531.5190599366,0
2021-09-07,150531.5190599366,0
2021-09-08,150531.5190599366,0
2021-09-09,150531.5190599366,0
2021-09-10,150531.5190599366,0
2021-09-13,150531.5190599366,0
2021-09-14,150531.5190599366,0
2021-09-15,150531.5190599366,0
2021-09-16,150531.5190599366,0
2021-09-17,150531.5190599366,0
2021-09-22,150531.5190599366,0
2021-09-23,150531.5190599366,0
2021-09-24,150531.5190599366,0
2021-09-27,150531.5190599366,0
2021-09-28,150531.5190599366,0
2021-09-29,150531.5190599366,0
2021-09-30,150531.5190599366,0
2021-10-08,150531.5190599366,0
2021-10-11,150531.5190599366,0
2021-10-12,150531.5190599366,0
2021-10-13,150531.5190599366,0
2021-10-14,150531.5190599366,0
2021-10-15,150531.5190599366,0
2021-10-18,150531.5190599366,0
2021-10-19,150531.5190599366,0
2021-10-20,150531.5190599366,1
2021-10-21,150926.8782751293,1
2021-10-22,148832.91647429875,1
2021-10-25,149404.3247017277,1
2021-10-26,148238.6759517675,1
2021-10-27,147446.75582163988,1
2021-10-28,145089.6217772616,1
2021-10-29,145217.0019499377,1
2021-11-01,145959.05154076288,1
2021-11-02,142321.50642104173,1
2021-11-03,143463.12117615738,1
2021-11-04,144533.83564648163,1
2021-11-05,142085.97327156525,1
2021-11-08,141901.51236113338,1
2021-11-09,141951.38290043583,1
2021-11-10,141537.3973392386,1
2021-11-11,142584.67866458945,1
2021-11-12,142729.4834835278,1
2021-11-15,142903.1290962796,1
2021-11-16,141993.44239141376,1
2021-11-17,142604.5067103362,1
2021-11-18,142454.89509242892,1
2021-11-19,144003.88606015954,1
2021-11-22,143827.23619805215,1
2021-11-23,144167.91807497354,1
2021-11-24,144955.63225600333,1
2021-11-25,145008.5070446613,0
2021-11-26,145008.5070446613,0
2021-11-29,145008.5070446613,0
2021-11-30,145008.5070446613,0
2021-12-01,145008.5070446613,0
2021-12-02,145008.5070446613,0
2021-12-03,145008.5070446613,0
2021-12-06,145008.5070446613,0
2021-12-07,145008.5070446613,0
2021-12-08,145008.5070446613,0
2021-12-09,145008.5070446613,0
2021-12-10,145008.5070446613,0
2021-12-13,145008.5070446613,0
2021-12-14,145008.5070446613,0
2021-12-15,145008.5070446613,0
2021-12-16,145008.5070446613,0
2021-12-17,145008.5070446613,0
2021-12-20,145008.5070446613,0
2021-12-21,145008.5070446613,0
2021-12-22,145008.5070446613,0
2021-12-23,145008.5070446613,0
2021-12-24,145008.5070446613,0
2021-12-27,145008.5070446613,0
2021-12-28,145008.5070446613,0
2021-12-29,145008.5070446613,0
2021-12-30,145008.5070446613,0
2021-12-31,145008.5070446613,0
2022-01-04,145008.5070446613,0
2022-01-05,145008.5070446613,0
2022-01-06,145008.5070446613,0
2022-01-07,145008.5070446613,0
2022-01-10,145008.5070446613,0
2022-01-11,145008.5070446613,0
2022-01-12,145008.5070446613,0
2022-01-13,145008.5070446613,0
2022-01-14,145008.5070446613,0
2022-01-17,145008.5070446613,0
2022-01-18,145008.5070446613,0
2022-01-19,145008.5070446613,0
2022-01-20,145008.5070446613,0
2022-01-21,145008.5070446613,0
2022-01-24,145008.5070446613,0
2022-01-25,145008.5070446613,0
2022-01-26,145008.5070446613,0
2022-01-27,145008.5070446613,0
2022-01-28,145008.5070446613,1
2022-02-07,149323.02717895788,1
2022-02-08,152880.23610241804,1
2022-02-09,153472.23110735323,1
2022-02-10,154741.20761744044,1
2022-02-11,154114.28665351204,1
2022-02-14,151888.3388670104,1
2022-02-15,151299.25435865796,1
2022-02-16,152504.1999439243,1
2022-02-17,151699.1565891304,1
2022-02-18,154225.46762297378,1
2022-02-21,154676.01249398643,1
2022-02-22,153228.33149371718,1
2022-02-23,152390.69057719628,1
2022-02-24,150033.1883451535,1
2022-02-25,150249.7292909115,1
2022-02-28,149998.84448547682,1
2022-03-01,151119.96776915938,1
2022-03-02,152019.89331255155,1
2022-03-03,154678.34089125265,1
2022-03-04,153567.69539526803,1
2022-03-07,152310.94297082842,1
2022-03-08,148062.78215861894,1
2022-03-09,146681.46048043683,1
2022-03-10,149116.38192158128,1
2022-03-11,149579.15087824155,1
2022-03-14,146602.29497338555,1
2022-03-15,138890.64322768108,1
2022-03-16,142269.14766095922,1
2022-03-17,143505.52660931944,1
2022-03-18,146657.01230914157,1
2022-03-21,146588.9066891048,1
2022-03-22,148268.84531667898,1
2022-03-23,147842.16651764506,1
2022-03-24,147708.86577415426,1
2022-03-25,147265.3060949403,1
2022-03-28,148570.37276265386,1
2022-03-29,148488.29675901975,1
2022-03-30,150616.45186034037,1
2022-03-31,151709.0522775118,1
2022-04-01,152827.84716392818,1
2022-04-06,155426.33851302424,0
2022-04-07,155426.33851302424,0
2022-04-08,155426.33851302424,0
2022-04-11,155426.33851302424,0
2022-04-12,155426.33851302424,0
2022-04-13,155426.33851302424,0
2022-04-14,155426.33851302424,0
2022-04-15,155426.33851302424,0
2022-04-18,155426.33851302424,0
2022-04-19,155426.33851302424,0
2022-04-20,155426.33851302424,0
2022-04-21,155426.33851302424,0
2022-04-22,155426.33851302424,0
2022-04-25,155426.33851302424,0
2022-04-26,155426.33851302424,1
2022-04-27,157941.8857739277,1
2022-04-28,160400.8109543505,1
2022-04-29,162862.28094737921,1
2022-05-05,163287.90085571114,1
2022-05-06,159337.07928509646,1
2022-05-09,161119.08431235762,1
2022-05-10,163557.014788782,1
2022-05-11,163165.11364747788,1
2022-05-12,163244.63904141134,1
2022-05-13,164965.56856613158,1
2022-05-16,164715.54072760476,1
2022-05-17,163137.12070881328,1
2022-05-18,162691.77850278586,1
2022-05-19,163539.2011005409,1
2022-05-20,165019.00963085488,1
2022-05-23,164513.8643285895,1
2022-05-24,160539.5032413705,1
2022-05-25,163899.29208427164,1
2022-05-26,165423.63483518836,1
2022-05-27,166355.03624893713,1
2022-05-30,166141.90819319544,1
2022-05-31,165817.4445859469,1
2022-06-01,165250.58757798912,1
2022-06-02,164357.35835332843,1
2022-06-06,164457.24224810887,1
2022-06-07,164933.75840855818,1
2022-06-08,165230.86528029363,1
2022-06-09,165617.67679638602,1
2022-06-10,166224.61460288626,1
2022-06-13,163740.2412964047,1
2022-06-14,165892.51655782008,1
2022-06-15,166956.88443022562,1
2022-06-16,164936.93942431553,1
2022-06-17,164402.52877708263,1
2022-06-20,163752.3291562826,1
2022-06-21,164081.88238874287,1
2022-06-22,162097.564759315,1
2022-06-23,163325.43684164775,1
2022-06-24,162869.91538519686,1
2022-06-27,163460.3119097589,1
2022-06-28,164343.9980871476,1
2022-06-29,163706.5225293769,1
2022-06-30,163906.2903189378,1
2022-07-01,163888.47663069668,1
2022-07-04,164204.0333938247,1
2022-07-05,164247.93141127596,1
2022-07-06,162002.7704897463,1
2022-07-07,161500.17000008677,1
2022-07-08,161711.3894463741,1
2022-07-11,161572.06095620265,1
2022-07-12,161921.97268950992,1
2022-07-13,161916.24686114668,1
2022-07-14,159895.66565208515,1
2022-07-15,155934.66483104695,1
2022-07-18,158542.46154891327,1
2022-07-19,159090.23246232697,1
2022-07-20,159735.97866106674,1
2022-07-21,157890.35331865883,1
2022-07-22,158302.6129608099,1
2022-07-25,158038.5886529508,1
2022-07-26,159150.03555856494,1
2022-07-27,158633.43859957313,1
2022-07-28,158435.57941946667,1
2022-07-29,157256.05877664546,1
2022-08-01,156614.76599996598,1
2022-08-02,152648.0393505646,1
2022-08-03,151149.1447257066,1
2022-08-04,152220.51083277827,1
2022-08-05,153251.15993815602,1
2022-08-08,153521.54627752982,1
2022-08-09,153433.75024262725,1
2022-08-10,152786.0954344331,1
2022-08-11,154905.28813197216,1
2022-08-12,155528.76722041052,1
2022-08-15,154865.84353658115,1
2022-08-16,155155.95217365047,1
2022-08-17,155976.65423904383,1
2022-08-18,154596.7296035103,1
2022-08-19,155166.13142407392,1
2022-08-22,155954.38712874247,1
2022-08-23,156289.66618956596,0
2022-08-24,156289.66618956596,0
2022-08-25,156289.66618956596,0
2022-08-26,156289.66618956596,0
2022-08-29,156289.66618956596,0
2022-08-30,156289.66618956596,0
2022-08-31,156289.66618956596,0
2022-09-01,156289.66618956596,0
2022-09-02,156289.66618956596,0
2022-09-05,156289.66618956596,0
2022-09-06,156289.66618956596,0
2022-09-07,156289.66618956596,0
2022-09-08,156289.66618956596,0
2022-09-09,156289.66618956596,0
2022-09-13,156289.66618956596,0
2022-09-14,156289.66618956596,0
2022-09-15,156289.66618956596,0
2022-09-16,156289.66618956596,0
2022-09-19,156289.66618956596,0
2022-09-20,156289.66618956596,0
2022-09-21,156289.66618956596,0
2022-09-22,156289.66618956596,0
2022-09-23,156289.66618956596,0
2022-09-26,156289.66618956596,1
2022-09-27,157914.84052444718,1
2022-09-28,156561.2903451749,1
2022-09-29,155259.32263776104,1
2022-09-30,155970.37721818915,1
2022-10-10,155922.05945973948,1
2022-10-11,156185.84830316738,1
2022-10-12,158028.45255107203,1
2022-10-13,157442.11002285857,1
2022-10-14,159229.86708549605,1
2022-10-17,159259.2495061749,1
2022-10-18,159320.6261182596,1
2022-10-19,158216.5000434167,1
2022-10-20,157471.4924435374,1
2022-10-21,157889.3757598588,1
2022-10-24,154997.4926223784,1
2022-10-25,154518.2326939723,1
2022-10-26,154605.07407064535,1
2022-10-27,155436.2701045159,1
2022-10-28,152439.9161379551,1
2022-10-31,150966.22450524045,1
2022-11-01,152750.06391178738,1
2022-11-02,153260.01214623582,1
2022-11-03,152590.09295475812,1
2022-11-04,154526.06800615333,1
2022-11-07,154975.2925711988,1
2022-11-08,155052.3398076456,1
2022-11-09,155139.8341270004,1
2022-11-10,155495.68788855532,1
2022-11-11,157878.9286769508,1
2022-11-14,158848.54855935278,1
2022-11-15,159958.5511183315,1
2022-11-16,159404.85572420564,1
2022-11-17,159923.94515619864,0
2022-11-18,159923.94515619864,0
2022-11-21,159923.94515619864,0
2022-11-22,159923.94515619864,0
2022-11-23,159923.94515619864,0
2022-11-24,159923.94515619864,0
2022-11-25,159923.94515619864,0
2022-11-28,159923.94515619864,0
2022-11-29,159923.94515619864,0
2022-11-30,159923.94515619864,0
2022-12-01,159923.94515619864,0
2022-12-02,159923.94515619864,0
2022-12-05,159923.94515619864,0
2022-12-06,159923.94515619864,0
2022-12-07,159923.94515619864,0
2022-12-08,159923.94515619864,0
2022-12-09,159923.94515619864,0
2022-12-12,159923.94515619864,0
2022-12-13,159923.94515619864,0
2022-12-14,159923.94515619864,0
2022-12-15,159923.94515619864,0
2022-12-16,159923.94515619864,0
2022-12-19,159923.94515619864,0
2022-12-20,159923.94515619864,0
2022-12-21,159923.94515619864,0
2022-12-22,159923.94515619864,0
2022-12-23,159923.94515619864,1
2022-12-26,159682.79253544152,1
2022-12-27,161424.95727945166,1
2022-12-28,161690.2251622845,1
2022-12-29,160806.4333954017,1
2022-12-30,162381.09483256162,1
2023-01-03,163345.7053155901,1
2023-01-04,164716.36467086631,1
2023-01-05,164708.54350478773,1
2023-01-06,164180.6147944816,1
2023-01-09,164213.2029864758,1
2023-01-10,163081.74096043702,1
2023-01-11,163161.90791274278,1
2023-01-12,163002.87753581104,1
2023-01-13,164754.8187374195,0
2023-01-16,164754.8187374195,0
2023-01-17,164754.8187374195,0
2023-01-18,164754.8187374195,0
2023-01-19,164754.8187374195,0
2023-01-20,164754.8187374195,0
2023-01-30,164754.8187374195,0
2023-01-31,164754.8187374195,0
2023-02-01,164754.8187374195,0
2023-02-02,164754.8187374195,0
2023-02-03,164754.8187374195,0
2023-02-06,164754.8187374195,0
2023-02-07,164754.8187374195,0
2023-02-08,164754.8187374195,0
2023-02-09,164754.8187374195,0
2023-02-10,164754.8187374195,0
2023-02-13,164754.8187374195,0
2023-02-14,164754.8187374195,0
2023-02-15,164754.8187374195,0
2023-02-16,164754.8187374195,0
2023-02-17,164754.8187374195,0
2023-02-20,164754.8187374195,0
2023-02-21,164754.8187374195,0
2023-02-22,164754.8187374195,0
2023-02-23,164754.8187374195,0
2023-02-24,164754.8187374195,0
2023-02-27,164754.8187374195,0
2023-02-28,164754.8187374195,0
2023-03-01,164754.8187374195,0
2023-03-02,164754.8187374195,0
2023-03-03,164754.8187374195,0
2023-03-06,164754.8187374195,0
2023-03-07,164754.8187374195,0
2023-03-08,164754.8187374195,0
2023-03-09,164754.8187374195,0
2023-03-10,164754.8187374195,0
2023-03-13,164754.8187374195,0
2023-03-14,164754.8187374195,0
2023-03-15,164754.8187374195,0
2023-03-16,164754.8187374195,0
2023-03-17,164754.8187374195,0
2023-03-20,164754.8187374195,0
2023-03-21,164754.8187374195,0
2023-03-22,164754.8187374195,0
2023-03-23,164754.8187374195,0
2023-03-24,164754.8187374195,0
2023-03-27,164754.8187374195,0
2023-03-28,164754.8187374195,0
2023-03-29,164754.8187374195,0
2023-03-30,164754.8187374195,0
2023-03-31,164754.8187374195,0
2023-04-03,164754.8187374195,0
2023-04-04,164754.8187374195,0
2023-04-06,164754.8187374195,0
2023-04-07,164754.8187374195,0
2023-04-10,164754.8187374195,0
2023-04-11,164754.8187374195,0
2023-04-12,164754.8187374195,0
2023-04-13,164754.8187374195,0
2023-04-14,164754.8187374195,0
2023-04-17,164754.8187374195,0
2023-04-18,164754.8187374195,0
2023-04-19,164754.8187374195,0
2023-04-20,164754.8187374195,0
2023-04-21,164754.8187374195,0
2023-04-24,164754.8187374195,0
2023-04-25,164754.8187374195,0
2023-04-26,164754.8187374195,0
2023-04-27,164754.8187374195,0
2023-04-28,164754.8187374195,0
2023-05-04,164754.8187374195,0
2023-05-05,164754.8187374195,0
2023-05-08,164754.8187374195,0
2023-05-09,164754.8187374195,0
2023-05-10,164754.8187374195,0
2023-05-11,164754.8187374195,0
2023-05-12,164754.8187374195,0
2023-05-15,164754.8187374195,0
2023-05-16,164754.8187374195,0
2023-05-17,164754.8187374195,0
2023-05-18,164754.8187374195,0
2023-05-19,164754.8187374195,0
2023-05-22,164754.8187374195,0
2023-05-23,164754.8187374195,0
2023-05-24,164754.8187374195,1
2023-05-25,164222.22381644457,1
2023-05-26,166076.07507265918,1
2023-05-29,167723.55310482974,1
2023-05-30,168294.14876111023,1
2023-05-31,167590.25821791176,1
2023-06-01,167794.2929351678,1
2023-06-02,167622.41268624723,1
2023-06-05,168982.2543834895,1
2023-06-06,167830.53979038235,1
2023-06-07,169434.75544697425,1
2023-06-08,170746.6577550618,1
2023-06-09,170836.10563970412,1
2023-06-12,169278.0754921759,1
2023-06-13,168656.03268655864,1
2023-06-14,167475.67138529805,1
2023-06-15,167468.07123823694,1
2023-06-16,167184.5272901877,1
2023-06-19,165212.58144117732,1
2023-06-20,164042.74342046288,1
2023-06-21,162585.85369151717,1
2023-06-26,160017.5886115579,1
2023-06-27,162864.72062599033,1
2023-06-28,163230.11231162076,1
2023-06-29,162987.49223236216,1
2023-06-30,163531.77968727725,1
2023-07-03,165269.29023078716,1
2023-07-04,164252.62440468904,1
2023-07-05,163667.4130809833,1
2023-07-06,162604.56174582147,1
2023-07-07,163155.28009440366,1
2023-07-10,163447.008816211,1
2023-07-11,163825.26228917562,1
2023-07-12,162651.33188158213,1
2023-07-13,164520.968058616,1
2023-07-14,164345.5800495134,1
2023-07-17,163569.19579588584,1
2023-07-18,163092.14041112672,1
2023-07-19,163900.67913308978,1
2023-07-20,162678.80933634157,1
2023-07-21,162784.62676850014,1
2023-07-24,162995.6770061203,1
2023-07-25,165288.58291178846,1
2023-07-26,165178.6730927508,1
2023-07-27,165445.26286658677,1
2023-07-28,168470.12139690988,1
2023-07-31,169990.15080913252,0
2023-08-01,169990.15080913252,0
2023-08-02,169990.15080913252,0
2023-08-03,169990.15080913252,0
2023-08-04,169990.15080913252,0
2023-08-07,169990.15080913252,0
2023-08-08,169990.15080913252,0
2023-08-09,169990.15080913252,0
2023-08-10,169990.15080913252,0
2023-08-11,169990.15080913252,0
2023-08-14,169990.15080913252,0
2023-08-15,169990.15080913252,0
2023-08-16,169990.15080913252,0
2023-08-17,169990.15080913252,0
2023-08-18,169990.15080913252,1
2023-08-21,168346.58961207562,1
2023-08-22,169776.8504037792,1
2023-08-23,169252.3610217772,1
2023-08-24,167933.88656149112,1
2023-08-25,168500.0692238596,1
2023-08-28,170609.50751022933,1
2023-08-29,170073.53736986557,1
2023-08-30,167921.19730224911,1
2023-08-31,166900.0140584895,1
2023-09-01,167934.4908119312,1
2023-09-04,170275.35701685713,1
2023-09-05,168516.98823618225,1
2023-09-06,168510.94573178134,1
2023-09-07,167877.69127056233,1
2023-09-08,167440.81820237404,1
2023-09-11,169146.0129443206,1
2023-09-12,168999.18008737764,1
2023-09-13,168935.7337911677,1
2023-09-14,170348.47132010857,1
2023-09-15,169905.55574751933,1
2023-09-18,169970.81479504952,1
2023-09-19,170779.3018838959,1
2023-09-20,170961.78551680443,1
2023-09-21,169866.27946891318,1
2023-09-22,171236.11521660732,1
2023-09-25,171069.94634558132,1
2023-09-26,170619.77976771095,1
2023-09-27,170300.131284901,1
2023-09-28,170338.19906262695,1
2023-10-09,169394.9641256395,1
2023-10-10,167750.79867814248,1
2023-10-11,167435.37994841317,1
2023-10-12,169084.37939943094,1
2023-10-13,168729.6843910955,1
2023-10-16,169108.54941703472,1
2023-10-17,169651.16631223957,1
2023-10-18,168046.88139378876,1
2023-10-19,165055.8417153212,1
2023-10-20,164408.68949398005,1
2023-10-23,162217.07314775747,1
2023-10-24,163237.65214107698,1
2023-10-25,163927.10189322478,1
2023-10-26,165344.06917524626,1
2023-10-27,166457.09848590026,1
2023-10-30,164462.4677831485,1
2023-10-31,164605.67513745086,1
2023-11-01,164529.53958199895,1
2023-11-02,164869.73257977213,1
2023-11-03,164369.4132153739,1
2023-11-06,164687.2489468636,1
2023-11-07,164391.1662312173,1
2023-11-08,164194.18058774652,1
2023-11-09,164365.78771273335,1
2023-11-10,163637.66593241954,1
2023-11-13,163689.63147026763,1
2023-11-14,163800.81355124502,1
2023-11-15,164600.8411339301,1
2023-11-16,164392.9789825376,1
2023-11-17,164148.25755429934,1
2023-11-20,164644.951416057,1
2023-11-21,165115.05825845047,1
2023-11-22,164738.00598383154,1
2023-11-23,165589.3948539246,1
2023-11-24,165722.93420118548,1
2023-11-27,164856.43907009007,1
2023-11-28,164679.39369114235,1
2023-11-29,163360.9192308563,1
2023-11-30,164003.84169911678,1
2023-12-01,164794.8055252004,1
2023-12-04,165011.7314331943,1
2023-12-05,162959.09268819346,1
2023-12-06,162485.96459359952,1
2023-12-07,162745.18803240004,1
2023-12-08,162389.8887736245,1
2023-12-11,163963.96117007054,1
2023-12-12,165212.3425793057,1
2023-12-13,164379.08122241544,1
2023-12-14,164164.5723161819,1
2023-12-15,162997.7647163595,1
2023-12-18,162776.00480484482,1
2023-12-19,162349.40399413815,1
2023-12-20,161617.05246074367,1
2023-12-21,161997.73023800316,1
2023-12-22,161753.00880976493,1
2023-12-25,161524.60214340923,1
2023-12-26,161212.80891632047,1
2023-12-27,162222.5114017183,1
2023-12-28,162392.91002582497,1
2023-12-29,163065.44076565007,1
